order_id,order_date,customer_id,city,product,category,status,quantity,unit_price,discount_pct
100001,31/02/2026,CUST00001,  , laptop ,electronics, completed ,1,25650,0
100002,14/08/2025,,Giza,Smartphone,Electronics,Completed,2,13195,5
100003,27/03/2025,CUST00003,Alexandria,Wireless Mouse,Accessories,Completed,0,414,10
100004,12/10/2025,CUST00004,Mansoura,Keyboard,Accessories,Completed,4,-25,15
100005,25/05/2025,CUST00005,Tanta,Office Chair,Furniture,Completed,5,4888,150
100006,31/02/2026,CUST00006,Aswan,Desk,Furniture,Completed,6,7030,0
100007,23/07/2025,,Luxor,Headphones,Electronics,Completed,7,1728,5
100008,08/02/2025,CUST00008,Port Said,Monitor,Electronics,Completed,0,8924,10
100009,21/09/2025,CUST00009,Cairo,Printer,Office Equipment,Completed,9,-25,15
100010,06/04/2025,CUST00010,Giza,Notebook Pack,Stationery,Completed,10,237.6,150
100011,31/02/2026,CUST00011,Alexandria,Laptop,Electronics,Completed,11,28500,0
100012,04/06/2025,,Mansoura,Smartphone,Electronics,Completed,12,14645,5
100013,17/01/2025,CUST00013,Tanta,Wireless Mouse,Accessories,Completed,0,459,10
100014,02/08/2025,CUST00014,Aswan,Keyboard,Accessories,Completed,2,-25,15
100015,15/03/2025,CUST00015,Luxor,Office Chair,Furniture,Completed,3,5408,150
100016,31/02/2026,CUST00016,Port Said,Desk,Furniture,Completed,4,7770,0
100017,13/05/2025,,Cairo,Headphones,Electronics,Completed,5,1908,5
100018,26/12/2025,CUST00018,Giza,Monitor,Electronics,Completed,0,9844,10
100019,11/07/2025,CUST00019,Alexandria,Printer,Office Equipment,Completed,7,-25,15
100020,24/02/2025,CUST00020,Mansoura,Notebook Pack,Stationery,Completed,8,261.6,150
100021,31/02/2026,CUST00021,Tanta,Laptop,Electronics,Completed,9,31350,0
100022,22/04/2025,,Aswan,Smartphone,Electronics,Completed,10,13050,5
100023,07/11/2025,CUST00023,Luxor,Wireless Mouse,Accessories,Completed,0,409.5,10
100024,20/06/2025,CUST00024,Port Said,Keyboard,Accessories,Completed,12,-25,15
100025,05/01/2025,CUST00025,Cairo,Office Chair,Furniture,Completed,1,4836,150
100026,31/02/2026,CUST00026,Giza,Desk,Furniture,Completed,2,6956,0
100027,03/03/2025,,Alexandria,Headphones,Electronics,Completed,3,1710,5
100028,16/10/2025,CUST00028,Mansoura,Monitor,Electronics,Completed,0,8832,10
100029,01/05/2025,CUST00029,Tanta,Printer,Office Equipment,Completed,5,-25,15
100030,14/12/2025,CUST00030,Aswan,Notebook Pack,Stationery,Completed,6,235.2,150
100031,31/02/2026,CUST00031,Luxor,Laptop,Electronics,Completed,7,28215,0
100032,12/02/2025,,Port Said,Smartphone,Electronics,Completed,8,14500,5
100033,25/09/2025,CUST00033,Cairo,Wireless Mouse,Accessories,Completed,0,454.5,10
100034,10/04/2025,CUST00034,Giza,Keyboard,Accessories,Completed,10,-25,15
100035,23/11/2025,CUST00035,Alexandria,Office Chair,Furniture,Completed,11,5356,150
100036,31/02/2026,CUST00036,Mansoura,Desk,Furniture,Completed,12,7696,0
100037,21/01/2025,,Tanta,Headphones,Electronics,Completed,1,1890,5
100038,06/08/2025,CUST00038,Aswan,Monitor,Electronics,Completed,0,9752,10
100039,19/03/2025,CUST00039,Luxor,Printer,Office Equipment,Completed,3,-25,15
100040,04/10/2025,CUST00040,Port Said,Notebook Pack,Stationery,Completed,4,259.2,150
100041,31/02/2026,CUST00041,Cairo,Laptop,Electronics,Completed,5,31065,0
100042,02/12/2025,,Giza,Smartphone,Electronics,Completed,6,15950,5
100043,15/07/2025,CUST00043,Alexandria,Wireless Mouse,Accessories,Completed,0,405,10
100044,28/02/2025,CUST00044,Mansoura,Keyboard,Accessories,Completed,8,-25,15
100045,13/09/2025,CUST00045,Tanta,Office Chair,Furniture,Completed,9,4784,150
100046,31/02/2026,CUST00046,Aswan,Desk,Furniture,Completed,10,6882,0
100047,11/11/2025,,Luxor,Headphones,Electronics,Completed,11,1692,5
100048,24/06/2025,CUST00048,Port Said,Monitor,Electronics,Completed,0,8740,10
100049,09/01/2025,CUST00049,Cairo,Printer,Office Equipment,Completed,1,-25,15
100050,22/08/2025,CUST00050,Giza,Notebook Pack,Stationery,Completed,2,232.8,150
100051,31/02/2026,CUST00051,Alexandria,Laptop,Electronics,Completed,3,27930,0
100052,20/10/2025,,Mansoura,Smartphone,Electronics,Completed,4,14355,5
100053,05/05/2025,CUST00053,Tanta,Wireless Mouse,Accessories,Completed,0,450,10
100054,18/12/2025,CUST00054,Aswan,Keyboard,Accessories,Completed,6,-25,15
100055,03/07/2025,CUST00055,Luxor,Office Chair,Furniture,Completed,7,5304,150
100056,31/02/2026,CUST00056,Port Said,Desk,Furniture,Completed,8,7622,0
100057,01/09/2025,,Cairo,Headphones,Electronics,Completed,9,1872,5
100058,14/04/2025,CUST00058,Giza,Monitor,Electronics,Completed,0,9660,10
100059,27/11/2025,CUST00059,Alexandria,Printer,Office Equipment,Completed,11,-25,15
100060,12/06/2025,CUST00060,Mansoura,Notebook Pack,Stationery,Completed,12,256.8,150
100061,31/02/2026,CUST00061,Tanta,Laptop,Electronics,Completed,1,30780,0
100062,10/08/2025,,Aswan,Smartphone,Electronics,Completed,2,15805,5
100063,23/03/2025,CUST00063,Luxor,Wireless Mouse,Accessories,Completed,0,495,10
100064,08/10/2025,CUST00064,Port Said,Keyboard,Accessories,Completed,4,-25,15
100065,21/05/2025,CUST00065,Cairo,Office Chair,Furniture,Completed,5,4732,150
100066,31/02/2026,CUST00066,Giza,Desk,Furniture,Completed,6,6808,0
100067,19/07/2025,,Alexandria,Headphones,Electronics,Completed,7,1674,5
100068,04/02/2025,CUST00068,Mansoura,Monitor,Electronics,Completed,0,8648,10
100069,17/09/2025,CUST00069,Tanta,Printer,Office Equipment,Completed,9,-25,15
100070,02/04/2025,CUST00070,Aswan,Notebook Pack,Stationery,Completed,10,230.4,150
100071,31/02/2026,CUST00071,Luxor,Laptop,Electronics,Completed,11,27645,0
100072,28/06/2025,,Port Said,Smartphone,Electronics,Completed,12,14210,5
100073,13/01/2025,CUST00073,Cairo,Wireless Mouse,Accessories,Completed,0,445.5,10
100074,26/08/2025,CUST00074,Giza,Keyboard,Accessories,Completed,2,-25,15
100075,11/03/2025,CUST00075,Alexandria,Office Chair,Furniture,Completed,3,5252,150
100076,31/02/2026,CUST00076,Mansoura,Desk,Furniture,Completed,4,7548,0
100077,09/05/2025,,Tanta,Headphones,Electronics,Completed,5,1854,5
100078,22/12/2025,CUST00078,Aswan,Monitor,Electronics,Completed,0,9568,10
100079,07/07/2025,CUST00079,Luxor,Printer,Office Equipment,Completed,7,-25,15
100080,20/02/2025,CUST00080,Port Said,Notebook Pack,Stationery,Completed,8,254.4,150
100081,31/02/2026,CUST00081,Cairo,Laptop,Electronics,Completed,9,30495,0
100082,18/04/2025,,Giza,Smartphone,Electronics,Completed,10,15660,5
100083,03/11/2025,CUST00083,Alexandria,Wireless Mouse,Accessories,Completed,0,490.5,10
100084,16/06/2025,CUST00084,Mansoura,Keyboard,Accessories,Completed,12,-25,15
100085,01/01/2025,CUST00085,Tanta,Office Chair,Furniture,Completed,1,4680,150
100086,31/02/2026,CUST00086,Aswan,Desk,Furniture,Completed,2,6734,0
100087,27/03/2025,,Luxor,Headphones,Electronics,Completed,3,1656,5
100088,12/10/2025,CUST00088,Port Said,Monitor,Electronics,Completed,0,8556,10
100089,25/05/2025,CUST00089,Cairo,Printer,Office Equipment,Completed,5,-25,15
100090,10/12/2025,CUST00090,Giza,Notebook Pack,Stationery,Completed,6,228,150
100091,31/02/2026,CUST00091,Alexandria,Laptop,Electronics,Completed,7,27360,0
100092,08/02/2025,,Mansoura,Smartphone,Electronics,Completed,8,14065,5
100093,21/09/2025,CUST00093,Tanta,Wireless Mouse,Accessories,Completed,0,441,10
100094,06/04/2025,CUST00094,Aswan,Keyboard,Accessories,Completed,10,-25,15
100095,19/11/2025,CUST00095,Luxor,Office Chair,Furniture,Completed,11,5200,150
100096,31/02/2026,CUST00096,Port Said,Desk,Furniture,Completed,12,7474,0
100097,17/01/2025,,Cairo,Headphones,Electronics,Completed,1,1836,5
100098,02/08/2025,CUST00098,,Monitor,Electronics,Completed,0,9476,10
100099,15/03/2025,CUST00099,Alexandria,Printer,Office Equipment,Completed,3,-25,15
100100,28/10/2025,CUST00100,Mansoura,Notebook Pack,Stationery,Completed,4,252,150
100101,31/02/2026,CUST00101,Tanta,Laptop,Electronics,Completed,5,30210,0
100102,26/12/2025,,Aswan,Smartphone,Electronics,Completed,6,15515,5
100103,11/07/2025,CUST00103,Luxor,Wireless Mouse,Accessories,Completed,0,486,10
100104,24/02/2025,CUST00104,Port Said,Keyboard,Accessories,Completed,8,-25,15
100105,09/09/2025,CUST00105,Cairo,Office Chair,Furniture,Completed,9,5720,150
100106,31/02/2026,CUST00106,Giza,Desk,Furniture,Completed,10,6660,0
100107,07/11/2025,,Alexandria,Headphones,Electronics,Completed,11,1638,5
100108,20/06/2025,CUST00108,Mansoura,Monitor,Electronics,Completed,0,8464,10
100109,05/01/2025,CUST00109,Tanta,Printer,Office Equipment,Completed,1,-25,15
100110,18/08/2025,CUST00110,Aswan,Notebook Pack,Stationery,Completed,2,225.6,150
100111,31/02/2026,CUST00111,Luxor,Laptop,Electronics,Completed,3,27075,0
100112,16/10/2025,,Port Said,Smartphone,Electronics,Completed,4,13920,5
100113,01/05/2025,CUST00113,Cairo,Wireless Mouse,Accessories,Completed,0,436.5,10
100114,14/12/2025,CUST00114, Giza ,Keyboard,Accessories,Completed,6,-25,15
100115,27/07/2025,CUST00115,Alexandria,Office Chair,Furniture,Completed,7,5148,150
100116,31/02/2026,CUST00116,Mansoura,Desk,Furniture,Completed,8,7400,0
100117,25/09/2025,,Tanta,Headphones,Electronics,Completed,9,1818,5
100118,10/04/2025,CUST00118,Aswan,Monitor,Electronics,Completed,0,9384,10
100119,23/11/2025,CUST00119,Luxor,Printer,Office Equipment,Completed,11,-25,15
100120,08/06/2025,CUST00120,Port Said,Notebook Pack,Stationery,Completed,12,249.6,150
100121,31/02/2026,CUST00121,Cairo,Laptop,Electronics,Completed,1,29925,0
100122,06/08/2025,,Giza,Smartphone,Electronics,Completed,2,15370,5
100123,19/03/2025,CUST00123,Alexandria,Wireless Mouse,Accessories,Completed,0,481.5,10
100124,04/10/2025,CUST00124,Mansoura,Keyboard,Accessories,Completed,4,-25,15
100125,17/05/2025,CUST00125,Tanta,Office Chair,Furniture,Completed,5,5668,150
100126,31/02/2026,CUST00126,Aswan,Desk,Furniture,Completed,6,8140,0
100127,15/07/2025,,Luxor,Headphones,Electronics,Completed,7,1620,5
100128,28/02/2025,CUST00128,Port Said, monitor ,Electronics,Completed,0,8372,10
100129,13/09/2025,CUST00129,Cairo,Printer,Office Equipment,Completed,9,-25,15
100130,26/04/2025,CUST00130,Giza,Notebook Pack,Stationery,Completed,10,223.2,150
100131,31/02/2026,CUST00131,Alexandria,Laptop,Electronics,Completed,11,26790,0
100132,24/06/2025,,Mansoura,Smartphone,Electronics,Completed,12,13775,5
100133,09/01/2025,CUST00133,Tanta,Wireless Mouse,Accessories,Completed,0,432,10
100134,22/08/2025,CUST00134,Aswan,Keyboard,Accessories,Completed,2,-25,15
100135,07/03/2025,CUST00135,Luxor,Office Chair,Furniture,Completed,3,5096,150
100136,31/02/2026,CUST00136,Port Said,Desk,Furniture,Completed,4,7326,0
100137,05/05/2025,,Cairo,Headphones,Electronics,Completed,5,1800,5
100138,18/12/2025,CUST00138,Giza,Monitor,Electronics,Completed,0,9292,10
100139,03/07/2025,CUST00139,Alexandria,Printer,Office Equipment,Completed,7,-25,15
100140,16/02/2025,CUST00140,Mansoura,Notebook Pack,Stationery,Completed,8,247.2,150
100141,31/02/2026,CUST00141,Tanta,Laptop,Electronics,Completed,9,29640,0
100142,14/04/2025,,Aswan,Smartphone,Electronics,Completed,10,15225,5
100143,27/11/2025,CUST00143,Luxor,Wireless Mouse,Accessories,Completed,0,477,10
100144,12/06/2025,CUST00144,Port Said,Keyboard,Accessories,Completed,12,-25,15
100145,25/01/2025,CUST00145,Cairo,Office Chair,Furniture,Completed,1,5616,150
100146,31/02/2026,CUST00146,Giza,Desk,Furniture,Completed,2,8066,0
100147,23/03/2025,,Alexandria,Headphones,Electronics,Completed,3,1980,5
100148,08/10/2025,CUST00148,Mansoura,Monitor,Electronics,Completed,0,8280,10
100149,21/05/2025,CUST00149,Tanta,Printer,Office Equipment,Completed,5,-25,15
100150,06/12/2025,CUST00150,Aswan,Notebook Pack,stationery,Completed,6,220.8,150
100151,31/02/2026,CUST00151,Luxor,Laptop,Electronics,Completed,7,26505,0
100152,04/02/2025,,Port Said,Smartphone,Electronics,Completed,8,13630,5
100153,17/09/2025,CUST00153,Cairo,Wireless Mouse,Accessories,Completed,0,427.5,10
100154,02/04/2025,CUST00154,Giza,Keyboard,Accessories,Completed,10,-25,15
100155,15/11/2025,CUST00155,Alexandria,Office Chair,Furniture,Completed,11,5044,150
100156,31/02/2026,CUST00156,Mansoura,Desk,Furniture,Completed,12,7252,0
100157,13/01/2025,,Tanta,Headphones,Electronics,Completed,1,1782,5
100158,26/08/2025,CUST00158,Aswan,Monitor,Electronics,Completed,0,9200,10
100159,11/03/2025,CUST00159,Luxor,Printer,Office Equipment,Completed,3,-25,15
100160,24/10/2025,CUST00160,Port Said,Notebook Pack,Stationery,Completed,4,244.8,150
100161,31/02/2026,CUST00161,Cairo,Laptop,Electronics,Completed,5,29355,0
100162,22/12/2025,,Giza,Smartphone,Electronics,Completed,6,15080,5
100163,07/07/2025,CUST00163,Alexandria,Wireless Mouse,Accessories,Completed,0,472.5,10
100164,20/02/2025,CUST00164,Mansoura,Keyboard,Accessories,Completed,8,-25,15
100165,05/09/2025,CUST00165,Tanta,Office Chair,Furniture,Completed,9,5564,150
100166,31/02/2026,CUST00166,Aswan,Desk,Furniture,Completed,10,7992,0
100167,03/11/2025,,Luxor,Headphones,Electronics,Completed,11,1962,5
100168,16/06/2025,CUST00168,Port Said,Monitor,Electronics,Completed,0,10120,10
100169,01/01/2025,CUST00169,Cairo,Printer,Office Equipment,Completed,1,-25,15
100170,14/08/2025,CUST00170,Giza,Notebook Pack,Stationery,Completed,2,218.4,150
100171,31/02/2026,CUST00171,Alexandria,Laptop,Electronics,Completed,3,26220,0
100172,12/10/2025,,Mansoura,Smartphone,Electronics,Completed,4,13485,5
100173,25/05/2025,CUST00173,Tanta,Wireless Mouse,Accessories,Completed,0,423,10
100174,10/12/2025,CUST00174,Aswan,Keyboard,Accessories, completed ,6,-25,15
100175,23/07/2025,CUST00175,Luxor,Office Chair,Furniture,Completed,7,4992,150
100176,31/02/2026,CUST00176,Port Said,Desk,Furniture,Completed,8,7178,0
100177,21/09/2025,,Cairo,Headphones,Electronics,Completed,9,1764,5
100178,06/04/2025,CUST00178,Giza,Monitor,Electronics,Completed,0,9108,10
100179,19/11/2025,CUST00179,Alexandria,Printer,Office Equipment,Completed,11,-25,15
100180,04/06/2025,CUST00180,Mansoura,Notebook Pack,Stationery,Completed,12,242.4,150
100181,31/02/2026,CUST00181,Tanta,Laptop,Electronics,Completed,1,29070,0
100182,02/08/2025,,Aswan,Smartphone,Electronics,Completed,2,14935,5
100183,15/03/2025,CUST00183,Luxor,Wireless Mouse,Accessories,Completed,0,468,10
100184,28/10/2025,CUST00184,Port Said,Keyboard,Accessories,Completed,4,-25,15
100185,13/05/2025,CUST00185,Cairo,Office Chair,Furniture,Completed,5,5512,150
100186,31/02/2026,CUST00186,Giza,Desk,Furniture,Completed,6,7918,0
100187,11/07/2025,,Alexandria,Headphones,Electronics,Completed,7,1944,5
100188,24/02/2025,CUST00188,Mansoura,Monitor,Electronics,Completed,0,10028,10
100189,09/09/2025,CUST00189,Tanta,Printer,Office Equipment,Completed,9,-25,15
100190,22/04/2025,CUST00190,Aswan,Notebook Pack,Stationery,Completed,10,216,150
100191,31/02/2026,CUST00191,Luxor,Laptop,Electronics,Completed,11,25935,0
100192,20/06/2025,,Port Said,Smartphone,Electronics,Completed,12,13340,5
100193,05/01/2025,CUST00193,Cairo,Wireless Mouse,Accessories,Completed,0,418.5,10
100194,18/08/2025,CUST00194,Giza,Keyboard,Accessories,Completed,2,-25,15
100195,03/03/2025,CUST00195,,Office Chair,Furniture,Completed,3,4940,150
100196,31/02/2026,CUST00196,Mansoura,Desk,Furniture,Completed,4,7104,0
100197,01/05/2025,,Tanta,Headphones,Electronics,Completed,5,1746,5
100198,14/12/2025,CUST00198,Aswan,Monitor,Electronics,Completed,0,9016,10
100199,27/07/2025,CUST00199,Luxor,Printer,Office Equipment,Completed,7,-25,15
100200,12/02/2025,CUST00200,Port Said,Notebook Pack,Stationery,Completed,8,240,150
100201,31/02/2026,CUST00201,Cairo,Laptop,Electronics,Completed,9,28785,0
100202,10/04/2025,,Giza,Smartphone,Electronics,Completed,10,14790,5
100203,23/11/2025,CUST00203,Alexandria,Wireless Mouse,Accessories,Completed,0,463.5,10
100204,08/06/2025,CUST00204,Mansoura,Keyboard,Accessories,Completed,12,-25,15
100205,21/01/2025,CUST00205,Tanta,Office Chair,Furniture,Completed,1,5460,150
100206,31/02/2026,CUST00206,Aswan,Desk,Furniture,Completed,2,7844,0
100207,19/03/2025,,Luxor,Headphones,Electronics,Completed,3,1926,5
100208,04/10/2025,CUST00208,Port Said,Monitor,Electronics,Completed,0,9936,10
100209,17/05/2025,CUST00209,Cairo,Printer,Office Equipment,Completed,5,-25,15
100210,02/12/2025,CUST00210,Giza,Notebook Pack,Stationery,Completed,6,264,150
100211,31/02/2026,CUST00211,Alexandria,Laptop,Electronics,Completed,7,25650,0
100212,28/02/2025,,Mansoura,Smartphone,Electronics,Completed,8,13195,5
100213,13/09/2025,CUST00213,Tanta,Wireless Mouse,Accessories,Completed,0,414,10
100214,26/04/2025,CUST00214,Aswan,Keyboard,Accessories,Completed,10,-25,15
100215,11/11/2025,CUST00215,Luxor,Office Chair,Furniture,Completed,11,4888,150
100216,31/02/2026,CUST00216,Port Said,Desk,Furniture,Completed,12,7030,0
100217,09/01/2025,,Cairo,Headphones,Electronics,Completed,1,1728,5
100218,22/08/2025,CUST00218,Giza,Monitor,Electronics,Completed,0,8924,10
100219,07/03/2025,CUST00219,Alexandria,Printer,Office Equipment,Completed,3,-25,15
100220,20/10/2025,CUST00220,Mansoura,Notebook Pack,Stationery,Completed,4,237.6,150
100221,31/02/2026,CUST00221,Tanta,Laptop,Electronics,Completed,5,28500,0
100222,18/12/2025,,Aswan,Smartphone,Electronics,Completed,6,14645,5
100223,03/07/2025,CUST00223,Luxor,Wireless Mouse,Accessories,Completed,0,459,10
100224,16/02/2025,CUST00224,Port Said,Keyboard,Accessories,Completed,8,-25,15
100225,01/09/2025,CUST00225,Cairo,Office Chair,Furniture,Completed,9,5408,150
100226,31/02/2026,CUST00226,Giza,Desk,Furniture,Completed,10,7770,0
100227,27/11/2025,, Alexandria ,Headphones,Electronics,Completed,11,1908,5
100228,12/06/2025,CUST00228,Mansoura,Monitor,Electronics,Completed,0,9844,10
100229,25/01/2025,CUST00229,Tanta,Printer,Office Equipment,Completed,1,-25,15
100230,10/08/2025,CUST00230,Aswan,Notebook Pack,Stationery,Completed,2,261.6,150
100231,31/02/2026,CUST00231,Luxor,Laptop,Electronics,Completed,3,31350,0
100232,08/10/2025,,Port Said,Smartphone,Electronics,Completed,4,13050,5
100233,21/05/2025,CUST00233,Cairo,Wireless Mouse,Accessories,Completed,0,409.5,10
100234,06/12/2025,CUST00234,Giza,Keyboard,Accessories,Completed,6,-25,15
100235,19/07/2025,CUST00235,Alexandria,Office Chair,Furniture,Completed,7,4836,150
100236,31/02/2026,CUST00236,Mansoura,Desk,Furniture,Completed,8,6956,0
100237,17/09/2025,,Tanta,Headphones,Electronics,Completed,9,1710,5
100238,02/04/2025,CUST00238,Aswan,Monitor,Electronics,Completed,0,8832,10
100239,15/11/2025,CUST00239,Luxor,Printer,Office Equipment,Completed,11,-25,15
100240,28/06/2025,CUST00240,Port Said,Notebook Pack,Stationery,Completed,12,235.2,150
100241,31/02/2026,CUST00241,Cairo,Laptop,Electronics,Completed,1,28215,0
100242,26/08/2025,,Giza,Smartphone,Electronics,Completed,2,14500,5
100243,11/03/2025,CUST00243,Alexandria,Wireless Mouse,Accessories,Completed,0,454.5,10
100244,24/10/2025,CUST00244,Mansoura,Keyboard,Accessories,Completed,4,-25,15
100245,09/05/2025,CUST00245,Tanta,Office Chair,Furniture,Completed,5,5356,150
100246,31/02/2026,CUST00246,Aswan,Desk,Furniture,Completed,6,7696,0
100247,07/07/2025,,Luxor,Headphones,Electronics,Completed,7,1890,5
100248,20/02/2025,CUST00248,Port Said,Monitor,Electronics,Completed,0,9752,10
100249,05/09/2025,CUST00249,Cairo,Printer,Office Equipment,Completed,9,-25,15
100250,18/04/2025,CUST00250,Giza,Notebook Pack,Stationery,Completed,10,259.2,150
100251,03/11/2025,CUST00251,Alexandria,Laptop,Electronics,Pending,11,31065,0
100252,16/06/2025,CUST00252,Mansoura,Smartphone,Electronics,Cancelled,12,15950,5
100253,01/01/2025,CUST00253,Tanta,Wireless Mouse,Accessories,Pending,1,405,10
100254,14/08/2025,CUST00254,Aswan,Keyboard,Accessories,Cancelled,2,773.5,15
100255,27/03/2025,CUST00255,Luxor, office chair ,Furniture,Pending,3,4784,20
100256,12/10/2025,CUST00256,Port Said,Desk,Furniture,Cancelled,4,6882,0
100257,25/05/2025,CUST00257,Cairo,Headphones,Electronics,Pending,5,1692,5
100258,10/12/2025,CUST00258,Giza,Monitor,Electronics,Cancelled,6,8740,10
100259,23/07/2025,CUST00259,Alexandria,Printer,Office Equipment,Pending,7,6528,15
100260,08/02/2025,CUST00260,Mansoura,Notebook Pack,Stationery,Cancelled,8,232.8,20
100261,21/09/2025,CUST00261,Tanta,Laptop,Electronics,Pending,9,27930,0
100262,06/04/2025,CUST00262,Aswan,Smartphone,Electronics,Cancelled,10,14355,5
100263,19/11/2025,CUST00263,Luxor,Wireless Mouse,Accessories,Pending,11,450,10
100264,04/06/2025,CUST00264,Port Said,Keyboard,Accessories,Cancelled,12,858.5,15
100265,17/01/2025,CUST00265,Cairo,Office Chair,Furniture,Pending,1,5304,20
100266,02/08/2025,CUST00266,Giza,Desk,Furniture,Cancelled,2,7622,0
100267,15/03/2025,CUST00267,Alexandria,Headphones,Electronics,Pending,3,1872,5
100268,28/10/2025,CUST00268,Mansoura,Monitor,Electronics,Cancelled,4,9660,10
100269,13/05/2025,CUST00269,Tanta,Printer,Office Equipment,Pending,5,7208,15
100270,26/12/2025,CUST00270,Aswan,Notebook Pack,Stationery,Cancelled,6,256.8,20
100271,11/07/2025,CUST00271,Luxor,Laptop,Electronics,Pending,7,30780,0
100272,24/02/2025,CUST00272,Port Said,Smartphone,Electronics,Cancelled,8,15805,5
100273,09/09/2025,CUST00273,Cairo,Wireless Mouse,Accessories,Pending,9,495,10
100274,22/04/2025,CUST00274,Giza,Keyboard,Accessories,Cancelled,10,765,15
100275,07/11/2025,CUST00275,Alexandria,Office Chair,Furniture,Pending,11,4732,20
100276,20/06/2025,CUST00276,Mansoura,Desk,Furniture,Cancelled,12,6808,0
100277,05/01/2025,CUST00277,Tanta,Headphones,Electronics,Pending,1,1674,5
100278,18/08/2025,CUST00278,Aswan,Monitor,Electronics,Cancelled,2,8648,10
100279,03/03/2025,CUST00279,Luxor,Printer,Office Equipment,Pending,3,6460,15
100280,16/10/2025,CUST00280,Port Said,Notebook Pack,Stationery,Cancelled,4,230.4,20
100281,01/05/2025,CUST00281,Cairo,Laptop,Electronics,Pending,5,27645,0
100282,14/12/2025,CUST00282,Giza,Smartphone,Electronics,Cancelled,6,14210,5
100283,27/07/2025,CUST00283,Alexandria,Wireless Mouse,Accessories,Pending,7,445.5,10
100284,12/02/2025,CUST00284,Mansoura,Keyboard,Accessories,Cancelled,8,850,15
100285,25/09/2025,CUST00285,Tanta,Office Chair,Furniture,Pending,9,5252,20
100286,10/04/2025,CUST00286,Aswan,Desk,Furniture,Cancelled,10,7548,0
100287,23/11/2025,CUST00287,Luxor,Headphones,Electronics,Pending,11,1854,5
100288,08/06/2025,CUST00288,Port Said,Monitor,Electronics,Cancelled,12,9568,10
100289,21/01/2025,CUST00289,Cairo,Printer,Office Equipment,Pending,1,7140,15
100290,06/08/2025,CUST00290,Giza,Notebook Pack,Stationery,Cancelled,2,254.4,20
100291,19/03/2025,CUST00291,Alexandria,Laptop,Electronics,Pending,3,30495,0
100292,04/10/2025,CUST00292,,Smartphone,Electronics,Cancelled,4,15660,5
100293,17/05/2025,CUST00293,Tanta,Wireless Mouse,Accessories,Pending,5,490.5,10
100294,02/12/2025,CUST00294,Aswan,Keyboard,Accessories,Cancelled,6,935,15
100295,15/07/2025,CUST00295,Luxor,Office Chair,Furniture,Pending,7,4680,20
100296,28/02/2025,CUST00296,Port Said,Desk,Furniture,Cancelled,8,6734,0
100297,13/09/2025,CUST00297,Cairo,Headphones,Electronics,Pending,9,1656,5
100298,26/04/2025,CUST00298,Giza,Monitor,Electronics,Cancelled,10,8556,10
100299,11/11/2025,CUST00299,Alexandria,Printer,office equipment,Pending,11,6392,15
100300,24/06/2025,CUST00300,Mansoura,Notebook Pack,Stationery,Cancelled,12,228,20
100301,09/01/2025,CUST00301,Tanta,Laptop,Electronics,Pending,1,27360,0
100302,22/08/2025,CUST00302,Aswan,Smartphone,Electronics,Cancelled,2,14065,5
100303,07/03/2025,CUST00303,Luxor,Wireless Mouse,Accessories,Pending,3,441,10
100304,20/10/2025,CUST00304,Port Said,Keyboard,Accessories,Cancelled,4,841.5,15
100305,05/05/2025,CUST00305,Cairo,Office Chair,Furniture,Pending,5,5200,20
100306,18/12/2025,CUST00306,Giza,Desk,Furniture,Cancelled,6,7474,0
100307,03/07/2025,CUST00307,Alexandria,Headphones,Electronics,Pending,7,1836,5
100308,16/02/2025,CUST00308,Mansoura,Monitor,Electronics,Cancelled,8,9476,10
100309,01/09/2025,CUST00309,Tanta,Printer,Office Equipment,Pending,9,7072,15
100310,14/04/2025,CUST00310,Aswan,Notebook Pack,Stationery,Cancelled,10,252,20
100311,27/11/2025,CUST00311,Luxor,Laptop,Electronics,Pending,11,30210,0
100312,12/06/2025,CUST00312,Port Said,Smartphone,Electronics,Cancelled,12,15515,5
100313,25/01/2025,CUST00313,Cairo,Wireless Mouse,Accessories,Pending,1,486,10
100314,10/08/2025,CUST00314,Giza,Keyboard,Accessories,Cancelled,2,926.5,15
100315,23/03/2025,CUST00315,Alexandria,Office Chair,Furniture,Pending,3,5720,20
100316,08/10/2025,CUST00316,Mansoura,Desk,Furniture,Cancelled,4,6660,0
100317,21/05/2025,CUST00317,Tanta,Headphones,Electronics,Pending,5,1638,5
100318,06/12/2025,CUST00318,Aswan,Monitor,Electronics,Cancelled,6,8464,10
100319,19/07/2025,CUST00319,Luxor,Printer,Office Equipment,Pending,7,6324,15
100320,04/02/2025,CUST00320,Port Said,Notebook Pack,Stationery,Cancelled,8,225.6,20
100321,17/09/2025,CUST00321,Cairo,Laptop,Electronics,Pending,9,27075,0
100322,02/04/2025,CUST00322,Giza,Smartphone,Electronics,Cancelled,10,13920,5
100323,15/11/2025,CUST00323,Alexandria,Wireless Mouse,Accessories,Pending,11,436.5,10
100324,28/06/2025,CUST00324,Mansoura,Keyboard,Accessories,Cancelled,12,833,15
100325,13/01/2025,CUST00325,Tanta,Office Chair,Furniture,Pending,1,5148,20
100326,26/08/2025,CUST00326,Aswan,Desk,Furniture,Cancelled,2,7400,0
100327,11/03/2025,CUST00327,Luxor,Headphones,Electronics,Pending,3,1818,5
100328,24/10/2025,CUST00328,Port Said,Monitor,Electronics,Cancelled,4,9384,10
100329,09/05/2025,CUST00329,Cairo,Printer,Office Equipment,Pending,5,7004,15
100330,22/12/2025,CUST00330,Giza,Notebook Pack,Stationery,Cancelled,6,249.6,20
100331,07/07/2025,CUST00331,Alexandria,Laptop,Electronics,Pending,7,29925,0
100332,20/02/2025,CUST00332,Mansoura,Smartphone,Electronics,Cancelled,8,15370,5
100333,05/09/2025,CUST00333,Tanta,Wireless Mouse,Accessories,Pending,9,481.5,10
100334,18/04/2025,CUST00334,Aswan,Keyboard,Accessories,Cancelled,10,918,15
100335,03/11/2025,CUST00335,Luxor,Office Chair,Furniture,Pending,11,5668,20
100336,16/06/2025,CUST00336,Port Said,Desk,Furniture,Cancelled,12,8140,0
100337,01/01/2025,CUST00337,Cairo,Headphones,Electronics,Pending,1,1620,5
100338,14/08/2025,CUST00338,Giza,Monitor,Electronics,Cancelled,2,8372,10
100339,27/03/2025,CUST00339,Alexandria,Printer,Office Equipment,Pending,3,6256,15
100340,12/10/2025,CUST00340, Mansoura ,Notebook Pack,Stationery,Cancelled,4,223.2,20
100341,25/05/2025,CUST00341,Tanta,Laptop,Electronics,Pending,5,26790,0
100342,10/12/2025,CUST00342,Aswan,Smartphone,Electronics,Cancelled,6,13775,5
100343,23/07/2025,CUST00343,Luxor,Wireless Mouse,Accessories,Pending,7,432,10
100344,08/02/2025,CUST00344,Port Said,Keyboard,Accessories,Cancelled,8,824.5,15
100345,21/09/2025,CUST00345,Cairo,Office Chair,Furniture,Pending,9,5096,20
100346,06/04/2025,CUST00346,Giza,Desk,Furniture,Cancelled,10,7326,0
100347,19/11/2025,CUST00347,Alexandria,Headphones,Electronics, pending ,11,1800,5
100348,04/06/2025,CUST00348,Mansoura,Monitor,Electronics,Cancelled,12,9292,10
100349,17/01/2025,CUST00349,Tanta,Printer,Office Equipment,Pending,1,6936,15
100350,02/08/2025,CUST00350,Aswan,Notebook Pack,Stationery,Cancelled,2,247.2,20
100351,15/03/2025,CUST00351,Luxor,Laptop,Electronics,Pending,3,29640,0
100352,28/10/2025,CUST00352,Port Said,Smartphone,Electronics,Cancelled,4,15225,5
100353,13/05/2025,CUST00353,Cairo,Wireless Mouse,Accessories,Pending,5,477,10
100354,26/12/2025,CUST00354,Giza,Keyboard,Accessories,Cancelled,6,909.5,15
100355,11/07/2025,CUST00355,Alexandria,Office Chair,Furniture,Pending,7,5616,20
100356,24/02/2025,CUST00356,Mansoura,Desk,Furniture,Cancelled,8,8066,0
100357,09/09/2025,CUST00357,Tanta,Headphones,Electronics,Pending,9,1980,5
100358,22/04/2025,CUST00358,Aswan,Monitor,Electronics,Cancelled,10,8280,10
100359,07/11/2025,CUST00359,Luxor,Printer,Office Equipment,Pending,11,6188,15
100360,20/06/2025,CUST00360,Port Said,Notebook Pack,Stationery,Cancelled,12,220.8,20
100361,05/01/2025,CUST00361,Cairo,Laptop,Electronics,Pending,1,26505,0
100362,18/08/2025,CUST00362,Giza,Smartphone,Electronics,Cancelled,2,13630,5
100363,03/03/2025,CUST00363,Alexandria,Wireless Mouse,Accessories,Pending,3,427.5,
100364,16/10/2025,CUST00364,Mansoura,Keyboard,Accessories,Cancelled,4,816,15
100365,01/05/2025,CUST00365,Tanta,Office Chair,Furniture,Pending,5,5044,20
100366,14/12/2026,CUST00366,Aswan,Desk,Furniture,Cancelled,6,7252,0
100367,27/07/2026,CUST00367,Luxor,Headphones,Electronics,Pending,7,1782,5
100368,12/02/2026,CUST00368,Port Said,Monitor,Electronics,Cancelled,8,9200,10
100369,25/09/2026,CUST00369,Cairo,Printer,Office Equipment,Pending,9,6868,15
100370,10/04/2026,CUST00370,Giza,Notebook Pack,Stationery,Cancelled,10,244.8,20
100371,23/11/2026,CUST00371,Alexandria,Laptop,Electronics,Pending,11,29355,0
100372,08/06/2026,CUST00372,Mansoura,Smartphone,Electronics,Cancelled,12,15080,5
100373,21/01/2026,CUST00373,Tanta,Wireless Mouse,Accessories,Pending,1,472.5,10
100374,06/08/2026,CUST00374,Aswan,Keyboard,Accessories,Cancelled,2,901,15
100375,19/03/2026,CUST00375,Luxor,Office Chair,Furniture,Pending,3,5564,20
100376,04/10/2026,CUST00376,Port Said,Desk,Furniture,Cancelled,4,7992,0
100377,17/05/2026,CUST00377,Cairo,Headphones,Electronics,Pending,5,1962,5
100378,02/12/2026,CUST00378,Giza,Monitor,Electronics,Cancelled,6,10120,10
100379,15/07/2026,CUST00379,Alexandria,Printer,Office Equipment,Pending,7,6120,15
100380,28/02/2026,CUST00380,Mansoura,Notebook Pack,Stationery,Cancelled,8,218.4,20
100381,13/09/2026,CUST00381,Tanta,Laptop,Electronics,Pending,9,26220,0
100382,26/04/2026,CUST00382,Aswan, smartphone ,Electronics,Cancelled,10,13485,5
100383,11/11/2026,CUST00383,Luxor,Wireless Mouse,Accessories,Pending,11,423,10
100384,24/06/2026,CUST00384,Port Said,Keyboard,Accessories,Cancelled,12,807.5,15
100385,09/01/2026,CUST00385,Cairo,Office Chair,Furniture,Pending,1,4992,20
100386,22/08/2026,CUST00386,Giza,Desk,Furniture,Cancelled,2,7178,0
100387,07/03/2026,CUST00387,Alexandria,Headphones,Electronics,Pending,3,1764,5
100388,20/10/2026,CUST00388,Mansoura,Monitor,Electronics,Cancelled,4,9108,10
100389,05/05/2026,CUST00389,,Printer,Office Equipment,Pending,5,6800,15
100390,18/12/2026,CUST00390,Aswan,Notebook Pack,Stationery,Cancelled,6,242.4,20
100391,03/07/2026,CUST00391,Luxor,Laptop,Electronics,Pending,7,29070,0
100392,16/02/2026,CUST00392,Port Said,Smartphone,Electronics,Cancelled,8,14935,5
100393,01/09/2026,CUST00393,Cairo,Wireless Mouse,Accessories,Pending,9,468,10
100394,14/04/2026,CUST00394,Giza,Keyboard,Accessories,Cancelled,10,892.5,15
100395,27/11/2026,CUST00395,Alexandria,Office Chair,Furniture,Pending,11,5512,20
100396,12/06/2026,CUST00396,Mansoura,Desk,Furniture,Cancelled,12,7918,0
100397,25/01/2026,CUST00397,Tanta,Headphones,Electronics,Pending,1,1944,5
100398,10/08/2026,CUST00398,Aswan,Monitor,Electronics,Cancelled,2,10028,10
100399,23/03/2026,CUST00399,Luxor,Printer,Office Equipment,Pending,3,7480,15
100400,08/10/2026,CUST00400,Port Said,Notebook Pack,Stationery,Cancelled,4,216,20
100401,21/05/2026,CUST00401,Cairo,Laptop,Electronics,Pending,5,25935,0
100402,06/12/2026,CUST00402,Giza,Smartphone,Electronics,Cancelled,6,13340,5
100403,19/07/2026,CUST00403,Alexandria,Wireless Mouse,Accessories,Pending,7,418.5,10
100404,04/02/2026,CUST00404,Mansoura,Keyboard,Accessories,Cancelled,8,799,15
100405,17/09/2026,CUST00405,Tanta,Office Chair,Furniture,Pending,9,4940,20
100406,02/04/2026,CUST00406,Aswan,Desk,Furniture,Cancelled,10,7104,0
100407,15/11/2026,CUST00407,Luxor,Headphones,Electronics,Pending,11,1746,5
100408,28/06/2026,CUST00408,Port Said,Monitor,Electronics,Cancelled,12,9016,10
100409,13/01/2026,CUST00409,Cairo,Printer,Office Equipment,Pending,1,6732,15
100410,26/08/2026,CUST00410,Giza,Notebook Pack,Stationery,Cancelled,2,240,20
100411,11/03/2026,CUST00411,Alexandria,Laptop,Electronics,Pending,3,28785,0
100412,24/10/2026,CUST00412,Mansoura,Smartphone,Electronics,Cancelled,4,14790,5
100413,09/05/2026,CUST00413,Tanta,Wireless Mouse,Accessories,Pending,5,463.5,10
100414,22/12/2026,CUST00414,Aswan,Keyboard,Accessories,Cancelled,6,884,15
100415,07/07/2026,CUST00415,Luxor,Office Chair,Furniture,Pending,7,5460,20
100416,20/02/2026,CUST00416,Port Said,Desk,Furniture,Cancelled,8,7844,0
100417,05/09/2026,CUST00417,Cairo,Headphones,Electronics,Pending,9,1926,5
100418,18/04/2026,CUST00418,Giza,Monitor,Electronics,Cancelled,10,9936,10
100419,03/11/2026,CUST00419,Alexandria,Printer,Office Equipment,Pending,11,7412,15
100420,16/06/2026,CUST00420,Mansoura,Notebook Pack,Stationery,Cancelled,12,264,20
100421,01/01/2026,CUST00421,Tanta,Laptop,Electronics,Pending,1,25650,0
100422,14/08/2026,CUST00422,Aswan,Smartphone,Electronics,Cancelled,2,13195,5
100423,27/03/2026,CUST00423,Luxor,Wireless Mouse,Accessories,Pending,3,414,10
100424,12/10/2026,CUST00424,Port Said,Keyboard,Accessories,Cancelled,4,790.5,15
100425,25/05/2026,CUST00425,Cairo,Office Chair,Furniture,Pending,5,4888,20
100426,10/12/2026,CUST00426,Giza,Desk,Furniture,Cancelled,6,7030,0
100427,23/07/2026,CUST00427,Alexandria,Headphones,Electronics,Pending,7,1728,5
100428,08/02/2026,CUST00428,Mansoura,Monitor,Electronics,Cancelled,8,8924,10
100429,21/09/2026,CUST00429,Tanta,Printer,Office Equipment,Pending,9,6664,15
100430,06/04/2026,CUST00430,Aswan,Notebook Pack,Stationery,Cancelled,10,237.6,20
100431,19/11/2026,CUST00431,Luxor,Laptop,Electronics,Pending,11,28500,0
100432,04/06/2026,CUST00432,Port Said,Smartphone,Electronics,Cancelled,12,14645,5
100433,17/01/2026,CUST00433,Cairo,Wireless Mouse,Accessories,Pending,1,459,10
100434,02/08/2026,CUST00434,Giza,Keyboard,Accessories,Cancelled,2,875.5,15
100435,15/03/2026,CUST00435,Alexandria,Office Chair,Furniture,Pending,3,5408,20
100436,28/10/2026,CUST00436,Mansoura,Desk,Furniture,Cancelled,4,7770,0
100437,13/05/2026,CUST00437,Tanta,Headphones,Electronics,Pending,5,1908,5
100438,26/12/2026,CUST00438,Aswan,Monitor,Electronics,Cancelled,6,9844,10
100439,11/07/2026,CUST00439,Luxor,Printer,Office Equipment,Pending,7,7344,15
100440,24/02/2026,CUST00440,Port Said,Notebook Pack,Stationery,Cancelled,8,261.6,20
100441,09/09/2026,CUST00441,Cairo,Laptop,Electronics,Pending,9,31350,0
100442,22/04/2026,CUST00442,Giza,Smartphone,Electronics,Cancelled,10,13050,5
100443,07/11/2026,CUST00443,Alexandria,Wireless Mouse,Accessories,Pending,11,409.5,10
100444,20/06/2026,CUST00444,Mansoura,Keyboard,Accessories,Cancelled,12,782,15
100445,05/01/2026,CUST00445,Tanta,Office Chair,Furniture,Pending,1,4836,20
100446,18/08/2026,CUST00446,Aswan,Desk,Furniture,Cancelled,2,6956,0
100447,03/03/2026,CUST00447,Luxor,Headphones,Electronics,Pending,3,1710,5
100448,16/10/2026,CUST00448,Port Said,Monitor,electronics,Cancelled,4,8832,10
100449,01/05/2026,CUST00449,Cairo,Printer,Office Equipment,Pending,5,6596,15
100450,14/12/2026,CUST00450,Giza,Notebook Pack,Stationery,Cancelled,6,235.2,20
100451,27/07/2026,CUST00451,Alexandria,Laptop,Electronics,Pending,7,28215,0
100452,12/02/2026,CUST00452,Mansoura,Smartphone,Electronics,Cancelled,8,14500,5
100453,25/09/2026,CUST00453, Tanta ,Wireless Mouse,Accessories,Pending,9,454.5,10
100454,10/04/2026,CUST00454,Aswan,Keyboard,Accessories,Cancelled,10,867,15
100455,23/11/2026,CUST00455,Luxor,Office Chair,Furniture,Pending,11,5356,20
100456,08/06/2026,CUST00456,Port Said,Desk,Furniture,Cancelled,12,7696,0
100457,21/01/2026,CUST00457,Cairo,Headphones,Electronics,Pending,1,1890,5
100458,06/08/2026,CUST00458,Giza,Monitor,Electronics,Cancelled,2,9752,10
100459,19/03/2026,CUST00459,Alexandria,Printer,Office Equipment,Pending,3,7276,15
100460,04/10/2026,CUST00460,Mansoura,Notebook Pack,Stationery,Cancelled,4,259.2,20
100461,17/05/2026,CUST00461,Tanta,Laptop,Electronics,Pending,5,31065,0
100462,02/12/2026,CUST00462,Aswan,Smartphone,Electronics,Cancelled,6,15950,5
100463,15/07/2026,CUST00463,Luxor,Wireless Mouse,Accessories,Pending,7,405,10
100464,28/02/2026,CUST00464,Port Said,Keyboard,Accessories,Cancelled,8,773.5,15
100465,13/09/2026,CUST00465,Cairo,Office Chair,Furniture,Pending,9,4784,20
100466,26/04/2026,CUST00466,Giza,Desk,Furniture,Cancelled,10,6882,0
100467,11/11/2026,CUST00467,Alexandria,Headphones,Electronics,Pending,11,1692,5
100468,24/06/2026,CUST00468,Mansoura,Monitor,Electronics,Cancelled,12,8740,10
100469,09/01/2026,CUST00469,Tanta,Printer,Office Equipment,Pending,1,6528,15
100470,22/08/2026,CUST00470,Aswan,Notebook Pack,Stationery,Cancelled,2,232.8,20
100471,07/03/2026,CUST00471,Luxor,Laptop,Electronics,Pending,3,27930,0
100472,20/10/2026,CUST00472,Port Said,Smartphone,Electronics,Cancelled,4,14355,5
100473,05/05/2026,CUST00473,Cairo,Wireless Mouse,Accessories,Pending,5,450,10
100474,18/12/2026,CUST00474,Giza,Keyboard,Accessories,Cancelled,6,858.5,15
100475,03/07/2026,CUST00475,Alexandria,Office Chair,Furniture,Pending,7,5304,20
100476,16/02/2026,CUST00476,Mansoura,Desk,Furniture,Cancelled,8,7622,0
100477,01/09/2026,CUST00477,Tanta,Headphones,Electronics,Pending,9,1872,5
100478,14/04/2026,CUST00478,Aswan,Monitor,Electronics,Cancelled,10,9660,10
100479,27/11/2026,CUST00479,Luxor,Printer,Office Equipment,Pending,11,7208,15
100480,12/06/2026,CUST00480,Port Said,Notebook Pack,Stationery,Cancelled,12,256.8,20
100481,25/01/2026,CUST00481,Cairo,Laptop,Electronics,Pending,1,30780,0
100482,10/08/2026,CUST00482,Giza,Smartphone,Electronics,Cancelled,2,15805,5
100483,23/03/2026,CUST00483,Alexandria,Wireless Mouse,Accessories,Pending,3,495,10
100484,08/10/2026,CUST00484,Mansoura,Keyboard,Accessories,Cancelled,4,765,15
100485,21/05/2026,CUST00485,Tanta,Office Chair,Furniture,Pending,5,4732,20
100486,06/12/2026,CUST00486,,Desk,Furniture,Cancelled,6,6808,0
100487,19/07/2026,CUST00487,Luxor,Headphones,Electronics,Pending,7,1674,5
100488,04/02/2026,CUST00488,Port Said,Monitor,Electronics,Cancelled,8,8648,10
100489,17/09/2026,CUST00489,Cairo,Printer,Office Equipment,Pending,9,6460,15
100490,02/04/2026,CUST00490,Giza,Notebook Pack,Stationery,Cancelled,10,230.4,20
100491,15/11/2026,CUST00491,Alexandria,Laptop,Electronics,Pending,11,27645,0
100492,28/06/2026,CUST00492,Mansoura,Smartphone,Electronics,Cancelled,12,14210,5
100493,13/01/2026,CUST00493,Tanta,Wireless Mouse,Accessories,Pending,1,445.5,10
100494,26/08/2026,CUST00494,Aswan,Keyboard,Accessories,Cancelled,2,850,15
100495,11/03/2026,CUST00495,Luxor,Office Chair,Furniture,Pending,3,5252,20
100496,24/10/2026,CUST00496,Port Said,Desk,Furniture,Cancelled,4,7548,0
100497,09/05/2026,CUST00497,Cairo,Headphones,Electronics,Pending,5,1854,5
100498,22/12/2026,CUST00498,Giza,Monitor,Electronics,Cancelled,6,9568,10
100499,07/07/2026,CUST00499,Alexandria,Printer,Office Equipment,Pending,7,7140,15
100500,20/02/2026,CUST00500,Mansoura,Notebook Pack,Stationery,Cancelled,8,254.4,20
100501,05/09/2026,CUST00501,Tanta,Laptop,Electronics,Pending,9,30495,0
100502,18/04/2026,CUST00502,Aswan,Smartphone,Electronics,Cancelled,10,15660,5
100503,03/11/2026,CUST00503,Luxor,Wireless Mouse,Accessories,Pending,11,490.5,10
100504,16/06/2026,CUST00504,Port Said,Keyboard,Accessories,Cancelled,12,935,15
100505,01/01/2026,CUST00505,Cairo,Office Chair,Furniture,Pending,1,4680,20
100506,14/08/2026,CUST00506,Giza,Desk,Furniture,Cancelled,2,6734,0
100507,27/03/2026,CUST00507,Alexandria,Headphones,Electronics,Pending,3,1656,5
100508,12/10/2026,CUST00508,Mansoura,Monitor,Electronics,Cancelled,4,8556,10
100509,25/05/2026,CUST00509,Tanta, printer ,Office Equipment,Pending,5,6392,15
100510,10/12/2026,CUST00510,Aswan,Notebook Pack,Stationery,Cancelled,6,228,20
100511,23/07/2026,CUST00511,Luxor,Laptop,Electronics,Pending,7,27360,0
100512,08/02/2026,CUST00512,Port Said,Smartphone,Electronics,Cancelled,8,14065,5
100513,21/09/2026,CUST00513,Cairo,Wireless Mouse,Accessories,Pending,9,441,10
100514,06/04/2026,CUST00514,Giza,Keyboard,Accessories,Cancelled,10,841.5,15
100515,19/11/2026,CUST00515,Alexandria,Office Chair,Furniture,Pending,11,5200,20
100516,04/06/2026,CUST00516,Mansoura,Desk,Furniture,Cancelled,12,7474,0
100517,17/01/2026,CUST00517,Tanta,Headphones,Electronics,Pending,1,1836,5
100518,02/08/2026,CUST00518,Aswan,Monitor,Electronics,Cancelled,2,9476,10
100519,15/03/2026,CUST00519,Luxor,Printer,Office Equipment,Pending,3,7072,15
100520,28/10/2026,CUST00520,Port Said,Notebook Pack,Stationery, cancelled ,4,252,20
100521,13/05/2026,CUST00521,Cairo,Laptop,Electronics,Pending,5,30210,0
100522,26/12/2026,CUST00522,Giza,Smartphone,Electronics,Cancelled,6,15515,5
100523,11/07/2026,CUST00523,Alexandria,Wireless Mouse,Accessories,Pending,7,486,10
100524,24/02/2026,CUST00524,Mansoura,Keyboard,Accessories,Cancelled,8,926.5,15
100525,09/09/2026,CUST00525,Tanta,Office Chair,Furniture,Pending,9,5720,20
100526,22/04/2026,CUST00526,Aswan,Desk,Furniture,Cancelled,10,6660,0
100527,07/11/2026,CUST00527,Luxor,Headphones,Electronics,Pending,11,1638,5
100528,20/06/2026,CUST00528,Port Said,Monitor,Electronics,Cancelled,12,8464,10
100529,05/01/2026,CUST00529,Cairo,Printer,Office Equipment,Pending,1,6324,15
100530,18/08/2026,CUST00530,Giza,Notebook Pack,Stationery,Cancelled,2,225.6,20
100531,03/03/2026,CUST00531,Alexandria,Laptop,Electronics,Pending,3,27075,0
100532,16/10/2026,CUST00532,Mansoura,Smartphone,Electronics,Cancelled,4,13920,5
100533,01/05/2026,CUST00533,Tanta,Wireless Mouse,Accessories,Pending,5,436.5,10
100534,14/12/2026,CUST00534,Aswan,Keyboard,Accessories,Cancelled,6,833,15
100535,27/07/2026,CUST00535,Luxor,Office Chair,Furniture,Pending,7,5148,20
100536,12/02/2026,CUST00536,Port Said,Desk,Furniture,Cancelled,8,7400,0
100537,25/09/2026,CUST00537,Cairo,Headphones,Electronics,Pending,9,1818,5
100538,10/04/2026,CUST00538,Giza,Monitor,Electronics,Cancelled,10,9384,10
100539,23/11/2026,CUST00539,Alexandria,Printer,Office Equipment,Pending,11,7004,15
100540,08/06/2026,CUST00540,Mansoura,Notebook Pack,Stationery,Cancelled,12,249.6,20
100541,21/01/2025,CUST00541,Tanta,Laptop,Electronics,Pending,1,29925,0
100542,06/08/2025,CUST00542,Aswan,Smartphone,Electronics,Cancelled,2,15370,5
100543,19/03/2025,CUST00543,Luxor,Wireless Mouse,Accessories,Pending,3,481.5,10
100544,04/10/2025,CUST00544,Port Said,Keyboard,Accessories,Cancelled,4,918,
100545,17/05/2025,CUST00545,Cairo,Office Chair,Furniture,Pending,5,5668,20
100546,02/12/2025,CUST00546,Giza,Desk,Furniture,Cancelled,6,8140,0
100547,15/07/2025,CUST00547,Alexandria,Headphones,Electronics,Pending,7,1620,5
100548,28/02/2025,CUST00548,Mansoura,Monitor,Electronics,Cancelled,8,8372,10
100549,13/09/2025,CUST00549,Tanta,Printer,Office Equipment,Pending,9,6256,15
100550,26/04/2025,CUST00550,Aswan,Notebook Pack,Stationery,Cancelled,10,223.2,20
100551,11/11/2025,CUST00551,Luxor,Laptop,Electronics,Pending,11,26790,0
100552,24/06/2025,CUST00552,Port Said,Smartphone,Electronics,Cancelled,12,13775,5
100553,09/01/2025,CUST00553,Cairo,Wireless Mouse,Accessories,Pending,1,432,10
100554,22/08/2025,CUST00554,Giza,Keyboard,Accessories,Cancelled,2,824.5,15
100555,07/03/2025,CUST00555,Alexandria,Office Chair,Furniture,Pending,3,5096,20
100556,20/10/2025,CUST00556,Mansoura,Desk,Furniture,Cancelled,4,7326,0
100557,05/05/2025,CUST00557,Tanta,Headphones,Electronics,Pending,5,1800,5
100558,18/12/2025,CUST00558,Aswan,Monitor,Electronics,Cancelled,6,9292,10
100559,03/07/2025,CUST00559,Luxor,Printer,Office Equipment,Pending,7,6936,15
100560,16/02/2025,CUST00560,Port Said,Notebook Pack,Stationery,Cancelled,8,247.2,20
100561,01/09/2025,CUST00561,Cairo,Laptop,Electronics,Pending,9,29640,0
100562,14/04/2025,CUST00562,Giza,Smartphone,Electronics,Cancelled,10,15225,5
100563,27/11/2025,CUST00563,Alexandria,Wireless Mouse,Accessories,Pending,11,477,10
100564,12/06/2025,CUST00564,Mansoura,Keyboard,Accessories,Cancelled,12,909.5,15
100565,25/01/2025,CUST00565,Tanta,Office Chair,Furniture,Pending,1,5616,20
100566,10/08/2025,CUST00566, Aswan ,Desk,Furniture,Cancelled,2,8066,0
100567,23/03/2025,CUST00567,Luxor,Headphones,Electronics,Pending,3,1980,5
100568,08/10/2025,CUST00568,Port Said,Monitor,Electronics,Cancelled,4,8280,10
100569,21/05/2025,CUST00569,Cairo,Printer,Office Equipment,Pending,5,6188,15
100570,06/12/2025,CUST00570,Giza,Notebook Pack,Stationery,Cancelled,6,220.8,20
100571,19/07/2025,CUST00571,Alexandria,Laptop,Electronics,Pending,7,26505,0
100572,04/02/2025,CUST00572,Mansoura,Smartphone,Electronics,Cancelled,8,13630,5
100573,17/09/2025,CUST00573,Tanta,Wireless Mouse,Accessories,Pending,9,427.5,10
100574,02/04/2025,CUST00574,Aswan,Keyboard,Accessories,Cancelled,10,816,15
100575,15/11/2025,CUST00575,Luxor,Office Chair,Furniture,Pending,11,5044,20
100576,28/06/2025,CUST00576,Port Said,Desk,Furniture,Cancelled,12,7252,0
100577,13/01/2025,CUST00577,Cairo,Headphones,Electronics,Pending,1,1782,5
100578,26/08/2025,CUST00578,Giza,Monitor,Electronics,Cancelled,2,9200,10
100579,11/03/2025,CUST00579,Alexandria,Printer,Office Equipment,Pending,3,6868,15
100580,24/10/2025,CUST00580,Mansoura,Notebook Pack,Stationery,Cancelled,4,244.8,20
100581,09/05/2025,CUST00581,Tanta,Laptop,Electronics,Pending,5,29355,0
100582,22/12/2025,CUST00582,Aswan,Smartphone,Electronics,Cancelled,6,15080,5
100583,07/07/2025,CUST00583,,Wireless Mouse,Accessories,Pending,7,472.5,10
100584,20/02/2025,CUST00584,Port Said,Keyboard,Accessories,Cancelled,8,901,15
100585,05/09/2025,CUST00585,Cairo,Office Chair,Furniture,Pending,9,5564,20
100586,18/04/2025,CUST00586,Giza,Desk,Furniture,Cancelled,10,7992,0
100587,03/11/2025,CUST00587,Alexandria,Headphones,Electronics,Pending,11,1962,5
100588,16/06/2025,CUST00588,Mansoura,Monitor,Electronics,Cancelled,12,10120,10
100589,01/01/2025,CUST00589,Tanta,Printer,Office Equipment,Pending,1,6120,15
100590,14/08/2025,CUST00590,Aswan,Notebook Pack,Stationery,Cancelled,2,218.4,20
100591,27/03/2025,CUST00591,Luxor,Laptop,Electronics,Pending,3,26220,0
100592,12/10/2025,CUST00592,Port Said,Smartphone,Electronics,Cancelled,4,13485,5
100593,25/05/2025,CUST00593,Cairo,Wireless Mouse,Accessories,Pending,5,423,10
100594,10/12/2025,CUST00594,Giza,Keyboard,Accessories,Cancelled,6,807.5,15
100595,23/07/2025,CUST00595,Alexandria,Office Chair,Furniture,Pending,7,4992,20
100596,08/02/2025,CUST00596,Mansoura,Desk,Furniture,Cancelled,8,7178,0
100597,21/09/2025,CUST00597,Tanta,Headphones,electronics,Pending,9,1764,5
100598,06/04/2025,CUST00598,Aswan,Monitor,Electronics,Cancelled,10,9108,10
100599,19/11/2025,CUST00599,Luxor,Printer,Office Equipment,Pending,11,6800,15
100600,04/06/2025,CUST00600,Port Said,Notebook Pack,Stationery,Cancelled,12,242.4,20
100601,17/01/2025,CUST00601,Cairo,Laptop,Electronics,Pending,1,29070,0
100602,02/08/2025,CUST00602,Giza,Smartphone,Electronics,Cancelled,2,14935,5
100603,15/03/2025,CUST00603,Alexandria,Wireless Mouse,Accessories,Pending,3,468,10
100604,28/10/2025,CUST00604,Mansoura,Keyboard,Accessories,Cancelled,4,892.5,15
100605,13/05/2025,CUST00605,Tanta,Office Chair,Furniture,Pending,5,5512,20
100606,26/12/2025,CUST00606,Aswan,Desk,Furniture,Cancelled,6,7918,0
100607,11/07/2025,CUST00607,Luxor,Headphones,Electronics,Pending,7,1944,5
100608,24/02/2025,CUST00608,Port Said,Monitor,Electronics,Cancelled,8,10028,10
100609,09/09/2025,CUST00609,Cairo,Printer,Office Equipment,Pending,9,7480,15
100610,22/04/2025,CUST00610,Giza,Notebook Pack,Stationery,Cancelled,10,216,20
100611,07/11/2025,CUST00611,Alexandria,Laptop,Electronics,Pending,11,25935,0
100612,20/06/2025,CUST00612,Mansoura,Smartphone,Electronics,Cancelled,12,13340,5
100613,05/01/2025,CUST00613,Tanta,Wireless Mouse,Accessories,Pending,1,418.5,10
100614,18/08/2025,CUST00614,Aswan,Keyboard,Accessories,Cancelled,2,799,15
100615,03/03/2025,CUST00615,Luxor,Office Chair,Furniture,Pending,3,4940,20
100616,16/10/2025,CUST00616,Port Said,Desk,Furniture,Cancelled,4,7104,0
100617,01/05/2025,CUST00617,Cairo,Headphones,Electronics,Pending,5,1746,5
100618,14/12/2025,CUST00618,Giza,Monitor,Electronics,Cancelled,6,9016,10
100619,27/07/2025,CUST00619,Alexandria,Printer,Office Equipment,Pending,7,6732,15
100620,12/02/2025,CUST00620,Mansoura,Notebook Pack,Stationery,Cancelled,8,240,20
100621,25/09/2025,CUST00621,Tanta,Laptop,Electronics,Pending,9,28785,0
100622,10/04/2025,CUST00622,Aswan,Smartphone,Electronics,Cancelled,10,14790,5
100623,23/11/2025,CUST00623,Luxor,Wireless Mouse,Accessories,Pending,11,463.5,10
100624,08/06/2025,CUST00624,Port Said,Keyboard,Accessories,Cancelled,12,884,15
100625,21/01/2025,CUST00625,Cairo,Office Chair,Furniture,Pending,1,5460,20
100626,06/08/2025,CUST00626,Giza,Desk,Furniture,Cancelled,2,7844,0
100627,19/03/2025,CUST00627,Alexandria,Headphones,Electronics,Pending,3,1926,5
100628,04/10/2025,CUST00628,Mansoura,Monitor,Electronics,Cancelled,4,9936,10
100629,17/05/2025,CUST00629,Tanta,Printer,Office Equipment,Pending,5,7412,15
100630,02/12/2025,CUST00630,Aswan,Notebook Pack,Stationery,Cancelled,6,264,20
100631,15/07/2025,CUST00631,Luxor,Laptop,Electronics,Pending,7,25650,0
100632,28/02/2025,CUST00632,Port Said,Smartphone,Electronics,Cancelled,8,13195,5
100633,13/09/2025,CUST00633,Cairo,Wireless Mouse,Accessories,Pending,9,414,10
100634,26/04/2025,CUST00634,Giza,Keyboard,Accessories,Cancelled,10,790.5,15
100635,11/11/2025,CUST00635,Alexandria,Office Chair,Furniture,Pending,11,4888,20
100636,24/06/2025,CUST00636,Mansoura, desk ,Furniture,Cancelled,12,7030,0
100637,09/01/2025,CUST00637,Tanta,Headphones,Electronics,Pending,1,1728,5
100638,22/08/2025,CUST00638,Aswan,Monitor,Electronics,Cancelled,2,8924,10
100639,07/03/2025,CUST00639,Luxor,Printer,Office Equipment,Pending,3,6664,15
100640,20/10/2025,CUST00640,Port Said,Notebook Pack,Stationery,Cancelled,4,237.6,20
100641,05/05/2025,CUST00641,Cairo,Laptop,Electronics,Pending,5,28500,0
100642,18/12/2025,CUST00642,Giza,Smartphone,Electronics,Cancelled,6,14645,5
100643,03/07/2025,CUST00643,Alexandria,Wireless Mouse,Accessories,Pending,7,459,10
100644,16/02/2025,CUST00644,Mansoura,Keyboard,Accessories,Cancelled,8,875.5,15
100645,01/09/2025,CUST00645,Tanta,Office Chair,Furniture,Pending,9,5408,20
100646,14/04/2025,CUST00646,Aswan,Desk,Furniture,Cancelled,10,7770,0
100647,27/11/2025,CUST00647,Luxor,Headphones,Electronics,Pending,11,1908,5
100648,12/06/2025,CUST00648,Port Said,Monitor,Electronics,Cancelled,12,9844,10
100649,25/01/2025,CUST00649,Cairo,Printer,Office Equipment,Pending,1,7344,15
100650,10/08/2025,CUST00650,Giza,Notebook Pack,Stationery,Cancelled,2,261.6,20
100651,23/03/2025,CUST00651,Alexandria,Laptop,Electronics,Pending,3,31350,0
100652,08/10/2025,CUST00652,Mansoura,Smartphone,Electronics,Cancelled,4,13050,5
100653,21/05/2025,CUST00653,Tanta,Wireless Mouse,Accessories,Pending,5,409.5,10
100654,06/12/2025,CUST00654,Aswan,Keyboard,Accessories,Cancelled,6,782,15
100655,19/07/2025,CUST00655,Luxor,Office Chair,Furniture,Pending,7,4836,20
100656,04/02/2025,CUST00656,Port Said,Desk,Furniture,Cancelled,8,6956,0
100657,17/09/2025,CUST00657,Cairo,Headphones,Electronics,Pending,9,1710,5
100658,02/04/2025,CUST00658,Giza,Monitor,Electronics,Cancelled,10,8832,10
100659,15/11/2025,CUST00659,Alexandria,Printer,Office Equipment,Pending,11,6596,15
100660,28/06/2025,CUST00660,Mansoura,Notebook Pack,Stationery,Cancelled,12,235.2,20
100661,13/01/2025,CUST00661,Tanta,Laptop,Electronics,Pending,1,28215,0
100662,26/08/2025,CUST00662,Aswan,Smartphone,Electronics,Cancelled,2,14500,5
100663,11/03/2025,CUST00663,Luxor,Wireless Mouse,Accessories,Pending,3,454.5,10
100664,24/10/2025,CUST00664,Port Said,Keyboard,Accessories,Cancelled,4,867,15
100665,09/05/2025,CUST00665,Cairo,Office Chair,Furniture,Pending,5,5356,20
100666,22/12/2025,CUST00666,Giza,Desk,Furniture,Cancelled,6,7696,0
100667,07/07/2025,CUST00667,Alexandria,Headphones,Electronics,Pending,7,1890,5
100668,20/02/2025,CUST00668,Mansoura,Monitor,Electronics,Cancelled,8,9752,10
100669,05/09/2025,CUST00669,Tanta,Printer,Office Equipment,Pending,9,7276,15
100670,18/04/2025,CUST00670,Aswan,Notebook Pack,Stationery,Cancelled,10,259.2,20
100671,03/11/2025,CUST00671,Luxor,Laptop,Electronics,Pending,11,31065,0
100672,16/06/2025,CUST00672,Port Said,Smartphone,Electronics,Cancelled,12,15950,5
100673,01/01/2025,CUST00673,Cairo,Wireless Mouse,Accessories,Pending,1,405,10
100674,14/08/2025,CUST00674,Giza,Keyboard,Accessories,Cancelled,2,773.5,15
100675,27/03/2025,CUST00675,Alexandria,Office Chair,Furniture,Pending,3,4784,20
100676,12/10/2025,CUST00676,Mansoura,Desk,Furniture,Cancelled,4,6882,0
100677,25/05/2025,CUST00677,Tanta,Headphones,Electronics,Pending,5,1692,5
100678,10/12/2025,CUST00678,Aswan,Monitor,Electronics,Cancelled,6,8740,10
100679,23/07/2025,CUST00679, Luxor ,Printer,Office Equipment,Pending,7,6528,15
100680,08/02/2025,CUST00680,,Notebook Pack,Stationery,Cancelled,8,232.8,20
100681,21/09/2025,CUST00681,Cairo,Laptop,Electronics,Pending,9,27930,0
100682,06/04/2025,CUST00682,Giza,Smartphone,Electronics,Cancelled,10,14355,5
100683,19/11/2025,CUST00683,Alexandria,Wireless Mouse,Accessories,Pending,11,450,10
100684,04/06/2025,CUST00684,Mansoura,Keyboard,Accessories,Cancelled,12,858.5,15
100685,17/01/2025,CUST00685,Tanta,Office Chair,Furniture,Pending,1,5304,20
100686,02/08/2025,CUST00686,Aswan,Desk,Furniture,Cancelled,2,7622,0
100687,15/03/2025,CUST00687,Luxor,Headphones,Electronics,Pending,3,1872,5
100688,28/10/2025,CUST00688,Port Said,Monitor,Electronics,Cancelled,4,9660,10
100689,13/05/2025,CUST00689,Cairo,Printer,Office Equipment,Pending,5,7208,15
100690,26/12/2025,CUST00690,Giza,Notebook Pack,Stationery,Cancelled,6,256.8,20
100691,11/07/2025,CUST00691,Alexandria,Laptop,Electronics,Pending,7,30780,0
100692,24/02/2025,CUST00692,Mansoura,Smartphone,Electronics,Cancelled,8,15805,5
100693,09/09/2025,CUST00693,Tanta,Wireless Mouse,Accessories, pending ,9,495,10
100694,22/04/2025,CUST00694,Aswan,Keyboard,Accessories,Cancelled,10,765,15
100695,07/11/2025,CUST00695,Luxor,Office Chair,Furniture,Pending,11,4732,20
100696,20/06/2025,CUST00696,Port Said,Desk,Furniture,Cancelled,12,6808,0
100697,05/01/2025,CUST00697,Cairo,Headphones,Electronics,Pending,1,1674,5
100698,18/08/2025,CUST00698,Giza,Monitor,Electronics,Cancelled,2,8648,10
100699,03/03/2025,CUST00699,Alexandria,Printer,Office Equipment,Pending,3,6460,15
100700,16/10/2025,CUST00700,Mansoura,Notebook Pack,Stationery,Cancelled,4,230.4,20
100701,01/05/2025,CUST00701,Tanta,Laptop,Electronics,Pending,5,27645,0
100702,14/12/2025,CUST00702,Aswan,Smartphone,Electronics,Cancelled,6,14210,5
100703,27/07/2025,CUST00703,Luxor,Wireless Mouse,Accessories,Pending,7,445.5,10
100704,12/02/2025,CUST00704,Port Said,Keyboard,Accessories,Cancelled,8,850,15
100705,25/09/2025,CUST00705,Cairo,Office Chair,Furniture,Pending,9,5252,20
100706,10/04/2025,CUST00706,Giza,Desk,Furniture,Cancelled,10,7548,0
100707,23/11/2025,CUST00707,Alexandria,Headphones,Electronics,Pending,11,1854,5
100708,08/06/2025,CUST00708,Mansoura,Monitor,Electronics,Cancelled,12,9568,10
100709,21/01/2025,CUST00709,Tanta,Printer,Office Equipment,Pending,1,7140,15
100710,06/08/2025,CUST00710,Aswan,Notebook Pack,Stationery,Cancelled,2,254.4,20
100711,19/03/2025,CUST00711,Luxor,Laptop,Electronics,Pending,3,30495,0
100712,04/10/2025,CUST00712,Port Said,Smartphone,Electronics,Cancelled,4,15660,5
100713,17/05/2025,CUST00713,Cairo,Wireless Mouse,Accessories,Pending,5,490.5,10
100714,02/12/2025,CUST00714,Giza,Keyboard,Accessories,Cancelled,6,935,15
100715,15/07/2025,CUST00715,Alexandria,Office Chair,Furniture,Pending,7,4680,20
100716,28/02/2025,CUST00716,Mansoura,Desk,Furniture,Cancelled,8,6734,0
100717,13/09/2025,CUST00717,Tanta,Headphones,Electronics,Pending,9,1656,5
100718,26/04/2025,CUST00718,Aswan,Monitor,Electronics,Cancelled,10,8556,10
100719,11/11/2025,CUST00719,Luxor,Printer,Office Equipment,Pending,11,6392,15
100720,24/06/2025,CUST00720,Port Said,Notebook Pack,Stationery,Cancelled,12,228,20
100721,09/01/2025,CUST00721,Cairo,Laptop,Electronics,Pending,1,27360,0
100722,22/08/2025,CUST00722,Giza,Smartphone,Electronics,Cancelled,2,14065,5
100723,07/03/2025,CUST00723,Alexandria,Wireless Mouse,Accessories,Pending,3,441,10
100724,20/10/2025,CUST00724,Mansoura,Keyboard,Accessories,Cancelled,4,841.5,15
100725,05/05/2025,CUST00725,Tanta,Office Chair,Furniture,Pending,5,5200,
100726,18/12/2025,CUST00726,Aswan,Desk,Furniture,Cancelled,6,7474,0
100727,03/07/2025,CUST00727,Luxor,Headphones,Electronics,Pending,7,1836,5
100728,16/02/2025,CUST00728,Port Said,Monitor,Electronics,Cancelled,8,9476,10
100729,01/09/2025,CUST00729,Cairo,Printer,Office Equipment,Pending,9,7072,15
100730,14/04/2025,CUST00730,Giza,Notebook Pack,Stationery,Cancelled,10,252,20
100731,27/11/2025,CUST00731,Alexandria,Laptop,Electronics,Pending,11,30210,0
100732,12/06/2025,CUST00732,Mansoura,Smartphone,Electronics,Cancelled,12,15515,5
100733,25/01/2025,CUST00733,Tanta,Wireless Mouse,Accessories,Pending,1,486,10
100734,10/08/2025,CUST00734,Aswan,Keyboard,Accessories,Cancelled,2,926.5,15
100735,23/03/2025,CUST00735,Luxor,Office Chair,Furniture,Pending,3,5720,20
100736,08/10/2025,CUST00736,Port Said,Desk,Furniture,Cancelled,4,6660,0
100737,21/05/2025,CUST00737,Cairo,Headphones,Electronics,Pending,5,1638,5
100738,06/12/2025,CUST00738,Giza,Monitor,Electronics,Cancelled,6,8464,10
100739,19/07/2025,CUST00739,Alexandria,Printer,Office Equipment,Pending,7,6324,15
100740,04/02/2025,CUST00740,Mansoura,Notebook Pack,Stationery,Cancelled,8,225.6,20
100741,17/09/2025,CUST00741,Tanta,Laptop,Electronics,Pending,9,27075,0
100742,02/04/2025,CUST00742,Aswan,Smartphone,Electronics,Cancelled,10,13920,5
100743,15/11/2025,CUST00743,Luxor,Wireless Mouse,Accessories,Pending,11,436.5,10
100744,28/06/2025,CUST00744,Port Said,Keyboard,Accessories,Cancelled,12,833,15
100745,13/01/2025,CUST00745,Cairo,Office Chair,Furniture,Pending,1,5148,20
100746,26/08/2025,CUST00746,Giza,Desk,furniture,Cancelled,2,7400,0
100747,11/03/2025,CUST00747,Alexandria,Headphones,Electronics,Pending,3,1818,5
100748,24/10/2025,CUST00748,Mansoura,Monitor,Electronics,Cancelled,4,9384,10
100749,09/05/2025,CUST00749,Tanta,Printer,Office Equipment,Pending,5,7004,15
100750,22/12/2025,CUST00750,Aswan,Notebook Pack,Stationery,Cancelled,6,249.6,20
100751,07/07/2025,CUST00751,Luxor,Laptop,Electronics,Pending,7,29925,0
100752,20/02/2025,CUST00752,Port Said,Smartphone,Electronics,Cancelled,8,15370,5
100753,05/09/2025,CUST00753,Cairo,Wireless Mouse,Accessories,Pending,9,481.5,10
100754,18/04/2025,CUST00754,Giza,Keyboard,Accessories,Cancelled,10,918,15
100755,03/11/2025,CUST00755,Alexandria,Office Chair,Furniture,Pending,11,5668,20
100756,16/06/2025,CUST00756,Mansoura,Desk,Furniture,Cancelled,12,8140,0
100757,01/01/2025,CUST00757,Tanta,Headphones,Electronics,Pending,1,1620,5
100758,14/08/2025,CUST00758,Aswan,Monitor,Electronics,Cancelled,2,8372,10
100759,27/03/2025,CUST00759,Luxor,Printer,Office Equipment,Pending,3,6256,15
100760,12/10/2025,CUST00760,Port Said,Notebook Pack,Stationery,Cancelled,4,223.2,20
100761,25/05/2025,CUST00761,Cairo,Laptop,Electronics,Pending,5,26790,0
100762,10/12/2025,CUST00762,Giza,Smartphone,Electronics,Cancelled,6,13775,5
100763,23/07/2025,CUST00763,Alexandria, wireless mouse ,Accessories,Pending,7,432,10
100764,08/02/2025,CUST00764,Mansoura,Keyboard,Accessories,Cancelled,8,824.5,15
100765,21/09/2025,CUST00765,Tanta,Office Chair,Furniture,Pending,9,5096,20
100766,06/04/2025,CUST00766,Aswan,Desk,Furniture,Cancelled,10,7326,0
100767,19/11/2025,CUST00767,Luxor,Headphones,Electronics,Pending,11,1800,5
100768,04/06/2025,CUST00768,Port Said,Monitor,Electronics,Cancelled,12,9292,10
100769,17/01/2025,CUST00769,Cairo,Printer,Office Equipment,Pending,1,6936,15
100770,02/08/2025,CUST00770,Giza,Notebook Pack,Stationery,Cancelled,2,247.2,20
100771,15/03/2025,CUST00771,Alexandria,Laptop,Electronics,Pending,3,29640,0
100772,28/10/2025,CUST00772,Mansoura,Smartphone,Electronics,Cancelled,4,15225,5
100773,13/05/2025,CUST00773,Tanta,Wireless Mouse,Accessories,Pending,5,477,10
100774,26/12/2025,CUST00774,Aswan,Keyboard,Accessories,Cancelled,6,909.5,15
100775,11/07/2025,CUST00775,Luxor,Office Chair,Furniture,Pending,7,5616,20
100776,24/02/2025,CUST00776,Port Said,Desk,Furniture,Cancelled,8,8066,0
100777,09/09/2025,CUST00777,,Headphones,Electronics,Pending,9,1980,5
100778,22/04/2025,CUST00778,Giza,Monitor,Electronics,Cancelled,10,8280,10
100779,07/11/2025,CUST00779,Alexandria,Printer,Office Equipment,Pending,11,6188,15
100780,20/06/2025,CUST00780,Mansoura,Notebook Pack,Stationery,Cancelled,12,220.8,20
100781,05/01/2025,CUST00781,Tanta,Laptop,Electronics,Pending,1,26505,0
100782,18/08/2025,CUST00782,Aswan,Smartphone,Electronics,Cancelled,2,13630,5
100783,03/03/2025,CUST00783,Luxor,Wireless Mouse,Accessories,Pending,3,427.5,10
100784,16/10/2025,CUST00784,Port Said,Keyboard,Accessories,Cancelled,4,816,15
100785,01/05/2025,CUST00785,Cairo,Office Chair,Furniture,Pending,5,5044,20
100786,14/12/2025,CUST00786,Giza,Desk,Furniture,Cancelled,6,7252,0
100787,27/07/2025,CUST00787,Alexandria,Headphones,Electronics,Pending,7,1782,5
100788,12/02/2025,CUST00788,Mansoura,Monitor,Electronics,Cancelled,8,9200,10
100789,25/09/2025,CUST00789,Tanta,Printer,Office Equipment,Pending,9,6868,15
100790,10/04/2025,CUST00790,Aswan,Notebook Pack,Stationery,Cancelled,10,244.8,20
100791,23/11/2025,CUST00791,Luxor,Laptop,Electronics,Pending,11,29355,0
100792,08/06/2025,CUST00792, Port Said ,Smartphone,Electronics,Cancelled,12,15080,5
100793,21/01/2025,CUST00793,Cairo,Wireless Mouse,Accessories,Pending,1,472.5,10
100794,06/08/2025,CUST00794,Giza,Keyboard,Accessories,Cancelled,2,901,15
100795,19/03/2025,CUST00795,Alexandria,Office Chair,Furniture,Pending,3,5564,20
100796,04/10/2025,CUST00796,Mansoura,Desk,Furniture,Cancelled,4,7992,0
100797,17/05/2025,CUST00797,Tanta,Headphones,Electronics,Pending,5,1962,5
100798,02/12/2025,CUST00798,Aswan,Monitor,Electronics,Cancelled,6,10120,10
100799,15/07/2025,CUST00799,Luxor,Printer,Office Equipment,Pending,7,6120,15
100800,28/02/2025,CUST00800,Port Said,Notebook Pack,Stationery,Cancelled,8,218.4,20
100801,13/09/2025,CUST00801,Cairo,Laptop,Electronics,Pending,9,26220,0
100802,26/04/2025,CUST00802,Giza,Smartphone,Electronics,Cancelled,10,13485,5
100803,11/11/2025,CUST00803,Alexandria,Wireless Mouse,Accessories,Pending,11,423,10
100804,24/06/2025,CUST00804,Mansoura,Keyboard,Accessories,Cancelled,12,807.5,15
100805,09/01/2025,CUST00805,Tanta,Office Chair,Furniture,Pending,1,4992,20
100806,22/08/2025,CUST00806,Aswan,Desk,Furniture,Cancelled,2,7178,0
100807,07/03/2025,CUST00807,Luxor,Headphones,Electronics,Pending,3,1764,5
100808,20/10/2025,CUST00808,Port Said,Monitor,Electronics,Cancelled,4,9108,10
100809,05/05/2025,CUST00809,Cairo,Printer,Office Equipment,Pending,5,6800,15
100810,18/12/2025,CUST00810,Giza,Notebook Pack,Stationery,Cancelled,6,242.4,20
100811,03/07/2025,CUST00811,Alexandria,Laptop,Electronics,Pending,7,29070,0
100812,16/02/2025,CUST00812,Mansoura,Smartphone,Electronics,Cancelled,8,14935,5
100813,01/09/2025,CUST00813,Tanta,Wireless Mouse,Accessories,Pending,9,468,10
100814,14/04/2025,CUST00814,Aswan,Keyboard,Accessories,Cancelled,10,892.5,15
100815,27/11/2025,CUST00815,Luxor,Office Chair,Furniture,Pending,11,5512,20
100816,12/06/2025,CUST00816,Port Said,Desk,Furniture,Cancelled,12,7918,0
100817,25/01/2025,CUST00817,Cairo,Headphones,Electronics,Pending,1,1944,5
100818,10/08/2025,CUST00818,Giza,Monitor,Electronics,Cancelled,2,10028,10
100819,23/03/2025,CUST00819,Alexandria,Printer,Office Equipment,Pending,3,7480,15
100820,08/10/2025,CUST00820,Mansoura,Notebook Pack,Stationery,Cancelled,4,216,20
100821,21/05/2025,CUST00821,Tanta,Laptop,Electronics,Pending,5,25935,0
100822,06/12/2025,CUST00822,Aswan,Smartphone,Electronics,Cancelled,6,13340,5
100823,19/07/2025,CUST00823,Luxor,Wireless Mouse,Accessories,Pending,7,418.5,10
100824,04/02/2025,CUST00824,Port Said,Keyboard,Accessories,Cancelled,8,799,15
100825,17/09/2025,CUST00825,Cairo,Office Chair,Furniture,Pending,9,4940,20
100826,02/04/2025,CUST00826,Giza,Desk,Furniture,Cancelled,10,7104,0
100827,15/11/2025,CUST00827,Alexandria,Headphones,Electronics,Pending,11,1746,5
100828,28/06/2025,CUST00828,Mansoura,Monitor,Electronics,Cancelled,12,9016,10
100829,13/01/2025,CUST00829,Tanta,Printer,Office Equipment,Pending,1,6732,15
100830,26/08/2025,CUST00830,Aswan,Notebook Pack,Stationery,Cancelled,2,240,20
100831,11/03/2025,CUST00831,Luxor,Laptop,Electronics,Pending,3,28785,0
100832,24/10/2025,CUST00832,Port Said,Smartphone,Electronics,Cancelled,4,14790,5
100833,09/05/2025,CUST00833,Cairo,Wireless Mouse,Accessories,Pending,5,463.5,10
100834,22/12/2025,CUST00834,Giza,Keyboard,Accessories,Cancelled,6,884,15
100835,07/07/2025,CUST00835,Alexandria,Office Chair,Furniture,Pending,7,5460,20
100836,20/02/2025,CUST00836,Mansoura,Desk,Furniture,Cancelled,8,7844,0
100837,05/09/2025,CUST00837,Tanta,Headphones,Electronics,Pending,9,1926,5
100838,18/04/2025,CUST00838,Aswan,Monitor,Electronics,Cancelled,10,9936,10
100839,03/11/2025,CUST00839,Luxor,Printer,Office Equipment,Pending,11,7412,15
100840,16/06/2025,CUST00840,Port Said,Notebook Pack,Stationery,Cancelled,12,264,20
100841,01/01/2025,CUST00841,Cairo,Laptop,Electronics,Pending,1,25650,0
100842,14/08/2025,CUST00842,Giza,Smartphone,Electronics,Cancelled,2,13195,5
100843,27/03/2025,CUST00843,Alexandria,Wireless Mouse,Accessories,Pending,3,414,10
100844,12/10/2025,CUST00844,Mansoura,Keyboard,Accessories,Cancelled,4,790.5,15
100845,25/05/2025,CUST00845,Tanta,Office Chair,Furniture,Pending,5,4888,20
100846,10/12/2025,CUST00846,Aswan,Desk,Furniture,Cancelled,6,7030,0
100847,23/07/2025,CUST00847,Luxor,Headphones,Electronics,Pending,7,1728,5
100848,08/02/2025,CUST00848,Port Said,Monitor,Electronics,Cancelled,8,8924,10
100849,21/09/2025,CUST00849,Cairo,Printer,Office Equipment,Pending,9,6664,15
100850,06/04/2025,CUST00850,Giza,Notebook Pack,Stationery,Cancelled,10,237.6,20
100851,19/11/2025,CUST00851,Alexandria,Laptop,Electronics,Pending,11,28500,0
100852,04/06/2025,CUST00852,Mansoura,Smartphone,Electronics,Cancelled,12,14645,5
100853,17/01/2025,CUST00853,Tanta,Wireless Mouse,Accessories,Pending,1,459,10
100854,02/08/2025,CUST00854,Aswan,Keyboard,Accessories,Cancelled,2,875.5,15
100855,15/03/2025,CUST00855,Luxor,Office Chair,Furniture,Pending,3,5408,20
100856,28/10/2025,CUST00856,Port Said,Desk,Furniture,Cancelled,4,7770,0
100857,13/05/2025,CUST00857,Cairo,Headphones,Electronics,Pending,5,1908,5
100858,26/12/2025,CUST00858,Giza,Monitor,Electronics,Cancelled,6,9844,10
100859,11/07/2025,CUST00859,Alexandria,Printer,Office Equipment,Pending,7,7344,15
100860,24/02/2025,CUST00860,Mansoura,Notebook Pack,Stationery,Cancelled,8,261.6,20
100861,09/09/2025,CUST00861,Tanta,Laptop,Electronics,Pending,9,31350,0
100862,22/04/2025,CUST00862,Aswan,Smartphone,Electronics,Cancelled,10,13050,5
100863,07/11/2025,CUST00863,Luxor,Wireless Mouse,Accessories,Pending,11,409.5,10
100864,20/06/2025,CUST00864,Port Said,Keyboard,Accessories,Cancelled,12,782,15
100865,05/01/2025,CUST00865,Cairo,Office Chair,Furniture,Pending,1,4836,20
100866,18/08/2025,CUST00866,Giza,Desk,Furniture, cancelled ,2,6956,0
100867,03/03/2025,CUST00867,Alexandria,Headphones,Electronics,Pending,3,1710,5
100868,16/10/2025,CUST00868,Mansoura,Monitor,Electronics,Cancelled,4,8832,10
100869,01/05/2025,CUST00869,Tanta,Printer,Office Equipment,Pending,5,6596,15
100870,14/12/2025,CUST00870,Aswan,Notebook Pack,Stationery,Cancelled,6,235.2,20
100871,27/07/2025,CUST00871,Luxor,Laptop,Electronics,Pending,7,28215,0
100872,12/02/2025,CUST00872,Port Said,Smartphone,Electronics,Cancelled,8,14500,5
100873,25/09/2025,CUST00873,Cairo,Wireless Mouse,Accessories,Pending,9,454.5,10
100874,10/04/2025,CUST00874,,Keyboard,Accessories,Cancelled,10,867,15
100875,23/11/2025,CUST00875,Alexandria,Office Chair,Furniture,Pending,11,5356,20
100876,08/06/2025,CUST00876,Mansoura,Desk,Furniture,Cancelled,12,7696,0
100877,21/01/2025,CUST00877,Tanta,Headphones,Electronics,Pending,1,1890,5
100878,06/08/2025,CUST00878,Aswan,Monitor,Electronics,Cancelled,2,9752,10
100879,19/03/2025,CUST00879,Luxor,Printer,Office Equipment,Pending,3,7276,15
100880,04/10/2025,CUST00880,Port Said,Notebook Pack,Stationery,Cancelled,4,259.2,20
100881,17/05/2025,CUST00881,Cairo,Laptop,Electronics,Pending,5,31065,0
100882,02/12/2025,CUST00882,Giza,Smartphone,Electronics,Cancelled,6,15950,5
100883,15/07/2025,CUST00883,Alexandria,Wireless Mouse,Accessories,Pending,7,405,10
100884,28/02/2025,CUST00884,Mansoura,Keyboard,Accessories,Cancelled,8,773.5,15
100885,13/09/2025,CUST00885,Tanta,Office Chair,Furniture,Pending,9,4784,20
100886,26/04/2025,CUST00886,Aswan,Desk,Furniture,Cancelled,10,6882,0
100887,11/11/2025,CUST00887,Luxor,Headphones,Electronics,Pending,11,1692,5
100888,24/06/2025,CUST00888,Port Said,Monitor,Electronics,Cancelled,12,8740,10
100889,09/01/2025,CUST00889,Cairo,Printer,Office Equipment,Pending,1,6528,15
100890,22/08/2025,CUST00890,Giza, notebook pack ,Stationery,Cancelled,2,232.8,20
100891,07/03/2025,CUST00891,Alexandria,Laptop,Electronics,Pending,3,27930,0
100892,20/10/2025,CUST00892,Mansoura,Smartphone,Electronics,Cancelled,4,14355,5
100893,05/05/2025,CUST00893,Tanta,Wireless Mouse,Accessories,Pending,5,450,10
100894,18/12/2025,CUST00894,Aswan,Keyboard,Accessories,Cancelled,6,858.5,15
100895,03/07/2025,CUST00895,Luxor,Office Chair,furniture,Pending,7,5304,20
100896,16/02/2025,CUST00896,Port Said,Desk,Furniture,Cancelled,8,7622,0
100897,01/09/2025,CUST00897,Cairo,Headphones,Electronics,Pending,9,1872,5
100898,14/04/2025,CUST00898,Giza,Monitor,Electronics,Cancelled,10,9660,10
100899,27/11/2025,CUST00899,Alexandria,Printer,Office Equipment,Pending,11,7208,15
100900,12/06/2025,CUST00900,Mansoura,Notebook Pack,Stationery,Cancelled,12,256.8,20
100901,25/01/2025,CUST00901,Tanta,Laptop,Electronics,Pending,1,30780,0
100902,10/08/2025,CUST00902,Aswan,Smartphone,Electronics,Cancelled,2,15805,5
100903,23/03/2025,CUST00903,Luxor,Wireless Mouse,Accessories,Pending,3,495,10
100904,08/10/2025,CUST00904,Port Said,Keyboard,Accessories,Cancelled,4,765,15
100905,21/05/2025,CUST00905, Cairo ,Office Chair,Furniture,Pending,5,4732,20
100906,06/12/2026,CUST00906,Giza,Desk,Furniture,Cancelled,6,6808,
100907,19/07/2026,CUST00907,Alexandria,Headphones,Electronics,Pending,7,1674,5
100908,04/02/2026,CUST00908,Mansoura,Monitor,Electronics,Cancelled,8,8648,10
100909,17/09/2026,CUST00909,Tanta,Printer,Office Equipment,Pending,9,6460,15
100910,02/04/2026,CUST00910,Aswan,Notebook Pack,Stationery,Cancelled,10,230.4,20
100911,15/11/2026,CUST00911,Luxor,Laptop,Electronics,Pending,11,27645,0
100912,28/06/2026,CUST00912,Port Said,Smartphone,Electronics,Cancelled,12,14210,5
100913,13/01/2026,CUST00913,Cairo,Wireless Mouse,Accessories,Pending,1,445.5,10
100914,26/08/2026,CUST00914,Giza,Keyboard,Accessories,Cancelled,2,850,15
100915,11/03/2026,CUST00915,Alexandria,Office Chair,Furniture,Pending,3,5252,20
100916,24/10/2026,CUST00916,Mansoura,Desk,Furniture,Cancelled,4,7548,0
100917,09/05/2026,CUST00917,Tanta,Headphones,Electronics,Pending,5,1854,5
100918,22/12/2026,CUST00918,Aswan,Monitor,Electronics,Cancelled,6,9568,10
100919,07/07/2026,CUST00919,Luxor,Printer,Office Equipment,Pending,7,7140,15
100920,20/02/2026,CUST00920,Port Said,Notebook Pack,Stationery,Cancelled,8,254.4,20
100921,05/09/2026,CUST00921,Cairo,Laptop,Electronics,Pending,9,30495,0
100922,18/04/2026,CUST00922,Giza,Smartphone,Electronics,Cancelled,10,15660,5
100923,03/11/2026,CUST00923,Alexandria,Wireless Mouse,Accessories,Pending,11,490.5,10
100924,16/06/2026,CUST00924,Mansoura,Keyboard,Accessories,Cancelled,12,935,15
100925,01/01/2026,CUST00925,Tanta,Office Chair,Furniture,Pending,1,4680,20
100926,14/08/2026,CUST00926,Aswan,Desk,Furniture,Cancelled,2,6734,0
100927,27/03/2026,CUST00927,Luxor,Headphones,Electronics,Pending,3,1656,5
100928,12/10/2026,CUST00928,Port Said,Monitor,Electronics,Cancelled,4,8556,10
100929,25/05/2026,CUST00929,Cairo,Printer,Office Equipment,Pending,5,6392,15
100930,10/12/2026,CUST00930,Giza,Notebook Pack,Stationery,Cancelled,6,228,20
100931,23/07/2026,CUST00931,Alexandria,Laptop,Electronics,Pending,7,27360,0
100932,08/02/2026,CUST00932,Mansoura,Smartphone,Electronics,Cancelled,8,14065,5
100933,21/09/2026,CUST00933,Tanta,Wireless Mouse,Accessories,Pending,9,441,10
100934,06/04/2026,CUST00934,Aswan,Keyboard,Accessories,Cancelled,10,841.5,15
100935,19/11/2026,CUST00935,Luxor,Office Chair,Furniture,Pending,11,5200,20
100936,04/06/2026,CUST00936,Port Said,Desk,Furniture,Cancelled,12,7474,0
100937,17/01/2026,CUST00937,Cairo,Headphones,Electronics,Pending,1,1836,5
100938,02/08/2026,CUST00938,Giza,Monitor,Electronics,Cancelled,2,9476,10
100939,15/03/2026,CUST00939,Alexandria,Printer,Office Equipment,Pending,3,7072,15
100940,28/10/2026,CUST00940,Mansoura,Notebook Pack,Stationery,Cancelled,4,252,20
100941,13/05/2026,CUST00941,Tanta,Laptop,Electronics,Pending,5,30210,0
100942,26/12/2026,CUST00942,Aswan,Smartphone,Electronics,Cancelled,6,15515,5
100943,11/07/2026,CUST00943,Luxor,Wireless Mouse,Accessories,Pending,7,486,10
100944,24/02/2026,CUST00944,Port Said,Keyboard,Accessories,Cancelled,8,926.5,15
100945,09/09/2026,CUST00945,Cairo,Office Chair,Furniture,Pending,9,5720,20
100946,22/04/2026,CUST00946,Giza,Desk,Furniture,Cancelled,10,6660,0
100947,07/11/2026,CUST00947,Alexandria,Headphones,Electronics,Pending,11,1638,5
100948,20/06/2026,CUST00948,Mansoura,Monitor,Electronics,Cancelled,12,8464,10
100949,05/01/2026,CUST00949,Tanta,Printer,Office Equipment,Pending,1,6324,15
100950,18/08/2026,CUST00950,Aswan,Notebook Pack,Stationery,Cancelled,2,225.6,20
100951,03/03/2026,CUST00951,Luxor,Laptop,Electronics,Pending,3,27075,0
100952,16/10/2026,CUST00952,Port Said,Smartphone,Electronics,Cancelled,4,13920,5
100953,01/05/2026,CUST00953,Cairo,Wireless Mouse,Accessories,Pending,5,436.5,10
100954,14/12/2026,CUST00954,Giza,Keyboard,Accessories,Cancelled,6,833,15
100955,27/07/2026,CUST00955,Alexandria,Office Chair,Furniture,Pending,7,5148,20
100956,12/02/2026,CUST00956,Mansoura,Desk,Furniture,Cancelled,8,7400,0
100957,25/09/2026,CUST00957,Tanta,Headphones,Electronics,Pending,9,1818,5
100958,10/04/2026,CUST00958,Aswan,Monitor,Electronics,Cancelled,10,9384,10
100959,23/11/2026,CUST00959,Luxor,Printer,Office Equipment,Pending,11,7004,15
100960,08/06/2026,CUST00960,Port Said,Notebook Pack,Stationery,Cancelled,12,249.6,20
100961,21/01/2026,CUST00961,Cairo,Laptop,Electronics,Pending,1,29925,0
100962,06/08/2026,CUST00962,Giza,Smartphone,Electronics,Cancelled,2,15370,5
100963,19/03/2026,CUST00963,Alexandria,Wireless Mouse,Accessories,Pending,3,481.5,10
100964,04/10/2026,CUST00964,Mansoura,Keyboard,Accessories,Cancelled,4,918,15
100965,17/05/2026,CUST00965,Tanta,Office Chair,Furniture,Pending,5,5668,20
100966,02/12/2026,CUST00966,Aswan,Desk,Furniture,Cancelled,6,8140,0
100967,15/07/2026,CUST00967,Luxor,Headphones,Electronics,Pending,7,1620,5
100968,28/02/2026,CUST00968,Port Said,Monitor,Electronics,Cancelled,8,8372,10
100969,13/09/2026,CUST00969,Cairo,Printer,Office Equipment,Pending,9,6256,15
100970,26/04/2026,CUST00970,Giza,Notebook Pack,Stationery,Cancelled,10,223.2,20
100971,11/11/2026,CUST00971,,Laptop,Electronics,Pending,11,26790,0
100972,24/06/2026,CUST00972,Mansoura,Smartphone,Electronics,Cancelled,12,13775,5
100973,09/01/2026,CUST00973,Tanta,Wireless Mouse,Accessories,Pending,1,432,10
100974,22/08/2026,CUST00974,Aswan,Keyboard,Accessories,Cancelled,2,824.5,15
100975,07/03/2026,CUST00975,Luxor,Office Chair,Furniture,Pending,3,5096,20
100976,20/10/2026,CUST00976,Port Said,Desk,Furniture,Cancelled,4,7326,0
100977,05/05/2026,CUST00977,Cairo,Headphones,Electronics,Pending,5,1800,5
100978,18/12/2026,CUST00978,Giza,Monitor,Electronics,Cancelled,6,9292,10
100979,03/07/2026,CUST00979,Alexandria,Printer,Office Equipment,Pending,7,6936,15
100980,16/02/2026,CUST00980,Mansoura,Notebook Pack,Stationery,Cancelled,8,247.2,20
100981,01/09/2026,CUST00981,Tanta,Laptop,Electronics,Pending,9,29640,0
100982,14/04/2026,CUST00982,Aswan,Smartphone,Electronics,Cancelled,10,15225,5
100983,27/11/2026,CUST00983,Luxor,Wireless Mouse,Accessories,Pending,11,477,10
100984,12/06/2026,CUST00984,Port Said,Keyboard,Accessories,Cancelled,12,909.5,15
100985,25/01/2026,CUST00985,Cairo,Office Chair,Furniture,Pending,1,5616,20
100986,10/08/2026,CUST00986,Giza,Desk,Furniture,Cancelled,2,8066,0
100987,23/03/2026,CUST00987,Alexandria,Headphones,Electronics,Pending,3,1980,5
100988,08/10/2026,CUST00988,Mansoura,Monitor,Electronics,Cancelled,4,8280,10
100989,21/05/2026,CUST00989,Tanta,Printer,Office Equipment,Pending,5,6188,15
100990,06/12/2026,CUST00990,Aswan,Notebook Pack,Stationery,Cancelled,6,220.8,20
100991,19/07/2026,CUST00991,Luxor,Laptop,Electronics,Pending,7,26505,0
100992,04/02/2026,CUST00992,Port Said,Smartphone,Electronics,Cancelled,8,13630,5
100993,17/09/2026,CUST00993,Cairo,Wireless Mouse,Accessories,Pending,9,427.5,10
100994,02/04/2026,CUST00994,Giza,Keyboard,Accessories,Cancelled,10,816,15
100995,15/11/2026,CUST00995,Alexandria,Office Chair,Furniture,Pending,11,5044,20
100996,28/06/2026,CUST00996,Mansoura,Desk,Furniture,Cancelled,12,7252,0
100997,13/01/2026,CUST00997,Tanta,Headphones,Electronics,Pending,1,1782,5
100998,26/08/2026,CUST00998,Aswan,Monitor,Electronics,Cancelled,2,9200,10
100999,11/03/2026,CUST00999,Luxor,Printer,Office Equipment,Pending,3,6868,15
101000,24/10/2026,CUST01000,Port Said,Notebook Pack,Stationery,Cancelled,4,244.8,20
101001,09/05/2026,CUST01001,Cairo,Laptop,Electronics,Completed,5,29355,0
101002,22/12/2026,CUST01002,Giza,Smartphone,Electronics,Completed,6,15080,5
101003,07/07/2026,CUST01003,Alexandria,Wireless Mouse,Accessories,Completed,7,472.5,10
101004,20/02/2026,CUST01004,Mansoura,Keyboard,Accessories,Completed,8,901,15
101005,05/09/2026,CUST01005,Tanta,Office Chair,Furniture,Completed,9,5564,20
101006,18/04/2026,CUST01006,Aswan,Desk,Furniture,Completed,10,7992,0
101007,03/11/2026,CUST01007,Luxor,Headphones,Electronics,Completed,11,1962,5
101008,16/06/2026,CUST01008,Port Said,Monitor,Electronics,Completed,12,10120,10
101009,01/01/2026,CUST01009,Cairo,Printer,Office Equipment,Completed,1,6120,15
101010,14/08/2026,CUST01010,Giza,Notebook Pack,Stationery,Completed,2,218.4,20
101011,27/03/2026,CUST01011,Alexandria,Laptop,Electronics,Completed,3,26220,0
101012,12/10/2026,CUST01012,Mansoura,Smartphone,Electronics,Completed,4,13485,5
101013,25/05/2026,CUST01013,Tanta,Wireless Mouse,Accessories,Completed,5,423,10
101014,10/12/2026,CUST01014,Aswan,Keyboard,Accessories,Completed,6,807.5,15
101015,23/07/2026,CUST01015,Luxor,Office Chair,Furniture,Completed,7,4992,20
101016,08/02/2026,CUST01016,Port Said,Desk,Furniture,Completed,8,7178,0
101017,21/09/2026,CUST01017,Cairo, headphones ,Electronics,Completed,9,1764,5
101018,06/04/2026,CUST01018, Giza ,Monitor,Electronics,Completed,10,9108,10
101019,19/11/2026,CUST01019,Alexandria,Printer,Office Equipment,Completed,11,6800,15
101020,04/06/2026,CUST01020,Mansoura,Notebook Pack,Stationery,Completed,12,242.4,20
101021,17/01/2026,CUST01021,Tanta,Laptop,Electronics,Completed,1,29070,0
101022,02/08/2026,CUST01022,Aswan,Smartphone,Electronics,Completed,2,14935,5
101023,15/03/2026,CUST01023,Luxor,Wireless Mouse,Accessories,Completed,3,468,10
101024,28/10/2026,CUST01024,Port Said,Keyboard,Accessories,Completed,4,892.5,15
101025,13/05/2026,CUST01025,Cairo,Office Chair,Furniture,Completed,5,5512,20
101026,26/12/2026,CUST01026,Giza,Desk,Furniture,Completed,6,7918,0
101027,11/07/2026,CUST01027,Alexandria,Headphones,Electronics,Completed,7,1944,5
101028,24/02/2026,CUST01028,Mansoura,Monitor,Electronics,Completed,8,10028,10
101029,09/09/2026,CUST01029,Tanta,Printer,Office Equipment,Completed,9,7480,15
101030,22/04/2026,CUST01030,Aswan,Notebook Pack,Stationery,Completed,10,216,20
101031,07/11/2026,CUST01031,Luxor,Laptop,Electronics,Completed,11,25935,0
101032,20/06/2026,CUST01032,Port Said,Smartphone,Electronics,Completed,12,13340,5
101033,05/01/2026,CUST01033,Cairo,Wireless Mouse,Accessories,Completed,1,418.5,10
101034,18/08/2026,CUST01034,Giza,Keyboard,Accessories,Completed,2,799,15
101035,03/03/2026,CUST01035,Alexandria,Office Chair,Furniture,Completed,3,4940,20
101036,16/10/2026,CUST01036,Mansoura,Desk,Furniture,Completed,4,7104,0
101037,01/05/2026,CUST01037,Tanta,Headphones,Electronics,Completed,5,1746,5
101038,14/12/2026,CUST01038,Aswan,Monitor,Electronics,Completed,6,9016,10
101039,27/07/2026,CUST01039,Luxor,Printer,Office Equipment, completed ,7,6732,15
101040,12/02/2026,CUST01040,Port Said,Notebook Pack,Stationery,Completed,8,240,20
101041,25/09/2026,CUST01041,Cairo,Laptop,Electronics,Completed,9,28785,0
101042,10/04/2026,CUST01042,Giza,Smartphone,Electronics,Completed,10,14790,5
101043,23/11/2026,CUST01043,Alexandria,Wireless Mouse,Accessories,Completed,11,463.5,10
101044,08/06/2026,CUST01044,Mansoura,Keyboard,accessories,Completed,12,884,15
101045,21/01/2026,CUST01045,Tanta,Office Chair,Furniture,Completed,1,5460,20
101046,06/08/2026,CUST01046,Aswan,Desk,Furniture,Completed,2,7844,0
101047,19/03/2026,CUST01047,Luxor,Headphones,Electronics,Completed,3,1926,5
101048,04/10/2026,CUST01048,Port Said,Monitor,Electronics,Completed,4,9936,10
101049,17/05/2026,CUST01049,Cairo,Printer,Office Equipment,Completed,5,7412,15
101050,02/12/2026,CUST01050,Giza,Notebook Pack,Stationery,Completed,6,264,20
101051,15/07/2026,CUST01051,Alexandria,Laptop,Electronics,Completed,7,25650,0
101052,28/02/2026,CUST01052,Mansoura,Smartphone,Electronics,Completed,8,13195,5
101053,13/09/2026,CUST01053,Tanta,Wireless Mouse,Accessories,Completed,9,414,10
101054,26/04/2026,CUST01054,Aswan,Keyboard,Accessories,Completed,10,790.5,15
101055,11/11/2026,CUST01055,Luxor,Office Chair,Furniture,Completed,11,4888,20
101056,24/06/2026,CUST01056,Port Said,Desk,Furniture,Completed,12,7030,0
101057,09/01/2026,CUST01057,Cairo,Headphones,Electronics,Completed,1,1728,5
101058,22/08/2026,CUST01058,Giza,Monitor,Electronics,Completed,2,8924,10
101059,07/03/2026,CUST01059,Alexandria,Printer,Office Equipment,Completed,3,6664,15
101060,20/10/2026,CUST01060,Mansoura,Notebook Pack,Stationery,Completed,4,237.6,20
101061,05/05/2026,CUST01061,Tanta,Laptop,Electronics,Completed,5,28500,0
101062,18/12/2026,CUST01062,Aswan,Smartphone,Electronics,Completed,6,14645,5
101063,03/07/2026,CUST01063,Luxor,Wireless Mouse,Accessories,Completed,7,459,10
101064,16/02/2026,CUST01064,Port Said,Keyboard,Accessories,Completed,8,875.5,15
101065,01/09/2026,CUST01065,Cairo,Office Chair,Furniture,Completed,9,5408,20
101066,14/04/2026,CUST01066,Giza,Desk,Furniture,Completed,10,7770,0
101067,27/11/2026,CUST01067,Alexandria,Headphones,Electronics,Completed,11,1908,5
101068,12/06/2026,CUST01068,,Monitor,Electronics,Completed,12,9844,10
101069,25/01/2026,CUST01069,Tanta,Printer,Office Equipment,Completed,1,7344,15
101070,10/08/2026,CUST01070,Aswan,Notebook Pack,Stationery,Completed,2,261.6,20
101071,23/03/2026,CUST01071,Luxor,Laptop,Electronics,Completed,3,31350,0
101072,08/10/2026,CUST01072,Port Said,Smartphone,Electronics,Completed,4,13050,5
101073,21/05/2026,CUST01073,Cairo,Wireless Mouse,Accessories,Completed,5,409.5,10
101074,06/12/2026,CUST01074,Giza,Keyboard,Accessories,Completed,6,782,15
101075,19/07/2026,CUST01075,Alexandria,Office Chair,Furniture,Completed,7,4836,20
101076,04/02/2026,CUST01076,Mansoura,Desk,Furniture,Completed,8,6956,0
101077,17/09/2026,CUST01077,Tanta,Headphones,Electronics,Completed,9,1710,5
101078,02/04/2026,CUST01078,Aswan,Monitor,Electronics,Completed,10,8832,10
101079,15/11/2026,CUST01079,Luxor,Printer,Office Equipment,Completed,11,6596,15
101080,28/06/2026,CUST01080,Port Said,Notebook Pack,Stationery,Completed,12,235.2,20
101081,13/01/2025,CUST01081,Cairo,Laptop,Electronics,Completed,1,28215,0
101082,26/08/2025,CUST01082,Giza,Smartphone,Electronics,Completed,2,14500,5
101083,11/03/2025,CUST01083,Alexandria,Wireless Mouse,Accessories,Completed,3,454.5,10
101084,24/10/2025,CUST01084,Mansoura,Keyboard,Accessories,Completed,4,867,15
101085,09/05/2025,CUST01085,Tanta,Office Chair,Furniture,Completed,5,5356,20
101086,22/12/2025,CUST01086,Aswan,Desk,Furniture,Completed,6,7696,0
101087,07/07/2025,CUST01087,Luxor,Headphones,Electronics,Completed,7,1890,
101088,20/02/2025,CUST01088,Port Said,Monitor,Electronics,Completed,8,9752,10
101089,05/09/2025,CUST01089,Cairo,Printer,Office Equipment,Completed,9,7276,15
101090,18/04/2025,CUST01090,Giza,Notebook Pack,Stationery,Completed,10,259.2,20
101091,03/11/2025,CUST01091,Alexandria,Laptop,Electronics,Completed,11,31065,0
101092,16/06/2025,CUST01092,Mansoura,Smartphone,Electronics,Completed,12,15950,5
101093,01/01/2025,CUST01093,Tanta,Wireless Mouse,Accessories,Completed,1,405,10
101094,14/08/2025,CUST01094,Aswan,Keyboard,Accessories,Completed,2,773.5,15
101095,27/03/2025,CUST01095,Luxor,Office Chair,Furniture,Completed,3,4784,20
101096,12/10/2025,CUST01096,Port Said,Desk,Furniture,Completed,4,6882,0
101097,25/05/2025,CUST01097,Cairo,Headphones,Electronics,Completed,5,1692,5
101098,10/12/2025,CUST01098,Giza,Monitor,Electronics,Completed,6,8740,10
101099,23/07/2025,CUST01099,Alexandria,Printer,Office Equipment,Completed,7,6528,15
101100,08/02/2025,CUST01100,Mansoura,Notebook Pack,Stationery,Completed,8,232.8,20
101101,21/09/2025,CUST01101,Tanta,Laptop,Electronics,Completed,9,27930,0
101102,06/04/2025,CUST01102,Aswan,Smartphone,Electronics,Completed,10,14355,5
101103,19/11/2025,CUST01103,Luxor,Wireless Mouse,Accessories,Completed,11,450,10
101104,04/06/2025,CUST01104,Port Said,Keyboard,Accessories,Completed,12,858.5,15
101105,17/01/2025,CUST01105,Cairo,Office Chair,Furniture,Completed,1,5304,20
101106,02/08/2025,CUST01106,Giza,Desk,Furniture,Completed,2,7622,0
101107,15/03/2025,CUST01107,Alexandria,Headphones,Electronics,Completed,3,1872,5
101108,28/10/2025,CUST01108,Mansoura,Monitor,Electronics,Completed,4,9660,10
101109,13/05/2025,CUST01109,Tanta,Printer,Office Equipment,Completed,5,7208,15
101110,26/12/2025,CUST01110,Aswan,Notebook Pack,Stationery,Completed,6,256.8,20
101111,11/07/2025,CUST01111,Luxor,Laptop,Electronics,Completed,7,30780,0
101112,24/02/2025,CUST01112,Port Said,Smartphone,Electronics,Completed,8,15805,5
101113,09/09/2025,CUST01113,Cairo,Wireless Mouse,Accessories,Completed,9,495,10
101114,22/04/2025,CUST01114,Giza,Keyboard,Accessories,Completed,10,765,15
101115,07/11/2025,CUST01115,Alexandria,Office Chair,Furniture,Completed,11,4732,20
101116,20/06/2025,CUST01116,Mansoura,Desk,Furniture,Completed,12,6808,0
101117,05/01/2025,CUST01117,Tanta,Headphones,Electronics,Completed,1,1674,5
101118,18/08/2025,CUST01118,Aswan,Monitor,Electronics,Completed,2,8648,10
101119,03/03/2025,CUST01119,Luxor,Printer,Office Equipment,Completed,3,6460,15
101120,16/10/2025,CUST01120,Port Said,Notebook Pack,Stationery,Completed,4,230.4,20
101121,01/05/2025,CUST01121,Cairo,Laptop,Electronics,Completed,5,27645,0
101122,14/12/2025,CUST01122,Giza,Smartphone,Electronics,Completed,6,14210,5
101123,27/07/2025,CUST01123,Alexandria,Wireless Mouse,Accessories,Completed,7,445.5,10
101124,12/02/2025,CUST01124,Mansoura,Keyboard,Accessories,Completed,8,850,15
101125,25/09/2025,CUST01125,Tanta,Office Chair,Furniture,Completed,9,5252,20
101126,10/04/2025,CUST01126,Aswan,Desk,Furniture,Completed,10,7548,0
101127,23/11/2025,CUST01127,Luxor,Headphones,Electronics,Completed,11,1854,5
101128,08/06/2025,CUST01128,Port Said,Monitor,Electronics,Completed,12,9568,10
101129,21/01/2025,CUST01129,Cairo,Printer,Office Equipment,Completed,1,7140,15
101130,06/08/2025,CUST01130,Giza,Notebook Pack,Stationery,Completed,2,254.4,20
101131,19/03/2025,CUST01131, Alexandria ,Laptop,Electronics,Completed,3,30495,0
101132,04/10/2025,CUST01132,Mansoura,Smartphone,Electronics,Completed,4,15660,5
101133,17/05/2025,CUST01133,Tanta,Wireless Mouse,Accessories,Completed,5,490.5,10
101134,02/12/2025,CUST01134,Aswan,Keyboard,Accessories,Completed,6,935,15
101135,15/07/2025,CUST01135,Luxor,Office Chair,Furniture,Completed,7,4680,20
101136,28/02/2025,CUST01136,Port Said,Desk,Furniture,Completed,8,6734,0
101137,13/09/2025,CUST01137,Cairo,Headphones,Electronics,Completed,9,1656,5
101138,26/04/2025,CUST01138,Giza,Monitor,Electronics,Completed,10,8556,10
101139,11/11/2025,CUST01139,Alexandria,Printer,Office Equipment,Completed,11,6392,15
101140,24/06/2025,CUST01140,Mansoura,Notebook Pack,Stationery,Completed,12,228,20
101141,09/01/2025,CUST01141,Tanta,Laptop,Electronics,Completed,1,27360,0
101142,22/08/2025,CUST01142,Aswan,Smartphone,Electronics,Completed,2,14065,5
101143,07/03/2025,CUST01143,Luxor,Wireless Mouse,Accessories,Completed,3,441,10
101144,20/10/2025,CUST01144,Port Said, keyboard ,Accessories,Completed,4,841.5,15
101145,05/05/2025,CUST01145,Cairo,Office Chair,Furniture,Completed,5,5200,20
101146,18/12/2025,CUST01146,Giza,Desk,Furniture,Completed,6,7474,0
101147,03/07/2025,CUST01147,Alexandria,Headphones,Electronics,Completed,7,1836,5
101148,16/02/2025,CUST01148,Mansoura,Monitor,Electronics,Completed,8,9476,10
101149,01/09/2025,CUST01149,Tanta,Printer,Office Equipment,Completed,9,7072,15
101150,14/04/2025,CUST01150,Aswan,Notebook Pack,Stationery,Completed,10,252,20
101151,27/11/2025,CUST01151,Luxor,Laptop,Electronics,Completed,11,30210,0
101152,12/06/2025,CUST01152,Port Said,Smartphone,Electronics,Completed,12,15515,5
101153,25/01/2025,CUST01153,Cairo,Wireless Mouse,Accessories,Completed,1,486,10
101154,10/08/2025,CUST01154,Giza,Keyboard,Accessories,Completed,2,926.5,15
101155,23/03/2025,CUST01155,Alexandria,Office Chair,Furniture,Completed,3,5720,20
101156,08/10/2025,CUST01156,Mansoura,Desk,Furniture,Completed,4,6660,0
101157,21/05/2025,CUST01157,Tanta,Headphones,Electronics,Completed,5,1638,5
101158,06/12/2025,CUST01158,Aswan,Monitor,Electronics,Completed,6,8464,10
101159,19/07/2025,CUST01159,Luxor,Printer,Office Equipment,Completed,7,6324,15
101160,04/02/2025,CUST01160,Port Said,Notebook Pack,Stationery,Completed,8,225.6,20
101161,17/09/2025,CUST01161,Cairo,Laptop,Electronics,Completed,9,27075,0
101162,02/04/2025,CUST01162,Giza,Smartphone,Electronics,Completed,10,13920,5
101163,15/11/2025,CUST01163,Alexandria,Wireless Mouse,Accessories,Completed,11,436.5,10
101164,28/06/2025,CUST01164,Mansoura,Keyboard,Accessories,Completed,12,833,15
101165,13/01/2025,CUST01165,,Office Chair,Furniture,Completed,1,5148,20
101166,26/08/2025,CUST01166,Aswan,Desk,Furniture,Completed,2,7400,0
101167,11/03/2025,CUST01167,Luxor,Headphones,Electronics,Completed,3,1818,5
101168,24/10/2025,CUST01168,Port Said,Monitor,Electronics,Completed,4,9384,10
101169,09/05/2025,CUST01169,Cairo,Printer,Office Equipment,Completed,5,7004,15
101170,22/12/2025,CUST01170,Giza,Notebook Pack,Stationery,Completed,6,249.6,20
101171,07/07/2025,CUST01171,Alexandria,Laptop,Electronics,Completed,7,29925,0
101172,20/02/2025,CUST01172,Mansoura,Smartphone,Electronics,Completed,8,15370,5
101173,05/09/2025,CUST01173,Tanta,Wireless Mouse,Accessories,Completed,9,481.5,10
101174,18/04/2025,CUST01174,Aswan,Keyboard,Accessories,Completed,10,918,15
101175,03/11/2025,CUST01175,Luxor,Office Chair,Furniture,Completed,11,5668,20
101176,16/06/2025,CUST01176,Port Said,Desk,Furniture,Completed,12,8140,0
101177,01/01/2025,CUST01177,Cairo,Headphones,Electronics,Completed,1,1620,5
101178,14/08/2025,CUST01178,Giza,Monitor,Electronics,Completed,2,8372,10
101179,27/03/2025,CUST01179,Alexandria,Printer,Office Equipment,Completed,3,6256,15
101180,12/10/2025,CUST01180,Mansoura,Notebook Pack,Stationery,Completed,4,223.2,20
101181,25/05/2025,CUST01181,Tanta,Laptop,Electronics,Completed,5,26790,0
101182,10/12/2025,CUST01182,Aswan,Smartphone,Electronics,Completed,6,13775,5
101183,23/07/2025,CUST01183,Luxor,Wireless Mouse,Accessories,Completed,7,432,10
101184,08/02/2025,CUST01184,Port Said,Keyboard,Accessories,Completed,8,824.5,15
101185,21/09/2025,CUST01185,Cairo,Office Chair,Furniture,Completed,9,5096,20
101186,06/04/2025,CUST01186,Giza,Desk,Furniture,Completed,10,7326,0
101187,19/11/2025,CUST01187,Alexandria,Headphones,Electronics,Completed,11,1800,5
101188,04/06/2025,CUST01188,Mansoura,Monitor,Electronics,Completed,12,9292,10
101189,17/01/2025,CUST01189,Tanta,Printer,Office Equipment,Completed,1,6936,15
101190,02/08/2025,CUST01190,Aswan,Notebook Pack,Stationery,Completed,2,247.2,20
101191,15/03/2025,CUST01191,Luxor,Laptop,Electronics,Completed,3,29640,0
101192,28/10/2025,CUST01192,Port Said,Smartphone,Electronics,Completed,4,15225,5
101193,13/05/2025,CUST01193,Cairo,Wireless Mouse,accessories,Completed,5,477,10
101194,26/12/2025,CUST01194,Giza,Keyboard,Accessories,Completed,6,909.5,15
101195,11/07/2025,CUST01195,Alexandria,Office Chair,Furniture,Completed,7,5616,20
101196,24/02/2025,CUST01196,Mansoura,Desk,Furniture,Completed,8,8066,0
101197,09/09/2025,CUST01197,Tanta,Headphones,Electronics,Completed,9,1980,5
101198,22/04/2025,CUST01198,Aswan,Monitor,Electronics,Completed,10,8280,10
101199,07/11/2025,CUST01199,Luxor,Printer,Office Equipment,Completed,11,6188,15
101200,20/06/2025,CUST01200,Port Said,Notebook Pack,Stationery,Completed,12,220.8,20
101201,05/01/2025,CUST01201,Cairo,Laptop,Electronics,Completed,1,26505,0
101202,18/08/2025,CUST01202,Giza,Smartphone,Electronics,Completed,2,13630,5
101203,03/03/2025,CUST01203,Alexandria,Wireless Mouse,Accessories,Completed,3,427.5,10
101204,16/10/2025,CUST01204,Mansoura,Keyboard,Accessories,Completed,4,816,15
101205,01/05/2025,CUST01205,Tanta,Office Chair,Furniture,Completed,5,5044,20
101206,14/12/2025,CUST01206,Aswan,Desk,Furniture,Completed,6,7252,0
101207,27/07/2025,CUST01207,Luxor,Headphones,Electronics,Completed,7,1782,5
101208,12/02/2025,CUST01208,Port Said,Monitor,Electronics,Completed,8,9200,10
101209,25/09/2025,CUST01209,Cairo,Printer,Office Equipment,Completed,9,6868,15
101210,10/04/2025,CUST01210,Giza,Notebook Pack,Stationery,Completed,10,244.8,20
101211,23/11/2025,CUST01211,Alexandria,Laptop,Electronics,Completed,11,29355,0
101212,08/06/2025,CUST01212,Mansoura,Smartphone,Electronics, completed ,12,15080,5
101213,21/01/2025,CUST01213,Tanta,Wireless Mouse,Accessories,Completed,1,472.5,10
101214,06/08/2025,CUST01214,Aswan,Keyboard,Accessories,Completed,2,901,15
101215,19/03/2025,CUST01215,Luxor,Office Chair,Furniture,Completed,3,5564,20
101216,04/10/2025,CUST01216,Port Said,Desk,Furniture,Completed,4,7992,0
101217,17/05/2025,CUST01217,Cairo,Headphones,Electronics,Completed,5,1962,5
101218,02/12/2025,CUST01218,Giza,Monitor,Electronics,Completed,6,10120,10
101219,15/07/2025,CUST01219,Alexandria,Printer,Office Equipment,Completed,7,6120,15
101220,28/02/2025,CUST01220,Mansoura,Notebook Pack,Stationery,Completed,8,218.4,20
101221,13/09/2025,CUST01221,Tanta,Laptop,Electronics,Completed,9,26220,0
101222,26/04/2025,CUST01222,Aswan,Smartphone,Electronics,Completed,10,13485,5
101223,11/11/2025,CUST01223,Luxor,Wireless Mouse,Accessories,Completed,11,423,10
101224,24/06/2025,CUST01224,Port Said,Keyboard,Accessories,Completed,12,807.5,15
101225,09/01/2025,CUST01225,Cairo,Office Chair,Furniture,Completed,1,4992,20
101226,22/08/2025,CUST01226,Giza,Desk,Furniture,Completed,2,7178,0
101227,07/03/2025,CUST01227,Alexandria,Headphones,Electronics,Completed,3,1764,5
101228,20/10/2025,CUST01228,Mansoura,Monitor,Electronics,Completed,4,9108,10
101229,05/05/2025,CUST01229,Tanta,Printer,Office Equipment,Completed,5,6800,15
101230,18/12/2025,CUST01230,Aswan,Notebook Pack,Stationery,Completed,6,242.4,20
101231,03/07/2025,CUST01231,Luxor,Laptop,Electronics,Completed,7,29070,0
101232,16/02/2025,CUST01232,Port Said,Smartphone,Electronics,Completed,8,14935,5
101233,01/09/2025,CUST01233,Cairo,Wireless Mouse,Accessories,Completed,9,468,10
101234,14/04/2025,CUST01234,Giza,Keyboard,Accessories,Completed,10,892.5,15
101235,27/11/2025,CUST01235,Alexandria,Office Chair,Furniture,Completed,11,5512,20
101236,12/06/2025,CUST01236,Mansoura,Desk,Furniture,Completed,12,7918,0
101237,25/01/2025,CUST01237,Tanta,Headphones,Electronics,Completed,1,1944,5
101238,10/08/2025,CUST01238,Aswan,Monitor,Electronics,Completed,2,10028,10
101239,23/03/2025,CUST01239,Luxor,Printer,Office Equipment,Completed,3,7480,15
101240,08/10/2025,CUST01240,Port Said,Notebook Pack,Stationery,Completed,4,216,20
101241,21/05/2025,CUST01241,Cairo,Laptop,Electronics,Completed,5,25935,0
101242,06/12/2025,CUST01242,Giza,Smartphone,Electronics,Completed,6,13340,5
101243,19/07/2025,CUST01243,Alexandria,Wireless Mouse,Accessories,Completed,7,418.5,10
101244,04/02/2025,CUST01244, Mansoura ,Keyboard,Accessories,Completed,8,799,15
101245,17/09/2025,CUST01245,Tanta,Office Chair,Furniture,Completed,9,4940,20
101246,02/04/2025,CUST01246,Aswan,Desk,Furniture,Completed,10,7104,0
101247,15/11/2025,CUST01247,Luxor,Headphones,Electronics,Completed,11,1746,5
101248,28/06/2025,CUST01248,Port Said,Monitor,Electronics,Completed,12,9016,10
101249,13/01/2025,CUST01249,Cairo,Printer,Office Equipment,Completed,1,6732,15
101250,26/08/2025,CUST01250,Giza,Notebook Pack,Stationery,Completed,2,240,20
101251,11/03/2025,CUST01251,Alexandria,Laptop,Electronics,Completed,3,28785,0
101252,24/10/2025,CUST01252,Mansoura,Smartphone,Electronics,Completed,4,14790,5
101253,09/05/2025,CUST01253,Tanta,Wireless Mouse,Accessories,Completed,5,463.5,10
101254,22/12/2025,CUST01254,Aswan,Keyboard,Accessories,Completed,6,884,15
101255,07/07/2025,CUST01255,Luxor,Office Chair,Furniture,Completed,7,5460,20
101256,20/02/2025,CUST01256,Port Said,Desk,Furniture,Completed,8,7844,0
101257,05/09/2025,CUST01257,Cairo,Headphones,Electronics,Completed,9,1926,5
101258,18/04/2025,CUST01258,Giza,Monitor,Electronics,Completed,10,9936,10
101259,03/11/2025,CUST01259,Alexandria,Printer,Office Equipment,Completed,11,7412,15
101260,16/06/2025,CUST01260,Mansoura,Notebook Pack,Stationery,Completed,12,264,20
101261,01/01/2025,CUST01261,Tanta,Laptop,Electronics,Completed,1,25650,0
101262,14/08/2025,CUST01262,,Smartphone,Electronics,Completed,2,13195,5
101263,27/03/2025,CUST01263,Luxor,Wireless Mouse,Accessories,Completed,3,414,10
101264,12/10/2025,CUST01264,Port Said,Keyboard,Accessories,Completed,4,790.5,15
101265,25/05/2025,CUST01265,Cairo,Office Chair,Furniture,Completed,5,4888,20
101266,10/12/2025,CUST01266,Giza,Desk,Furniture,Completed,6,7030,0
101267,23/07/2025,CUST01267,Alexandria,Headphones,Electronics,Completed,7,1728,5
101268,08/02/2025,CUST01268,Mansoura,Monitor,Electronics,Completed,8,8924,
101269,21/09/2025,CUST01269,Tanta,Printer,Office Equipment,Completed,9,6664,15
101270,06/04/2025,CUST01270,Aswan,Notebook Pack,Stationery,Completed,10,237.6,20
101271,19/11/2025,CUST01271,Luxor, laptop ,Electronics,Completed,11,28500,0
101272,04/06/2025,CUST01272,Port Said,Smartphone,Electronics,Completed,12,14645,5
101273,17/01/2025,CUST01273,Cairo,Wireless Mouse,Accessories,Completed,1,459,10
101274,02/08/2025,CUST01274,Giza,Keyboard,Accessories,Completed,2,875.5,15
101275,15/03/2025,CUST01275,Alexandria,Office Chair,Furniture,Completed,3,5408,20
101276,28/10/2025,CUST01276,Mansoura,Desk,Furniture,Completed,4,7770,0
101277,13/05/2025,CUST01277,Tanta,Headphones,Electronics,Completed,5,1908,5
101278,26/12/2025,CUST01278,Aswan,Monitor,Electronics,Completed,6,9844,10
101279,11/07/2025,CUST01279,Luxor,Printer,Office Equipment,Completed,7,7344,15
101280,24/02/2025,CUST01280,Port Said,Notebook Pack,Stationery,Completed,8,261.6,20
101281,09/09/2025,CUST01281,Cairo,Laptop,Electronics,Completed,9,31350,0
101282,22/04/2025,CUST01282,Giza,Smartphone,Electronics,Completed,10,13050,5
101283,07/11/2025,CUST01283,Alexandria,Wireless Mouse,Accessories,Completed,11,409.5,10
101284,20/06/2025,CUST01284,Mansoura,Keyboard,Accessories,Completed,12,782,15
101285,05/01/2025,CUST01285,Tanta,Office Chair,Furniture,Completed,1,4836,20
101286,18/08/2025,CUST01286,Aswan,Desk,Furniture,Completed,2,6956,0
101287,03/03/2025,CUST01287,Luxor,Headphones,Electronics,Completed,3,1710,5
101288,16/10/2025,CUST01288,Port Said,Monitor,Electronics,Completed,4,8832,10
101289,01/05/2025,CUST01289,Cairo,Printer,Office Equipment,Completed,5,6596,15
101290,14/12/2025,CUST01290,Giza,Notebook Pack,Stationery,Completed,6,235.2,20
101291,27/07/2025,CUST01291,Alexandria,Laptop,Electronics,Completed,7,28215,0
101292,12/02/2025,CUST01292,Mansoura,Smartphone,Electronics,Completed,8,14500,5
101293,25/09/2025,CUST01293,Tanta,Wireless Mouse,Accessories,Completed,9,454.5,10
101294,10/04/2025,CUST01294,Aswan,Keyboard,Accessories,Completed,10,867,15
101295,23/11/2025,CUST01295,Luxor,Office Chair,Furniture,Completed,11,5356,20
101296,08/06/2025,CUST01296,Port Said,Desk,Furniture,Completed,12,7696,0
101297,21/01/2025,CUST01297,Cairo,Headphones,Electronics,Completed,1,1890,5
101298,06/08/2025,CUST01298,Giza,Monitor,Electronics,Completed,2,9752,10
101299,19/03/2025,CUST01299,Alexandria,Printer,Office Equipment,Completed,3,7276,15
101300,04/10/2025,CUST01300,Mansoura,Notebook Pack,Stationery,Completed,4,259.2,20
101301,17/05/2025,CUST01301,Tanta,Laptop,Electronics,Completed,5,31065,0
101302,02/12/2025,CUST01302,Aswan,Smartphone,Electronics,Completed,6,15950,5
101303,15/07/2025,CUST01303,Luxor,Wireless Mouse,Accessories,Completed,7,405,10
101304,28/02/2025,CUST01304,Port Said,Keyboard,Accessories,Completed,8,773.5,15
101305,13/09/2025,CUST01305,Cairo,Office Chair,Furniture,Completed,9,4784,20
101306,26/04/2025,CUST01306,Giza,Desk,Furniture,Completed,10,6882,0
101307,11/11/2025,CUST01307,Alexandria,Headphones,Electronics,Completed,11,1692,5
101308,24/06/2025,CUST01308,Mansoura,Monitor,Electronics,Completed,12,8740,10
101309,09/01/2025,CUST01309,Tanta,Printer,Office Equipment,Completed,1,6528,15
101310,22/08/2025,CUST01310,Aswan,Notebook Pack,Stationery,Completed,2,232.8,20
101311,07/03/2025,CUST01311,Luxor,Laptop,Electronics,Completed,3,27930,0
101312,20/10/2025,CUST01312,Port Said,Smartphone,Electronics,Completed,4,14355,5
101313,05/05/2025,CUST01313,Cairo,Wireless Mouse,Accessories,Completed,5,450,10
101314,18/12/2025,CUST01314,Giza,Keyboard,Accessories,Completed,6,858.5,15
101315,03/07/2025,CUST01315,Alexandria,Office Chair,Furniture,Completed,7,5304,20
101316,16/02/2025,CUST01316,Mansoura,Desk,Furniture,Completed,8,7622,0
101317,01/09/2025,CUST01317,Tanta,Headphones,Electronics,Completed,9,1872,5
101318,14/04/2025,CUST01318,Aswan,Monitor,Electronics,Completed,10,9660,10
101319,27/11/2025,CUST01319,Luxor,Printer,Office Equipment,Completed,11,7208,15
101320,12/06/2025,CUST01320,Port Said,Notebook Pack,Stationery,Completed,12,256.8,20
101321,25/01/2025,CUST01321,Cairo,Laptop,Electronics,Completed,1,30780,0
101322,10/08/2025,CUST01322,Giza,Smartphone,Electronics,Completed,2,15805,5
101323,23/03/2025,CUST01323,Alexandria,Wireless Mouse,Accessories,Completed,3,495,10
101324,08/10/2025,CUST01324,Mansoura,Keyboard,Accessories,Completed,4,765,15
101325,21/05/2025,CUST01325,Tanta,Office Chair,Furniture,Completed,5,4732,20
101326,06/12/2025,CUST01326,Aswan,Desk,Furniture,Completed,6,6808,0
101327,19/07/2025,CUST01327,Luxor,Headphones,Electronics,Completed,7,1674,5
101328,04/02/2025,CUST01328,Port Said,Monitor,Electronics,Completed,8,8648,10
101329,17/09/2025,CUST01329,Cairo,Printer,Office Equipment,Completed,9,6460,15
101330,02/04/2025,CUST01330,Giza,Notebook Pack,Stationery,Completed,10,230.4,20
101331,15/11/2025,CUST01331,Alexandria,Laptop,Electronics,Completed,11,27645,0
101332,28/06/2025,CUST01332,Mansoura,Smartphone,Electronics,Completed,12,14210,5
101333,13/01/2025,CUST01333,Tanta,Wireless Mouse,Accessories,Completed,1,445.5,10
101334,26/08/2025,CUST01334,Aswan,Keyboard,Accessories,Completed,2,850,15
101335,11/03/2025,CUST01335,Luxor,Office Chair,Furniture,Completed,3,5252,20
101336,24/10/2025,CUST01336,Port Said,Desk,Furniture,Completed,4,7548,0
101337,09/05/2025,CUST01337,Cairo,Headphones,Electronics,Completed,5,1854,5
101338,22/12/2025,CUST01338,Giza,Monitor,Electronics,Completed,6,9568,10
101339,07/07/2025,CUST01339,Alexandria,Printer,Office Equipment,Completed,7,7140,15
101340,20/02/2025,CUST01340,Mansoura,Notebook Pack,Stationery,Completed,8,254.4,20
101341,05/09/2025,CUST01341,Tanta,Laptop,Electronics,Completed,9,30495,0
101342,18/04/2025,CUST01342,Aswan,Smartphone,electronics,Completed,10,15660,5
101343,03/11/2025,CUST01343,Luxor,Wireless Mouse,Accessories,Completed,11,490.5,10
101344,16/06/2025,CUST01344,Port Said,Keyboard,Accessories,Completed,12,935,15
101345,01/01/2025,CUST01345,Cairo,Office Chair,Furniture,Completed,1,4680,20
101346,14/08/2025,CUST01346,Giza,Desk,Furniture,Completed,2,6734,0
101347,27/03/2025,CUST01347,Alexandria,Headphones,Electronics,Completed,3,1656,5
101348,12/10/2025,CUST01348,Mansoura,Monitor,Electronics,Completed,4,8556,10
101349,25/05/2025,CUST01349,Tanta,Printer,Office Equipment,Completed,5,6392,15
101350,10/12/2025,CUST01350,Aswan,Notebook Pack,Stationery,Completed,6,228,20
101351,23/07/2025,CUST01351,Luxor,Laptop,Electronics,Completed,7,27360,0
101352,08/02/2025,CUST01352,Port Said,Smartphone,Electronics,Completed,8,14065,5
101353,21/09/2025,CUST01353,Cairo,Wireless Mouse,Accessories,Completed,9,441,10
101354,06/04/2025,CUST01354,Giza,Keyboard,Accessories,Completed,10,841.5,15
101355,19/11/2025,CUST01355,Alexandria,Office Chair,Furniture,Completed,11,5200,20
101356,04/06/2025,CUST01356,Mansoura,Desk,Furniture,Completed,12,7474,0
101357,17/01/2025,CUST01357, Tanta ,Headphones,Electronics,Completed,1,1836,5
101358,02/08/2025,CUST01358,Aswan,Monitor,Electronics,Completed,2,9476,10
101359,15/03/2025,CUST01359,,Printer,Office Equipment,Completed,3,7072,15
101360,28/10/2025,CUST01360,Port Said,Notebook Pack,Stationery,Completed,4,252,20
101361,13/05/2025,CUST01361,Cairo,Laptop,Electronics,Completed,5,30210,0
101362,26/12/2025,CUST01362,Giza,Smartphone,Electronics,Completed,6,15515,5
101363,11/07/2025,CUST01363,Alexandria,Wireless Mouse,Accessories,Completed,7,486,10
101364,24/02/2025,CUST01364,Mansoura,Keyboard,Accessories,Completed,8,926.5,15
101365,09/09/2025,CUST01365,Tanta,Office Chair,Furniture,Completed,9,5720,20
101366,22/04/2025,CUST01366,Aswan,Desk,Furniture,Completed,10,6660,0
101367,07/11/2025,CUST01367,Luxor,Headphones,Electronics,Completed,11,1638,5
101368,20/06/2025,CUST01368,Port Said,Monitor,Electronics,Completed,12,8464,10
101369,05/01/2025,CUST01369,Cairo,Printer,Office Equipment,Completed,1,6324,15
101370,18/08/2025,CUST01370,Giza,Notebook Pack,Stationery,Completed,2,225.6,20
101371,03/03/2025,CUST01371,Alexandria,Laptop,Electronics,Completed,3,27075,0
101372,16/10/2025,CUST01372,Mansoura,Smartphone,Electronics,Completed,4,13920,5
101373,01/05/2025,CUST01373,Tanta,Wireless Mouse,Accessories,Completed,5,436.5,10
101374,14/12/2025,CUST01374,Aswan,Keyboard,Accessories,Completed,6,833,15
101375,27/07/2025,CUST01375,Luxor,Office Chair,Furniture,Completed,7,5148,20
101376,12/02/2025,CUST01376,Port Said,Desk,Furniture,Completed,8,7400,0
101377,25/09/2025,CUST01377,Cairo,Headphones,Electronics,Completed,9,1818,5
101378,10/04/2025,CUST01378,Giza,Monitor,Electronics,Completed,10,9384,10
101379,23/11/2025,CUST01379,Alexandria,Printer,Office Equipment,Completed,11,7004,15
101380,08/06/2025,CUST01380,Mansoura,Notebook Pack,Stationery,Completed,12,249.6,20
101381,21/01/2025,CUST01381,Tanta,Laptop,Electronics,Completed,1,29925,0
101382,06/08/2025,CUST01382,Aswan,Smartphone,Electronics,Completed,2,15370,5
101383,19/03/2025,CUST01383,Luxor,Wireless Mouse,Accessories,Completed,3,481.5,10
101384,04/10/2025,CUST01384,Port Said,Keyboard,Accessories,Completed,4,918,15
101385,17/05/2025,CUST01385,Cairo,Office Chair,Furniture, completed ,5,5668,20
101386,02/12/2025,CUST01386,Giza,Desk,Furniture,Completed,6,8140,0
101387,15/07/2025,CUST01387,Alexandria,Headphones,Electronics,Completed,7,1620,5
101388,28/02/2025,CUST01388,Mansoura,Monitor,Electronics,Completed,8,8372,10
101389,13/09/2025,CUST01389,Tanta,Printer,Office Equipment,Completed,9,6256,15
101390,26/04/2025,CUST01390,Aswan,Notebook Pack,Stationery,Completed,10,223.2,20
101391,11/11/2025,CUST01391,Luxor,Laptop,Electronics,Completed,11,26790,0
101392,24/06/2025,CUST01392,Port Said,Smartphone,Electronics,Completed,12,13775,5
101393,09/01/2025,CUST01393,Cairo,Wireless Mouse,Accessories,Completed,1,432,10
101394,22/08/2025,CUST01394,Giza,Keyboard,Accessories,Completed,2,824.5,15
101395,07/03/2025,CUST01395,Alexandria,Office Chair,Furniture,Completed,3,5096,20
101396,20/10/2025,CUST01396,Mansoura,Desk,Furniture,Completed,4,7326,0
101397,05/05/2025,CUST01397,Tanta,Headphones,Electronics,Completed,5,1800,5
101398,18/12/2025,CUST01398,Aswan, monitor ,Electronics,Completed,6,9292,10
101399,03/07/2025,CUST01399,Luxor,Printer,Office Equipment,Completed,7,6936,15
101400,16/02/2025,CUST01400,Port Said,Notebook Pack,Stationery,Completed,8,247.2,20
101401,01/09/2025,CUST01401,Cairo,Laptop,Electronics,Completed,9,29640,0
101402,14/04/2025,CUST01402,Giza,Smartphone,Electronics,Completed,10,15225,5
101403,27/11/2025,CUST01403,Alexandria,Wireless Mouse,Accessories,Completed,11,477,10
101404,12/06/2025,CUST01404,Mansoura,Keyboard,Accessories,Completed,12,909.5,15
101405,25/01/2025,CUST01405,Tanta,Office Chair,Furniture,Completed,1,5616,20
101406,10/08/2025,CUST01406,Aswan,Desk,Furniture,Completed,2,8066,0
101407,23/03/2025,CUST01407,Luxor,Headphones,Electronics,Completed,3,1980,5
101408,08/10/2025,CUST01408,Port Said,Monitor,Electronics,Completed,4,8280,10
101409,21/05/2025,CUST01409,Cairo,Printer,Office Equipment,Completed,5,6188,15
101410,06/12/2025,CUST01410,Giza,Notebook Pack,Stationery,Completed,6,220.8,20
101411,19/07/2025,CUST01411,Alexandria,Laptop,Electronics,Completed,7,26505,0
101412,04/02/2025,CUST01412,Mansoura,Smartphone,Electronics,Completed,8,13630,5
101413,17/09/2025,CUST01413,Tanta,Wireless Mouse,Accessories,Completed,9,427.5,10
101414,02/04/2025,CUST01414,Aswan,Keyboard,Accessories,Completed,10,816,15
101415,15/11/2025,CUST01415,Luxor,Office Chair,Furniture,Completed,11,5044,20
101416,28/06/2025,CUST01416,Port Said,Desk,Furniture,Completed,12,7252,0
101417,13/01/2025,CUST01417,Cairo,Headphones,Electronics,Completed,1,1782,5
101418,26/08/2025,CUST01418,Giza,Monitor,Electronics,Completed,2,9200,10
101419,11/03/2025,CUST01419,Alexandria,Printer,Office Equipment,Completed,3,6868,15
101420,24/10/2025,CUST01420,Mansoura,Notebook Pack,Stationery,Completed,4,244.8,20
101421,09/05/2025,CUST01421,Tanta,Laptop,Electronics,Completed,5,29355,0
101422,22/12/2025,CUST01422,Aswan,Smartphone,Electronics,Completed,6,15080,5
101423,07/07/2025,CUST01423,Luxor,Wireless Mouse,Accessories,Completed,7,472.5,10
101424,20/02/2025,CUST01424,Port Said,Keyboard,Accessories,Completed,8,901,15
101425,05/09/2025,CUST01425,Cairo,Office Chair,Furniture,Completed,9,5564,20
101426,18/04/2025,CUST01426,Giza,Desk,Furniture,Completed,10,7992,0
101427,03/11/2025,CUST01427,Alexandria,Headphones,Electronics,Completed,11,1962,5
101428,16/06/2025,CUST01428,Mansoura,Monitor,Electronics,Completed,12,10120,10
101429,01/01/2025,CUST01429,Tanta,Printer,Office Equipment,Completed,1,6120,15
101430,14/08/2025,CUST01430,Aswan,Notebook Pack,Stationery,Completed,2,218.4,20
101431,27/03/2025,CUST01431,Luxor,Laptop,Electronics,Completed,3,26220,0
101432,12/10/2025,CUST01432,Port Said,Smartphone,Electronics,Completed,4,13485,5
101433,25/05/2025,CUST01433,Cairo,Wireless Mouse,Accessories,Completed,5,423,10
101434,10/12/2025,CUST01434,Giza,Keyboard,Accessories,Completed,6,807.5,15
101435,23/07/2025,CUST01435,Alexandria,Office Chair,Furniture,Completed,7,4992,20
101436,08/02/2025,CUST01436,Mansoura,Desk,Furniture,Completed,8,7178,0
101437,21/09/2025,CUST01437,Tanta,Headphones,Electronics,Completed,9,1764,5
101438,06/04/2025,CUST01438,Aswan,Monitor,Electronics,Completed,10,9108,10
101439,19/11/2025,CUST01439,Luxor,Printer,Office Equipment,Completed,11,6800,15
101440,04/06/2025,CUST01440,Port Said,Notebook Pack,Stationery,Completed,12,242.4,20
101441,17/01/2025,CUST01441,Cairo,Laptop,Electronics,Completed,1,29070,0
101442,02/08/2025,CUST01442,Giza,Smartphone,Electronics,Completed,2,14935,5
101443,15/03/2025,CUST01443,Alexandria,Wireless Mouse,Accessories,Completed,3,468,10
101444,28/10/2025,CUST01444,Mansoura,Keyboard,Accessories,Completed,4,892.5,15
101445,13/05/2025,CUST01445,Tanta,Office Chair,Furniture,Completed,5,5512,20
101446,26/12/2026,CUST01446,Aswan,Desk,Furniture,Completed,6,7918,0
101447,11/07/2026,CUST01447,Luxor,Headphones,Electronics,Completed,7,1944,5
101448,24/02/2026,CUST01448,Port Said,Monitor,Electronics,Completed,8,10028,10
101449,09/09/2026,CUST01449,Cairo,Printer,Office Equipment,Completed,9,7480,
101450,22/04/2026,CUST01450,Giza,Notebook Pack,Stationery,Completed,10,216,20
101451,07/11/2026,CUST01451,Alexandria,Laptop,Electronics,Completed,11,25935,0
101452,20/06/2026,CUST01452,Mansoura,Smartphone,Electronics,Completed,12,13340,5
101453,05/01/2026,CUST01453,Tanta,Wireless Mouse,Accessories,Completed,1,418.5,10
101454,18/08/2026,CUST01454,Aswan,Keyboard,Accessories,Completed,2,799,15
101455,03/03/2026,CUST01455,Luxor,Office Chair,Furniture,Completed,3,4940,20
101456,16/10/2026,CUST01456,,Desk,Furniture,Completed,4,7104,0
101457,01/05/2026,CUST01457,Cairo,Headphones,Electronics,Completed,5,1746,5
101458,14/12/2026,CUST01458,Giza,Monitor,Electronics,Completed,6,9016,10
101459,27/07/2026,CUST01459,Alexandria,Printer,Office Equipment,Completed,7,6732,15
101460,12/02/2026,CUST01460,Mansoura,Notebook Pack,Stationery,Completed,8,240,20
101461,25/09/2026,CUST01461,Tanta,Laptop,Electronics,Completed,9,28785,0
101462,10/04/2026,CUST01462,Aswan,Smartphone,Electronics,Completed,10,14790,5
101463,23/11/2026,CUST01463,Luxor,Wireless Mouse,Accessories,Completed,11,463.5,10
101464,08/06/2026,CUST01464,Port Said,Keyboard,Accessories,Completed,12,884,15
101465,21/01/2026,CUST01465,Cairo,Office Chair,Furniture,Completed,1,5460,20
101466,06/08/2026,CUST01466,Giza,Desk,Furniture,Completed,2,7844,0
101467,19/03/2026,CUST01467,Alexandria,Headphones,Electronics,Completed,3,1926,5
101468,04/10/2026,CUST01468,Mansoura,Monitor,Electronics,Completed,4,9936,10
101469,17/05/2026,CUST01469,Tanta,Printer,Office Equipment,Completed,5,7412,15
101470,02/12/2026,CUST01470, Aswan ,Notebook Pack,Stationery,Completed,6,264,20
101471,15/07/2026,CUST01471,Luxor,Laptop,Electronics,Completed,7,25650,0
101472,28/02/2026,CUST01472,Port Said,Smartphone,Electronics,Completed,8,13195,5
101473,13/09/2026,CUST01473,Cairo,Wireless Mouse,Accessories,Completed,9,414,10
101474,26/04/2026,CUST01474,Giza,Keyboard,Accessories,Completed,10,790.5,15
101475,11/11/2026,CUST01475,Alexandria,Office Chair,Furniture,Completed,11,4888,20
101476,24/06/2026,CUST01476,Mansoura,Desk,Furniture,Completed,12,7030,0
101477,09/01/2026,CUST01477,Tanta,Headphones,Electronics,Completed,1,1728,5
101478,22/08/2026,CUST01478,Aswan,Monitor,Electronics,Completed,2,8924,10
101479,07/03/2026,CUST01479,Luxor,Printer,Office Equipment,Completed,3,6664,15
101480,20/10/2026,CUST01480,Port Said,Notebook Pack,Stationery,Completed,4,237.6,20
101481,05/05/2026,CUST01481,Cairo,Laptop,Electronics,Completed,5,28500,0
101482,18/12/2026,CUST01482,Giza,Smartphone,Electronics,Completed,6,14645,5
101483,03/07/2026,CUST01483,Alexandria,Wireless Mouse,Accessories,Completed,7,459,10
101484,16/02/2026,CUST01484,Mansoura,Keyboard,Accessories,Completed,8,875.5,15
101485,01/09/2026,CUST01485,Tanta,Office Chair,Furniture,Completed,9,5408,20
101486,14/04/2026,CUST01486,Aswan,Desk,Furniture,Completed,10,7770,0
101487,27/11/2026,CUST01487,Luxor,Headphones,Electronics,Completed,11,1908,5
101488,12/06/2026,CUST01488,Port Said,Monitor,Electronics,Completed,12,9844,10
101489,25/01/2026,CUST01489,Cairo,Printer,Office Equipment,Completed,1,7344,15
101490,10/08/2026,CUST01490,Giza,Notebook Pack,Stationery,Completed,2,261.6,20
101491,23/03/2026,CUST01491,Alexandria,Laptop,electronics,Completed,3,31350,0
101492,08/10/2026,CUST01492,Mansoura,Smartphone,Electronics,Completed,4,13050,5
101493,21/05/2026,CUST01493,Tanta,Wireless Mouse,Accessories,Completed,5,409.5,10
101494,06/12/2026,CUST01494,Aswan,Keyboard,Accessories,Completed,6,782,15
101495,19/07/2026,CUST01495,Luxor,Office Chair,Furniture,Completed,7,4836,20
101496,04/02/2026,CUST01496,Port Said,Desk,Furniture,Completed,8,6956,0
101497,17/09/2026,CUST01497,Cairo,Headphones,Electronics,Completed,9,1710,5
101498,02/04/2026,CUST01498,Giza,Monitor,Electronics,Completed,10,8832,10
101499,15/11/2026,CUST01499,Alexandria,Printer,Office Equipment,Completed,11,6596,15
101500,28/06/2026,CUST01500,Mansoura,Notebook Pack,Stationery,Completed,12,235.2,20
101501,13/01/2026,CUST01501,Tanta,Laptop,Electronics,Completed,1,28215,0
101502,26/08/2026,CUST01502,Aswan,Smartphone,Electronics,Completed,2,14500,5
101503,11/03/2026,CUST01503,Luxor,Wireless Mouse,Accessories,Completed,3,454.5,10
101504,24/10/2026,CUST01504,Port Said,Keyboard,Accessories,Completed,4,867,15
101505,09/05/2026,CUST01505,Cairo,Office Chair,Furniture,Completed,5,5356,20
101506,22/12/2026,CUST01506,Giza,Desk,Furniture,Completed,6,7696,0
101507,07/07/2026,CUST01507,Alexandria,Headphones,Electronics,Completed,7,1890,5
101508,20/02/2026,CUST01508,Mansoura,Monitor,Electronics,Completed,8,9752,10
101509,05/09/2026,CUST01509,Tanta,Printer,Office Equipment,Completed,9,7276,15
101510,18/04/2026,CUST01510,Aswan,Notebook Pack,Stationery,Completed,10,259.2,20
101511,03/11/2026,CUST01511,Luxor,Laptop,Electronics,Completed,11,31065,0
101512,16/06/2026,CUST01512,Port Said,Smartphone,Electronics,Completed,12,15950,5
101513,01/01/2026,CUST01513,Cairo,Wireless Mouse,Accessories,Completed,1,405,10
101514,14/08/2026,CUST01514,Giza,Keyboard,Accessories,Completed,2,773.5,15
101515,27/03/2026,CUST01515,Alexandria,Office Chair,Furniture,Completed,3,4784,20
101516,12/10/2026,CUST01516,Mansoura,Desk,Furniture,Completed,4,6882,0
101517,25/05/2026,CUST01517,Tanta,Headphones,Electronics,Completed,5,1692,5
101518,10/12/2026,CUST01518,Aswan,Monitor,Electronics,Completed,6,8740,10
101519,23/07/2026,CUST01519,Luxor,Printer,Office Equipment,Completed,7,6528,15
101520,08/02/2026,CUST01520,Port Said,Notebook Pack,Stationery,Completed,8,232.8,20
101521,21/09/2026,CUST01521,Cairo,Laptop,Electronics,Completed,9,27930,0
101522,06/04/2026,CUST01522,Giza,Smartphone,Electronics,Completed,10,14355,5
101523,19/11/2026,CUST01523,Alexandria,Wireless Mouse,Accessories,Completed,11,450,10
101524,04/06/2026,CUST01524,Mansoura,Keyboard,Accessories,Completed,12,858.5,15
101525,17/01/2026,CUST01525,Tanta, office chair ,Furniture,Completed,1,5304,20
101526,02/08/2026,CUST01526,Aswan,Desk,Furniture,Completed,2,7622,0
101527,15/03/2026,CUST01527,Luxor,Headphones,Electronics,Completed,3,1872,5
101528,28/10/2026,CUST01528,Port Said,Monitor,Electronics,Completed,4,9660,10
101529,13/05/2026,CUST01529,Cairo,Printer,Office Equipment,Completed,5,7208,15
101530,26/12/2026,CUST01530,Giza,Notebook Pack,Stationery,Completed,6,256.8,20
101531,11/07/2026,CUST01531,Alexandria,Laptop,Electronics,Completed,7,30780,0
101532,24/02/2026,CUST01532,Mansoura,Smartphone,Electronics,Completed,8,15805,5
101533,09/09/2026,CUST01533,Tanta,Wireless Mouse,Accessories,Completed,9,495,10
101534,22/04/2026,CUST01534,Aswan,Keyboard,Accessories,Completed,10,765,15
101535,07/11/2026,CUST01535,Luxor,Office Chair,Furniture,Completed,11,4732,20
101536,20/06/2026,CUST01536,Port Said,Desk,Furniture,Completed,12,6808,0
101537,05/01/2026,CUST01537,Cairo,Headphones,Electronics,Completed,1,1674,5
101538,18/08/2026,CUST01538,Giza,Monitor,Electronics,Completed,2,8648,10
101539,03/03/2026,CUST01539,Alexandria,Printer,Office Equipment,Completed,3,6460,15
101540,16/10/2026,CUST01540,Mansoura,Notebook Pack,Stationery,Completed,4,230.4,20
101541,01/05/2026,CUST01541,Tanta,Laptop,Electronics,Completed,5,27645,0
101542,14/12/2026,CUST01542,Aswan,Smartphone,Electronics,Completed,6,14210,5
101543,27/07/2026,CUST01543,Luxor,Wireless Mouse,Accessories,Completed,7,445.5,10
101544,12/02/2026,CUST01544,Port Said,Keyboard,Accessories,Completed,8,850,15
101545,25/09/2026,CUST01545,Cairo,Office Chair,Furniture,Completed,9,5252,20
101546,10/04/2026,CUST01546,Giza,Desk,Furniture,Completed,10,7548,0
101547,23/11/2026,CUST01547,Alexandria,Headphones,Electronics,Completed,11,1854,5
101548,08/06/2026,CUST01548,Mansoura,Monitor,Electronics,Completed,12,9568,10
101549,21/01/2026,CUST01549,Tanta,Printer,Office Equipment,Completed,1,7140,15
101550,06/08/2026,CUST01550,Aswan,Notebook Pack,Stationery,Completed,2,254.4,20
101551,19/03/2026,CUST01551,Luxor,Laptop,Electronics,Completed,3,30495,0
101552,04/10/2026,CUST01552,Port Said,Smartphone,Electronics,Completed,4,15660,5
101553,17/05/2026,CUST01553,,Wireless Mouse,Accessories,Completed,5,490.5,10
101554,02/12/2026,CUST01554,Giza,Keyboard,Accessories,Completed,6,935,15
101555,15/07/2026,CUST01555,Alexandria,Office Chair,Furniture,Completed,7,4680,20
101556,28/02/2026,CUST01556,Mansoura,Desk,Furniture,Completed,8,6734,0
101557,13/09/2026,CUST01557,Tanta,Headphones,Electronics,Completed,9,1656,5
101558,26/04/2026,CUST01558,Aswan,Monitor,Electronics, completed ,10,8556,10
101559,11/11/2026,CUST01559,Luxor,Printer,Office Equipment,Completed,11,6392,15
101560,24/06/2026,CUST01560,Port Said,Notebook Pack,Stationery,Completed,12,228,20
101561,09/01/2026,CUST01561,Cairo,Laptop,Electronics,Completed,1,27360,0
101562,22/08/2026,CUST01562,Giza,Smartphone,Electronics,Completed,2,14065,5
101563,07/03/2026,CUST01563,Alexandria,Wireless Mouse,Accessories,Completed,3,441,10
101564,20/10/2026,CUST01564,Mansoura,Keyboard,Accessories,Completed,4,841.5,15
101565,05/05/2026,CUST01565,Tanta,Office Chair,Furniture,Completed,5,5200,20
101566,18/12/2026,CUST01566,Aswan,Desk,Furniture,Completed,6,7474,0
101567,03/07/2026,CUST01567,Luxor,Headphones,Electronics,Completed,7,1836,5
101568,16/02/2026,CUST01568,Port Said,Monitor,Electronics,Completed,8,9476,10
101569,01/09/2026,CUST01569,Cairo,Printer,Office Equipment,Completed,9,7072,15
101570,14/04/2026,CUST01570,Giza,Notebook Pack,Stationery,Completed,10,252,20
101571,27/11/2026,CUST01571,Alexandria,Laptop,Electronics,Completed,11,30210,0
101572,12/06/2026,CUST01572,Mansoura,Smartphone,Electronics,Completed,12,15515,5
101573,25/01/2026,CUST01573,Tanta,Wireless Mouse,Accessories,Completed,1,486,10
101574,10/08/2026,CUST01574,Aswan,Keyboard,Accessories,Completed,2,926.5,15
101575,23/03/2026,CUST01575,Luxor,Office Chair,Furniture,Completed,3,5720,20
101576,08/10/2026,CUST01576,Port Said,Desk,Furniture,Completed,4,6660,0
101577,21/05/2026,CUST01577,Cairo,Headphones,Electronics,Completed,5,1638,5
101578,06/12/2026,CUST01578,Giza,Monitor,Electronics,Completed,6,8464,10
101579,19/07/2026,CUST01579,Alexandria,Printer,Office Equipment,Completed,7,6324,15
101580,04/02/2026,CUST01580,Mansoura,Notebook Pack,Stationery,Completed,8,225.6,20
101581,17/09/2026,CUST01581,Tanta,Laptop,Electronics,Completed,9,27075,0
101582,02/04/2026,CUST01582,Aswan,Smartphone,Electronics,Completed,10,13920,5
101583,15/11/2026,CUST01583, Luxor ,Wireless Mouse,Accessories,Completed,11,436.5,10
101584,28/06/2026,CUST01584,Port Said,Keyboard,Accessories,Completed,12,833,15
101585,13/01/2026,CUST01585,Cairo,Office Chair,Furniture,Completed,1,5148,20
101586,26/08/2026,CUST01586,Giza,Desk,Furniture,Completed,2,7400,0
101587,11/03/2026,CUST01587,Alexandria,Headphones,Electronics,Completed,3,1818,5
101588,24/10/2026,CUST01588,Mansoura,Monitor,Electronics,Completed,4,9384,10
101589,09/05/2026,CUST01589,Tanta,Printer,Office Equipment,Completed,5,7004,15
101590,22/12/2026,CUST01590,Aswan,Notebook Pack,Stationery,Completed,6,249.6,20
101591,07/07/2026,CUST01591,Luxor,Laptop,Electronics,Completed,7,29925,0
101592,20/02/2026,CUST01592,Port Said,Smartphone,Electronics,Completed,8,15370,5
101593,05/09/2026,CUST01593,Cairo,Wireless Mouse,Accessories,Completed,9,481.5,10
101594,18/04/2026,CUST01594,Giza,Keyboard,Accessories,Completed,10,918,15
101595,03/11/2026,CUST01595,Alexandria,Office Chair,Furniture,Completed,11,5668,20
101596,16/06/2026,CUST01596,Mansoura,Desk,Furniture,Completed,12,8140,0
101597,01/01/2026,CUST01597,Tanta,Headphones,Electronics,Completed,1,1620,5
101598,14/08/2026,CUST01598,Aswan,Monitor,Electronics,Completed,2,8372,10
101599,27/03/2026,CUST01599,Luxor,Printer,Office Equipment,Completed,3,6256,15
101600,12/10/2026,CUST01600,Port Said,Notebook Pack,Stationery,Completed,4,223.2,20
101601,25/05/2026,CUST01601,Cairo,Laptop,Electronics,Completed,5,26790,0
101602,10/12/2026,CUST01602,Giza,Smartphone,Electronics,Completed,6,13775,5
101603,23/07/2026,CUST01603,Alexandria,Wireless Mouse,Accessories,Completed,7,432,10
101604,08/02/2026,CUST01604,Mansoura,Keyboard,Accessories,Completed,8,824.5,15
101605,21/09/2026,CUST01605,Tanta,Office Chair,Furniture,Completed,9,5096,20
101606,06/04/2026,CUST01606,Aswan,Desk,Furniture,Completed,10,7326,0
101607,19/11/2026,CUST01607,Luxor,Headphones,Electronics,Completed,11,1800,5
101608,04/06/2026,CUST01608,Port Said,Monitor,Electronics,Completed,12,9292,10
101609,17/01/2026,CUST01609,Cairo,Printer,Office Equipment,Completed,1,6936,15
101610,02/08/2026,CUST01610,Giza,Notebook Pack,Stationery,Completed,2,247.2,20
101611,15/03/2026,CUST01611,Alexandria,Laptop,Electronics,Completed,3,29640,0
101612,28/10/2026,CUST01612,Mansoura,Smartphone,Electronics,Completed,4,15225,5
101613,13/05/2026,CUST01613,Tanta,Wireless Mouse,Accessories,Completed,5,477,10
101614,26/12/2026,CUST01614,Aswan,Keyboard,Accessories,Completed,6,909.5,15
101615,11/07/2026,CUST01615,Luxor,Office Chair,Furniture,Completed,7,5616,20
101616,24/02/2026,CUST01616,Port Said,Desk,Furniture,Completed,8,8066,0
101617,09/09/2026,CUST01617,Cairo,Headphones,Electronics,Completed,9,1980,5
101618,22/04/2026,CUST01618,Giza,Monitor,Electronics,Completed,10,8280,10
101619,07/11/2026,CUST01619,Alexandria,Printer,Office Equipment,Completed,11,6188,15
101620,20/06/2026,CUST01620,Mansoura,Notebook Pack,Stationery,Completed,12,220.8,20
101621,05/01/2025,CUST01621,Tanta,Laptop,Electronics,Completed,1,26505,0
101622,18/08/2025,CUST01622,Aswan,Smartphone,Electronics,Completed,2,13630,5
101623,03/03/2025,CUST01623,Luxor,Wireless Mouse,Accessories,Completed,3,427.5,10
101624,16/10/2025,CUST01624,Port Said,Keyboard,Accessories,Completed,4,816,15
101625,01/05/2025,CUST01625,Cairo,Office Chair,Furniture,Completed,5,5044,20
101626,14/12/2025,CUST01626,Giza,Desk,Furniture,Completed,6,7252,0
101627,27/07/2025,CUST01627,Alexandria,Headphones,Electronics,Completed,7,1782,5
101628,12/02/2025,CUST01628,Mansoura,Monitor,Electronics,Completed,8,9200,10
101629,25/09/2025,CUST01629,Tanta,Printer,Office Equipment,Completed,9,6868,15
101630,10/04/2025,CUST01630,Aswan,Notebook Pack,Stationery,Completed,10,244.8,
101631,23/11/2025,CUST01631,Luxor,Laptop,Electronics,Completed,11,29355,0
101632,08/06/2025,CUST01632,Port Said,Smartphone,Electronics,Completed,12,15080,5
101633,21/01/2025,CUST01633,Cairo,Wireless Mouse,Accessories,Completed,1,472.5,10
101634,06/08/2025,CUST01634,Giza,Keyboard,Accessories,Completed,2,901,15
101635,19/03/2025,CUST01635,Alexandria,Office Chair,Furniture,Completed,3,5564,20
101636,04/10/2025,CUST01636,Mansoura,Desk,Furniture,Completed,4,7992,0
101637,17/05/2025,CUST01637,Tanta,Headphones,Electronics,Completed,5,1962,5
101638,02/12/2025,CUST01638,Aswan,Monitor,Electronics,Completed,6,10120,10
101639,15/07/2025,CUST01639,Luxor,Printer,Office Equipment,Completed,7,6120,15
101640,28/02/2025,CUST01640,Port Said,Notebook Pack,stationery,Completed,8,218.4,20
101641,13/09/2025,CUST01641,Cairo,Laptop,Electronics,Completed,9,26220,0
101642,26/04/2025,CUST01642,Giza,Smartphone,Electronics,Completed,10,13485,5
101643,11/11/2025,CUST01643,Alexandria,Wireless Mouse,Accessories,Completed,11,423,10
101644,24/06/2025,CUST01644,Mansoura,Keyboard,Accessories,Completed,12,807.5,15
101645,09/01/2025,CUST01645,Tanta,Office Chair,Furniture,Completed,1,4992,20
101646,22/08/2025,CUST01646,Aswan,Desk,Furniture,Completed,2,7178,0
101647,07/03/2025,CUST01647,Luxor,Headphones,Electronics,Completed,3,1764,5
101648,20/10/2025,CUST01648,Port Said,Monitor,Electronics,Completed,4,9108,10
101649,05/05/2025,CUST01649,Cairo,Printer,Office Equipment,Completed,5,6800,15
101650,18/12/2025,CUST01650,,Notebook Pack,Stationery,Completed,6,242.4,20
101651,03/07/2025,CUST01651,Alexandria,Laptop,Electronics,Completed,7,29070,0
101652,16/02/2025,CUST01652,Mansoura, smartphone ,Electronics,Completed,8,14935,5
101653,01/09/2025,CUST01653,Tanta,Wireless Mouse,Accessories,Completed,9,468,10
101654,14/04/2025,CUST01654,Aswan,Keyboard,Accessories,Completed,10,892.5,15
101655,27/11/2025,CUST01655,Luxor,Office Chair,Furniture,Completed,11,5512,20
101656,12/06/2025,CUST01656,Port Said,Desk,Furniture,Completed,12,7918,0
101657,25/01/2025,CUST01657,Cairo,Headphones,Electronics,Completed,1,1944,5
101658,10/08/2025,CUST01658,Giza,Monitor,Electronics,Completed,2,10028,10
101659,23/03/2025,CUST01659,Alexandria,Printer,Office Equipment,Completed,3,7480,15
101660,08/10/2025,CUST01660,Mansoura,Notebook Pack,Stationery,Completed,4,216,20
101661,21/05/2025,CUST01661,Tanta,Laptop,Electronics,Completed,5,25935,0
101662,06/12/2025,CUST01662,Aswan,Smartphone,Electronics,Completed,6,13340,5
101663,19/07/2025,CUST01663,Luxor,Wireless Mouse,Accessories,Completed,7,418.5,10
101664,04/02/2025,CUST01664,Port Said,Keyboard,Accessories,Completed,8,799,15
101665,17/09/2025,CUST01665,Cairo,Office Chair,Furniture,Completed,9,4940,20
101666,02/04/2025,CUST01666,Giza,Desk,Furniture,Completed,10,7104,0
101667,15/11/2025,CUST01667,Alexandria,Headphones,Electronics,Completed,11,1746,5
101668,28/06/2025,CUST01668,Mansoura,Monitor,Electronics,Completed,12,9016,10
101669,13/01/2025,CUST01669,Tanta,Printer,Office Equipment,Completed,1,6732,15
101670,26/08/2025,CUST01670,Aswan,Notebook Pack,Stationery,Completed,2,240,20
101671,11/03/2025,CUST01671,Luxor,Laptop,Electronics,Completed,3,28785,0
101672,24/10/2025,CUST01672,Port Said,Smartphone,Electronics,Completed,4,14790,5
101673,09/05/2025,CUST01673,Cairo,Wireless Mouse,Accessories,Completed,5,463.5,10
101674,22/12/2025,CUST01674,Giza,Keyboard,Accessories,Completed,6,884,15
101675,07/07/2025,CUST01675,Alexandria,Office Chair,Furniture,Completed,7,5460,20
101676,20/02/2025,CUST01676,Mansoura,Desk,Furniture,Completed,8,7844,0
101677,05/09/2025,CUST01677,Tanta,Headphones,Electronics,Completed,9,1926,5
101678,18/04/2025,CUST01678,Aswan,Monitor,Electronics,Completed,10,9936,10
101679,03/11/2025,CUST01679,Luxor,Printer,Office Equipment,Completed,11,7412,15
101680,16/06/2025,CUST01680,Port Said,Notebook Pack,Stationery,Completed,12,264,20
101681,01/01/2025,CUST01681,Cairo,Laptop,Electronics,Completed,1,25650,0
101682,14/08/2025,CUST01682,Giza,Smartphone,Electronics,Completed,2,13195,5
101683,27/03/2025,CUST01683,Alexandria,Wireless Mouse,Accessories,Completed,3,414,10
101684,12/10/2025,CUST01684,Mansoura,Keyboard,Accessories,Completed,4,790.5,15
101685,25/05/2025,CUST01685,Tanta,Office Chair,Furniture,Completed,5,4888,20
101686,10/12/2025,CUST01686,Aswan,Desk,Furniture,Completed,6,7030,0
101687,23/07/2025,CUST01687,Luxor,Headphones,Electronics,Completed,7,1728,5
101688,08/02/2025,CUST01688,Port Said,Monitor,Electronics,Completed,8,8924,10
101689,21/09/2025,CUST01689,Cairo,Printer,Office Equipment,Completed,9,6664,15
101690,06/04/2025,CUST01690,Giza,Notebook Pack,Stationery,Completed,10,237.6,20
101691,19/11/2025,CUST01691,Alexandria,Laptop,Electronics,Completed,11,28500,0
101692,04/06/2025,CUST01692,Mansoura,Smartphone,Electronics,Completed,12,14645,5
101693,17/01/2025,CUST01693,Tanta,Wireless Mouse,Accessories,Completed,1,459,10
101694,02/08/2025,CUST01694,Aswan,Keyboard,Accessories,Completed,2,875.5,15
101695,15/03/2025,CUST01695,Luxor,Office Chair,Furniture,Completed,3,5408,20
101696,28/10/2025,CUST01696, Port Said ,Desk,Furniture,Completed,4,7770,0
101697,13/05/2025,CUST01697,Cairo,Headphones,Electronics,Completed,5,1908,5
101698,26/12/2025,CUST01698,Giza,Monitor,Electronics,Completed,6,9844,10
101699,11/07/2025,CUST01699,Alexandria,Printer,Office Equipment,Completed,7,7344,15
101700,24/02/2025,CUST01700,Mansoura,Notebook Pack,Stationery,Completed,8,261.6,20
101701,09/09/2025,CUST01701,Tanta,Laptop,Electronics,Completed,9,31350,0
101702,22/04/2025,CUST01702,Aswan,Smartphone,Electronics,Completed,10,13050,5
101703,07/11/2025,CUST01703,Luxor,Wireless Mouse,Accessories,Completed,11,409.5,10
101704,20/06/2025,CUST01704,Port Said,Keyboard,Accessories,Completed,12,782,15
101705,05/01/2025,CUST01705,Cairo,Office Chair,Furniture,Completed,1,4836,20
101706,18/08/2025,CUST01706,Giza,Desk,Furniture,Completed,2,6956,0
101707,03/03/2025,CUST01707,Alexandria,Headphones,Electronics,Completed,3,1710,5
101708,16/10/2025,CUST01708,Mansoura,Monitor,Electronics,Completed,4,8832,10
101709,01/05/2025,CUST01709,Tanta,Printer,Office Equipment,Completed,5,6596,15
101710,14/12/2025,CUST01710,Aswan,Notebook Pack,Stationery,Completed,6,235.2,20
101711,27/07/2025,CUST01711,Luxor,Laptop,Electronics,Completed,7,28215,0
101712,12/02/2025,CUST01712,Port Said,Smartphone,Electronics,Completed,8,14500,5
101713,25/09/2025,CUST01713,Cairo,Wireless Mouse,Accessories,Completed,9,454.5,10
101714,10/04/2025,CUST01714,Giza,Keyboard,Accessories,Completed,10,867,15
101715,23/11/2025,CUST01715,Alexandria,Office Chair,Furniture,Completed,11,5356,20
101716,08/06/2025,CUST01716,Mansoura,Desk,Furniture,Completed,12,7696,0
101717,21/01/2025,CUST01717,Tanta,Headphones,Electronics,Completed,1,1890,5
101718,06/08/2025,CUST01718,Aswan,Monitor,Electronics,Completed,2,9752,10
101719,19/03/2025,CUST01719,Luxor,Printer,Office Equipment,Completed,3,7276,15
101720,04/10/2025,CUST01720,Port Said,Notebook Pack,Stationery,Completed,4,259.2,20
101721,17/05/2025,CUST01721,Cairo,Laptop,Electronics,Completed,5,31065,0
101722,02/12/2025,CUST01722,Giza,Smartphone,Electronics,Completed,6,15950,5
101723,15/07/2025,CUST01723,Alexandria,Wireless Mouse,Accessories,Completed,7,405,10
101724,28/02/2025,CUST01724,Mansoura,Keyboard,Accessories,Completed,8,773.5,15
101725,13/09/2025,CUST01725,Tanta,Office Chair,Furniture,Completed,9,4784,20
101726,26/04/2025,CUST01726,Aswan,Desk,Furniture,Completed,10,6882,0
101727,11/11/2025,CUST01727,Luxor,Headphones,Electronics,Completed,11,1692,5
101728,24/06/2025,CUST01728,Port Said,Monitor,Electronics,Completed,12,8740,10
101729,09/01/2025,CUST01729,Cairo,Printer,Office Equipment,Completed,1,6528,15
101730,22/08/2025,CUST01730,Giza,Notebook Pack,Stationery,Completed,2,232.8,20
101731,07/03/2025,CUST01731,Alexandria,Laptop,Electronics, completed ,3,27930,0
101732,20/10/2025,CUST01732,Mansoura,Smartphone,Electronics,Completed,4,14355,5
101733,05/05/2025,CUST01733,Tanta,Wireless Mouse,Accessories,Completed,5,450,10
101734,18/12/2025,CUST01734,Aswan,Keyboard,Accessories,Completed,6,858.5,15
101735,03/07/2025,CUST01735,Luxor,Office Chair,Furniture,Completed,7,5304,20
101736,16/02/2025,CUST01736,Port Said,Desk,Furniture,Completed,8,7622,0
101737,01/09/2025,CUST01737,Cairo,Headphones,Electronics,Completed,9,1872,5
101738,14/04/2025,CUST01738,Giza,Monitor,Electronics,Completed,10,9660,10
101739,27/11/2025,CUST01739,Alexandria,Printer,Office Equipment,Completed,11,7208,15
101740,12/06/2025,CUST01740,Mansoura,Notebook Pack,Stationery,Completed,12,256.8,20
101741,25/01/2025,CUST01741,Tanta,Laptop,Electronics,Completed,1,30780,0
101742,10/08/2025,CUST01742,Aswan,Smartphone,Electronics,Completed,2,15805,5
101743,23/03/2025,CUST01743,Luxor,Wireless Mouse,Accessories,Completed,3,495,10
101744,08/10/2025,CUST01744,Port Said,Keyboard,Accessories,Completed,4,765,15
101745,21/05/2025,CUST01745,Cairo,Office Chair,Furniture,Completed,5,4732,20
101746,06/12/2025,CUST01746,Giza,Desk,Furniture,Completed,6,6808,0
101747,19/07/2025,CUST01747,,Headphones,Electronics,Completed,7,1674,5
101748,04/02/2025,CUST01748,Mansoura,Monitor,Electronics,Completed,8,8648,10
101749,17/09/2025,CUST01749,Tanta,Printer,Office Equipment,Completed,9,6460,15
101750,02/04/2025,CUST01750,Aswan,Notebook Pack,Stationery,Completed,10,230.4,20
101751,15/11/2025,CUST01751,Luxor,Laptop,Electronics,Completed,11,27645,0
101752,28/06/2025,CUST01752,Port Said,Smartphone,Electronics,Completed,12,14210,5
101753,13/01/2025,CUST01753,Cairo,Wireless Mouse,Accessories,Completed,1,445.5,10
101754,26/08/2025,CUST01754,Giza,Keyboard,Accessories,Completed,2,850,15
101755,11/03/2025,CUST01755,Alexandria,Office Chair,Furniture,Completed,3,5252,20
101756,24/10/2025,CUST01756,Mansoura,Desk,Furniture,Completed,4,7548,0
101757,09/05/2025,CUST01757,Tanta,Headphones,Electronics,Completed,5,1854,5
101758,22/12/2025,CUST01758,Aswan,Monitor,Electronics,Completed,6,9568,10
101759,07/07/2025,CUST01759,Luxor,Printer,Office Equipment,Completed,7,7140,15
101760,20/02/2025,CUST01760,Port Said,Notebook Pack,Stationery,Completed,8,254.4,20
101761,05/09/2025,CUST01761,Cairo,Laptop,Electronics,Completed,9,30495,0
101762,18/04/2025,CUST01762,Giza,Smartphone,Electronics,Completed,10,15660,5
101763,03/11/2025,CUST01763,Alexandria,Wireless Mouse,Accessories,Completed,11,490.5,10
101764,16/06/2025,CUST01764,Mansoura,Keyboard,Accessories,Completed,12,935,15
101765,01/01/2025,CUST01765,Tanta,Office Chair,Furniture,Completed,1,4680,20
101766,14/08/2025,CUST01766,Aswan,Desk,Furniture,Completed,2,6734,0
101767,27/03/2025,CUST01767,Luxor,Headphones,Electronics,Completed,3,1656,5
101768,12/10/2025,CUST01768,Port Said,Monitor,Electronics,Completed,4,8556,10
101769,25/05/2025,CUST01769,Cairo,Printer,Office Equipment,Completed,5,6392,15
101770,10/12/2025,CUST01770,Giza,Notebook Pack,Stationery,Completed,6,228,20
101771,23/07/2025,CUST01771,Alexandria,Laptop,Electronics,Completed,7,27360,0
101772,08/02/2025,CUST01772,Mansoura,Smartphone,Electronics,Completed,8,14065,5
101773,21/09/2025,CUST01773,Tanta,Wireless Mouse,Accessories,Completed,9,441,10
101774,06/04/2025,CUST01774,Aswan,Keyboard,Accessories,Completed,10,841.5,15
101775,19/11/2025,CUST01775,Luxor,Office Chair,Furniture,Completed,11,5200,20
101776,04/06/2025,CUST01776,Port Said,Desk,Furniture,Completed,12,7474,0
101777,17/01/2025,CUST01777,Cairo,Headphones,Electronics,Completed,1,1836,5
101778,02/08/2025,CUST01778,Giza,Monitor,Electronics,Completed,2,9476,10
101779,15/03/2025,CUST01779,Alexandria, printer ,Office Equipment,Completed,3,7072,15
101780,28/10/2025,CUST01780,Mansoura,Notebook Pack,Stationery,Completed,4,252,20
101781,13/05/2025,CUST01781,Tanta,Laptop,Electronics,Completed,5,30210,0
101782,26/12/2025,CUST01782,Aswan,Smartphone,Electronics,Completed,6,15515,5
101783,11/07/2025,CUST01783,Luxor,Wireless Mouse,Accessories,Completed,7,486,10
101784,24/02/2025,CUST01784,Port Said,Keyboard,Accessories,Completed,8,926.5,15
101785,09/09/2025,CUST01785,Cairo,Office Chair,Furniture,Completed,9,5720,20
101786,22/04/2025,CUST01786,Giza,Desk,Furniture,Completed,10,6660,0
101787,07/11/2025,CUST01787,Alexandria,Headphones,Electronics,Completed,11,1638,5
101788,20/06/2025,CUST01788,Mansoura,Monitor,Electronics,Completed,12,8464,10
101789,05/01/2025,CUST01789,Tanta,Printer,office equipment,Completed,1,6324,15
101790,18/08/2025,CUST01790,Aswan,Notebook Pack,Stationery,Completed,2,225.6,20
101791,03/03/2025,CUST01791,Luxor,Laptop,Electronics,Completed,3,27075,0
101792,16/10/2025,CUST01792,Port Said,Smartphone,Electronics,Completed,4,13920,5
101793,01/05/2025,CUST01793,Cairo,Wireless Mouse,Accessories,Completed,5,436.5,10
101794,14/12/2025,CUST01794,Giza,Keyboard,Accessories,Completed,6,833,15
101795,27/07/2025,CUST01795,Alexandria,Office Chair,Furniture,Completed,7,5148,20
101796,12/02/2025,CUST01796,Mansoura,Desk,Furniture,Completed,8,7400,0
101797,25/09/2025,CUST01797,Tanta,Headphones,Electronics,Completed,9,1818,5
101798,10/04/2025,CUST01798,Aswan,Monitor,Electronics,Completed,10,9384,10
101799,23/11/2025,CUST01799,Luxor,Printer,Office Equipment,Completed,11,7004,15
101800,08/06/2025,CUST01800,Port Said,Notebook Pack,Stationery,Completed,12,249.6,20
101801,21/01/2025,CUST00001,Cairo,Laptop,Electronics,Completed,1,29925,0
101802,06/08/2025,CUST00002,Giza,Smartphone,Electronics,Completed,2,15370,5
101803,19/03/2025,CUST00003,Alexandria,Wireless Mouse,Accessories,Completed,3,481.5,10
101804,04/10/2025,CUST00004,Mansoura,Keyboard,Accessories,Completed,4,918,15
101805,17/05/2025,CUST00005,Tanta,Office Chair,Furniture,Completed,5,5668,20
101806,02/12/2025,CUST00006,Aswan,Desk,Furniture,Completed,6,8140,0
101807,15/07/2025,CUST00007,Luxor,Headphones,Electronics,Completed,7,1620,5
101808,28/02/2025,CUST00008,Port Said,Monitor,Electronics,Completed,8,8372,10
101809,13/09/2025,CUST00009, Cairo ,Printer,Office Equipment,Completed,9,6256,15
101810,26/04/2025,CUST00010,Giza,Notebook Pack,Stationery,Completed,10,223.2,20
101811,11/11/2025,CUST00011,Alexandria,Laptop,Electronics,Completed,11,26790,
101812,24/06/2025,CUST00012,Mansoura,Smartphone,Electronics,Completed,12,13775,5
101813,09/01/2025,CUST00013,Tanta,Wireless Mouse,Accessories,Completed,1,432,10
101814,22/08/2025,CUST00014,Aswan,Keyboard,Accessories,Completed,2,824.5,15
101815,07/03/2025,CUST00015,Luxor,Office Chair,Furniture,Completed,3,5096,20
101816,20/10/2025,CUST00016,Port Said,Desk,Furniture,Completed,4,7326,0
101817,05/05/2025,CUST00017,Cairo,Headphones,Electronics,Completed,5,1800,5
101818,18/12/2025,CUST00018,Giza,Monitor,Electronics,Completed,6,9292,10
101819,03/07/2025,CUST00019,Alexandria,Printer,Office Equipment,Completed,7,6936,15
101820,16/02/2025,CUST00020,Mansoura,Notebook Pack,Stationery,Completed,8,247.2,20
101821,01/09/2025,CUST00021,Tanta,Laptop,Electronics,Completed,9,29640,0
101822,14/04/2025,CUST00022,Aswan,Smartphone,Electronics,Completed,10,15225,5
101823,27/11/2025,CUST00023,Luxor,Wireless Mouse,Accessories,Completed,11,477,10
101824,12/06/2025,CUST00024,Port Said,Keyboard,Accessories,Completed,12,909.5,15
101825,25/01/2025,CUST00025,Cairo,Office Chair,Furniture,Completed,1,5616,20
101826,10/08/2025,CUST00026,Giza,Desk,Furniture,Completed,2,8066,0
101827,23/03/2025,CUST00027,Alexandria,Headphones,Electronics,Completed,3,1980,5
101828,08/10/2025,CUST00028,Mansoura,Monitor,Electronics,Completed,4,8280,10
101829,21/05/2025,CUST00029,Tanta,Printer,Office Equipment,Completed,5,6188,15
101830,06/12/2025,CUST00030,Aswan,Notebook Pack,Stationery,Completed,6,220.8,20
101831,19/07/2025,CUST00031,Luxor,Laptop,Electronics,Completed,7,26505,0
101832,04/02/2025,CUST00032,Port Said,Smartphone,Electronics,Completed,8,13630,5
101833,17/09/2025,CUST00033,Cairo,Wireless Mouse,Accessories,Completed,9,427.5,10
101834,02/04/2025,CUST00034,Giza,Keyboard,Accessories,Completed,10,816,15
101835,15/11/2025,CUST00035,Alexandria,Office Chair,Furniture,Completed,11,5044,20
101836,28/06/2025,CUST00036,Mansoura,Desk,Furniture,Completed,12,7252,0
101837,13/01/2025,CUST00037,Tanta,Headphones,Electronics,Completed,1,1782,5
101838,26/08/2025,CUST00038,Aswan,Monitor,Electronics,Completed,2,9200,10
101839,11/03/2025,CUST00039,Luxor,Printer,Office Equipment,Completed,3,6868,15
101840,24/10/2025,CUST00040,Port Said,Notebook Pack,Stationery,Completed,4,244.8,20
101841,09/05/2025,CUST00041,Cairo,Laptop,Electronics,Completed,5,29355,0
101842,22/12/2025,CUST00042,Giza,Smartphone,Electronics,Completed,6,15080,5
101843,07/07/2025,CUST00043,Alexandria,Wireless Mouse,Accessories,Completed,7,472.5,10
101844,20/02/2025,CUST00044,,Keyboard,Accessories,Completed,8,901,15
101845,05/09/2025,CUST00045,Tanta,Office Chair,Furniture,Completed,9,5564,20
101846,18/04/2025,CUST00046,Aswan,Desk,Furniture,Completed,10,7992,0
101847,03/11/2025,CUST00047,Luxor,Headphones,Electronics,Completed,11,1962,5
101848,16/06/2025,CUST00048,Port Said,Monitor,Electronics,Completed,12,10120,10
101849,01/01/2025,CUST00049,Cairo,Printer,Office Equipment,Completed,1,6120,15
101850,14/08/2025,CUST00050,Giza,Notebook Pack,Stationery,Completed,2,218.4,20
101851,27/03/2025,CUST00051,Alexandria,Laptop,Electronics,Completed,3,26220,0
101852,12/10/2025,CUST00052,Mansoura,Smartphone,Electronics,Completed,4,13485,5
101853,25/05/2025,CUST00053,Tanta,Wireless Mouse,Accessories,Completed,5,423,10
101854,10/12/2025,CUST00054,Aswan,Keyboard,Accessories,Completed,6,807.5,15
101855,23/07/2025,CUST00055,Luxor,Office Chair,Furniture,Completed,7,4992,20
101856,08/02/2025,CUST00056,Port Said,Desk,Furniture,Completed,8,7178,0
101857,21/09/2025,CUST00057,Cairo,Headphones,Electronics,Completed,9,1764,5
101858,06/04/2025,CUST00058,Giza,Monitor,Electronics,Completed,10,9108,10
101859,19/11/2025,CUST00059,Alexandria,Printer,Office Equipment,Completed,11,6800,15
101860,04/06/2025,CUST00060,Mansoura,Notebook Pack,Stationery,Completed,12,242.4,20
101861,17/01/2025,CUST00061,Tanta,Laptop,Electronics,Completed,1,29070,0
101862,02/08/2025,CUST00062,Aswan,Smartphone,Electronics,Completed,2,14935,5
101863,15/03/2025,CUST00063,Luxor,Wireless Mouse,Accessories,Completed,3,468,10
101864,28/10/2025,CUST00064,Port Said,Keyboard,Accessories,Completed,4,892.5,15
101865,13/05/2025,CUST00065,Cairo,Office Chair,Furniture,Completed,5,5512,20
101866,26/12/2025,CUST00066,Giza,Desk,Furniture,Completed,6,7918,0
101867,11/07/2025,CUST00067,Alexandria,Headphones,Electronics,Completed,7,1944,5
101868,24/02/2025,CUST00068,Mansoura,Monitor,Electronics,Completed,8,10028,10
101869,09/09/2025,CUST00069,Tanta,Printer,Office Equipment,Completed,9,7480,15
101870,22/04/2025,CUST00070,Aswan,Notebook Pack,Stationery,Completed,10,216,20
101871,07/11/2025,CUST00071,Luxor,Laptop,Electronics,Completed,11,25935,0
101872,20/06/2025,CUST00072,Port Said,Smartphone,Electronics,Completed,12,13340,5
101873,05/01/2025,CUST00073,Cairo,Wireless Mouse,Accessories,Completed,1,418.5,10
101874,18/08/2025,CUST00074,Giza,Keyboard,Accessories,Completed,2,799,15
101875,03/03/2025,CUST00075,Alexandria,Office Chair,Furniture,Completed,3,4940,20
101876,16/10/2025,CUST00076,Mansoura,Desk,Furniture,Completed,4,7104,0
101877,01/05/2025,CUST00077,Tanta,Headphones,Electronics,Completed,5,1746,5
101878,14/12/2025,CUST00078,Aswan,Monitor,Electronics,Completed,6,9016,10
101879,27/07/2025,CUST00079,Luxor,Printer,Office Equipment,Completed,7,6732,15
101880,12/02/2025,CUST00080,Port Said,Notebook Pack,Stationery,Completed,8,240,20
101881,25/09/2025,CUST00081,Cairo,Laptop,Electronics,Completed,9,28785,0
101882,10/04/2025,CUST00082,Giza,Smartphone,Electronics,Completed,10,14790,5
101883,23/11/2025,CUST00083,Alexandria,Wireless Mouse,Accessories,Completed,11,463.5,10
101884,08/06/2025,CUST00084,Mansoura,Keyboard,Accessories,Completed,12,884,15
101885,21/01/2025,CUST00085,Tanta,Office Chair,Furniture,Completed,1,5460,20
101886,06/08/2025,CUST00086,Aswan,Desk,Furniture,Completed,2,7844,0
101887,19/03/2025,CUST00087,Luxor,Headphones,Electronics,Completed,3,1926,5
101888,04/10/2025,CUST00088,Port Said,Monitor,Electronics,Completed,4,9936,10
101889,17/05/2025,CUST00089,Cairo,Printer,Office Equipment,Completed,5,7412,15
101890,02/12/2025,CUST00090,Giza,Notebook Pack,Stationery,Completed,6,264,20
101891,15/07/2025,CUST00091,Alexandria,Laptop,Electronics,Completed,7,25650,0
101892,28/02/2025,CUST00092,Mansoura,Smartphone,Electronics,Completed,8,13195,5
101893,13/09/2025,CUST00093,Tanta,Wireless Mouse,Accessories,Completed,9,414,10
101894,26/04/2025,CUST00094,Aswan,Keyboard,Accessories,Completed,10,790.5,15
101895,11/11/2025,CUST00095,Luxor,Office Chair,Furniture,Completed,11,4888,20
101896,24/06/2025,CUST00096,Port Said,Desk,Furniture,Completed,12,7030,0
101897,09/01/2025,CUST00097,Cairo,Headphones,Electronics,Completed,1,1728,5
101898,22/08/2025,CUST00098,Giza,Monitor,Electronics,Completed,2,8924,10
101899,07/03/2025,CUST00099,Alexandria,Printer,Office Equipment,Completed,3,6664,15
101900,20/10/2025,CUST00100,Mansoura,Notebook Pack,Stationery,Completed,4,237.6,20
101901,05/05/2025,CUST00101,Tanta,Laptop,Electronics,Completed,5,28500,0
101902,18/12/2025,CUST00102,Aswan,Smartphone,Electronics,Completed,6,14645,5
101903,03/07/2025,CUST00103,Luxor,Wireless Mouse,Accessories,Completed,7,459,10
101904,16/02/2025,CUST00104,Port Said,Keyboard,Accessories, completed ,8,875.5,15
101905,01/09/2025,CUST00105,Cairo,Office Chair,Furniture,Completed,9,5408,20
101906,14/04/2025,CUST00106,Giza, desk ,Furniture,Completed,10,7770,0
101907,27/11/2025,CUST00107,Alexandria,Headphones,Electronics,Completed,11,1908,5
101908,12/06/2025,CUST00108,Mansoura,Monitor,Electronics,Completed,12,9844,10
101909,25/01/2025,CUST00109,Tanta,Printer,Office Equipment,Completed,1,7344,15
101910,10/08/2025,CUST00110,Aswan,Notebook Pack,Stationery,Completed,2,261.6,20
101911,23/03/2025,CUST00111,Luxor,Laptop,Electronics,Completed,3,31350,0
101912,08/10/2025,CUST00112,Port Said,Smartphone,Electronics,Completed,4,13050,5
101913,21/05/2025,CUST00113,Cairo,Wireless Mouse,Accessories,Completed,5,409.5,10
101914,06/12/2025,CUST00114,Giza,Keyboard,Accessories,Completed,6,782,15
101915,19/07/2025,CUST00115,Alexandria,Office Chair,Furniture,Completed,7,4836,20
101916,04/02/2025,CUST00116,Mansoura,Desk,Furniture,Completed,8,6956,0
101917,17/09/2025,CUST00117,Tanta,Headphones,Electronics,Completed,9,1710,5
101918,02/04/2025,CUST00118,Aswan,Monitor,Electronics,Completed,10,8832,10
101919,15/11/2025,CUST00119,Luxor,Printer,Office Equipment,Completed,11,6596,15
101920,28/06/2025,CUST00120,Port Said,Notebook Pack,Stationery,Completed,12,235.2,20
101921,13/01/2025,CUST00121,Cairo,Laptop,Electronics,Completed,1,28215,0
101922,26/08/2025,CUST00122, Giza ,Smartphone,Electronics,Completed,2,14500,5
101923,11/03/2025,CUST00123,Alexandria,Wireless Mouse,Accessories,Completed,3,454.5,10
101924,24/10/2025,CUST00124,Mansoura,Keyboard,Accessories,Completed,4,867,15
101925,09/05/2025,CUST00125,Tanta,Office Chair,Furniture,Completed,5,5356,20
101926,22/12/2025,CUST00126,Aswan,Desk,Furniture,Completed,6,7696,0
101927,07/07/2025,CUST00127,Luxor,Headphones,Electronics,Completed,7,1890,5
101928,20/02/2025,CUST00128,Port Said,Monitor,Electronics,Completed,8,9752,10
101929,05/09/2025,CUST00129,Cairo,Printer,Office Equipment,Completed,9,7276,15
101930,18/04/2025,CUST00130,Giza,Notebook Pack,Stationery,Completed,10,259.2,20
101931,03/11/2025,CUST00131,Alexandria,Laptop,Electronics,Completed,11,31065,0
101932,16/06/2025,CUST00132,Mansoura,Smartphone,Electronics,Completed,12,15950,5
101933,01/01/2025,CUST00133,Tanta,Wireless Mouse,Accessories,Completed,1,405,10
101934,14/08/2025,CUST00134,Aswan,Keyboard,Accessories,Completed,2,773.5,15
101935,27/03/2025,CUST00135,Luxor,Office Chair,Furniture,Completed,3,4784,20
101936,12/10/2025,CUST00136,Port Said,Desk,Furniture,Completed,4,6882,0
101937,25/05/2025,CUST00137,Cairo,Headphones,Electronics,Completed,5,1692,5
101938,10/12/2025,CUST00138,Giza,Monitor,electronics,Completed,6,8740,10
101939,23/07/2025,CUST00139,Alexandria,Printer,Office Equipment,Completed,7,6528,15
101940,08/02/2025,CUST00140,Mansoura,Notebook Pack,Stationery,Completed,8,232.8,20
101941,21/09/2025,CUST00141,,Laptop,Electronics,Completed,9,27930,0
101942,06/04/2025,CUST00142,Aswan,Smartphone,Electronics,Completed,10,14355,5
101943,19/11/2025,CUST00143,Luxor,Wireless Mouse,Accessories,Completed,11,450,10
101944,04/06/2025,CUST00144,Port Said,Keyboard,Accessories,Completed,12,858.5,15
101945,17/01/2025,CUST00145,Cairo,Office Chair,Furniture,Completed,1,5304,20
101946,02/08/2025,CUST00146,Giza,Desk,Furniture,Completed,2,7622,0
101947,15/03/2025,CUST00147,Alexandria,Headphones,Electronics,Completed,3,1872,5
101948,28/10/2025,CUST00148,Mansoura,Monitor,Electronics,Completed,4,9660,10
101949,13/05/2025,CUST00149,Tanta,Printer,Office Equipment,Completed,5,7208,15
101950,26/12/2025,CUST00150,Aswan,Notebook Pack,Stationery,Completed,6,256.8,20
101951,11/07/2025,CUST00151,Luxor,Laptop,Electronics,Completed,7,30780,0
101952,24/02/2025,CUST00152,Port Said,Smartphone,Electronics,Completed,8,15805,5
101953,09/09/2025,CUST00153,Cairo,Wireless Mouse,Accessories,Completed,9,495,10
101954,22/04/2025,CUST00154,Giza,Keyboard,Accessories,Completed,10,765,15
101955,07/11/2025,CUST00155,Alexandria,Office Chair,Furniture,Completed,11,4732,20
101956,20/06/2025,CUST00156,Mansoura,Desk,Furniture,Completed,12,6808,0
101957,05/01/2025,CUST00157,Tanta,Headphones,Electronics,Completed,1,1674,5
101958,18/08/2025,CUST00158,Aswan,Monitor,Electronics,Completed,2,8648,10
101959,03/03/2025,CUST00159,Luxor,Printer,Office Equipment,Completed,3,6460,15
101960,16/10/2025,CUST00160,Port Said,Notebook Pack,Stationery,Completed,4,230.4,20
101961,01/05/2025,CUST00161,Cairo,Laptop,Electronics,Completed,5,27645,0
101962,14/12/2025,CUST00162,Giza,Smartphone,Electronics,Completed,6,14210,5
101963,27/07/2025,CUST00163,Alexandria,Wireless Mouse,Accessories,Completed,7,445.5,10
101964,12/02/2025,CUST00164,Mansoura,Keyboard,Accessories,Completed,8,850,15
101965,25/09/2025,CUST00165,Tanta,Office Chair,Furniture,Completed,9,5252,20
101966,10/04/2025,CUST00166,Aswan,Desk,Furniture,Completed,10,7548,0
101967,23/11/2025,CUST00167,Luxor,Headphones,Electronics,Completed,11,1854,5
101968,08/06/2025,CUST00168,Port Said,Monitor,Electronics,Completed,12,9568,10
101969,21/01/2025,CUST00169,Cairo,Printer,Office Equipment,Completed,1,7140,15
101970,06/08/2025,CUST00170,Giza,Notebook Pack,Stationery,Completed,2,254.4,20
101971,19/03/2025,CUST00171,Alexandria,Laptop,Electronics,Completed,3,30495,0
101972,04/10/2025,CUST00172,Mansoura,Smartphone,Electronics,Completed,4,15660,5
101973,17/05/2025,CUST00173,Tanta,Wireless Mouse,Accessories,Completed,5,490.5,10
101974,02/12/2025,CUST00174,Aswan,Keyboard,Accessories,Completed,6,935,15
101975,15/07/2025,CUST00175,Luxor,Office Chair,Furniture,Completed,7,4680,20
101976,28/02/2025,CUST00176,Port Said,Desk,Furniture,Completed,8,6734,0
101977,13/09/2025,CUST00177,Cairo,Headphones,Electronics,Completed,9,1656,5
101978,26/04/2025,CUST00178,Giza,Monitor,Electronics,Completed,10,8556,10
101979,11/11/2025,CUST00179,Alexandria,Printer,Office Equipment,Completed,11,6392,15
101980,24/06/2025,CUST00180,Mansoura,Notebook Pack,Stationery,Completed,12,228,20
101981,09/01/2025,CUST00181,Tanta,Laptop,Electronics,Completed,1,27360,0
101982,22/08/2025,CUST00182,Aswan,Smartphone,Electronics,Completed,2,14065,5
101983,07/03/2025,CUST00183,Luxor,Wireless Mouse,Accessories,Completed,3,441,10
101984,20/10/2025,CUST00184,Port Said,Keyboard,Accessories,Completed,4,841.5,15
101985,05/05/2025,CUST00185,Cairo,Office Chair,Furniture,Completed,5,5200,20
101986,18/12/2026,CUST00186,Giza,Desk,Furniture,Completed,6,7474,0
101987,03/07/2026,CUST00187,Alexandria,Headphones,Electronics,Completed,7,1836,5
101988,16/02/2026,CUST00188,Mansoura,Monitor,Electronics,Completed,8,9476,10
101989,01/09/2026,CUST00189,Tanta,Printer,Office Equipment,Completed,9,7072,15
101990,14/04/2026,CUST00190,Aswan,Notebook Pack,Stationery,Completed,10,252,20
101991,27/11/2026,CUST00191,Luxor,Laptop,Electronics,Completed,11,30210,0
101992,12/06/2026,CUST00192,Port Said,Smartphone,Electronics,Completed,12,15515,
101993,25/01/2026,CUST00193,Cairo,Wireless Mouse,Accessories,Completed,1,486,10
101994,10/08/2026,CUST00194,Giza,Keyboard,Accessories,Completed,2,926.5,15
101995,23/03/2026,CUST00195,Alexandria,Office Chair,Furniture,Completed,3,5720,20
101996,08/10/2026,CUST00196,Mansoura,Desk,Furniture,Completed,4,6660,0
101997,21/05/2026,CUST00197,Tanta,Headphones,Electronics,Completed,5,1638,5
101998,06/12/2026,CUST00198,Aswan,Monitor,Electronics,Completed,6,8464,10
101999,19/07/2026,CUST00199,Luxor,Printer,Office Equipment,Completed,7,6324,15
102000,04/02/2026,CUST00200,Port Said,Notebook Pack,Stationery,Completed,8,225.6,20
102001,17/09/2026,CUST00201,Cairo,Laptop,Electronics,Completed,9,27075,0
102002,02/04/2026,CUST00202,Giza,Smartphone,Electronics,Completed,10,13920,5
102003,15/11/2026,CUST00203,Alexandria,Wireless Mouse,Accessories,Completed,11,436.5,10
102004,28/06/2026,CUST00204,Mansoura,Keyboard,Accessories,Completed,12,833,15
102005,13/01/2026,CUST00205,Tanta,Office Chair,Furniture,Completed,1,5148,20
102006,26/08/2026,CUST00206,Aswan,Desk,Furniture,Completed,2,7400,0
102007,11/03/2026,CUST00207,Luxor,Headphones,Electronics,Completed,3,1818,5
102008,24/10/2026,CUST00208,Port Said,Monitor,Electronics,Completed,4,9384,10
102009,09/05/2026,CUST00209,Cairo,Printer,Office Equipment,Completed,5,7004,15
102010,22/12/2026,CUST00210,Giza,Notebook Pack,Stationery,Completed,6,249.6,20
102011,07/07/2026,CUST00211,Alexandria,Laptop,Electronics,Completed,7,29925,0
102012,20/02/2026,CUST00212,Mansoura,Smartphone,Electronics,Completed,8,15370,5
102013,05/09/2026,CUST00213,Tanta,Wireless Mouse,Accessories,Completed,9,481.5,10
102014,18/04/2026,CUST00214,Aswan,Keyboard,Accessories,Completed,10,918,15
102015,03/11/2026,CUST00215,Luxor,Office Chair,Furniture,Completed,11,5668,20
102016,16/06/2026,CUST00216,Port Said,Desk,Furniture,Completed,12,8140,0
102017,01/01/2026,CUST00217,Cairo,Headphones,Electronics,Completed,1,1620,5
102018,14/08/2026,CUST00218,Giza,Monitor,Electronics,Completed,2,8372,10
102019,27/03/2026,CUST00219,Alexandria,Printer,Office Equipment,Completed,3,6256,15
102020,12/10/2026,CUST00220,Mansoura,Notebook Pack,Stationery,Completed,4,223.2,20
102021,25/05/2026,CUST00221,Tanta,Laptop,Electronics,Completed,5,26790,0
102022,10/12/2026,CUST00222,Aswan,Smartphone,Electronics,Completed,6,13775,5
102023,23/07/2026,CUST00223,Luxor,Wireless Mouse,Accessories,Completed,7,432,10
102024,08/02/2026,CUST00224,Port Said,Keyboard,Accessories,Completed,8,824.5,15
102025,21/09/2026,CUST00225,Cairo,Office Chair,Furniture,Completed,9,5096,20
102026,06/04/2026,CUST00226,Giza,Desk,Furniture,Completed,10,7326,0
102027,19/11/2026,CUST00227,Alexandria,Headphones,Electronics,Completed,11,1800,5
102028,04/06/2026,CUST00228,Mansoura,Monitor,Electronics,Completed,12,9292,10
102029,17/01/2026,CUST00229,Tanta,Printer,Office Equipment,Completed,1,6936,15
102030,02/08/2026,CUST00230,Aswan,Notebook Pack,Stationery,Completed,2,247.2,20
102031,15/03/2026,CUST00231,Luxor,Laptop,Electronics,Completed,3,29640,0
102032,28/10/2026,CUST00232,Port Said,Smartphone,Electronics,Completed,4,15225,5
102033,13/05/2026,CUST00233,Cairo, wireless mouse ,Accessories,Completed,5,477,10
102034,26/12/2026,CUST00234,Giza,Keyboard,Accessories,Completed,6,909.5,15
102035,11/07/2026,CUST00235, Alexandria ,Office Chair,Furniture,Completed,7,5616,20
102036,24/02/2026,CUST00236,Mansoura,Desk,Furniture,Completed,8,8066,0
102037,09/09/2026,CUST00237,Tanta,Headphones,Electronics,Completed,9,1980,5
102038,22/04/2026,CUST00238,,Monitor,Electronics,Completed,10,8280,10
102039,07/11/2026,CUST00239,Luxor,Printer,Office Equipment,Completed,11,6188,15
102040,20/06/2026,CUST00240,Port Said,Notebook Pack,Stationery,Completed,12,220.8,20
102041,05/01/2026,CUST00241,Cairo,Laptop,Electronics,Completed,1,26505,0
102042,18/08/2026,CUST00242,Giza,Smartphone,Electronics,Completed,2,13630,5
102043,03/03/2026,CUST00243,Alexandria,Wireless Mouse,Accessories,Completed,3,427.5,10
102044,16/10/2026,CUST00244,Mansoura,Keyboard,Accessories,Completed,4,816,15
102045,01/05/2026,CUST00245,Tanta,Office Chair,Furniture,Completed,5,5044,20
102046,14/12/2026,CUST00246,Aswan,Desk,Furniture,Completed,6,7252,0
102047,27/07/2026,CUST00247,Luxor,Headphones,Electronics,Completed,7,1782,5
102048,12/02/2026,CUST00248,Port Said,Monitor,Electronics,Completed,8,9200,10
102049,25/09/2026,CUST00249,Cairo,Printer,Office Equipment,Completed,9,6868,15
102050,10/04/2026,CUST00250,Giza,Notebook Pack,Stationery,Completed,10,244.8,20
102051,23/11/2026,CUST00251,Alexandria,Laptop,Electronics,Completed,11,29355,0
102052,08/06/2026,CUST00252,Mansoura,Smartphone,Electronics,Completed,12,15080,5
102053,21/01/2026,CUST00253,Tanta,Wireless Mouse,Accessories,Completed,1,472.5,10
102054,06/08/2026,CUST00254,Aswan,Keyboard,Accessories,Completed,2,901,15
102055,19/03/2026,CUST00255,Luxor,Office Chair,Furniture,Completed,3,5564,20
102056,04/10/2026,CUST00256,Port Said,Desk,Furniture,Completed,4,7992,0
102057,17/05/2026,CUST00257,Cairo,Headphones,Electronics,Completed,5,1962,5
102058,02/12/2026,CUST00258,Giza,Monitor,Electronics,Completed,6,10120,10
102059,15/07/2026,CUST00259,Alexandria,Printer,Office Equipment,Completed,7,6120,15
102060,28/02/2026,CUST00260,Mansoura,Notebook Pack,Stationery,Completed,8,218.4,20
102061,13/09/2026,CUST00261,Tanta,Laptop,Electronics,Completed,9,26220,0
102062,26/04/2026,CUST00262,Aswan,Smartphone,Electronics,Completed,10,13485,5
102063,11/11/2026,CUST00263,Luxor,Wireless Mouse,Accessories,Completed,11,423,10
102064,24/06/2026,CUST00264,Port Said,Keyboard,Accessories,Completed,12,807.5,15
102065,09/01/2026,CUST00265,Cairo,Office Chair,Furniture,Completed,1,4992,20
102066,22/08/2026,CUST00266,Giza,Desk,Furniture,Completed,2,7178,0
102067,07/03/2026,CUST00267,Alexandria,Headphones,Electronics,Completed,3,1764,5
102068,20/10/2026,CUST00268,Mansoura,Monitor,Electronics,Completed,4,9108,10
102069,05/05/2026,CUST00269,Tanta,Printer,Office Equipment,Completed,5,6800,15
102070,18/12/2026,CUST00270,Aswan,Notebook Pack,Stationery,Completed,6,242.4,20
102071,03/07/2026,CUST00271,Luxor,Laptop,Electronics,Completed,7,29070,0
102072,16/02/2026,CUST00272,Port Said,Smartphone,Electronics,Completed,8,14935,5
102073,01/09/2026,CUST00273,Cairo,Wireless Mouse,Accessories,Completed,9,468,10
102074,14/04/2026,CUST00274,Giza,Keyboard,Accessories,Completed,10,892.5,15
102075,27/11/2026,CUST00275,Alexandria,Office Chair,Furniture,Completed,11,5512,20
102076,12/06/2026,CUST00276,Mansoura,Desk,Furniture,Completed,12,7918,0
102077,25/01/2026,CUST00277,Tanta,Headphones,Electronics, completed ,1,1944,5
102078,10/08/2026,CUST00278,Aswan,Monitor,Electronics,Completed,2,10028,10
102079,23/03/2026,CUST00279,Luxor,Printer,Office Equipment,Completed,3,7480,15
102080,08/10/2026,CUST00280,Port Said,Notebook Pack,Stationery,Completed,4,216,20
102081,21/05/2026,CUST00281,Cairo,Laptop,Electronics,Completed,5,25935,0
102082,06/12/2026,CUST00282,Giza,Smartphone,Electronics,Completed,6,13340,5
102083,19/07/2026,CUST00283,Alexandria,Wireless Mouse,Accessories,Completed,7,418.5,10
102084,04/02/2026,CUST00284,Mansoura,Keyboard,Accessories,Completed,8,799,15
102085,17/09/2026,CUST00285,Tanta,Office Chair,Furniture,Completed,9,4940,20
102086,02/04/2026,CUST00286,Aswan,Desk,Furniture,Completed,10,7104,0
102087,15/11/2026,CUST00287,Luxor,Headphones,electronics,Completed,11,1746,5
102088,28/06/2026,CUST00288,Port Said,Monitor,Electronics,Completed,12,9016,10
102089,13/01/2026,CUST00289,Cairo,Printer,Office Equipment,Completed,1,6732,15
102090,26/08/2026,CUST00290,Giza,Notebook Pack,Stationery,Completed,2,240,20
102091,11/03/2026,CUST00291,Alexandria,Laptop,Electronics,Completed,3,28785,0
102092,24/10/2026,CUST00292,Mansoura,Smartphone,Electronics,Completed,4,14790,5
102093,09/05/2026,CUST00293,Tanta,Wireless Mouse,Accessories,Completed,5,463.5,10
102094,22/12/2026,CUST00294,Aswan,Keyboard,Accessories,Completed,6,884,15
102095,07/07/2026,CUST00295,Luxor,Office Chair,Furniture,Completed,7,5460,20
102096,20/02/2026,CUST00296,Port Said,Desk,Furniture,Completed,8,7844,0
102097,05/09/2026,CUST00297,Cairo,Headphones,Electronics,Completed,9,1926,5
102098,18/04/2026,CUST00298,Giza,Monitor,Electronics,Completed,10,9936,10
102099,03/11/2026,CUST00299,Alexandria,Printer,Office Equipment,Completed,11,7412,15
102100,16/06/2026,CUST00300,Mansoura,Notebook Pack,Stationery,Completed,12,264,20
102101,01/01/2026,CUST00301,Tanta,Laptop,Electronics,Completed,1,25650,0
102102,14/08/2026,CUST00302,Aswan,Smartphone,Electronics,Completed,2,13195,5
102103,27/03/2026,CUST00303,Luxor,Wireless Mouse,Accessories,Completed,3,414,10
102104,12/10/2026,CUST00304,Port Said,Keyboard,Accessories,Completed,4,790.5,15
102105,25/05/2026,CUST00305,Cairo,Office Chair,Furniture,Completed,5,4888,20
102106,10/12/2026,CUST00306,Giza,Desk,Furniture,Completed,6,7030,0
102107,23/07/2026,CUST00307,Alexandria,Headphones,Electronics,Completed,7,1728,5
102108,08/02/2026,CUST00308,Mansoura,Monitor,Electronics,Completed,8,8924,10
102109,21/09/2026,CUST00309,Tanta,Printer,Office Equipment,Completed,9,6664,15
102110,06/04/2026,CUST00310,Aswan,Notebook Pack,Stationery,Completed,10,237.6,20
102111,19/11/2026,CUST00311,Luxor,Laptop,Electronics,Completed,11,28500,0
102112,04/06/2026,CUST00312,Port Said,Smartphone,Electronics,Completed,12,14645,5
102113,17/01/2026,CUST00313,Cairo,Wireless Mouse,Accessories,Completed,1,459,10
102114,02/08/2026,CUST00314,Giza,Keyboard,Accessories,Completed,2,875.5,15
102115,15/03/2026,CUST00315,Alexandria,Office Chair,Furniture,Completed,3,5408,20
102116,28/10/2026,CUST00316,Mansoura,Desk,Furniture,Completed,4,7770,0
102117,13/05/2026,CUST00317,Tanta,Headphones,Electronics,Completed,5,1908,5
102118,26/12/2026,CUST00318,Aswan,Monitor,Electronics,Completed,6,9844,10
102119,11/07/2026,CUST00319,Luxor,Printer,Office Equipment,Completed,7,7344,15
102120,24/02/2026,CUST00320,Port Said,Notebook Pack,Stationery,Completed,8,261.6,20
102121,09/09/2026,CUST00321,Cairo,Laptop,Electronics,Completed,9,31350,0
102122,22/04/2026,CUST00322,Giza,Smartphone,Electronics,Completed,10,13050,5
102123,07/11/2026,CUST00323,Alexandria,Wireless Mouse,Accessories,Completed,11,409.5,10
102124,20/06/2026,CUST00324,Mansoura,Keyboard,Accessories,Completed,12,782,15
102125,05/01/2026,CUST00325,Tanta,Office Chair,Furniture,Completed,1,4836,20
102126,18/08/2026,CUST00326,Aswan,Desk,Furniture,Completed,2,6956,0
102127,03/03/2026,CUST00327,Luxor,Headphones,Electronics,Completed,3,1710,5
102128,16/10/2026,CUST00328,Port Said,Monitor,Electronics,Completed,4,8832,10
102129,01/05/2026,CUST00329,Cairo,Printer,Office Equipment,Completed,5,6596,15
102130,14/12/2026,CUST00330,Giza,Notebook Pack,Stationery,Completed,6,235.2,20
102131,27/07/2026,CUST00331,Alexandria,Laptop,Electronics,Completed,7,28215,0
102132,12/02/2026,CUST00332,Mansoura,Smartphone,Electronics,Completed,8,14500,5
102133,25/09/2026,CUST00333,Tanta,Wireless Mouse,Accessories,Completed,9,454.5,10
102134,10/04/2026,CUST00334,Aswan,Keyboard,Accessories,Completed,10,867,15
102135,23/11/2026,CUST00335,,Office Chair,Furniture,Completed,11,5356,20
102136,08/06/2026,CUST00336,Port Said,Desk,Furniture,Completed,12,7696,0
102137,21/01/2026,CUST00337,Cairo,Headphones,Electronics,Completed,1,1890,5
102138,06/08/2026,CUST00338,Giza,Monitor,Electronics,Completed,2,9752,10
102139,19/03/2026,CUST00339,Alexandria,Printer,Office Equipment,Completed,3,7276,15
102140,04/10/2026,CUST00340,Mansoura,Notebook Pack,Stationery,Completed,4,259.2,20
102141,17/05/2026,CUST00341,Tanta,Laptop,Electronics,Completed,5,31065,0
102142,02/12/2026,CUST00342,Aswan,Smartphone,Electronics,Completed,6,15950,5
102143,15/07/2026,CUST00343,Luxor,Wireless Mouse,Accessories,Completed,7,405,10
102144,28/02/2026,CUST00344,Port Said,Keyboard,Accessories,Completed,8,773.5,15
102145,13/09/2026,CUST00345,Cairo,Office Chair,Furniture,Completed,9,4784,20
102146,26/04/2026,CUST00346,Giza,Desk,Furniture,Completed,10,6882,0
102147,11/11/2026,CUST00347,Alexandria,Headphones,Electronics,Completed,11,1692,5
102148,24/06/2026,CUST00348, Mansoura ,Monitor,Electronics,Completed,12,8740,10
102149,09/01/2026,CUST00349,Tanta,Printer,Office Equipment,Completed,1,6528,15
102150,22/08/2026,CUST00350,Aswan,Notebook Pack,Stationery,Completed,2,232.8,20
102151,07/03/2026,CUST00351,Luxor,Laptop,Electronics,Completed,3,27930,0
102152,20/10/2026,CUST00352,Port Said,Smartphone,Electronics,Completed,4,14355,5
102153,05/05/2026,CUST00353,Cairo,Wireless Mouse,Accessories,Completed,5,450,10
102154,18/12/2026,CUST00354,Giza,Keyboard,Accessories,Completed,6,858.5,15
102155,03/07/2026,CUST00355,Alexandria,Office Chair,Furniture,Completed,7,5304,20
102156,16/02/2026,CUST00356,Mansoura,Desk,Furniture,Completed,8,7622,0
102157,01/09/2026,CUST00357,Tanta,Headphones,Electronics,Completed,9,1872,5
102158,14/04/2026,CUST00358,Aswan,Monitor,Electronics,Completed,10,9660,10
102159,27/11/2026,CUST00359,Luxor,Printer,Office Equipment,Completed,11,7208,15
102160,12/06/2026,CUST00360,Port Said, notebook pack ,Stationery,Completed,12,256.8,20
102161,25/01/2025,CUST00361,Cairo,Laptop,Electronics,Completed,1,30780,0
102162,10/08/2025,CUST00362,Giza,Smartphone,Electronics,Completed,2,15805,5
102163,23/03/2025,CUST00363,Alexandria,Wireless Mouse,Accessories,Completed,3,495,10
102164,08/10/2025,CUST00364,Mansoura,Keyboard,Accessories,Completed,4,765,15
102165,21/05/2025,CUST00365,Tanta,Office Chair,Furniture,Completed,5,4732,20
102166,06/12/2025,CUST00366,Aswan,Desk,Furniture,Completed,6,6808,0
102167,19/07/2025,CUST00367,Luxor,Headphones,Electronics,Completed,7,1674,5
102168,04/02/2025,CUST00368,Port Said,Monitor,Electronics,Completed,8,8648,10
102169,17/09/2025,CUST00369,Cairo,Printer,Office Equipment,Completed,9,6460,15
102170,02/04/2025,CUST00370,Giza,Notebook Pack,Stationery,Completed,10,230.4,20
102171,15/11/2025,CUST00371,Alexandria,Laptop,Electronics,Completed,11,27645,0
102172,28/06/2025,CUST00372,Mansoura,Smartphone,Electronics,Completed,12,14210,5
102173,13/01/2025,CUST00373,Tanta,Wireless Mouse,Accessories,Completed,1,445.5,
102174,26/08/2025,CUST00374,Aswan,Keyboard,Accessories,Completed,2,850,15
102175,11/03/2025,CUST00375,Luxor,Office Chair,Furniture,Completed,3,5252,20
102176,24/10/2025,CUST00376,Port Said,Desk,Furniture,Completed,4,7548,0
102177,09/05/2025,CUST00377,Cairo,Headphones,Electronics,Completed,5,1854,5
102178,22/12/2025,CUST00378,Giza,Monitor,Electronics,Completed,6,9568,10
102179,07/07/2025,CUST00379,Alexandria,Printer,Office Equipment,Completed,7,7140,15
102180,20/02/2025,CUST00380,Mansoura,Notebook Pack,Stationery,Completed,8,254.4,20
102181,05/09/2025,CUST00381,Tanta,Laptop,Electronics,Completed,9,30495,0
102182,18/04/2025,CUST00382,Aswan,Smartphone,Electronics,Completed,10,15660,5
102183,03/11/2025,CUST00383,Luxor,Wireless Mouse,Accessories,Completed,11,490.5,10
102184,16/06/2025,CUST00384,Port Said,Keyboard,Accessories,Completed,12,935,15
102185,01/01/2025,CUST00385,Cairo,Office Chair,Furniture,Completed,1,4680,20
102186,14/08/2025,CUST00386,Giza,Desk,Furniture,Completed,2,6734,0
102187,27/03/2025,CUST00387,Alexandria,Headphones,Electronics,Completed,3,1656,5
102188,12/10/2025,CUST00388,Mansoura,Monitor,Electronics,Completed,4,8556,10
102189,25/05/2025,CUST00389,Tanta,Printer,Office Equipment,Completed,5,6392,15
102190,10/12/2025,CUST00390,Aswan,Notebook Pack,Stationery,Completed,6,228,20
102191,23/07/2025,CUST00391,Luxor,Laptop,Electronics,Completed,7,27360,0
102192,08/02/2025,CUST00392,Port Said,Smartphone,Electronics,Completed,8,14065,5
102193,21/09/2025,CUST00393,Cairo,Wireless Mouse,Accessories,Completed,9,441,10
102194,06/04/2025,CUST00394,Giza,Keyboard,Accessories,Completed,10,841.5,15
102195,19/11/2025,CUST00395,Alexandria,Office Chair,Furniture,Completed,11,5200,20
102196,04/06/2025,CUST00396,Mansoura,Desk,Furniture,Completed,12,7474,0
102197,17/01/2025,CUST00397,Tanta,Headphones,Electronics,Completed,1,1836,5
102198,02/08/2025,CUST00398,Aswan,Monitor,Electronics,Completed,2,9476,10
102199,15/03/2025,CUST00399,Luxor,Printer,Office Equipment,Completed,3,7072,15
102200,28/10/2025,CUST00400,Port Said,Notebook Pack,Stationery,Completed,4,252,20
102201,13/05/2025,CUST00401,Cairo,Laptop,Electronics,Completed,5,30210,0
102202,26/12/2025,CUST00402,Giza,Smartphone,Electronics,Completed,6,15515,5
102203,11/07/2025,CUST00403,Alexandria,Wireless Mouse,Accessories,Completed,7,486,10
102204,24/02/2025,CUST00404,Mansoura,Keyboard,Accessories,Completed,8,926.5,15
102205,09/09/2025,CUST00405,Tanta,Office Chair,Furniture,Completed,9,5720,20
102206,22/04/2025,CUST00406,Aswan,Desk,Furniture,Completed,10,6660,0
102207,07/11/2025,CUST00407,Luxor,Headphones,Electronics,Completed,11,1638,5
102208,20/06/2025,CUST00408,Port Said,Monitor,Electronics,Completed,12,8464,10
102209,05/01/2025,CUST00409,Cairo,Printer,Office Equipment,Completed,1,6324,15
102210,18/08/2025,CUST00410,Giza,Notebook Pack,Stationery,Completed,2,225.6,20
102211,03/03/2025,CUST00411,Alexandria,Laptop,Electronics,Completed,3,27075,0
102212,16/10/2025,CUST00412,Mansoura,Smartphone,Electronics,Completed,4,13920,5
102213,01/05/2025,CUST00413,Tanta,Wireless Mouse,Accessories,Completed,5,436.5,10
102214,14/12/2025,CUST00414,Aswan,Keyboard,Accessories,Completed,6,833,15
102215,27/07/2025,CUST00415,Luxor,Office Chair,Furniture,Completed,7,5148,20
102216,12/02/2025,CUST00416,Port Said,Desk,Furniture,Completed,8,7400,0
102217,25/09/2025,CUST00417,Cairo,Headphones,Electronics,Completed,9,1818,5
102218,10/04/2025,CUST00418,Giza,Monitor,Electronics,Completed,10,9384,10
102219,23/11/2025,CUST00419,Alexandria,Printer,Office Equipment,Completed,11,7004,15
102220,08/06/2025,CUST00420,Mansoura,Notebook Pack,Stationery,Completed,12,249.6,20
102221,21/01/2025,CUST00421,Tanta,Laptop,Electronics,Completed,1,29925,0
102222,06/08/2025,CUST00422,Aswan,Smartphone,Electronics,Completed,2,15370,5
102223,19/03/2025,CUST00423,Luxor,Wireless Mouse,Accessories,Completed,3,481.5,10
102224,04/10/2025,CUST00424,Port Said,Keyboard,Accessories,Completed,4,918,15
102225,17/05/2025,CUST00425,Cairo,Office Chair,Furniture,Completed,5,5668,20
102226,02/12/2025,CUST00426,Giza,Desk,Furniture,Completed,6,8140,0
102227,15/07/2025,CUST00427,Alexandria,Headphones,Electronics,Completed,7,1620,5
102228,28/02/2025,CUST00428,Mansoura,Monitor,Electronics,Completed,8,8372,10
102229,13/09/2025,CUST00429,Tanta,Printer,Office Equipment,Completed,9,6256,15
102230,26/04/2025,CUST00430,Aswan,Notebook Pack,Stationery,Completed,10,223.2,20
102231,11/11/2025,CUST00431,Luxor,Laptop,Electronics,Completed,11,26790,0
102232,24/06/2025,CUST00432,,Smartphone,Electronics,Completed,12,13775,5
102233,09/01/2025,CUST00433,Cairo,Wireless Mouse,Accessories,Completed,1,432,10
102234,22/08/2025,CUST00434,Giza,Keyboard,Accessories,Completed,2,824.5,15
102235,07/03/2025,CUST00435,Alexandria,Office Chair,Furniture,Completed,3,5096,20
102236,20/10/2025,CUST00436,Mansoura,Desk,furniture,Completed,4,7326,0
102237,05/05/2025,CUST00437,Tanta,Headphones,Electronics,Completed,5,1800,5
102238,18/12/2025,CUST00438,Aswan,Monitor,Electronics,Completed,6,9292,10
102239,03/07/2025,CUST00439,Luxor,Printer,Office Equipment,Completed,7,6936,15
102240,16/02/2025,CUST00440,Port Said,Notebook Pack,Stationery,Completed,8,247.2,20
102241,01/09/2025,CUST00441,Cairo,Laptop,Electronics,Completed,9,29640,0
102242,14/04/2025,CUST00442,Giza,Smartphone,Electronics,Completed,10,15225,5
102243,27/11/2025,CUST00443,Alexandria,Wireless Mouse,Accessories,Completed,11,477,10
102244,12/06/2025,CUST00444,Mansoura,Keyboard,Accessories,Completed,12,909.5,15
102245,25/01/2025,CUST00445,Tanta,Office Chair,Furniture,Completed,1,5616,20
102246,10/08/2025,CUST00446,Aswan,Desk,Furniture,Completed,2,8066,0
102247,23/03/2025,CUST00447,Luxor,Headphones,Electronics,Completed,3,1980,5
102248,08/10/2025,CUST00448,Port Said,Monitor,Electronics,Completed,4,8280,10
102249,21/05/2025,CUST00449,Cairo,Printer,Office Equipment,Completed,5,6188,15
102250,06/12/2025,CUST00450,Giza,Notebook Pack,Stationery, completed ,6,220.8,20
102251,19/07/2025,CUST00451,Alexandria,Laptop,Electronics,Completed,7,26505,0
102252,04/02/2025,CUST00452,Mansoura,Smartphone,Electronics,Completed,8,13630,5
102253,17/09/2025,CUST00453,Tanta,Wireless Mouse,Accessories,Completed,9,427.5,10
102254,02/04/2025,CUST00454,Aswan,Keyboard,Accessories,Completed,10,816,15
102255,15/11/2025,CUST00455,Luxor,Office Chair,Furniture,Completed,11,5044,20
102256,28/06/2025,CUST00456,Port Said,Desk,Furniture,Completed,12,7252,0
102257,13/01/2025,CUST00457,Cairo,Headphones,Electronics,Completed,1,1782,5
102258,26/08/2025,CUST00458,Giza,Monitor,Electronics,Completed,2,9200,10
102259,11/03/2025,CUST00459,Alexandria,Printer,Office Equipment,Completed,3,6868,15
102260,24/10/2025,CUST00460,Mansoura,Notebook Pack,Stationery,Completed,4,244.8,20
102261,09/05/2025,CUST00461, Tanta ,Laptop,Electronics,Completed,5,29355,0
102262,22/12/2025,CUST00462,Aswan,Smartphone,Electronics,Completed,6,15080,5
102263,07/07/2025,CUST00463,Luxor,Wireless Mouse,Accessories,Completed,7,472.5,10
102264,20/02/2025,CUST00464,Port Said,Keyboard,Accessories,Completed,8,901,15
102265,05/09/2025,CUST00465,Cairo,Office Chair,Furniture,Completed,9,5564,20
102266,18/04/2025,CUST00466,Giza,Desk,Furniture,Completed,10,7992,0
102267,03/11/2025,CUST00467,Alexandria,Headphones,Electronics,Completed,11,1962,5
102268,16/06/2025,CUST00468,Mansoura,Monitor,Electronics,Completed,12,10120,10
102269,01/01/2025,CUST00469,Tanta,Printer,Office Equipment,Completed,1,6120,15
102270,14/08/2025,CUST00470,Aswan,Notebook Pack,Stationery,Completed,2,218.4,20
102271,27/03/2025,CUST00471,Luxor,Laptop,Electronics,Completed,3,26220,0
102272,12/10/2025,CUST00472,Port Said,Smartphone,Electronics,Completed,4,13485,5
102273,25/05/2025,CUST00473,Cairo,Wireless Mouse,Accessories,Completed,5,423,10
102274,10/12/2025,CUST00474,Giza,Keyboard,Accessories,Completed,6,807.5,15
102275,23/07/2025,CUST00475,Alexandria,Office Chair,Furniture,Completed,7,4992,20
102276,08/02/2025,CUST00476,Mansoura,Desk,Furniture,Completed,8,7178,0
102277,21/09/2025,CUST00477,Tanta,Headphones,Electronics,Completed,9,1764,5
102278,06/04/2025,CUST00478,Aswan,Monitor,Electronics,Completed,10,9108,10
102279,19/11/2025,CUST00479,Luxor,Printer,Office Equipment,Completed,11,6800,15
102280,04/06/2025,CUST00480,Port Said,Notebook Pack,Stationery,Completed,12,242.4,20
102281,17/01/2025,CUST00481,Cairo,Laptop,Electronics,Completed,1,29070,0
102282,02/08/2025,CUST00482,Giza,Smartphone,Electronics,Completed,2,14935,5
102283,15/03/2025,CUST00483,Alexandria,Wireless Mouse,Accessories,Completed,3,468,10
102284,28/10/2025,CUST00484,Mansoura,Keyboard,Accessories,Completed,4,892.5,15
102285,13/05/2025,CUST00485,Tanta,Office Chair,Furniture,Completed,5,5512,20
102286,26/12/2025,CUST00486,Aswan,Desk,Furniture,Completed,6,7918,0
102287,11/07/2025,CUST00487,Luxor, headphones ,Electronics,Completed,7,1944,5
102288,24/02/2025,CUST00488,Port Said,Monitor,Electronics,Completed,8,10028,10
102289,09/09/2025,CUST00489,Cairo,Printer,Office Equipment,Completed,9,7480,15
102290,22/04/2025,CUST00490,Giza,Notebook Pack,Stationery,Completed,10,216,20
102291,07/11/2025,CUST00491,Alexandria,Laptop,Electronics,Completed,11,25935,0
102292,20/06/2025,CUST00492,Mansoura,Smartphone,Electronics,Completed,12,13340,5
102293,05/01/2025,CUST00493,Tanta,Wireless Mouse,Accessories,Completed,1,418.5,10
102294,18/08/2025,CUST00494,Aswan,Keyboard,Accessories,Completed,2,799,15
102295,03/03/2025,CUST00495,Luxor,Office Chair,Furniture,Completed,3,4940,20
102296,16/10/2025,CUST00496,Port Said,Desk,Furniture,Completed,4,7104,0
102297,01/05/2025,CUST00497,Cairo,Headphones,Electronics,Completed,5,1746,5
102298,14/12/2025,CUST00498,Giza,Monitor,Electronics,Completed,6,9016,10
102299,27/07/2025,CUST00499,Alexandria,Printer,Office Equipment,Completed,7,6732,15
102300,12/02/2025,CUST00500,Mansoura,Notebook Pack,Stationery,Completed,8,240,20
102301,25/09/2025,CUST00501,Tanta,Laptop,Electronics,Completed,9,28785,0
102302,10/04/2025,CUST00502,Aswan,Smartphone,Electronics,Completed,10,14790,5
102303,23/11/2025,CUST00503,Luxor,Wireless Mouse,Accessories,Completed,11,463.5,10
102304,08/06/2025,CUST00504,Port Said,Keyboard,Accessories,Completed,12,884,15
102305,21/01/2025,CUST00505,Cairo,Office Chair,Furniture,Completed,1,5460,20
102306,06/08/2025,CUST00506,Giza,Desk,Furniture,Completed,2,7844,0
102307,19/03/2025,CUST00507,Alexandria,Headphones,Electronics,Completed,3,1926,5
102308,04/10/2025,CUST00508,Mansoura,Monitor,Electronics,Completed,4,9936,10
102309,17/05/2025,CUST00509,Tanta,Printer,Office Equipment,Completed,5,7412,15
102310,02/12/2025,CUST00510,Aswan,Notebook Pack,Stationery,Completed,6,264,20
102311,15/07/2025,CUST00511,Luxor,Laptop,Electronics,Completed,7,25650,0
102312,28/02/2025,CUST00512,Port Said,Smartphone,Electronics,Completed,8,13195,5
102313,13/09/2025,CUST00513,Cairo,Wireless Mouse,Accessories,Completed,9,414,10
102314,26/04/2025,CUST00514,Giza,Keyboard,Accessories,Completed,10,790.5,15
102315,11/11/2025,CUST00515,Alexandria,Office Chair,Furniture,Completed,11,4888,20
102316,24/06/2025,CUST00516,Mansoura,Desk,Furniture,Completed,12,7030,0
102317,09/01/2025,CUST00517,Tanta,Headphones,Electronics,Completed,1,1728,5
102318,22/08/2025,CUST00518,Aswan,Monitor,Electronics,Completed,2,8924,10
102319,07/03/2025,CUST00519,Luxor,Printer,Office Equipment,Completed,3,6664,15
102320,20/10/2025,CUST00520,Port Said,Notebook Pack,Stationery,Completed,4,237.6,20
102321,05/05/2025,CUST00521,Cairo,Laptop,Electronics,Completed,5,28500,0
102322,18/12/2025,CUST00522,Giza,Smartphone,Electronics,Completed,6,14645,5
102323,03/07/2025,CUST00523,Alexandria,Wireless Mouse,Accessories,Completed,7,459,10
102324,16/02/2025,CUST00524,Mansoura,Keyboard,Accessories,Completed,8,875.5,15
102325,01/09/2025,CUST00525,Tanta,Office Chair,Furniture,Completed,9,5408,20
102326,14/04/2025,CUST00526,Aswan,Desk,Furniture,Completed,10,7770,0
102327,27/11/2025,CUST00527,Luxor,Headphones,Electronics,Completed,11,1908,5
102328,12/06/2025,CUST00528,Port Said,Monitor,Electronics,Completed,12,9844,10
102329,25/01/2025,CUST00529,,Printer,Office Equipment,Completed,1,7344,15
102330,10/08/2025,CUST00530,Giza,Notebook Pack,Stationery,Completed,2,261.6,20
102331,23/03/2025,CUST00531,Alexandria,Laptop,Electronics,Completed,3,31350,0
102332,08/10/2025,CUST00532,Mansoura,Smartphone,Electronics,Completed,4,13050,5
102333,21/05/2025,CUST00533,Tanta,Wireless Mouse,Accessories,Completed,5,409.5,10
102334,06/12/2025,CUST00534,Aswan,Keyboard,Accessories,Completed,6,782,15
102335,19/07/2025,CUST00535,Luxor,Office Chair,Furniture,Completed,7,4836,20
102336,04/02/2025,CUST00536,Port Said,Desk,Furniture,Completed,8,6956,0
102337,17/09/2025,CUST00537,Cairo,Headphones,Electronics,Completed,9,1710,5
102338,02/04/2025,CUST00538,Giza,Monitor,Electronics,Completed,10,8832,10
102339,15/11/2025,CUST00539,Alexandria,Printer,Office Equipment,Completed,11,6596,15
102340,28/06/2025,CUST00540,Mansoura,Notebook Pack,Stationery,Completed,12,235.2,20
102341,13/01/2025,CUST00541,Tanta,Laptop,Electronics,Completed,1,28215,0
102342,26/08/2025,CUST00542,Aswan,Smartphone,Electronics,Completed,2,14500,5
102343,11/03/2025,CUST00543,Luxor,Wireless Mouse,Accessories,Completed,3,454.5,10
102344,24/10/2025,CUST00544,Port Said,Keyboard,Accessories,Completed,4,867,15
102345,09/05/2025,CUST00545,Cairo,Office Chair,Furniture,Completed,5,5356,20
102346,22/12/2025,CUST00546,Giza,Desk,Furniture,Completed,6,7696,0
102347,07/07/2025,CUST00547,Alexandria,Headphones,Electronics,Completed,7,1890,5
102348,20/02/2025,CUST00548,Mansoura,Monitor,Electronics,Completed,8,9752,10
102349,05/09/2025,CUST00549,Tanta,Printer,Office Equipment,Completed,9,7276,15
102350,18/04/2025,CUST00550,Aswan,Notebook Pack,Stationery,Completed,10,259.2,20
102351,03/11/2025,CUST00551,Luxor,Laptop,Electronics,Completed,11,31065,0
102352,16/06/2025,CUST00552,Port Said,Smartphone,Electronics,Completed,12,15950,5
102353,01/01/2025,CUST00553,Cairo,Wireless Mouse,Accessories,Completed,1,405,10
102354,14/08/2025,CUST00554,Giza,Keyboard,Accessories,Completed,2,773.5,
102355,27/03/2025,CUST00555,Alexandria,Office Chair,Furniture,Completed,3,4784,20
102356,12/10/2025,CUST00556,Mansoura,Desk,Furniture,Completed,4,6882,0
102357,25/05/2025,CUST00557,Tanta,Headphones,Electronics,Completed,5,1692,5
102358,10/12/2025,CUST00558,Aswan,Monitor,Electronics,Completed,6,8740,10
102359,23/07/2025,CUST00559,Luxor,Printer,Office Equipment,Completed,7,6528,15
102360,08/02/2025,CUST00560,Port Said,Notebook Pack,Stationery,Completed,8,232.8,20
102361,21/09/2025,CUST00561,Cairo,Laptop,Electronics,Completed,9,27930,0
102362,06/04/2025,CUST00562,Giza,Smartphone,Electronics,Completed,10,14355,5
102363,19/11/2025,CUST00563,Alexandria,Wireless Mouse,Accessories,Completed,11,450,10
102364,04/06/2025,CUST00564,Mansoura,Keyboard,Accessories,Completed,12,858.5,15
102365,17/01/2025,CUST00565,Tanta,Office Chair,Furniture,Completed,1,5304,20
102366,02/08/2025,CUST00566,Aswan,Desk,Furniture,Completed,2,7622,0
102367,15/03/2025,CUST00567,Luxor,Headphones,Electronics,Completed,3,1872,5
102368,28/10/2025,CUST00568,Port Said,Monitor,Electronics,Completed,4,9660,10
102369,13/05/2025,CUST00569,Cairo,Printer,Office Equipment,Completed,5,7208,15
102370,26/12/2025,CUST00570,Giza,Notebook Pack,Stationery,Completed,6,256.8,20
102371,11/07/2025,CUST00571,Alexandria,Laptop,Electronics,Completed,7,30780,0
102372,24/02/2025,CUST00572,Mansoura,Smartphone,Electronics,Completed,8,15805,5
102373,09/09/2025,CUST00573,Tanta,Wireless Mouse,Accessories,Completed,9,495,10
102374,22/04/2025,CUST00574, Aswan ,Keyboard,Accessories,Completed,10,765,15
102375,07/11/2025,CUST00575,Luxor,Office Chair,Furniture,Completed,11,4732,20
102376,20/06/2025,CUST00576,Port Said,Desk,Furniture,Completed,12,6808,0
102377,05/01/2025,CUST00577,Cairo,Headphones,Electronics,Completed,1,1674,5
102378,18/08/2025,CUST00578,Giza,Monitor,Electronics,Completed,2,8648,10
102379,03/03/2025,CUST00579,Alexandria,Printer,Office Equipment,Completed,3,6460,15
102380,16/10/2025,CUST00580,Mansoura,Notebook Pack,Stationery,Completed,4,230.4,20
102381,01/05/2025,CUST00581,Tanta,Laptop,Electronics,Completed,5,27645,0
102382,14/12/2025,CUST00582,Aswan,Smartphone,Electronics,Completed,6,14210,5
102383,27/07/2025,CUST00583,Luxor,Wireless Mouse,Accessories,Completed,7,445.5,10
102384,12/02/2025,CUST00584,Port Said,Keyboard,Accessories,Completed,8,850,15
102385,25/09/2025,CUST00585,Cairo,Office Chair,furniture,Completed,9,5252,20
102386,10/04/2025,CUST00586,Giza,Desk,Furniture,Completed,10,7548,0
102387,23/11/2025,CUST00587,Alexandria,Headphones,Electronics,Completed,11,1854,5
102388,08/06/2025,CUST00588,Mansoura,Monitor,Electronics,Completed,12,9568,10
102389,21/01/2025,CUST00589,Tanta,Printer,Office Equipment,Completed,1,7140,15
102390,06/08/2025,CUST00590,Aswan,Notebook Pack,Stationery,Completed,2,254.4,20
102391,19/03/2025,CUST00591,Luxor,Laptop,Electronics,Completed,3,30495,0
102392,04/10/2025,CUST00592,Port Said,Smartphone,Electronics,Completed,4,15660,5
102393,17/05/2025,CUST00593,Cairo,Wireless Mouse,Accessories,Completed,5,490.5,10
102394,02/12/2025,CUST00594,Giza,Keyboard,Accessories,Completed,6,935,15
102395,15/07/2025,CUST00595,Alexandria,Office Chair,Furniture,Completed,7,4680,20
102396,28/02/2025,CUST00596,Mansoura,Desk,Furniture,Completed,8,6734,0
102397,13/09/2025,CUST00597,Tanta,Headphones,Electronics,Completed,9,1656,5
102398,26/04/2025,CUST00598,Aswan,Monitor,Electronics,Completed,10,8556,10
102399,11/11/2025,CUST00599,Luxor,Printer,Office Equipment,Completed,11,6392,15
102400,24/06/2025,CUST00600,Port Said,Notebook Pack,Stationery,Completed,12,228,20
102401,09/01/2025,CUST00601,Cairo,Laptop,Electronics,Completed,1,27360,0
102402,22/08/2025,CUST00602,Giza,Smartphone,Electronics,Completed,2,14065,5
102403,07/03/2025,CUST00603,Alexandria,Wireless Mouse,Accessories,Completed,3,441,10
102404,20/10/2025,CUST00604,Mansoura,Keyboard,Accessories,Completed,4,841.5,15
102405,05/05/2025,CUST00605,Tanta,Office Chair,Furniture,Completed,5,5200,20
102406,18/12/2025,CUST00606,Aswan,Desk,Furniture,Completed,6,7474,0
102407,03/07/2025,CUST00607,Luxor,Headphones,Electronics,Completed,7,1836,5
102408,16/02/2025,CUST00608,Port Said,Monitor,Electronics,Completed,8,9476,10
102409,01/09/2025,CUST00609,Cairo,Printer,Office Equipment,Completed,9,7072,15
102410,14/04/2025,CUST00610,Giza,Notebook Pack,Stationery,Completed,10,252,20
102411,27/11/2025,CUST00611,Alexandria,Laptop,Electronics,Completed,11,30210,0
102412,12/06/2025,CUST00612,Mansoura,Smartphone,Electronics,Completed,12,15515,5
102413,25/01/2025,CUST00613,Tanta,Wireless Mouse,Accessories,Completed,1,486,10
102414,10/08/2025,CUST00614,Aswan, keyboard ,Accessories,Completed,2,926.5,15
102415,23/03/2025,CUST00615,Luxor,Office Chair,Furniture,Completed,3,5720,20
102416,08/10/2025,CUST00616,Port Said,Desk,Furniture,Completed,4,6660,0
102417,21/05/2025,CUST00617,Cairo,Headphones,Electronics,Completed,5,1638,5
102418,06/12/2025,CUST00618,Giza,Monitor,Electronics,Completed,6,8464,10
102419,19/07/2025,CUST00619,Alexandria,Printer,Office Equipment,Completed,7,6324,15
102420,04/02/2025,CUST00620,Mansoura,Notebook Pack,Stationery,Completed,8,225.6,20
102421,17/09/2025,CUST00621,Tanta,Laptop,Electronics,Completed,9,27075,0
102422,02/04/2025,CUST00622,Aswan,Smartphone,Electronics,Completed,10,13920,5
102423,15/11/2025,CUST00623,Luxor,Wireless Mouse,Accessories, completed ,11,436.5,10
102424,28/06/2025,CUST00624,Port Said,Keyboard,Accessories,Completed,12,833,15
102425,13/01/2025,CUST00625,Cairo,Office Chair,Furniture,Completed,1,5148,20
102426,26/08/2025,CUST00626,,Desk,Furniture,Completed,2,7400,0
102427,11/03/2025,CUST00627,Alexandria,Headphones,Electronics,Completed,3,1818,5
102428,24/10/2025,CUST00628,Mansoura,Monitor,Electronics,Completed,4,9384,10
102429,09/05/2025,CUST00629,Tanta,Printer,Office Equipment,Completed,5,7004,15
102430,22/12/2025,CUST00630,Aswan,Notebook Pack,Stationery,Completed,6,249.6,20
102431,07/07/2025,CUST00631,Luxor,Laptop,Electronics,Completed,7,29925,0
102432,20/02/2025,CUST00632,Port Said,Smartphone,Electronics,Completed,8,15370,5
102433,05/09/2025,CUST00633,Cairo,Wireless Mouse,Accessories,Completed,9,481.5,10
102434,18/04/2025,CUST00634,Giza,Keyboard,Accessories,Completed,10,918,15
102435,03/11/2025,CUST00635,Alexandria,Office Chair,Furniture,Completed,11,5668,20
102436,16/06/2025,CUST00636,Mansoura,Desk,Furniture,Completed,12,8140,0
102437,01/01/2025,CUST00637,Tanta,Headphones,Electronics,Completed,1,1620,5
102438,14/08/2025,CUST00638,Aswan,Monitor,Electronics,Completed,2,8372,10
102439,27/03/2025,CUST00639,Luxor,Printer,Office Equipment,Completed,3,6256,15
102440,12/10/2025,CUST00640,Port Said,Notebook Pack,Stationery,Completed,4,223.2,20
102441,25/05/2025,CUST00641,Cairo,Laptop,Electronics,Completed,5,26790,0
102442,10/12/2025,CUST00642,Giza,Smartphone,Electronics,Completed,6,13775,5
102443,23/07/2025,CUST00643,Alexandria,Wireless Mouse,Accessories,Completed,7,432,10
102444,08/02/2025,CUST00644,Mansoura,Keyboard,Accessories,Completed,8,824.5,15
102445,21/09/2025,CUST00645,Tanta,Office Chair,Furniture,Completed,9,5096,20
102446,06/04/2025,CUST00646,Aswan,Desk,Furniture,Completed,10,7326,0
102447,19/11/2025,CUST00647,Luxor,Headphones,Electronics,Completed,11,1800,5
102448,04/06/2025,CUST00648,Port Said,Monitor,Electronics,Completed,12,9292,10
102449,17/01/2025,CUST00649,Cairo,Printer,Office Equipment,Completed,1,6936,15
102450,02/08/2025,CUST00650,Giza,Notebook Pack,Stationery,Completed,2,247.2,20
102451,15/03/2025,CUST00651,Alexandria,Laptop,Electronics,Completed,3,29640,0
102452,28/10/2025,CUST00652,Mansoura,Smartphone,Electronics,Completed,4,15225,5
102453,13/05/2025,CUST00653,Tanta,Wireless Mouse,Accessories,Completed,5,477,10
102454,26/12/2025,CUST00654,Aswan,Keyboard,Accessories,Completed,6,909.5,15
102455,11/07/2025,CUST00655,Luxor,Office Chair,Furniture,Completed,7,5616,20
102456,24/02/2025,CUST00656,Port Said,Desk,Furniture,Completed,8,8066,0
102457,09/09/2025,CUST00657,Cairo,Headphones,Electronics,Completed,9,1980,5
102458,22/04/2025,CUST00658,Giza,Monitor,Electronics,Completed,10,8280,10
102459,07/11/2025,CUST00659,Alexandria,Printer,Office Equipment,Completed,11,6188,15
102460,20/06/2025,CUST00660,Mansoura,Notebook Pack,Stationery,Completed,12,220.8,20
102461,05/01/2025,CUST00661,Tanta,Laptop,Electronics,Completed,1,26505,0
102462,18/08/2025,CUST00662,Aswan,Smartphone,Electronics,Completed,2,13630,5
102463,03/03/2025,CUST00663,Luxor,Wireless Mouse,Accessories,Completed,3,427.5,10
102464,16/10/2025,CUST00664,Port Said,Keyboard,Accessories,Completed,4,816,15
102465,01/05/2025,CUST00665,Cairo,Office Chair,Furniture,Completed,5,5044,20
102466,14/12/2025,CUST00666,Giza,Desk,Furniture,Completed,6,7252,0
102467,27/07/2025,CUST00667,Alexandria,Headphones,Electronics,Completed,7,1782,5
102468,12/02/2025,CUST00668,Mansoura,Monitor,Electronics,Completed,8,9200,10
102469,25/09/2025,CUST00669,Tanta,Printer,Office Equipment,Completed,9,6868,15
102470,10/04/2025,CUST00670,Aswan,Notebook Pack,Stationery,Completed,10,244.8,20
102471,23/11/2025,CUST00671,Luxor,Laptop,Electronics,Completed,11,29355,0
102472,08/06/2025,CUST00672,Port Said,Smartphone,Electronics,Completed,12,15080,5
102473,21/01/2025,CUST00673,Cairo,Wireless Mouse,Accessories,Completed,1,472.5,10
102474,06/08/2025,CUST00674,Giza,Keyboard,Accessories,Completed,2,901,15
102475,19/03/2025,CUST00675,Alexandria,Office Chair,Furniture,Completed,3,5564,20
102476,04/10/2025,CUST00676,Mansoura,Desk,Furniture,Completed,4,7992,0
102477,17/05/2025,CUST00677,Tanta,Headphones,Electronics,Completed,5,1962,5
102478,02/12/2025,CUST00678,Aswan,Monitor,Electronics,Completed,6,10120,10
102479,15/07/2025,CUST00679,Luxor,Printer,Office Equipment,Completed,7,6120,15
102480,28/02/2025,CUST00680,Port Said,Notebook Pack,Stationery,Completed,8,218.4,20
102481,13/09/2025,CUST00681,Cairo,Laptop,Electronics,Completed,9,26220,0
102482,26/04/2025,CUST00682,Giza,Smartphone,Electronics,Completed,10,13485,5
102483,11/11/2025,CUST00683,Alexandria,Wireless Mouse,Accessories,Completed,11,423,10
102484,24/06/2025,CUST00684,Mansoura,Keyboard,Accessories,Completed,12,807.5,15
102485,09/01/2025,CUST00685,Tanta,Office Chair,Furniture,Completed,1,4992,20
102486,22/08/2025,CUST00686,Aswan,Desk,Furniture,Completed,2,7178,0
102487,07/03/2025,CUST00687, Luxor ,Headphones,Electronics,Completed,3,1764,5
102488,20/10/2025,CUST00688,Port Said,Monitor,Electronics,Completed,4,9108,10
102489,05/05/2025,CUST00689,Cairo,Printer,Office Equipment,Completed,5,6800,15
102490,18/12/2025,CUST00690,Giza,Notebook Pack,Stationery,Completed,6,242.4,20
102491,03/07/2025,CUST00691,Alexandria,Laptop,Electronics,Completed,7,29070,0
102492,16/02/2025,CUST00692,Mansoura,Smartphone,Electronics,Completed,8,14935,5
102493,01/09/2025,CUST00693,Tanta,Wireless Mouse,Accessories,Completed,9,468,10
102494,14/04/2025,CUST00694,Aswan,Keyboard,Accessories,Completed,10,892.5,15
102495,27/11/2025,CUST00695,Luxor,Office Chair,Furniture,Completed,11,5512,20
102496,12/06/2025,CUST00696,Port Said,Desk,Furniture,Completed,12,7918,0
102497,25/01/2025,CUST00697,Cairo,Headphones,Electronics,Completed,1,1944,5
102498,10/08/2025,CUST00698,Giza,Monitor,Electronics,Completed,2,10028,10
102499,23/03/2025,CUST00699,Alexandria,Printer,Office Equipment,Completed,3,7480,15
102500,08/10/2025,CUST00700,Mansoura,Notebook Pack,Stationery,Completed,4,216,20
102501,21/05/2025,CUST00701,Tanta,Laptop,Electronics,Completed,5,25935,0
102502,06/12/2025,CUST00702,Aswan,Smartphone,Electronics,Completed,6,13340,5
102503,19/07/2025,CUST00703,Luxor,Wireless Mouse,Accessories,Completed,7,418.5,10
102504,04/02/2025,CUST00704,Port Said,Keyboard,Accessories,Completed,8,799,15
102505,17/09/2025,CUST00705,Cairo,Office Chair,Furniture,Completed,9,4940,20
102506,02/04/2025,CUST00706,Giza,Desk,Furniture,Completed,10,7104,0
102507,15/11/2025,CUST00707,Alexandria,Headphones,Electronics,Completed,11,1746,5
102508,28/06/2025,CUST00708,Mansoura,Monitor,Electronics,Completed,12,9016,10
102509,13/01/2025,CUST00709,Tanta,Printer,Office Equipment,Completed,1,6732,15
102510,26/08/2025,CUST00710,Aswan,Notebook Pack,Stationery,Completed,2,240,20
102511,11/03/2025,CUST00711,Luxor,Laptop,Electronics,Completed,3,28785,0
102512,24/10/2025,CUST00712,Port Said,Smartphone,Electronics,Completed,4,14790,5
102513,09/05/2025,CUST00713,Cairo,Wireless Mouse,Accessories,Completed,5,463.5,10
102514,22/12/2025,CUST00714,Giza,Keyboard,Accessories,Completed,6,884,15
102515,07/07/2025,CUST00715,Alexandria,Office Chair,Furniture,Completed,7,5460,20
102516,20/02/2025,CUST00716,Mansoura,Desk,Furniture,Completed,8,7844,0
102517,05/09/2025,CUST00717,Tanta,Headphones,Electronics,Completed,9,1926,5
102518,18/04/2025,CUST00718,Aswan,Monitor,Electronics,Completed,10,9936,10
102519,03/11/2025,CUST00719,Luxor,Printer,Office Equipment,Completed,11,7412,15
102520,16/06/2025,CUST00720,Port Said,Notebook Pack,Stationery,Completed,12,264,20
102521,01/01/2025,CUST00721,Cairo,Laptop,Electronics,Completed,1,25650,0
102522,14/08/2025,CUST00722,Giza,Smartphone,Electronics,Completed,2,13195,5
102523,27/03/2025,CUST00723,,Wireless Mouse,Accessories,Completed,3,414,10
102524,12/10/2025,CUST00724,Mansoura,Keyboard,Accessories,Completed,4,790.5,15
102525,25/05/2025,CUST00725,Tanta,Office Chair,Furniture,Completed,5,4888,20
102526,10/12/2026,CUST00726,Aswan,Desk,Furniture,Completed,6,7030,0
102527,23/07/2026,CUST00727,Luxor,Headphones,Electronics,Completed,7,1728,5
102528,08/02/2026,CUST00728,Port Said,Monitor,Electronics,Completed,8,8924,10
102529,21/09/2026,CUST00729,Cairo,Printer,Office Equipment,Completed,9,6664,15
102530,06/04/2026,CUST00730,Giza,Notebook Pack,Stationery,Completed,10,237.6,20
102531,19/11/2026,CUST00731,Alexandria,Laptop,Electronics,Completed,11,28500,0
102532,04/06/2026,CUST00732,Mansoura,Smartphone,Electronics,Completed,12,14645,5
102533,17/01/2026,CUST00733,Tanta,Wireless Mouse,Accessories,Completed,1,459,10
102534,02/08/2026,CUST00734,Aswan,Keyboard,accessories,Completed,2,875.5,15
102535,15/03/2026,CUST00735,Luxor,Office Chair,Furniture,Completed,3,5408,
102536,28/10/2026,CUST00736,Port Said,Desk,Furniture,Completed,4,7770,0
102537,13/05/2026,CUST00737,Cairo,Headphones,Electronics,Completed,5,1908,5
102538,26/12/2026,CUST00738,Giza,Monitor,Electronics,Completed,6,9844,10
102539,11/07/2026,CUST00739,Alexandria,Printer,Office Equipment,Completed,7,7344,15
102540,24/02/2026,CUST00740,Mansoura,Notebook Pack,Stationery,Completed,8,261.6,20
102541,09/09/2026,CUST00741,Tanta, laptop ,Electronics,Completed,9,31350,0
102542,22/04/2026,CUST00742,Aswan,Smartphone,Electronics,Completed,10,13050,5
102543,07/11/2026,CUST00743,Luxor,Wireless Mouse,Accessories,Completed,11,409.5,10
102544,20/06/2026,CUST00744,Port Said,Keyboard,Accessories,Completed,12,782,15
102545,05/01/2026,CUST00745,Cairo,Office Chair,Furniture,Completed,1,4836,20
102546,18/08/2026,CUST00746,Giza,Desk,Furniture,Completed,2,6956,0
102547,03/03/2026,CUST00747,Alexandria,Headphones,Electronics,Completed,3,1710,5
102548,16/10/2026,CUST00748,Mansoura,Monitor,Electronics,Completed,4,8832,10
102549,01/05/2026,CUST00749,Tanta,Printer,Office Equipment,Completed,5,6596,15
102550,14/12/2026,CUST00750,Aswan,Notebook Pack,Stationery,Completed,6,235.2,20
102551,27/07/2026,CUST00751,Luxor,Laptop,Electronics,Completed,7,28215,0
102552,12/02/2026,CUST00752,Port Said,Smartphone,Electronics,Completed,8,14500,5
102553,25/09/2026,CUST00753,Cairo,Wireless Mouse,Accessories,Completed,9,454.5,10
102554,10/04/2026,CUST00754,Giza,Keyboard,Accessories,Completed,10,867,15
102555,23/11/2026,CUST00755,Alexandria,Office Chair,Furniture,Completed,11,5356,20
102556,08/06/2026,CUST00756,Mansoura,Desk,Furniture,Completed,12,7696,0
102557,21/01/2026,CUST00757,Tanta,Headphones,Electronics,Completed,1,1890,5
102558,06/08/2026,CUST00758,Aswan,Monitor,Electronics,Completed,2,9752,10
102559,19/03/2026,CUST00759,Luxor,Printer,Office Equipment,Completed,3,7276,15
102560,04/10/2026,CUST00760,Port Said,Notebook Pack,Stationery,Completed,4,259.2,20
102561,17/05/2026,CUST00761,Cairo,Laptop,Electronics,Completed,5,31065,0
102562,02/12/2026,CUST00762,Giza,Smartphone,Electronics,Completed,6,15950,5
102563,15/07/2026,CUST00763,Alexandria,Wireless Mouse,Accessories,Completed,7,405,10
102564,28/02/2026,CUST00764,Mansoura,Keyboard,Accessories,Completed,8,773.5,15
102565,13/09/2026,CUST00765,Tanta,Office Chair,Furniture,Completed,9,4784,20
102566,26/04/2026,CUST00766,Aswan,Desk,Furniture,Completed,10,6882,0
102567,11/11/2026,CUST00767,Luxor,Headphones,Electronics,Completed,11,1692,5
102568,24/06/2026,CUST00768,Port Said,Monitor,Electronics,Completed,12,8740,10
102569,09/01/2026,CUST00769,Cairo,Printer,Office Equipment,Completed,1,6528,15
102570,22/08/2026,CUST00770,Giza,Notebook Pack,Stationery,Completed,2,232.8,20
102571,07/03/2026,CUST00771,Alexandria,Laptop,Electronics,Completed,3,27930,0
102572,20/10/2026,CUST00772,Mansoura,Smartphone,Electronics,Completed,4,14355,5
102573,05/05/2026,CUST00773,Tanta,Wireless Mouse,Accessories,Completed,5,450,10
102574,18/12/2026,CUST00774,Aswan,Keyboard,Accessories,Completed,6,858.5,15
102575,03/07/2026,CUST00775,Luxor,Office Chair,Furniture,Completed,7,5304,20
102576,16/02/2026,CUST00776,Port Said,Desk,Furniture,Completed,8,7622,0
102577,01/09/2026,CUST00777,Cairo,Headphones,Electronics,Completed,9,1872,5
102578,14/04/2026,CUST00778,Giza,Monitor,Electronics,Completed,10,9660,10
102579,27/11/2026,CUST00779,Alexandria,Printer,Office Equipment,Completed,11,7208,15
102580,12/06/2026,CUST00780,Mansoura,Notebook Pack,Stationery,Completed,12,256.8,20
102581,25/01/2026,CUST00781,Tanta,Laptop,Electronics,Completed,1,30780,0
102582,10/08/2026,CUST00782,Aswan,Smartphone,Electronics,Completed,2,15805,5
102583,23/03/2026,CUST00783,Luxor,Wireless Mouse,Accessories,Completed,3,495,10
102584,08/10/2026,CUST00784,Port Said,Keyboard,Accessories,Completed,4,765,15
102585,21/05/2026,CUST00785,Cairo,Office Chair,Furniture,Completed,5,4732,20
102586,06/12/2026,CUST00786,Giza,Desk,Furniture,Completed,6,6808,0
102587,19/07/2026,CUST00787,Alexandria,Headphones,Electronics,Completed,7,1674,5
102588,04/02/2026,CUST00788,Mansoura,Monitor,Electronics,Completed,8,8648,10
102589,17/09/2026,CUST00789,Tanta,Printer,Office Equipment,Completed,9,6460,15
102590,02/04/2026,CUST00790,Aswan,Notebook Pack,Stationery,Completed,10,230.4,20
102591,15/11/2026,CUST00791,Luxor,Laptop,Electronics,Completed,11,27645,0
102592,28/06/2026,CUST00792,Port Said,Smartphone,Electronics,Completed,12,14210,5
102593,13/01/2026,CUST00793,Cairo,Wireless Mouse,Accessories,Completed,1,445.5,10
102594,26/08/2026,CUST00794,Giza,Keyboard,Accessories,Completed,2,850,15
102595,11/03/2026,CUST00795,Alexandria,Office Chair,Furniture,Completed,3,5252,20
102596,24/10/2026,CUST00796,Mansoura,Desk,Furniture, completed ,4,7548,0
102597,09/05/2026,CUST00797,Tanta,Headphones,Electronics,Completed,5,1854,5
102598,22/12/2026,CUST00798,Aswan,Monitor,Electronics,Completed,6,9568,10
102599,07/07/2026,CUST00799,Luxor,Printer,Office Equipment,Completed,7,7140,15
102600,20/02/2026,CUST00800, Port Said ,Notebook Pack,Stationery,Completed,8,254.4,20
102601,05/09/2026,CUST00801,Cairo,Laptop,Electronics,Completed,9,30495,0
102602,18/04/2026,CUST00802,Giza,Smartphone,Electronics,Completed,10,15660,5
102603,03/11/2026,CUST00803,Alexandria,Wireless Mouse,Accessories,Completed,11,490.5,10
102604,16/06/2026,CUST00804,Mansoura,Keyboard,Accessories,Completed,12,935,15
102605,01/01/2026,CUST00805,Tanta,Office Chair,Furniture,Completed,1,4680,20
102606,14/08/2026,CUST00806,Aswan,Desk,Furniture,Completed,2,6734,0
102607,27/03/2026,CUST00807,Luxor,Headphones,Electronics,Completed,3,1656,5
102608,12/10/2026,CUST00808,Port Said,Monitor,Electronics,Completed,4,8556,10
102609,25/05/2026,CUST00809,Cairo,Printer,Office Equipment,Completed,5,6392,15
102610,10/12/2026,CUST00810,Giza,Notebook Pack,Stationery,Completed,6,228,20
102611,23/07/2026,CUST00811,Alexandria,Laptop,Electronics,Completed,7,27360,0
102612,08/02/2026,CUST00812,Mansoura,Smartphone,Electronics,Completed,8,14065,5
102613,21/09/2026,CUST00813,Tanta,Wireless Mouse,Accessories,Completed,9,441,10
102614,06/04/2026,CUST00814,Aswan,Keyboard,Accessories,Completed,10,841.5,15
102615,19/11/2026,CUST00815,Luxor,Office Chair,Furniture,Completed,11,5200,20
102616,04/06/2026,CUST00816,Port Said,Desk,Furniture,Completed,12,7474,0
102617,17/01/2026,CUST00817,Cairo,Headphones,Electronics,Completed,1,1836,5
102618,02/08/2026,CUST00818,Giza,Monitor,Electronics,Completed,2,9476,10
102619,15/03/2026,CUST00819,Alexandria,Printer,Office Equipment,Completed,3,7072,15
102620,28/10/2026,CUST00820,,Notebook Pack,Stationery,Completed,4,252,20
102621,13/05/2026,CUST00821,Tanta,Laptop,Electronics,Completed,5,30210,0
102622,26/12/2026,CUST00822,Aswan,Smartphone,Electronics,Completed,6,15515,5
102623,11/07/2026,CUST00823,Luxor,Wireless Mouse,Accessories,Completed,7,486,10
102624,24/02/2026,CUST00824,Port Said,Keyboard,Accessories,Completed,8,926.5,15
102625,09/09/2026,CUST00825,Cairo,Office Chair,Furniture,Completed,9,5720,20
102626,22/04/2026,CUST00826,Giza,Desk,Furniture,Completed,10,6660,0
102627,07/11/2026,CUST00827,Alexandria,Headphones,Electronics,Completed,11,1638,5
102628,20/06/2026,CUST00828,Mansoura,Monitor,Electronics,Completed,12,8464,10
102629,05/01/2026,CUST00829,Tanta,Printer,Office Equipment,Completed,1,6324,15
102630,18/08/2026,CUST00830,Aswan,Notebook Pack,Stationery,Completed,2,225.6,20
102631,03/03/2026,CUST00831,Luxor,Laptop,Electronics,Completed,3,27075,0
102632,16/10/2026,CUST00832,Port Said,Smartphone,Electronics,Completed,4,13920,5
102633,01/05/2026,CUST00833,Cairo,Wireless Mouse,Accessories,Completed,5,436.5,10
102634,14/12/2026,CUST00834,Giza,Keyboard,Accessories,Completed,6,833,15
102635,27/07/2026,CUST00835,Alexandria,Office Chair,Furniture,Completed,7,5148,20
102636,12/02/2026,CUST00836,Mansoura,Desk,Furniture,Completed,8,7400,0
102637,25/09/2026,CUST00837,Tanta,Headphones,Electronics,Completed,9,1818,5
102638,10/04/2026,CUST00838,Aswan,Monitor,Electronics,Completed,10,9384,10
102639,23/11/2026,CUST00839,Luxor,Printer,Office Equipment,Completed,11,7004,15
102640,08/06/2026,CUST00840,Port Said,Notebook Pack,Stationery,Completed,12,249.6,20
102641,21/01/2026,CUST00841,Cairo,Laptop,Electronics,Completed,1,29925,0
102642,06/08/2026,CUST00842,Giza,Smartphone,Electronics,Completed,2,15370,5
102643,19/03/2026,CUST00843,Alexandria,Wireless Mouse,Accessories,Completed,3,481.5,10
102644,04/10/2026,CUST00844,Mansoura,Keyboard,Accessories,Completed,4,918,15
102645,17/05/2026,CUST00845,Tanta,Office Chair,Furniture,Completed,5,5668,20
102646,02/12/2026,CUST00846,Aswan,Desk,Furniture,Completed,6,8140,0
102647,15/07/2026,CUST00847,Luxor,Headphones,Electronics,Completed,7,1620,5
102648,28/02/2026,CUST00848,Port Said,Monitor,Electronics,Completed,8,8372,10
102649,13/09/2026,CUST00849,Cairo,Printer,Office Equipment,Completed,9,6256,15
102650,26/04/2026,CUST00850,Giza,Notebook Pack,Stationery,Completed,10,223.2,20
102651,11/11/2026,CUST00851,Alexandria,Laptop,Electronics,Completed,11,26790,0
102652,24/06/2026,CUST00852,Mansoura,Smartphone,Electronics,Completed,12,13775,5
102653,09/01/2026,CUST00853,Tanta,Wireless Mouse,Accessories,Completed,1,432,10
102654,22/08/2026,CUST00854,Aswan,Keyboard,Accessories,Completed,2,824.5,15
102655,07/03/2026,CUST00855,Luxor,Office Chair,Furniture,Completed,3,5096,20
102656,20/10/2026,CUST00856,Port Said,Desk,Furniture,Completed,4,7326,0
102657,05/05/2026,CUST00857,Cairo,Headphones,Electronics,Completed,5,1800,5
102658,18/12/2026,CUST00858,Giza,Monitor,Electronics,Completed,6,9292,10
102659,03/07/2026,CUST00859,Alexandria,Printer,Office Equipment,Completed,7,6936,15
102660,16/02/2026,CUST00860,Mansoura,Notebook Pack,Stationery,Completed,8,247.2,20
102661,01/09/2026,CUST00861,Tanta,Laptop,Electronics,Completed,9,29640,0
102662,14/04/2026,CUST00862,Aswan,Smartphone,Electronics,Completed,10,15225,5
102663,27/11/2026,CUST00863,Luxor,Wireless Mouse,Accessories,Completed,11,477,10
102664,12/06/2026,CUST00864,Port Said,Keyboard,Accessories,Completed,12,909.5,15
102665,25/01/2026,CUST00865,Cairo,Office Chair,Furniture,Completed,1,5616,20
102666,10/08/2026,CUST00866,Giza,Desk,Furniture,Completed,2,8066,0
102667,23/03/2026,CUST00867,Alexandria,Headphones,Electronics,Completed,3,1980,5
102668,08/10/2026,CUST00868,Mansoura, monitor ,Electronics,Completed,4,8280,10
102669,21/05/2026,CUST00869,Tanta,Printer,Office Equipment,Completed,5,6188,15
102670,06/12/2026,CUST00870,Aswan,Notebook Pack,Stationery,Completed,6,220.8,20
102671,19/07/2026,CUST00871,Luxor,Laptop,Electronics,Completed,7,26505,0
102672,04/02/2026,CUST00872,Port Said,Smartphone,Electronics,Completed,8,13630,5
102673,17/09/2026,CUST00873,Cairo,Wireless Mouse,Accessories,Completed,9,427.5,10
102674,02/04/2026,CUST00874,Giza,Keyboard,Accessories,Completed,10,816,15
102675,15/11/2026,CUST00875,Alexandria,Office Chair,Furniture,Completed,11,5044,20
102676,28/06/2026,CUST00876,Mansoura,Desk,Furniture,Completed,12,7252,0
102677,13/01/2026,CUST00877,Tanta,Headphones,Electronics,Completed,1,1782,5
102678,26/08/2026,CUST00878,Aswan,Monitor,Electronics,Completed,2,9200,10
102679,11/03/2026,CUST00879,Luxor,Printer,Office Equipment,Completed,3,6868,15
102680,24/10/2026,CUST00880,Port Said,Notebook Pack,Stationery,Completed,4,244.8,20
102681,09/05/2026,CUST00881,Cairo,Laptop,Electronics,Completed,5,29355,0
102682,22/12/2026,CUST00882,Giza,Smartphone,Electronics,Completed,6,15080,5
102683,07/07/2026,CUST00883,Alexandria,Wireless Mouse,accessories,Completed,7,472.5,10
102684,20/02/2026,CUST00884,Mansoura,Keyboard,Accessories,Completed,8,901,15
102685,05/09/2026,CUST00885,Tanta,Office Chair,Furniture,Completed,9,5564,20
102686,18/04/2026,CUST00886,Aswan,Desk,Furniture,Completed,10,7992,0
102687,03/11/2026,CUST00887,Luxor,Headphones,Electronics,Completed,11,1962,5
102688,16/06/2026,CUST00888,Port Said,Monitor,Electronics,Completed,12,10120,10
102689,01/01/2026,CUST00889,Cairo,Printer,Office Equipment,Completed,1,6120,15
102690,14/08/2026,CUST00890,Giza,Notebook Pack,Stationery,Completed,2,218.4,20
102691,27/03/2026,CUST00891,Alexandria,Laptop,Electronics,Completed,3,26220,0
102692,12/10/2026,CUST00892,Mansoura,Smartphone,Electronics,Completed,4,13485,5
102693,25/05/2026,CUST00893,Tanta,Wireless Mouse,Accessories,Completed,5,423,10
102694,10/12/2026,CUST00894,Aswan,Keyboard,Accessories,Completed,6,807.5,15
102695,23/07/2026,CUST00895,Luxor,Office Chair,Furniture,Completed,7,4992,20
102696,08/02/2026,CUST00896,Port Said,Desk,Furniture,Completed,8,7178,0
102697,21/09/2026,CUST00897,Cairo,Headphones,Electronics,Completed,9,1764,5
102698,06/04/2026,CUST00898,Giza,Monitor,Electronics,Completed,10,9108,10
102699,19/11/2026,CUST00899,Alexandria,Printer,Office Equipment,Completed,11,6800,15
102700,04/06/2026,CUST00900,Mansoura,Notebook Pack,Stationery,Completed,12,242.4,20
102701,17/01/2025,CUST00901,Tanta,Laptop,Electronics,Completed,1,29070,0
102702,02/08/2025,CUST00902,Aswan,Smartphone,Electronics,Completed,2,14935,5
102703,15/03/2025,CUST00903,Luxor,Wireless Mouse,Accessories,Completed,3,468,10
102704,28/10/2025,CUST00904,Port Said,Keyboard,Accessories,Completed,4,892.5,15
102705,13/05/2025,CUST00905,Cairo,Office Chair,Furniture,Completed,5,5512,20
102706,26/12/2025,CUST00906,Giza,Desk,Furniture,Completed,6,7918,0
102707,11/07/2025,CUST00907,Alexandria,Headphones,Electronics,Completed,7,1944,5
102708,24/02/2025,CUST00908,Mansoura,Monitor,Electronics,Completed,8,10028,10
102709,09/09/2025,CUST00909,Tanta,Printer,Office Equipment,Completed,9,7480,15
102710,22/04/2025,CUST00910,Aswan,Notebook Pack,Stationery,Completed,10,216,20
102711,07/11/2025,CUST00911,Luxor,Laptop,Electronics,Completed,11,25935,0
102712,20/06/2025,CUST00912,Port Said,Smartphone,Electronics,Completed,12,13340,5
102713,05/01/2025,CUST00913, Cairo ,Wireless Mouse,Accessories,Completed,1,418.5,10
102714,18/08/2025,CUST00914,Giza,Keyboard,Accessories,Completed,2,799,15
102715,03/03/2025,CUST00915,Alexandria,Office Chair,Furniture,Completed,3,4940,20
102716,16/10/2025,CUST00916,Mansoura,Desk,Furniture,Completed,4,7104,
102717,01/05/2025,CUST00917,,Headphones,Electronics,Completed,5,1746,5
102718,14/12/2025,CUST00918,Aswan,Monitor,Electronics,Completed,6,9016,10
102719,27/07/2025,CUST00919,Luxor,Printer,Office Equipment,Completed,7,6732,15
102720,12/02/2025,CUST00920,Port Said,Notebook Pack,Stationery,Completed,8,240,20
102721,25/09/2025,CUST00921,Cairo,Laptop,Electronics,Completed,9,28785,0
102722,10/04/2025,CUST00922,Giza,Smartphone,Electronics,Completed,10,14790,5
102723,23/11/2025,CUST00923,Alexandria,Wireless Mouse,Accessories,Completed,11,463.5,10
102724,08/06/2025,CUST00924,Mansoura,Keyboard,Accessories,Completed,12,884,15
102725,21/01/2025,CUST00925,Tanta,Office Chair,Furniture,Completed,1,5460,20
102726,06/08/2025,CUST00926,Aswan,Desk,Furniture,Completed,2,7844,0
102727,19/03/2025,CUST00927,Luxor,Headphones,Electronics,Completed,3,1926,5
102728,04/10/2025,CUST00928,Port Said,Monitor,Electronics,Completed,4,9936,10
102729,17/05/2025,CUST00929,Cairo,Printer,Office Equipment,Completed,5,7412,15
102730,02/12/2025,CUST00930,Giza,Notebook Pack,Stationery,Completed,6,264,20
102731,15/07/2025,CUST00931,Alexandria,Laptop,Electronics,Completed,7,25650,0
102732,28/02/2025,CUST00932,Mansoura,Smartphone,Electronics,Completed,8,13195,5
102733,13/09/2025,CUST00933,Tanta,Wireless Mouse,Accessories,Completed,9,414,10
102734,26/04/2025,CUST00934,Aswan,Keyboard,Accessories,Completed,10,790.5,15
102735,11/11/2025,CUST00935,Luxor,Office Chair,Furniture,Completed,11,4888,20
102736,24/06/2025,CUST00936,Port Said,Desk,Furniture,Completed,12,7030,0
102737,09/01/2025,CUST00937,Cairo,Headphones,Electronics,Completed,1,1728,5
102738,22/08/2025,CUST00938,Giza,Monitor,Electronics,Completed,2,8924,10
102739,07/03/2025,CUST00939,Alexandria,Printer,Office Equipment,Completed,3,6664,15
102740,20/10/2025,CUST00940,Mansoura,Notebook Pack,Stationery,Completed,4,237.6,20
102741,05/05/2025,CUST00941,Tanta,Laptop,Electronics,Completed,5,28500,0
102742,18/12/2025,CUST00942,Aswan,Smartphone,Electronics,Completed,6,14645,5
102743,03/07/2025,CUST00943,Luxor,Wireless Mouse,Accessories,Completed,7,459,10
102744,16/02/2025,CUST00944,Port Said,Keyboard,Accessories,Completed,8,875.5,15
102745,01/09/2025,CUST00945,Cairo,Office Chair,Furniture,Completed,9,5408,20
102746,14/04/2025,CUST00946,Giza,Desk,Furniture,Completed,10,7770,0
102747,27/11/2025,CUST00947,Alexandria,Headphones,Electronics,Completed,11,1908,5
102748,12/06/2025,CUST00948,Mansoura,Monitor,Electronics,Completed,12,9844,10
102749,25/01/2025,CUST00949,Tanta,Printer,Office Equipment,Completed,1,7344,15
102750,10/08/2025,CUST00950,Aswan,Notebook Pack,Stationery,Completed,2,261.6,20
102751,23/03/2025,CUST00951,Luxor,Laptop,Electronics,Completed,3,31350,0
102752,08/10/2025,CUST00952,Port Said,Smartphone,Electronics,Completed,4,13050,5
102753,21/05/2025,CUST00953,Cairo,Wireless Mouse,Accessories,Completed,5,409.5,10
102754,06/12/2025,CUST00954,Giza,Keyboard,Accessories,Completed,6,782,15
102755,19/07/2025,CUST00955,Alexandria,Office Chair,Furniture,Completed,7,4836,20
102756,04/02/2025,CUST00956,Mansoura,Desk,Furniture,Completed,8,6956,0
102757,17/09/2025,CUST00957,Tanta,Headphones,Electronics,Completed,9,1710,5
102758,02/04/2025,CUST00958,Aswan,Monitor,Electronics,Completed,10,8832,10
102759,15/11/2025,CUST00959,Luxor,Printer,Office Equipment,Completed,11,6596,15
102760,28/06/2025,CUST00960,Port Said,Notebook Pack,Stationery,Completed,12,235.2,20
102761,13/01/2025,CUST00961,Cairo,Laptop,Electronics,Completed,1,28215,0
102762,26/08/2025,CUST00962,Giza,Smartphone,Electronics,Completed,2,14500,5
102763,11/03/2025,CUST00963,Alexandria,Wireless Mouse,Accessories,Completed,3,454.5,10
102764,24/10/2025,CUST00964,Mansoura,Keyboard,Accessories,Completed,4,867,15
102765,09/05/2025,CUST00965,Tanta,Office Chair,Furniture,Completed,5,5356,20
102766,22/12/2025,CUST00966,Aswan,Desk,Furniture,Completed,6,7696,0
102767,07/07/2025,CUST00967,Luxor,Headphones,Electronics,Completed,7,1890,5
102768,20/02/2025,CUST00968,Port Said,Monitor,Electronics,Completed,8,9752,10
102769,05/09/2025,CUST00969,Cairo,Printer,Office Equipment, completed ,9,7276,15
102770,18/04/2025,CUST00970,Giza,Notebook Pack,Stationery,Completed,10,259.2,20
102771,03/11/2025,CUST00971,Alexandria,Laptop,Electronics,Completed,11,31065,0
102772,16/06/2025,CUST00972,Mansoura,Smartphone,Electronics,Completed,12,15950,5
102773,01/01/2025,CUST00973,Tanta,Wireless Mouse,Accessories,Completed,1,405,10
102774,14/08/2025,CUST00974,Aswan,Keyboard,Accessories,Completed,2,773.5,15
102775,27/03/2025,CUST00975,Luxor,Office Chair,Furniture,Completed,3,4784,20
102776,12/10/2025,CUST00976,Port Said,Desk,Furniture,Completed,4,6882,0
102777,25/05/2025,CUST00977,Cairo,Headphones,Electronics,Completed,5,1692,5
102778,10/12/2025,CUST00978,Giza,Monitor,Electronics,Completed,6,8740,10
102779,23/07/2025,CUST00979,Alexandria,Printer,Office Equipment,Completed,7,6528,15
102780,08/02/2025,CUST00980,Mansoura,Notebook Pack,Stationery,Completed,8,232.8,20
102781,21/09/2025,CUST00981,Tanta,Laptop,Electronics,Completed,9,27930,0
102782,06/04/2025,CUST00982,Aswan,Smartphone,Electronics,Completed,10,14355,5
102783,19/11/2025,CUST00983,Luxor,Wireless Mouse,Accessories,Completed,11,450,10
102784,04/06/2025,CUST00984,Port Said,Keyboard,Accessories,Completed,12,858.5,15
102785,17/01/2025,CUST00985,Cairo,Office Chair,Furniture,Completed,1,5304,20
102786,02/08/2025,CUST00986,Giza,Desk,Furniture,Completed,2,7622,0
102787,15/03/2025,CUST00987,Alexandria,Headphones,Electronics,Completed,3,1872,5
102788,28/10/2025,CUST00988,Mansoura,Monitor,Electronics,Completed,4,9660,10
102789,13/05/2025,CUST00989,Tanta,Printer,Office Equipment,Completed,5,7208,15
102790,26/12/2025,CUST00990,Aswan,Notebook Pack,Stationery,Completed,6,256.8,20
102791,11/07/2025,CUST00991,Luxor,Laptop,Electronics,Completed,7,30780,0
102792,24/02/2025,CUST00992,Port Said,Smartphone,Electronics,Completed,8,15805,5
102793,09/09/2025,CUST00993,Cairo,Wireless Mouse,Accessories,Completed,9,495,10
102794,22/04/2025,CUST00994,Giza,Keyboard,Accessories,Completed,10,765,15
102795,07/11/2025,CUST00995,Alexandria, office chair ,Furniture,Completed,11,4732,20
102796,20/06/2025,CUST00996,Mansoura,Desk,Furniture,Completed,12,6808,0
102797,05/01/2025,CUST00997,Tanta,Headphones,Electronics,Completed,1,1674,5
102798,18/08/2025,CUST00998,Aswan,Monitor,Electronics,Completed,2,8648,10
102799,03/03/2025,CUST00999,Luxor,Printer,Office Equipment,Completed,3,6460,15
102800,16/10/2025,CUST01000,Port Said,Notebook Pack,Stationery,Completed,4,230.4,20
102801,01/05/2025,CUST01001,Cairo,Laptop,Electronics,Completed,5,27645,0
102802,14/12/2025,CUST01002,Giza,Smartphone,Electronics,Completed,6,14210,5
102803,27/07/2025,CUST01003,Alexandria,Wireless Mouse,Accessories,Completed,7,445.5,10
102804,12/02/2025,CUST01004,Mansoura,Keyboard,Accessories,Completed,8,850,15
102805,25/09/2025,CUST01005,Tanta,Office Chair,Furniture,Completed,9,5252,20
102806,10/04/2025,CUST01006,Aswan,Desk,Furniture,Completed,10,7548,0
102807,23/11/2025,CUST01007,Luxor,Headphones,Electronics,Completed,11,1854,5
102808,08/06/2025,CUST01008,Port Said,Monitor,Electronics,Completed,12,9568,10
102809,21/01/2025,CUST01009,Cairo,Printer,Office Equipment,Completed,1,7140,15
102810,06/08/2025,CUST01010,Giza,Notebook Pack,Stationery,Completed,2,254.4,20
102811,19/03/2025,CUST01011,Alexandria,Laptop,Electronics,Completed,3,30495,0
102812,04/10/2025,CUST01012,Mansoura,Smartphone,Electronics,Completed,4,15660,5
102813,17/05/2025,CUST01013,Tanta,Wireless Mouse,Accessories,Completed,5,490.5,10
102814,02/12/2025,CUST01014,,Keyboard,Accessories,Completed,6,935,15
102815,15/07/2025,CUST01015,Luxor,Office Chair,Furniture,Completed,7,4680,20
102816,28/02/2025,CUST01016,Port Said,Desk,Furniture,Completed,8,6734,0
102817,13/09/2025,CUST01017,Cairo,Headphones,Electronics,Completed,9,1656,5
102818,26/04/2025,CUST01018,Giza,Monitor,Electronics,Completed,10,8556,10
102819,11/11/2025,CUST01019,Alexandria,Printer,Office Equipment,Completed,11,6392,15
102820,24/06/2025,CUST01020,Mansoura,Notebook Pack,Stationery,Completed,12,228,20
102821,09/01/2025,CUST01021,Tanta,Laptop,Electronics,Completed,1,27360,0
102822,22/08/2025,CUST01022,Aswan,Smartphone,Electronics,Completed,2,14065,5
102823,07/03/2025,CUST01023,Luxor,Wireless Mouse,Accessories,Completed,3,441,10
102824,20/10/2025,CUST01024,Port Said,Keyboard,Accessories,Completed,4,841.5,15
102825,05/05/2025,CUST01025,Cairo,Office Chair,Furniture,Completed,5,5200,20
102826,18/12/2025,CUST01026, Giza ,Desk,Furniture,Completed,6,7474,0
102827,03/07/2025,CUST01027,Alexandria,Headphones,Electronics,Completed,7,1836,5
102828,16/02/2025,CUST01028,Mansoura,Monitor,Electronics,Completed,8,9476,10
102829,01/09/2025,CUST01029,Tanta,Printer,Office Equipment,Completed,9,7072,15
102830,14/04/2025,CUST01030,Aswan,Notebook Pack,Stationery,Completed,10,252,20
102831,27/11/2025,CUST01031,Luxor,Laptop,Electronics,Completed,11,30210,0
102832,12/06/2025,CUST01032,Port Said,Smartphone,electronics,Completed,12,15515,5
102833,25/01/2025,CUST01033,Cairo,Wireless Mouse,Accessories,Completed,1,486,10
102834,10/08/2025,CUST01034,Giza,Keyboard,Accessories,Completed,2,926.5,15
102835,23/03/2025,CUST01035,Alexandria,Office Chair,Furniture,Completed,3,5720,20
102836,08/10/2025,CUST01036,Mansoura,Desk,Furniture,Completed,4,6660,0
102837,21/05/2025,CUST01037,Tanta,Headphones,Electronics,Completed,5,1638,5
102838,06/12/2025,CUST01038,Aswan,Monitor,Electronics,Completed,6,8464,10
102839,19/07/2025,CUST01039,Luxor,Printer,Office Equipment,Completed,7,6324,15
102840,04/02/2025,CUST01040,Port Said,Notebook Pack,Stationery,Completed,8,225.6,20
102841,17/09/2025,CUST01041,Cairo,Laptop,Electronics,Completed,9,27075,0
102842,02/04/2025,CUST01042,Giza,Smartphone,Electronics,Completed,10,13920,5
102843,15/11/2025,CUST01043,Alexandria,Wireless Mouse,Accessories,Completed,11,436.5,10
102844,28/06/2025,CUST01044,Mansoura,Keyboard,Accessories,Completed,12,833,15
102845,13/01/2025,CUST01045,Tanta,Office Chair,Furniture,Completed,1,5148,20
102846,26/08/2025,CUST01046,Aswan,Desk,Furniture,Completed,2,7400,0
102847,11/03/2025,CUST01047,Luxor,Headphones,Electronics,Completed,3,1818,5
102848,24/10/2025,CUST01048,Port Said,Monitor,Electronics,Completed,4,9384,10
102849,09/05/2025,CUST01049,Cairo,Printer,Office Equipment,Completed,5,7004,15
102850,22/12/2025,CUST01050,Giza,Notebook Pack,Stationery,Completed,6,249.6,20
102851,07/07/2025,CUST01051,Alexandria,Laptop,Electronics,Completed,7,29925,0
102852,20/02/2025,CUST01052,Mansoura,Smartphone,Electronics,Completed,8,15370,5
102853,05/09/2025,CUST01053,Tanta,Wireless Mouse,Accessories,Completed,9,481.5,10
102854,18/04/2025,CUST01054,Aswan,Keyboard,Accessories,Completed,10,918,15
102855,03/11/2025,CUST01055,Luxor,Office Chair,Furniture,Completed,11,5668,20
102856,16/06/2025,CUST01056,Port Said,Desk,Furniture,Completed,12,8140,0
102857,01/01/2025,CUST01057,Cairo,Headphones,Electronics,Completed,1,1620,5
102858,14/08/2025,CUST01058,Giza,Monitor,Electronics,Completed,2,8372,10
102859,27/03/2025,CUST01059,Alexandria,Printer,Office Equipment,Completed,3,6256,15
102860,12/10/2025,CUST01060,Mansoura,Notebook Pack,Stationery,Completed,4,223.2,20
102861,25/05/2025,CUST01061,Tanta,Laptop,Electronics,Completed,5,26790,0
102862,10/12/2025,CUST01062,Aswan,Smartphone,Electronics,Completed,6,13775,5
102863,23/07/2025,CUST01063,Luxor,Wireless Mouse,Accessories,Completed,7,432,10
102864,08/02/2025,CUST01064,Port Said,Keyboard,Accessories,Completed,8,824.5,15
102865,21/09/2025,CUST01065,Cairo,Office Chair,Furniture,Completed,9,5096,20
102866,06/04/2025,CUST01066,Giza,Desk,Furniture,Completed,10,7326,0
102867,19/11/2025,CUST01067,Alexandria,Headphones,Electronics,Completed,11,1800,5
102868,04/06/2025,CUST01068,Mansoura,Monitor,Electronics,Completed,12,9292,10
102869,17/01/2025,CUST01069,Tanta,Printer,Office Equipment,Completed,1,6936,15
102870,02/08/2025,CUST01070,Aswan,Notebook Pack,Stationery,Completed,2,247.2,20
102871,15/03/2025,CUST01071,Luxor,Laptop,Electronics,Completed,3,29640,0
102872,28/10/2025,CUST01072,Port Said,Smartphone,Electronics,Completed,4,15225,5
102873,13/05/2025,CUST01073,Cairo,Wireless Mouse,Accessories,Completed,5,477,10
102874,26/12/2025,CUST01074,Giza,Keyboard,Accessories,Completed,6,909.5,15
102875,11/07/2025,CUST01075,Alexandria,Office Chair,Furniture,Completed,7,5616,20
102876,24/02/2025,CUST01076,Mansoura,Desk,Furniture,Completed,8,8066,0
102877,09/09/2025,CUST01077,Tanta,Headphones,Electronics,Completed,9,1980,5
102878,22/04/2025,CUST01078,Aswan,Monitor,Electronics,Completed,10,8280,10
102879,07/11/2025,CUST01079,Luxor,Printer,Office Equipment,Completed,11,6188,15
102880,20/06/2025,CUST01080,Port Said,Notebook Pack,Stationery,Completed,12,220.8,20
102881,05/01/2025,CUST01081,Cairo,Laptop,Electronics,Completed,1,26505,0
102882,18/08/2025,CUST01082,Giza,Smartphone,Electronics,Completed,2,13630,5
102883,03/03/2025,CUST01083,Alexandria,Wireless Mouse,Accessories,Completed,3,427.5,10
102884,16/10/2025,CUST01084,Mansoura,Keyboard,Accessories,Completed,4,816,15
102885,01/05/2025,CUST01085,Tanta,Office Chair,Furniture,Completed,5,5044,20
102886,14/12/2025,CUST01086,Aswan,Desk,Furniture,Completed,6,7252,0
102887,27/07/2025,CUST01087,Luxor,Headphones,Electronics,Completed,7,1782,5
102888,12/02/2025,CUST01088,Port Said,Monitor,Electronics,Completed,8,9200,10
102889,25/09/2025,CUST01089,Cairo,Printer,Office Equipment,Completed,9,6868,15
102890,10/04/2025,CUST01090,Giza,Notebook Pack,Stationery,Completed,10,244.8,20
102891,23/11/2025,CUST01091,Alexandria,Laptop,Electronics,Completed,11,29355,0
102892,08/06/2025,CUST01092,Mansoura,Smartphone,Electronics,Completed,12,15080,5
102893,21/01/2025,CUST01093,Tanta,Wireless Mouse,Accessories,Completed,1,472.5,10
102894,06/08/2025,CUST01094,Aswan,Keyboard,Accessories,Completed,2,901,15
102895,19/03/2025,CUST01095,Luxor,Office Chair,Furniture,Completed,3,5564,20
102896,04/10/2025,CUST01096,Port Said,Desk,Furniture,Completed,4,7992,0
102897,17/05/2025,CUST01097,Cairo,Headphones,Electronics,Completed,5,1962,
102898,02/12/2025,CUST01098,Giza,Monitor,Electronics,Completed,6,10120,10
102899,15/07/2025,CUST01099,Alexandria,Printer,Office Equipment,Completed,7,6120,15
102900,28/02/2025,CUST01100,Mansoura,Notebook Pack,Stationery,Completed,8,218.4,20
102901,13/09/2025,CUST01101,Tanta,Laptop,Electronics,Completed,9,26220,0
102902,26/04/2025,CUST01102,Aswan,Smartphone,Electronics,Completed,10,13485,5
102903,11/11/2025,CUST01103,Luxor,Wireless Mouse,Accessories,Completed,11,423,10
102904,24/06/2025,CUST01104,Port Said,Keyboard,Accessories,Completed,12,807.5,15
102905,09/01/2025,CUST01105,Cairo,Office Chair,Furniture,Completed,1,4992,20
102906,22/08/2025,CUST01106,Giza,Desk,Furniture,Completed,2,7178,0
102907,07/03/2025,CUST01107,Alexandria,Headphones,Electronics,Completed,3,1764,5
102908,20/10/2025,CUST01108,Mansoura,Monitor,Electronics,Completed,4,9108,10
102909,05/05/2025,CUST01109,Tanta,Printer,Office Equipment,Completed,5,6800,15
102910,18/12/2025,CUST01110,Aswan,Notebook Pack,Stationery,Completed,6,242.4,20
102911,03/07/2025,CUST01111,,Laptop,Electronics,Completed,7,29070,0
102912,16/02/2025,CUST01112,Port Said,Smartphone,Electronics,Completed,8,14935,5
102913,01/09/2025,CUST01113,Cairo,Wireless Mouse,Accessories,Completed,9,468,10
102914,14/04/2025,CUST01114,Giza,Keyboard,Accessories,Completed,10,892.5,15
102915,27/11/2025,CUST01115,Alexandria,Office Chair,Furniture,Completed,11,5512,20
102916,12/06/2025,CUST01116,Mansoura,Desk,Furniture,Completed,12,7918,0
102917,25/01/2025,CUST01117,Tanta,Headphones,Electronics,Completed,1,1944,5
102918,10/08/2025,CUST01118,Aswan,Monitor,Electronics,Completed,2,10028,10
102919,23/03/2025,CUST01119,Luxor,Printer,Office Equipment,Completed,3,7480,15
102920,08/10/2025,CUST01120,Port Said,Notebook Pack,Stationery,Completed,4,216,20
102921,21/05/2025,CUST01121,Cairo,Laptop,Electronics,Completed,5,25935,0
102922,06/12/2025,CUST01122,Giza, smartphone ,Electronics,Completed,6,13340,5
102923,19/07/2025,CUST01123,Alexandria,Wireless Mouse,Accessories,Completed,7,418.5,10
102924,04/02/2025,CUST01124,Mansoura,Keyboard,Accessories,Completed,8,799,15
102925,17/09/2025,CUST01125,Tanta,Office Chair,Furniture,Completed,9,4940,20
102926,02/04/2025,CUST01126,Aswan,Desk,Furniture,Completed,10,7104,0
102927,15/11/2025,CUST01127,Luxor,Headphones,Electronics,Completed,11,1746,5
102928,28/06/2025,CUST01128,Port Said,Monitor,Electronics,Completed,12,9016,10
102929,13/01/2025,CUST01129,Cairo,Printer,Office Equipment,Completed,1,6732,15
102930,26/08/2025,CUST01130,Giza,Notebook Pack,Stationery,Completed,2,240,20
102931,11/03/2025,CUST01131,Alexandria,Laptop,Electronics,Completed,3,28785,0
102932,24/10/2025,CUST01132,Mansoura,Smartphone,Electronics,Completed,4,14790,5
102933,09/05/2025,CUST01133,Tanta,Wireless Mouse,Accessories,Completed,5,463.5,10
102934,22/12/2025,CUST01134,Aswan,Keyboard,Accessories,Completed,6,884,15
102935,07/07/2025,CUST01135,Luxor,Office Chair,Furniture,Completed,7,5460,20
102936,20/02/2025,CUST01136,Port Said,Desk,Furniture,Completed,8,7844,0
102937,05/09/2025,CUST01137,Cairo,Headphones,Electronics,Completed,9,1926,5
102938,18/04/2025,CUST01138,Giza,Monitor,Electronics,Completed,10,9936,10
102939,03/11/2025,CUST01139, Alexandria ,Printer,Office Equipment,Completed,11,7412,15
102940,16/06/2025,CUST01140,Mansoura,Notebook Pack,Stationery,Completed,12,264,20
102941,01/01/2025,CUST01141,Tanta,Laptop,Electronics,Completed,1,25650,0
102942,14/08/2025,CUST01142,Aswan,Smartphone,Electronics, completed ,2,13195,5
102943,27/03/2025,CUST01143,Luxor,Wireless Mouse,Accessories,Completed,3,414,10
102944,12/10/2025,CUST01144,Port Said,Keyboard,Accessories,Completed,4,790.5,15
102945,25/05/2025,CUST01145,Cairo,Office Chair,Furniture,Completed,5,4888,20
102946,10/12/2025,CUST01146,Giza,Desk,Furniture,Completed,6,7030,0
102947,23/07/2025,CUST01147,Alexandria,Headphones,Electronics,Completed,7,1728,5
102948,08/02/2025,CUST01148,Mansoura,Monitor,Electronics,Completed,8,8924,10
102949,21/09/2025,CUST01149,Tanta,Printer,Office Equipment,Completed,9,6664,15
102950,06/04/2025,CUST01150,Aswan,Notebook Pack,Stationery,Completed,10,237.6,20
102951,19/11/2025,CUST01151,Luxor,Laptop,Electronics,Completed,11,28500,0
102952,04/06/2025,CUST01152,Port Said,Smartphone,Electronics,Completed,12,14645,5
102953,17/01/2025,CUST01153,Cairo,Wireless Mouse,Accessories,Completed,1,459,10
102954,02/08/2025,CUST01154,Giza,Keyboard,Accessories,Completed,2,875.5,15
102955,15/03/2025,CUST01155,Alexandria,Office Chair,Furniture,Completed,3,5408,20
102956,28/10/2025,CUST01156,Mansoura,Desk,Furniture,Completed,4,7770,0
102957,13/05/2025,CUST01157,Tanta,Headphones,Electronics,Completed,5,1908,5
102958,26/12/2025,CUST01158,Aswan,Monitor,Electronics,Completed,6,9844,10
102959,11/07/2025,CUST01159,Luxor,Printer,Office Equipment,Completed,7,7344,15
102960,24/02/2025,CUST01160,Port Said,Notebook Pack,Stationery,Completed,8,261.6,20
102961,09/09/2025,CUST01161,Cairo,Laptop,Electronics,Completed,9,31350,0
102962,22/04/2025,CUST01162,Giza,Smartphone,Electronics,Completed,10,13050,5
102963,07/11/2025,CUST01163,Alexandria,Wireless Mouse,Accessories,Completed,11,409.5,10
102964,20/06/2025,CUST01164,Mansoura,Keyboard,Accessories,Completed,12,782,15
102965,05/01/2025,CUST01165,Tanta,Office Chair,Furniture,Completed,1,4836,20
102966,18/08/2025,CUST01166,Aswan,Desk,Furniture,Completed,2,6956,0
102967,03/03/2025,CUST01167,Luxor,Headphones,Electronics,Completed,3,1710,5
102968,16/10/2025,CUST01168,Port Said,Monitor,Electronics,Completed,4,8832,10
102969,01/05/2025,CUST01169,Cairo,Printer,Office Equipment,Completed,5,6596,15
102970,14/12/2025,CUST01170,Giza,Notebook Pack,Stationery,Completed,6,235.2,20
102971,27/07/2025,CUST01171,Alexandria,Laptop,Electronics,Completed,7,28215,0
102972,12/02/2025,CUST01172,Mansoura,Smartphone,Electronics,Completed,8,14500,5
102973,25/09/2025,CUST01173,Tanta,Wireless Mouse,Accessories,Completed,9,454.5,10
102974,10/04/2025,CUST01174,Aswan,Keyboard,Accessories,Completed,10,867,15
102975,23/11/2025,CUST01175,Luxor,Office Chair,Furniture,Completed,11,5356,20
102976,08/06/2025,CUST01176,Port Said,Desk,Furniture,Completed,12,7696,0
102977,21/01/2025,CUST01177,Cairo,Headphones,Electronics,Completed,1,1890,5
102978,06/08/2025,CUST01178,Giza,Monitor,Electronics,Completed,2,9752,10
102979,19/03/2025,CUST01179,Alexandria,Printer,Office Equipment,Completed,3,7276,15
102980,04/10/2025,CUST01180,Mansoura,Notebook Pack,Stationery,Completed,4,259.2,20
102981,17/05/2025,CUST01181,Tanta,Laptop,electronics,Completed,5,31065,0
102982,02/12/2025,CUST01182,Aswan,Smartphone,Electronics,Completed,6,15950,5
102983,15/07/2025,CUST01183,Luxor,Wireless Mouse,Accessories,Completed,7,405,10
102984,28/02/2025,CUST01184,Port Said,Keyboard,Accessories,Completed,8,773.5,15
102985,13/09/2025,CUST01185,Cairo,Office Chair,Furniture,Completed,9,4784,20
102986,26/04/2025,CUST01186,Giza,Desk,Furniture,Completed,10,6882,0
102987,11/11/2025,CUST01187,Alexandria,Headphones,Electronics,Completed,11,1692,5
102988,24/06/2025,CUST01188,Mansoura,Monitor,Electronics,Completed,12,8740,10
102989,09/01/2025,CUST01189,Tanta,Printer,Office Equipment,Completed,1,6528,15
102990,22/08/2025,CUST01190,Aswan,Notebook Pack,Stationery,Completed,2,232.8,20
102991,07/03/2025,CUST01191,Luxor,Laptop,Electronics,Completed,3,27930,0
102992,20/10/2025,CUST01192,Port Said,Smartphone,Electronics,Completed,4,14355,5
102993,05/05/2025,CUST01193,Cairo,Wireless Mouse,Accessories,Completed,5,450,10
102994,18/12/2025,CUST01194,Giza,Keyboard,Accessories,Completed,6,858.5,15
102995,03/07/2025,CUST01195,Alexandria,Office Chair,Furniture,Completed,7,5304,20
102996,16/02/2025,CUST01196,Mansoura,Desk,Furniture,Completed,8,7622,0
102997,01/09/2025,CUST01197,Tanta,Headphones,Electronics,Completed,9,1872,5
102998,14/04/2025,CUST01198,Aswan,Monitor,Electronics,Completed,10,9660,10
102999,27/11/2025,CUST01199,Luxor,Printer,Office Equipment,Completed,11,7208,15
103000,12/06/2025,CUST01200,Port Said,Notebook Pack,Stationery,Completed,12,256.8,20
103001,25/01/2025,CUST01201,Cairo,Laptop,Electronics,Completed,1,30780,0
103002,10/08/2025,CUST01202,Giza,Smartphone,Electronics,Completed,2,15805,5
103003,23/03/2025,CUST01203,Alexandria,Wireless Mouse,Accessories,Completed,3,495,10
103004,08/10/2025,CUST01204,Mansoura,Keyboard,Accessories,Completed,4,765,15
103005,21/05/2025,CUST01205,Tanta,Office Chair,Furniture,Completed,5,4732,20
103006,06/12/2025,CUST01206,Aswan,Desk,Furniture,Completed,6,6808,0
103007,19/07/2025,CUST01207,Luxor,Headphones,Electronics,Completed,7,1674,5
103008,04/02/2025,CUST01208,,Monitor,Electronics,Completed,8,8648,10
103009,17/09/2025,CUST01209,Cairo,Printer,Office Equipment,Completed,9,6460,15
103010,02/04/2025,CUST01210,Giza,Notebook Pack,Stationery,Completed,10,230.4,20
103011,15/11/2025,CUST01211,Alexandria,Laptop,Electronics,Completed,11,27645,0
103012,28/06/2025,CUST01212,Mansoura,Smartphone,Electronics,Completed,12,14210,5
103013,13/01/2025,CUST01213,Tanta,Wireless Mouse,Accessories,Completed,1,445.5,10
103014,26/08/2025,CUST01214,Aswan,Keyboard,Accessories,Completed,2,850,15
103015,11/03/2025,CUST01215,Luxor,Office Chair,Furniture,Completed,3,5252,20
103016,24/10/2025,CUST01216,Port Said,Desk,Furniture,Completed,4,7548,0
103017,09/05/2025,CUST01217,Cairo,Headphones,Electronics,Completed,5,1854,5
103018,22/12/2025,CUST01218,Giza,Monitor,Electronics,Completed,6,9568,10
103019,07/07/2025,CUST01219,Alexandria,Printer,Office Equipment,Completed,7,7140,15
103020,20/02/2025,CUST01220,Mansoura,Notebook Pack,Stationery,Completed,8,254.4,20
103021,05/09/2025,CUST01221,Tanta,Laptop,Electronics,Completed,9,30495,0
103022,18/04/2025,CUST01222,Aswan,Smartphone,Electronics,Completed,10,15660,5
103023,03/11/2025,CUST01223,Luxor,Wireless Mouse,Accessories,Completed,11,490.5,10
103024,16/06/2025,CUST01224,Port Said,Keyboard,Accessories,Completed,12,935,15
103025,01/01/2025,CUST01225,Cairo,Office Chair,Furniture,Completed,1,4680,20
103026,14/08/2025,CUST01226,Giza,Desk,Furniture,Completed,2,6734,0
103027,27/03/2025,CUST01227,Alexandria,Headphones,Electronics,Completed,3,1656,5
103028,12/10/2025,CUST01228,Mansoura,Monitor,Electronics,Completed,4,8556,10
103029,25/05/2025,CUST01229,Tanta,Printer,Office Equipment,Completed,5,6392,15
103030,10/12/2025,CUST01230,Aswan,Notebook Pack,Stationery,Completed,6,228,20
103031,23/07/2025,CUST01231,Luxor,Laptop,Electronics,Completed,7,27360,0
103032,08/02/2025,CUST01232,Port Said,Smartphone,Electronics,Completed,8,14065,5
103033,21/09/2025,CUST01233,Cairo,Wireless Mouse,Accessories,Completed,9,441,10
103034,06/04/2025,CUST01234,Giza,Keyboard,Accessories,Completed,10,841.5,15
103035,19/11/2025,CUST01235,Alexandria,Office Chair,Furniture,Completed,11,5200,20
103036,04/06/2025,CUST01236,Mansoura,Desk,Furniture,Completed,12,7474,0
103037,17/01/2025,CUST01237,Tanta,Headphones,Electronics,Completed,1,1836,5
103038,02/08/2025,CUST01238,Aswan,Monitor,Electronics,Completed,2,9476,10
103039,15/03/2025,CUST01239,Luxor,Printer,Office Equipment,Completed,3,7072,15
103040,28/10/2025,CUST01240,Port Said,Notebook Pack,Stationery,Completed,4,252,20
103041,13/05/2025,CUST01241,Cairo,Laptop,Electronics,Completed,5,30210,0
103042,26/12/2025,CUST01242,Giza,Smartphone,Electronics,Completed,6,15515,5
103043,11/07/2025,CUST01243,Alexandria,Wireless Mouse,Accessories,Completed,7,486,10
103044,24/02/2025,CUST01244,Mansoura,Keyboard,Accessories,Completed,8,926.5,15
103045,09/09/2025,CUST01245,Tanta,Office Chair,Furniture,Completed,9,5720,20
103046,22/04/2025,CUST01246,Aswan,Desk,Furniture,Completed,10,6660,0
103047,07/11/2025,CUST01247,Luxor,Headphones,Electronics,Completed,11,1638,5
103048,20/06/2025,CUST01248,Port Said,Monitor,Electronics,Completed,12,8464,10
103049,05/01/2025,CUST01249,Cairo, printer ,Office Equipment,Completed,1,6324,15
103050,18/08/2025,CUST01250,Giza,Notebook Pack,Stationery,Completed,2,225.6,20
103051,03/03/2025,CUST01251,Alexandria,Laptop,Electronics,Completed,3,27075,0
103052,16/10/2025,CUST01252, Mansoura ,Smartphone,Electronics,Completed,4,13920,5
103053,01/05/2025,CUST01253,Tanta,Wireless Mouse,Accessories,Completed,5,436.5,10
103054,14/12/2025,CUST01254,Aswan,Keyboard,Accessories,Completed,6,833,15
103055,27/07/2025,CUST01255,Luxor,Office Chair,Furniture,Completed,7,5148,20
103056,12/02/2025,CUST01256,Port Said,Desk,Furniture,Completed,8,7400,0
103057,25/09/2025,CUST01257,Cairo,Headphones,Electronics,Completed,9,1818,5
103058,10/04/2025,CUST01258,Giza,Monitor,Electronics,Completed,10,9384,10
103059,23/11/2025,CUST01259,Alexandria,Printer,Office Equipment,Completed,11,7004,15
103060,08/06/2025,CUST01260,Mansoura,Notebook Pack,Stationery,Completed,12,249.6,20
103061,21/01/2025,CUST01261,Tanta,Laptop,Electronics,Completed,1,29925,0
103062,06/08/2025,CUST01262,Aswan,Smartphone,Electronics,Completed,2,15370,5
103063,19/03/2025,CUST01263,Luxor,Wireless Mouse,Accessories,Completed,3,481.5,10
103064,04/10/2025,CUST01264,Port Said,Keyboard,Accessories,Completed,4,918,15
103065,17/05/2025,CUST01265,Cairo,Office Chair,Furniture,Completed,5,5668,20
103066,02/12/2026,CUST01266,Giza,Desk,Furniture,Completed,6,8140,0
103067,15/07/2026,CUST01267,Alexandria,Headphones,Electronics,Completed,7,1620,5
103068,28/02/2026,CUST01268,Mansoura,Monitor,Electronics,Completed,8,8372,10
103069,13/09/2026,CUST01269,Tanta,Printer,Office Equipment,Completed,9,6256,15
103070,26/04/2026,CUST01270,Aswan,Notebook Pack,Stationery,Completed,10,223.2,20
103071,11/11/2026,CUST01271,Luxor,Laptop,Electronics,Completed,11,26790,0
103072,24/06/2026,CUST01272,Port Said,Smartphone,Electronics,Completed,12,13775,5
103073,09/01/2026,CUST01273,Cairo,Wireless Mouse,Accessories,Completed,1,432,10
103074,22/08/2026,CUST01274,Giza,Keyboard,Accessories,Completed,2,824.5,15
103075,07/03/2026,CUST01275,Alexandria,Office Chair,Furniture,Completed,3,5096,20
103076,20/10/2026,CUST01276,Mansoura,Desk,Furniture,Completed,4,7326,0
103077,05/05/2026,CUST01277,Tanta,Headphones,Electronics,Completed,5,1800,5
103078,18/12/2026,CUST01278,Aswan,Monitor,Electronics,Completed,6,9292,
103079,03/07/2026,CUST01279,Luxor,Printer,Office Equipment,Completed,7,6936,15
103080,16/02/2026,CUST01280,Port Said,Notebook Pack,Stationery,Completed,8,247.2,20
103081,01/09/2026,CUST01281,Cairo,Laptop,Electronics,Completed,9,29640,0
103082,14/04/2026,CUST01282,Giza,Smartphone,Electronics,Completed,10,15225,5
103083,27/11/2026,CUST01283,Alexandria,Wireless Mouse,Accessories,Completed,11,477,10
103084,12/06/2026,CUST01284,Mansoura,Keyboard,Accessories,Completed,12,909.5,15
103085,25/01/2026,CUST01285,Tanta,Office Chair,Furniture,Completed,1,5616,20
103086,10/08/2026,CUST01286,Aswan,Desk,Furniture,Completed,2,8066,0
103087,23/03/2026,CUST01287,Luxor,Headphones,Electronics,Completed,3,1980,5
103088,08/10/2026,CUST01288,Port Said,Monitor,Electronics,Completed,4,8280,10
103089,21/05/2026,CUST01289,Cairo,Printer,Office Equipment,Completed,5,6188,15
103090,06/12/2026,CUST01290,Giza,Notebook Pack,Stationery,Completed,6,220.8,20
103091,19/07/2026,CUST01291,Alexandria,Laptop,Electronics,Completed,7,26505,0
103092,04/02/2026,CUST01292,Mansoura,Smartphone,Electronics,Completed,8,13630,5
103093,17/09/2026,CUST01293,Tanta,Wireless Mouse,Accessories,Completed,9,427.5,10
103094,02/04/2026,CUST01294,Aswan,Keyboard,Accessories,Completed,10,816,15
103095,15/11/2026,CUST01295,Luxor,Office Chair,Furniture,Completed,11,5044,20
103096,28/06/2026,CUST01296,Port Said,Desk,Furniture,Completed,12,7252,0
103097,13/01/2026,CUST01297,Cairo,Headphones,Electronics,Completed,1,1782,5
103098,26/08/2026,CUST01298,Giza,Monitor,Electronics,Completed,2,9200,10
103099,11/03/2026,CUST01299,Alexandria,Printer,Office Equipment,Completed,3,6868,15
103100,24/10/2026,CUST01300,Mansoura,Notebook Pack,Stationery,Completed,4,244.8,20
103101,09/05/2026,CUST01301,Tanta,Laptop,Electronics,Completed,5,29355,0
103102,22/12/2026,CUST01302,Aswan,Smartphone,Electronics,Completed,6,15080,5
103103,07/07/2026,CUST01303,Luxor,Wireless Mouse,Accessories,Completed,7,472.5,10
103104,20/02/2026,CUST01304,Port Said,Keyboard,Accessories,Completed,8,901,15
103105,05/09/2026,CUST01305,,Office Chair,Furniture,Completed,9,5564,20
103106,18/04/2026,CUST01306,Giza,Desk,Furniture,Completed,10,7992,0
103107,03/11/2026,CUST01307,Alexandria,Headphones,Electronics,Completed,11,1962,5
103108,16/06/2026,CUST01308,Mansoura,Monitor,Electronics,Completed,12,10120,10
103109,01/01/2026,CUST01309,Tanta,Printer,Office Equipment,Completed,1,6120,15
103110,14/08/2026,CUST01310,Aswan,Notebook Pack,Stationery,Completed,2,218.4,20
103111,27/03/2026,CUST01311,Luxor,Laptop,Electronics,Completed,3,26220,0
103112,12/10/2026,CUST01312,Port Said,Smartphone,Electronics,Completed,4,13485,5
103113,25/05/2026,CUST01313,Cairo,Wireless Mouse,Accessories,Completed,5,423,10
103114,10/12/2026,CUST01314,Giza,Keyboard,Accessories,Completed,6,807.5,15
103115,23/07/2026,CUST01315,Alexandria,Office Chair,Furniture, completed ,7,4992,20
103116,08/02/2026,CUST01316,Mansoura,Desk,Furniture,Completed,8,7178,0
103117,21/09/2026,CUST01317,Tanta,Headphones,Electronics,Completed,9,1764,5
103118,06/04/2026,CUST01318,Aswan,Monitor,Electronics,Completed,10,9108,10
103119,19/11/2026,CUST01319,Luxor,Printer,Office Equipment,Completed,11,6800,15
103120,04/06/2026,CUST01320,Port Said,Notebook Pack,Stationery,Completed,12,242.4,20
103121,17/01/2026,CUST01321,Cairo,Laptop,Electronics,Completed,1,29070,0
103122,02/08/2026,CUST01322,Giza,Smartphone,Electronics,Completed,2,14935,5
103123,15/03/2026,CUST01323,Alexandria,Wireless Mouse,Accessories,Completed,3,468,10
103124,28/10/2026,CUST01324,Mansoura,Keyboard,Accessories,Completed,4,892.5,15
103125,13/05/2026,CUST01325,Tanta,Office Chair,Furniture,Completed,5,5512,20
103126,26/12/2026,CUST01326,Aswan,Desk,Furniture,Completed,6,7918,0
103127,11/07/2026,CUST01327,Luxor,Headphones,Electronics,Completed,7,1944,5
103128,24/02/2026,CUST01328,Port Said,Monitor,Electronics,Completed,8,10028,10
103129,09/09/2026,CUST01329,Cairo,Printer,Office Equipment,Completed,9,7480,15
103130,22/04/2026,CUST01330,Giza,Notebook Pack,stationery,Completed,10,216,20
103131,07/11/2026,CUST01331,Alexandria,Laptop,Electronics,Completed,11,25935,0
103132,20/06/2026,CUST01332,Mansoura,Smartphone,Electronics,Completed,12,13340,5
103133,05/01/2026,CUST01333,Tanta,Wireless Mouse,Accessories,Completed,1,418.5,10
103134,18/08/2026,CUST01334,Aswan,Keyboard,Accessories,Completed,2,799,15
103135,03/03/2026,CUST01335,Luxor,Office Chair,Furniture,Completed,3,4940,20
103136,16/10/2026,CUST01336,Port Said,Desk,Furniture,Completed,4,7104,0
103137,01/05/2026,CUST01337,Cairo,Headphones,Electronics,Completed,5,1746,5
103138,14/12/2026,CUST01338,Giza,Monitor,Electronics,Completed,6,9016,10
103139,27/07/2026,CUST01339,Alexandria,Printer,Office Equipment,Completed,7,6732,15
103140,12/02/2026,CUST01340,Mansoura,Notebook Pack,Stationery,Completed,8,240,20
103141,25/09/2026,CUST01341,Tanta,Laptop,Electronics,Completed,9,28785,0
103142,10/04/2026,CUST01342,Aswan,Smartphone,Electronics,Completed,10,14790,5
103143,23/11/2026,CUST01343,Luxor,Wireless Mouse,Accessories,Completed,11,463.5,10
103144,08/06/2026,CUST01344,Port Said,Keyboard,Accessories,Completed,12,884,15
103145,21/01/2026,CUST01345,Cairo,Office Chair,Furniture,Completed,1,5460,20
103146,06/08/2026,CUST01346,Giza,Desk,Furniture,Completed,2,7844,0
103147,19/03/2026,CUST01347,Alexandria,Headphones,Electronics,Completed,3,1926,5
103148,04/10/2026,CUST01348,Mansoura,Monitor,Electronics,Completed,4,9936,10
103149,17/05/2026,CUST01349,Tanta,Printer,Office Equipment,Completed,5,7412,15
103150,02/12/2026,CUST01350,Aswan,Notebook Pack,Stationery,Completed,6,264,20
103151,15/07/2026,CUST01351,Luxor,Laptop,Electronics,Completed,7,25650,0
103152,28/02/2026,CUST01352,Port Said,Smartphone,Electronics,Completed,8,13195,5
103153,13/09/2026,CUST01353,Cairo,Wireless Mouse,Accessories,Completed,9,414,10
103154,26/04/2026,CUST01354,Giza,Keyboard,Accessories,Completed,10,790.5,15
103155,11/11/2026,CUST01355,Alexandria,Office Chair,Furniture,Completed,11,4888,20
103156,24/06/2026,CUST01356,Mansoura,Desk,Furniture,Completed,12,7030,0
103157,09/01/2026,CUST01357,Tanta,Headphones,Electronics,Completed,1,1728,5
103158,22/08/2026,CUST01358,Aswan,Monitor,Electronics,Completed,2,8924,10
103159,07/03/2026,CUST01359,Luxor,Printer,Office Equipment,Completed,3,6664,15
103160,20/10/2026,CUST01360,Port Said,Notebook Pack,Stationery,Completed,4,237.6,20
103161,05/05/2026,CUST01361,Cairo,Laptop,Electronics,Completed,5,28500,0
103162,18/12/2026,CUST01362,Giza,Smartphone,Electronics,Completed,6,14645,5
103163,03/07/2026,CUST01363,Alexandria,Wireless Mouse,Accessories,Completed,7,459,10
103164,16/02/2026,CUST01364,Mansoura,Keyboard,Accessories,Completed,8,875.5,15
103165,01/09/2026,CUST01365, Tanta ,Office Chair,Furniture,Completed,9,5408,20
103166,14/04/2026,CUST01366,Aswan,Desk,Furniture,Completed,10,7770,0
103167,27/11/2026,CUST01367,Luxor,Headphones,Electronics,Completed,11,1908,5
103168,12/06/2026,CUST01368,Port Said,Monitor,Electronics,Completed,12,9844,10
103169,25/01/2026,CUST01369,Cairo,Printer,Office Equipment,Completed,1,7344,15
103170,10/08/2026,CUST01370,Giza,Notebook Pack,Stationery,Completed,2,261.6,20
103171,23/03/2026,CUST01371,Alexandria,Laptop,Electronics,Completed,3,31350,0
103172,08/10/2026,CUST01372,Mansoura,Smartphone,Electronics,Completed,4,13050,5
103173,21/05/2026,CUST01373,Tanta,Wireless Mouse,Accessories,Completed,5,409.5,10
103174,06/12/2026,CUST01374,Aswan,Keyboard,Accessories,Completed,6,782,15
103175,19/07/2026,CUST01375,Luxor,Office Chair,Furniture,Completed,7,4836,20
103176,04/02/2026,CUST01376,Port Said, desk ,Furniture,Completed,8,6956,0
103177,17/09/2026,CUST01377,Cairo,Headphones,Electronics,Completed,9,1710,5
103178,02/04/2026,CUST01378,Giza,Monitor,Electronics,Completed,10,8832,10
103179,15/11/2026,CUST01379,Alexandria,Printer,Office Equipment,Completed,11,6596,15
103180,28/06/2026,CUST01380,Mansoura,Notebook Pack,Stationery,Completed,12,235.2,20
103181,13/01/2026,CUST01381,Tanta,Laptop,Electronics,Completed,1,28215,0
103182,26/08/2026,CUST01382,Aswan,Smartphone,Electronics,Completed,2,14500,5
103183,11/03/2026,CUST01383,Luxor,Wireless Mouse,Accessories,Completed,3,454.5,10
103184,24/10/2026,CUST01384,Port Said,Keyboard,Accessories,Completed,4,867,15
103185,09/05/2026,CUST01385,Cairo,Office Chair,Furniture,Completed,5,5356,20
103186,22/12/2026,CUST01386,Giza,Desk,Furniture,Completed,6,7696,0
103187,07/07/2026,CUST01387,Alexandria,Headphones,Electronics,Completed,7,1890,5
103188,20/02/2026,CUST01388,Mansoura,Monitor,Electronics,Completed,8,9752,10
103189,05/09/2026,CUST01389,Tanta,Printer,Office Equipment,Completed,9,7276,15
103190,18/04/2026,CUST01390,Aswan,Notebook Pack,Stationery,Completed,10,259.2,20
103191,03/11/2026,CUST01391,Luxor,Laptop,Electronics,Completed,11,31065,0
103192,16/06/2026,CUST01392,Port Said,Smartphone,Electronics,Completed,12,15950,5
103193,01/01/2026,CUST01393,Cairo,Wireless Mouse,Accessories,Completed,1,405,10
103194,14/08/2026,CUST01394,Giza,Keyboard,Accessories,Completed,2,773.5,15
103195,27/03/2026,CUST01395,Alexandria,Office Chair,Furniture,Completed,3,4784,20
103196,12/10/2026,CUST01396,Mansoura,Desk,Furniture,Completed,4,6882,0
103197,25/05/2026,CUST01397,Tanta,Headphones,Electronics,Completed,5,1692,5
103198,10/12/2026,CUST01398,Aswan,Monitor,Electronics,Completed,6,8740,10
103199,23/07/2026,CUST01399,Luxor,Printer,Office Equipment,Completed,7,6528,15
103200,08/02/2026,CUST01400,Port Said,Notebook Pack,Stationery,Completed,8,232.8,20
103201,21/09/2026,CUST01401,Cairo,Laptop,Electronics,Completed,9,27930,0
103202,06/04/2026,CUST01402,,Smartphone,Electronics,Completed,10,14355,5
103203,19/11/2026,CUST01403,Alexandria,Wireless Mouse,Accessories,Completed,11,450,10
103204,04/06/2026,CUST01404,Mansoura,Keyboard,Accessories,Completed,12,858.5,15
103205,17/01/2026,CUST01405,Tanta,Office Chair,Furniture,Completed,1,5304,20
103206,02/08/2026,CUST01406,Aswan,Desk,Furniture,Completed,2,7622,0
103207,15/03/2026,CUST01407,Luxor,Headphones,Electronics,Completed,3,1872,5
103208,28/10/2026,CUST01408,Port Said,Monitor,Electronics,Completed,4,9660,10
103209,13/05/2026,CUST01409,Cairo,Printer,Office Equipment,Completed,5,7208,15
103210,26/12/2026,CUST01410,Giza,Notebook Pack,Stationery,Completed,6,256.8,20
103211,11/07/2026,CUST01411,Alexandria,Laptop,Electronics,Completed,7,30780,0
103212,24/02/2026,CUST01412,Mansoura,Smartphone,Electronics,Completed,8,15805,5
103213,09/09/2026,CUST01413,Tanta,Wireless Mouse,Accessories,Completed,9,495,10
103214,22/04/2026,CUST01414,Aswan,Keyboard,Accessories,Completed,10,765,15
103215,07/11/2026,CUST01415,Luxor,Office Chair,Furniture,Completed,11,4732,20
103216,20/06/2026,CUST01416,Port Said,Desk,Furniture,Completed,12,6808,0
103217,05/01/2026,CUST01417,Cairo,Headphones,Electronics,Completed,1,1674,5
103218,18/08/2026,CUST01418,Giza,Monitor,Electronics,Completed,2,8648,10
103219,03/03/2026,CUST01419,Alexandria,Printer,Office Equipment,Completed,3,6460,15
103220,16/10/2026,CUST01420,Mansoura,Notebook Pack,Stationery,Completed,4,230.4,20
103221,01/05/2026,CUST01421,Tanta,Laptop,Electronics,Completed,5,27645,0
103222,14/12/2026,CUST01422,Aswan,Smartphone,Electronics,Completed,6,14210,5
103223,27/07/2026,CUST01423,Luxor,Wireless Mouse,Accessories,Completed,7,445.5,10
103224,12/02/2026,CUST01424,Port Said,Keyboard,Accessories,Completed,8,850,15
103225,25/09/2026,CUST01425,Cairo,Office Chair,Furniture,Completed,9,5252,20
103226,10/04/2026,CUST01426,Giza,Desk,Furniture,Completed,10,7548,0
103227,23/11/2026,CUST01427,Alexandria,Headphones,Electronics,Completed,11,1854,5
103228,08/06/2026,CUST01428,Mansoura,Monitor,Electronics,Completed,12,9568,10
103229,21/01/2026,CUST01429,Tanta,Printer,Office Equipment,Completed,1,7140,15
103230,06/08/2026,CUST01430,Aswan,Notebook Pack,Stationery,Completed,2,254.4,20
103231,19/03/2026,CUST01431,Luxor,Laptop,Electronics,Completed,3,30495,0
103232,04/10/2026,CUST01432,Port Said,Smartphone,Electronics,Completed,4,15660,5
103233,17/05/2026,CUST01433,Cairo,Wireless Mouse,Accessories,Completed,5,490.5,10
103234,02/12/2026,CUST01434,Giza,Keyboard,Accessories,Completed,6,935,15
103235,15/07/2026,CUST01435,Alexandria,Office Chair,Furniture,Completed,7,4680,20
103236,28/02/2026,CUST01436,Mansoura,Desk,Furniture,Completed,8,6734,0
103237,13/09/2026,CUST01437,Tanta,Headphones,Electronics,Completed,9,1656,5
103238,26/04/2026,CUST01438,Aswan,Monitor,Electronics,Completed,10,8556,10
103239,11/11/2026,CUST01439,Luxor,Printer,Office Equipment,Completed,11,6392,15
103240,24/06/2026,CUST01440,Port Said,Notebook Pack,Stationery,Completed,12,228,20
103241,09/01/2025,CUST01441,Cairo,Laptop,Electronics,Completed,1,27360,0
103242,22/08/2025,CUST01442,Giza,Smartphone,Electronics,Completed,2,14065,5
103243,07/03/2025,CUST01443,Alexandria,Wireless Mouse,Accessories,Completed,3,441,10
103244,20/10/2025,CUST01444,Mansoura,Keyboard,Accessories,Completed,4,841.5,15
103245,05/05/2025,CUST01445,Tanta,Office Chair,Furniture,Completed,5,5200,20
103246,18/12/2025,CUST01446,Aswan,Desk,Furniture,Completed,6,7474,0
103247,03/07/2025,CUST01447,Luxor,Headphones,Electronics,Completed,7,1836,5
103248,16/02/2025,CUST01448,Port Said,Monitor,Electronics,Completed,8,9476,10
103249,01/09/2025,CUST01449,Cairo,Printer,Office Equipment,Completed,9,7072,15
103250,14/04/2025,CUST01450,Giza,Notebook Pack,Stationery,Completed,10,252,20
103251,27/11/2025,CUST01451,Alexandria,Laptop,Electronics,Completed,11,30210,0
103252,12/06/2025,CUST01452,Mansoura,Smartphone,Electronics,Completed,12,15515,5
103253,25/01/2025,CUST01453,Tanta,Wireless Mouse,Accessories,Completed,1,486,10
103254,10/08/2025,CUST01454,Aswan,Keyboard,Accessories,Completed,2,926.5,15
103255,23/03/2025,CUST01455,Luxor,Office Chair,Furniture,Completed,3,5720,20
103256,08/10/2025,CUST01456,Port Said,Desk,Furniture,Completed,4,6660,0
103257,21/05/2025,CUST01457,Cairo,Headphones,Electronics,Completed,5,1638,5
103258,06/12/2025,CUST01458,Giza,Monitor,Electronics,Completed,6,8464,10
103259,19/07/2025,CUST01459,Alexandria,Printer,Office Equipment,Completed,7,6324,
103260,04/02/2025,CUST01460,Mansoura,Notebook Pack,Stationery,Completed,8,225.6,20
103261,17/09/2025,CUST01461,Tanta,Laptop,Electronics,Completed,9,27075,0
103262,02/04/2025,CUST01462,Aswan,Smartphone,Electronics,Completed,10,13920,5
103263,15/11/2025,CUST01463,Luxor,Wireless Mouse,Accessories,Completed,11,436.5,10
103264,28/06/2025,CUST01464,Port Said,Keyboard,Accessories,Completed,12,833,15
103265,13/01/2025,CUST01465,Cairo,Office Chair,Furniture,Completed,1,5148,20
103266,26/08/2025,CUST01466,Giza,Desk,Furniture,Completed,2,7400,0
103267,11/03/2025,CUST01467,Alexandria,Headphones,Electronics,Completed,3,1818,5
103268,24/10/2025,CUST01468,Mansoura,Monitor,Electronics,Completed,4,9384,10
103269,09/05/2025,CUST01469,Tanta,Printer,Office Equipment,Completed,5,7004,15
103270,22/12/2025,CUST01470,Aswan,Notebook Pack,Stationery,Completed,6,249.6,20
103271,07/07/2025,CUST01471,Luxor,Laptop,Electronics,Completed,7,29925,0
103272,20/02/2025,CUST01472,Port Said,Smartphone,Electronics,Completed,8,15370,5
103273,05/09/2025,CUST01473,Cairo,Wireless Mouse,Accessories,Completed,9,481.5,10
103274,18/04/2025,CUST01474,Giza,Keyboard,Accessories,Completed,10,918,15
103275,03/11/2025,CUST01475,Alexandria,Office Chair,Furniture,Completed,11,5668,20
103276,16/06/2025,CUST01476,Mansoura,Desk,Furniture,Completed,12,8140,0
103277,01/01/2025,CUST01477,Tanta,Headphones,Electronics,Completed,1,1620,5
103278,14/08/2025,CUST01478, Aswan ,Monitor,Electronics,Completed,2,8372,10
103279,27/03/2025,CUST01479,Luxor,Printer,office equipment,Completed,3,6256,15
103280,12/10/2025,CUST01480,Port Said,Notebook Pack,Stationery,Completed,4,223.2,20
103281,25/05/2025,CUST01481,Cairo,Laptop,Electronics,Completed,5,26790,0
103282,10/12/2025,CUST01482,Giza,Smartphone,Electronics,Completed,6,13775,5
103283,23/07/2025,CUST01483,Alexandria,Wireless Mouse,Accessories,Completed,7,432,10
103284,08/02/2025,CUST01484,Mansoura,Keyboard,Accessories,Completed,8,824.5,15
103285,21/09/2025,CUST01485,Tanta,Office Chair,Furniture,Completed,9,5096,20
103286,06/04/2025,CUST01486,Aswan,Desk,Furniture,Completed,10,7326,0
103287,19/11/2025,CUST01487,Luxor,Headphones,Electronics,Completed,11,1800,5
103288,04/06/2025,CUST01488,Port Said,Monitor,Electronics, completed ,12,9292,10
103289,17/01/2025,CUST01489,Cairo,Printer,Office Equipment,Completed,1,6936,15
103290,02/08/2025,CUST01490,Giza,Notebook Pack,Stationery,Completed,2,247.2,20
103291,15/03/2025,CUST01491,Alexandria,Laptop,Electronics,Completed,3,29640,0
103292,28/10/2025,CUST01492,Mansoura,Smartphone,Electronics,Completed,4,15225,5
103293,13/05/2025,CUST01493,Tanta,Wireless Mouse,Accessories,Completed,5,477,10
103294,26/12/2025,CUST01494,Aswan,Keyboard,Accessories,Completed,6,909.5,15
103295,11/07/2025,CUST01495,Luxor,Office Chair,Furniture,Completed,7,5616,20
103296,24/02/2025,CUST01496,Port Said,Desk,Furniture,Completed,8,8066,0
103297,09/09/2025,CUST01497,Cairo,Headphones,Electronics,Completed,9,1980,5
103298,22/04/2025,CUST01498,Giza,Monitor,Electronics,Completed,10,8280,10
103299,07/11/2025,CUST01499,,Printer,Office Equipment,Completed,11,6188,15
103300,20/06/2025,CUST01500,Mansoura,Notebook Pack,Stationery,Completed,12,220.8,20
103301,05/01/2025,CUST01501,Tanta,Laptop,Electronics,Completed,1,26505,0
103302,18/08/2025,CUST01502,Aswan,Smartphone,Electronics,Completed,2,13630,5
103303,03/03/2025,CUST01503,Luxor, wireless mouse ,Accessories,Completed,3,427.5,10
103304,16/10/2025,CUST01504,Port Said,Keyboard,Accessories,Completed,4,816,15
103305,01/05/2025,CUST01505,Cairo,Office Chair,Furniture,Completed,5,5044,20
103306,14/12/2025,CUST01506,Giza,Desk,Furniture,Completed,6,7252,0
103307,27/07/2025,CUST01507,Alexandria,Headphones,Electronics,Completed,7,1782,5
103308,12/02/2025,CUST01508,Mansoura,Monitor,Electronics,Completed,8,9200,10
103309,25/09/2025,CUST01509,Tanta,Printer,Office Equipment,Completed,9,6868,15
103310,10/04/2025,CUST01510,Aswan,Notebook Pack,Stationery,Completed,10,244.8,20
103311,23/11/2025,CUST01511,Luxor,Laptop,Electronics,Completed,11,29355,0
103312,08/06/2025,CUST01512,Port Said,Smartphone,Electronics,Completed,12,15080,5
103313,21/01/2025,CUST01513,Cairo,Wireless Mouse,Accessories,Completed,1,472.5,10
103314,06/08/2025,CUST01514,Giza,Keyboard,Accessories,Completed,2,901,15
103315,19/03/2025,CUST01515,Alexandria,Office Chair,Furniture,Completed,3,5564,20
103316,04/10/2025,CUST01516,Mansoura,Desk,Furniture,Completed,4,7992,0
103317,17/05/2025,CUST01517,Tanta,Headphones,Electronics,Completed,5,1962,5
103318,02/12/2025,CUST01518,Aswan,Monitor,Electronics,Completed,6,10120,10
103319,15/07/2025,CUST01519,Luxor,Printer,Office Equipment,Completed,7,6120,15
103320,28/02/2025,CUST01520,Port Said,Notebook Pack,Stationery,Completed,8,218.4,20
103321,13/09/2025,CUST01521,Cairo,Laptop,Electronics,Completed,9,26220,0
103322,26/04/2025,CUST01522,Giza,Smartphone,Electronics,Completed,10,13485,5
103323,11/11/2025,CUST01523,Alexandria,Wireless Mouse,Accessories,Completed,11,423,10
103324,24/06/2025,CUST01524,Mansoura,Keyboard,Accessories,Completed,12,807.5,15
103325,09/01/2025,CUST01525,Tanta,Office Chair,Furniture,Completed,1,4992,20
103326,22/08/2025,CUST01526,Aswan,Desk,Furniture,Completed,2,7178,0
103327,07/03/2025,CUST01527,Luxor,Headphones,Electronics,Completed,3,1764,5
103328,20/10/2025,CUST01528,Port Said,Monitor,Electronics,Completed,4,9108,10
103329,05/05/2025,CUST01529,Cairo,Printer,Office Equipment,Completed,5,6800,15
103330,18/12/2025,CUST01530,Giza,Notebook Pack,Stationery,Completed,6,242.4,20
103331,03/07/2025,CUST01531,Alexandria,Laptop,Electronics,Completed,7,29070,0
103332,16/02/2025,CUST01532,Mansoura,Smartphone,Electronics,Completed,8,14935,5
103333,01/09/2025,CUST01533,Tanta,Wireless Mouse,Accessories,Completed,9,468,10
103334,14/04/2025,CUST01534,Aswan,Keyboard,Accessories,Completed,10,892.5,15
103335,27/11/2025,CUST01535,Luxor,Office Chair,Furniture,Completed,11,5512,20
103336,12/06/2025,CUST01536,Port Said,Desk,Furniture,Completed,12,7918,0
103337,25/01/2025,CUST01537,Cairo,Headphones,Electronics,Completed,1,1944,5
103338,10/08/2025,CUST01538,Giza,Monitor,Electronics,Completed,2,10028,10
103339,23/03/2025,CUST01539,Alexandria,Printer,Office Equipment,Completed,3,7480,15
103340,08/10/2025,CUST01540,Mansoura,Notebook Pack,Stationery,Completed,4,216,20
103341,21/05/2025,CUST01541,Tanta,Laptop,Electronics,Completed,5,25935,0
103342,06/12/2025,CUST01542,Aswan,Smartphone,Electronics,Completed,6,13340,5
103343,19/07/2025,CUST01543,Luxor,Wireless Mouse,Accessories,Completed,7,418.5,10
103344,04/02/2025,CUST01544,Port Said,Keyboard,Accessories,Completed,8,799,15
103345,17/09/2025,CUST01545,Cairo,Office Chair,Furniture,Completed,9,4940,20
103346,02/04/2025,CUST01546,Giza,Desk,Furniture,Completed,10,7104,0
103347,15/11/2025,CUST01547,Alexandria,Headphones,Electronics,Completed,11,1746,5
103348,28/06/2025,CUST01548,Mansoura,Monitor,Electronics,Completed,12,9016,10
103349,13/01/2025,CUST01549,Tanta,Printer,Office Equipment,Completed,1,6732,15
103350,26/08/2025,CUST01550,Aswan,Notebook Pack,Stationery,Completed,2,240,20
103351,11/03/2025,CUST01551,Luxor,Laptop,Electronics,Completed,3,28785,0
103352,24/10/2025,CUST01552,Port Said,Smartphone,Electronics,Completed,4,14790,5
103353,09/05/2025,CUST01553,Cairo,Wireless Mouse,Accessories,Completed,5,463.5,10
103354,22/12/2025,CUST01554,Giza,Keyboard,Accessories,Completed,6,884,15
103355,07/07/2025,CUST01555,Alexandria,Office Chair,Furniture,Completed,7,5460,20
103356,20/02/2025,CUST01556,Mansoura,Desk,Furniture,Completed,8,7844,0
103357,05/09/2025,CUST01557,Tanta,Headphones,Electronics,Completed,9,1926,5
103358,18/04/2025,CUST01558,Aswan,Monitor,Electronics,Completed,10,9936,10
103359,03/11/2025,CUST01559,Luxor,Printer,Office Equipment,Completed,11,7412,15
103360,16/06/2025,CUST01560,Port Said,Notebook Pack,Stationery,Completed,12,264,20
103361,01/01/2025,CUST01561,Cairo,Laptop,Electronics,Completed,1,25650,0
103362,14/08/2025,CUST01562,Giza,Smartphone,Electronics,Completed,2,13195,5
103363,27/03/2025,CUST01563,Alexandria,Wireless Mouse,Accessories,Completed,3,414,10
103364,12/10/2025,CUST01564,Mansoura,Keyboard,Accessories,Completed,4,790.5,15
103365,25/05/2025,CUST01565,Tanta,Office Chair,Furniture,Completed,5,4888,20
103366,10/12/2025,CUST01566,Aswan,Desk,Furniture,Completed,6,7030,0
103367,23/07/2025,CUST01567,Luxor,Headphones,Electronics,Completed,7,1728,5
103368,08/02/2025,CUST01568,Port Said,Monitor,Electronics,Completed,8,8924,10
103369,21/09/2025,CUST01569,Cairo,Printer,Office Equipment,Completed,9,6664,15
103370,06/04/2025,CUST01570,Giza,Notebook Pack,Stationery,Completed,10,237.6,20
103371,19/11/2025,CUST01571,Alexandria,Laptop,Electronics,Completed,11,28500,0
103372,04/06/2025,CUST01572,Mansoura,Smartphone,Electronics,Completed,12,14645,5
103373,17/01/2025,CUST01573,Tanta,Wireless Mouse,Accessories,Completed,1,459,10
103374,02/08/2025,CUST01574,Aswan,Keyboard,Accessories,Completed,2,875.5,15
103375,15/03/2025,CUST01575,Luxor,Office Chair,Furniture,Completed,3,5408,20
103376,28/10/2025,CUST01576,Port Said,Desk,Furniture,Completed,4,7770,0
103377,13/05/2025,CUST01577,Cairo,Headphones,Electronics,Completed,5,1908,5
103378,26/12/2025,CUST01578,Giza,Monitor,Electronics,Completed,6,9844,10
103379,11/07/2025,CUST01579,Alexandria,Printer,Office Equipment,Completed,7,7344,15
103380,24/02/2025,CUST01580,Mansoura,Notebook Pack,Stationery,Completed,8,261.6,20
103381,09/09/2025,CUST01581,Tanta,Laptop,Electronics,Completed,9,31350,0
103382,22/04/2025,CUST01582,Aswan,Smartphone,Electronics,Completed,10,13050,5
103383,07/11/2025,CUST01583,Luxor,Wireless Mouse,Accessories,Completed,11,409.5,10
103384,20/06/2025,CUST01584,Port Said,Keyboard,Accessories,Completed,12,782,15
103385,05/01/2025,CUST01585,Cairo,Office Chair,Furniture,Completed,1,4836,20
103386,18/08/2025,CUST01586,Giza,Desk,Furniture,Completed,2,6956,0
103387,03/03/2025,CUST01587,Alexandria,Headphones,Electronics,Completed,3,1710,5
103388,16/10/2025,CUST01588,Mansoura,Monitor,Electronics,Completed,4,8832,10
103389,01/05/2025,CUST01589,Tanta,Printer,Office Equipment,Completed,5,6596,15
103390,14/12/2025,CUST01590,Aswan,Notebook Pack,Stationery,Completed,6,235.2,20
103391,27/07/2025,CUST01591, Luxor ,Laptop,Electronics,Completed,7,28215,0
103392,12/02/2025,CUST01592,Port Said,Smartphone,Electronics,Completed,8,14500,5
103393,25/09/2025,CUST01593,Cairo,Wireless Mouse,Accessories,Completed,9,454.5,10
103394,10/04/2025,CUST01594,Giza,Keyboard,Accessories,Completed,10,867,15
103395,23/11/2025,CUST01595,Alexandria,Office Chair,Furniture,Completed,11,5356,20
103396,08/06/2025,CUST01596,,Desk,Furniture,Completed,12,7696,0
103397,21/01/2025,CUST01597,Tanta,Headphones,Electronics,Completed,1,1890,5
103398,06/08/2025,CUST01598,Aswan,Monitor,Electronics,Completed,2,9752,10
103399,19/03/2025,CUST01599,Luxor,Printer,Office Equipment,Completed,3,7276,15
103400,04/10/2025,CUST01600,Port Said,Notebook Pack,Stationery,Completed,4,259.2,20
103401,17/05/2025,CUST01601,Cairo,Laptop,Electronics,Completed,5,31065,0
103402,02/12/2025,CUST01602,Giza,Smartphone,Electronics,Completed,6,15950,5
103403,15/07/2025,CUST01603,Alexandria,Wireless Mouse,Accessories,Completed,7,405,10
103404,28/02/2025,CUST01604,Mansoura,Keyboard,Accessories,Completed,8,773.5,15
103405,13/09/2025,CUST01605,Tanta,Office Chair,Furniture,Completed,9,4784,20
103406,26/04/2025,CUST01606,Aswan,Desk,Furniture,Completed,10,6882,0
103407,11/11/2025,CUST01607,Luxor,Headphones,Electronics,Completed,11,1692,5
103408,24/06/2025,CUST01608,Port Said,Monitor,Electronics,Completed,12,8740,10
103409,09/01/2025,CUST01609,Cairo,Printer,Office Equipment,Completed,1,6528,15
103410,22/08/2025,CUST01610,Giza,Notebook Pack,Stationery,Completed,2,232.8,20
103411,07/03/2025,CUST01611,Alexandria,Laptop,Electronics,Completed,3,27930,0
103412,20/10/2025,CUST01612,Mansoura,Smartphone,Electronics,Completed,4,14355,5
103413,05/05/2025,CUST01613,Tanta,Wireless Mouse,Accessories,Completed,5,450,10
103414,18/12/2025,CUST01614,Aswan,Keyboard,Accessories,Completed,6,858.5,15
103415,03/07/2025,CUST01615,Luxor,Office Chair,Furniture,Completed,7,5304,20
103416,16/02/2025,CUST01616,Port Said,Desk,Furniture,Completed,8,7622,0
103417,01/09/2025,CUST01617,Cairo,Headphones,Electronics,Completed,9,1872,5
103418,14/04/2025,CUST01618,Giza,Monitor,Electronics,Completed,10,9660,10
103419,27/11/2025,CUST01619,Alexandria,Printer,Office Equipment,Completed,11,7208,15
103420,12/06/2025,CUST01620,Mansoura,Notebook Pack,Stationery,Completed,12,256.8,20
103421,25/01/2025,CUST01621,Tanta,Laptop,Electronics,Completed,1,30780,0
103422,10/08/2025,CUST01622,Aswan,Smartphone,Electronics,Completed,2,15805,5
103423,23/03/2025,CUST01623,Luxor,Wireless Mouse,Accessories,Completed,3,495,10
103424,08/10/2025,CUST01624,Port Said,Keyboard,Accessories,Completed,4,765,15
103425,21/05/2025,CUST01625,Cairo,Office Chair,Furniture,Completed,5,4732,20
103426,06/12/2025,CUST01626,Giza,Desk,Furniture,Completed,6,6808,0
103427,19/07/2025,CUST01627,Alexandria,Headphones,Electronics,Completed,7,1674,5
103428,04/02/2025,CUST01628,Mansoura,Monitor,electronics,Completed,8,8648,10
103429,17/09/2025,CUST01629,Tanta,Printer,Office Equipment,Completed,9,6460,15
103430,02/04/2025,CUST01630,Aswan, notebook pack ,Stationery,Completed,10,230.4,20
103431,15/11/2025,CUST01631,Luxor,Laptop,Electronics,Completed,11,27645,0
103432,28/06/2025,CUST01632,Port Said,Smartphone,Electronics,Completed,12,14210,5
103433,13/01/2025,CUST01633,Cairo,Wireless Mouse,Accessories,Completed,1,445.5,10
103434,26/08/2025,CUST01634,Giza,Keyboard,Accessories,Completed,2,850,15
103435,11/03/2025,CUST01635,Alexandria,Office Chair,Furniture,Completed,3,5252,20
103436,24/10/2025,CUST01636,Mansoura,Desk,Furniture,Completed,4,7548,0
103437,09/05/2025,CUST01637,Tanta,Headphones,Electronics,Completed,5,1854,5
103438,22/12/2025,CUST01638,Aswan,Monitor,Electronics,Completed,6,9568,10
103439,07/07/2025,CUST01639,Luxor,Printer,Office Equipment,Completed,7,7140,15
103440,20/02/2025,CUST01640,Port Said,Notebook Pack,Stationery,Completed,8,254.4,
103441,05/09/2025,CUST01641,Cairo,Laptop,Electronics,Completed,9,30495,0
103442,18/04/2025,CUST01642,Giza,Smartphone,Electronics,Completed,10,15660,5
103443,03/11/2025,CUST01643,Alexandria,Wireless Mouse,Accessories,Completed,11,490.5,10
103444,16/06/2025,CUST01644,Mansoura,Keyboard,Accessories,Completed,12,935,15
103445,01/01/2025,CUST01645,Tanta,Office Chair,Furniture,Completed,1,4680,20
103446,14/08/2025,CUST01646,Aswan,Desk,Furniture,Completed,2,6734,0
103447,27/03/2025,CUST01647,Luxor,Headphones,Electronics,Completed,3,1656,5
103448,12/10/2025,CUST01648,Port Said,Monitor,Electronics,Completed,4,8556,10
103449,25/05/2025,CUST01649,Cairo,Printer,Office Equipment,Completed,5,6392,15
103450,10/12/2025,CUST01650,Giza,Notebook Pack,Stationery,Completed,6,228,20
103451,23/07/2025,CUST01651,Alexandria,Laptop,Electronics,Completed,7,27360,0
103452,08/02/2025,CUST01652,Mansoura,Smartphone,Electronics,Completed,8,14065,5
103453,21/09/2025,CUST01653,Tanta,Wireless Mouse,Accessories,Completed,9,441,10
103454,06/04/2025,CUST01654,Aswan,Keyboard,Accessories,Completed,10,841.5,15
103455,19/11/2025,CUST01655,Luxor,Office Chair,Furniture,Completed,11,5200,20
103456,04/06/2025,CUST01656,Port Said,Desk,Furniture,Completed,12,7474,0
103457,17/01/2025,CUST01657,Cairo,Headphones,Electronics,Completed,1,1836,5
103458,02/08/2025,CUST01658,Giza,Monitor,Electronics,Completed,2,9476,10
103459,15/03/2025,CUST01659,Alexandria,Printer,Office Equipment,Completed,3,7072,15
103460,28/10/2025,CUST01660,Mansoura,Notebook Pack,Stationery,Completed,4,252,20
103461,13/05/2025,CUST01661,Tanta,Laptop,Electronics, completed ,5,30210,0
103462,26/12/2025,CUST01662,Aswan,Smartphone,Electronics,Completed,6,15515,5
103463,11/07/2025,CUST01663,Luxor,Wireless Mouse,Accessories,Completed,7,486,10
103464,24/02/2025,CUST01664,Port Said,Keyboard,Accessories,Completed,8,926.5,15
103465,09/09/2025,CUST01665,Cairo,Office Chair,Furniture,Completed,9,5720,20
103466,22/04/2025,CUST01666,Giza,Desk,Furniture,Completed,10,6660,0
103467,07/11/2025,CUST01667,Alexandria,Headphones,Electronics,Completed,11,1638,5
103468,20/06/2025,CUST01668,Mansoura,Monitor,Electronics,Completed,12,8464,10
103469,05/01/2025,CUST01669,Tanta,Printer,Office Equipment,Completed,1,6324,15
103470,18/08/2025,CUST01670,Aswan,Notebook Pack,Stationery,Completed,2,225.6,20
103471,03/03/2025,CUST01671,Luxor,Laptop,Electronics,Completed,3,27075,0
103472,16/10/2025,CUST01672,Port Said,Smartphone,Electronics,Completed,4,13920,5
103473,01/05/2025,CUST01673,Cairo,Wireless Mouse,Accessories,Completed,5,436.5,10
103474,14/12/2025,CUST01674,Giza,Keyboard,Accessories,Completed,6,833,15
103475,27/07/2025,CUST01675,Alexandria,Office Chair,Furniture,Completed,7,5148,20
103476,12/02/2025,CUST01676,Mansoura,Desk,Furniture,Completed,8,7400,0
103477,25/09/2025,CUST01677,Tanta,Headphones,Electronics,Completed,9,1818,5
103478,10/04/2025,CUST01678,Aswan,Monitor,Electronics,Completed,10,9384,10
103479,23/11/2025,CUST01679,Luxor,Printer,Office Equipment,Completed,11,7004,15
103480,08/06/2025,CUST01680,Port Said,Notebook Pack,Stationery,Completed,12,249.6,20
103481,21/01/2025,CUST01681,Cairo,Laptop,Electronics,Completed,1,29925,0
103482,06/08/2025,CUST01682,Giza,Smartphone,Electronics,Completed,2,15370,5
103483,19/03/2025,CUST01683,Alexandria,Wireless Mouse,Accessories,Completed,3,481.5,10
103484,04/10/2025,CUST01684,Mansoura,Keyboard,Accessories,Completed,4,918,15
103485,17/05/2025,CUST01685,Tanta,Office Chair,Furniture,Completed,5,5668,20
103486,02/12/2025,CUST01686,Aswan,Desk,Furniture,Completed,6,8140,0
103487,15/07/2025,CUST01687,Luxor,Headphones,Electronics,Completed,7,1620,5
103488,28/02/2025,CUST01688,Port Said,Monitor,Electronics,Completed,8,8372,10
103489,13/09/2025,CUST01689,Cairo,Printer,Office Equipment,Completed,9,6256,15
103490,26/04/2025,CUST01690,Giza,Notebook Pack,Stationery,Completed,10,223.2,20
103491,11/11/2025,CUST01691,Alexandria,Laptop,Electronics,Completed,11,26790,0
103492,24/06/2025,CUST01692,Mansoura,Smartphone,Electronics,Completed,12,13775,5
103493,09/01/2025,CUST01693,,Wireless Mouse,Accessories,Completed,1,432,10
103494,22/08/2025,CUST01694,Aswan,Keyboard,Accessories,Completed,2,824.5,15
103495,07/03/2025,CUST01695,Luxor,Office Chair,Furniture,Completed,3,5096,20
103496,20/10/2025,CUST01696,Port Said,Desk,Furniture,Completed,4,7326,0
103497,05/05/2025,CUST01697,Cairo,Headphones,Electronics,Completed,5,1800,5
103498,18/12/2025,CUST01698,Giza,Monitor,Electronics,Completed,6,9292,10
103499,03/07/2025,CUST01699,Alexandria,Printer,Office Equipment,Completed,7,6936,15
103500,16/02/2025,CUST01700,Mansoura,Notebook Pack,Stationery,Completed,8,247.2,20
103501,01/09/2025,CUST01701,Tanta,Laptop,Electronics,Completed,9,29640,0
103502,14/04/2025,CUST01702,Aswan,Smartphone,Electronics,Completed,10,15225,5
103503,27/11/2025,CUST01703,Luxor,Wireless Mouse,Accessories,Completed,11,477,10
103504,12/06/2025,CUST01704, Port Said ,Keyboard,Accessories,Completed,12,909.5,15
103505,25/01/2025,CUST01705,Cairo,Office Chair,Furniture,Completed,1,5616,20
103506,10/08/2025,CUST01706,Giza,Desk,Furniture,Completed,2,8066,0
103507,23/03/2025,CUST01707,Alexandria,Headphones,Electronics,Completed,3,1980,5
103508,08/10/2025,CUST01708,Mansoura,Monitor,Electronics,Completed,4,8280,10
103509,21/05/2025,CUST01709,Tanta,Printer,Office Equipment,Completed,5,6188,15
103510,06/12/2025,CUST01710,Aswan,Notebook Pack,Stationery,Completed,6,220.8,20
103511,19/07/2025,CUST01711,Luxor,Laptop,Electronics,Completed,7,26505,0
103512,04/02/2025,CUST01712,Port Said,Smartphone,Electronics,Completed,8,13630,5
103513,17/09/2025,CUST01713,Cairo,Wireless Mouse,Accessories,Completed,9,427.5,10
103514,02/04/2025,CUST01714,Giza,Keyboard,Accessories,Completed,10,816,15
103515,15/11/2025,CUST01715,Alexandria,Office Chair,Furniture,Completed,11,5044,20
103516,28/06/2025,CUST01716,Mansoura,Desk,Furniture,Completed,12,7252,0
103517,13/01/2025,CUST01717,Tanta,Headphones,Electronics,Completed,1,1782,5
103518,26/08/2025,CUST01718,Aswan,Monitor,Electronics,Completed,2,9200,10
103519,11/03/2025,CUST01719,Luxor,Printer,Office Equipment,Completed,3,6868,15
103520,24/10/2025,CUST01720,Port Said,Notebook Pack,Stationery,Completed,4,244.8,20
103521,09/05/2025,CUST01721,Cairo,Laptop,Electronics,Completed,5,29355,0
103522,22/12/2025,CUST01722,Giza,Smartphone,Electronics,Completed,6,15080,5
103523,07/07/2025,CUST01723,Alexandria,Wireless Mouse,Accessories,Completed,7,472.5,10
103524,20/02/2025,CUST01724,Mansoura,Keyboard,Accessories,Completed,8,901,15
103525,05/09/2025,CUST01725,Tanta,Office Chair,Furniture,Completed,9,5564,20
103526,18/04/2025,CUST01726,Aswan,Desk,Furniture,Completed,10,7992,0
103527,03/11/2025,CUST01727,Luxor,Headphones,Electronics,Completed,11,1962,5
103528,16/06/2025,CUST01728,Port Said,Monitor,Electronics,Completed,12,10120,10
103529,01/01/2025,CUST01729,Cairo,Printer,Office Equipment,Completed,1,6120,15
103530,14/08/2025,CUST01730,Giza,Notebook Pack,Stationery,Completed,2,218.4,20
103531,27/03/2025,CUST01731,Alexandria,Laptop,Electronics,Completed,3,26220,0
103532,12/10/2025,CUST01732,Mansoura,Smartphone,Electronics,Completed,4,13485,5
103533,25/05/2025,CUST01733,Tanta,Wireless Mouse,Accessories,Completed,5,423,10
103534,10/12/2025,CUST01734,Aswan,Keyboard,Accessories,Completed,6,807.5,15
103535,23/07/2025,CUST01735,Luxor,Office Chair,Furniture,Completed,7,4992,20
103536,08/02/2025,CUST01736,Port Said,Desk,Furniture,Completed,8,7178,0
103537,21/09/2025,CUST01737,Cairo,Headphones,Electronics,Completed,9,1764,5
103538,06/04/2025,CUST01738,Giza,Monitor,Electronics,Completed,10,9108,10
103539,19/11/2025,CUST01739,Alexandria,Printer,Office Equipment,Completed,11,6800,15
103540,04/06/2025,CUST01740,Mansoura,Notebook Pack,Stationery,Completed,12,242.4,20
103541,17/01/2025,CUST01741,Tanta,Laptop,Electronics,Completed,1,29070,0
103542,02/08/2025,CUST01742,Aswan,Smartphone,Electronics,Completed,2,14935,5
103543,15/03/2025,CUST01743,Luxor,Wireless Mouse,Accessories,Completed,3,468,10
103544,28/10/2025,CUST01744,Port Said,Keyboard,Accessories,Completed,4,892.5,15
103545,13/05/2025,CUST01745,Cairo,Office Chair,Furniture,Completed,5,5512,20
103546,26/12/2025,CUST01746,Giza,Desk,Furniture,Completed,6,7918,0
103547,11/07/2025,CUST01747,Alexandria,Headphones,Electronics,Completed,7,1944,5
103548,24/02/2025,CUST01748,Mansoura,Monitor,Electronics,Completed,8,10028,10
103549,09/09/2025,CUST01749,Tanta,Printer,Office Equipment,Completed,9,7480,15
103550,22/04/2025,CUST01750,Aswan,Notebook Pack,Stationery,Completed,10,216,20
103551,07/11/2025,CUST01751,Luxor,Laptop,Electronics,Completed,11,25935,0
103552,20/06/2025,CUST01752,Port Said,Smartphone,Electronics,Completed,12,13340,5
103553,05/01/2025,CUST01753,Cairo,Wireless Mouse,Accessories,Completed,1,418.5,10
103554,18/08/2025,CUST01754,Giza,Keyboard,Accessories,Completed,2,799,15
103555,03/03/2025,CUST01755,Alexandria,Office Chair,Furniture,Completed,3,4940,20
103556,16/10/2025,CUST01756,Mansoura,Desk,Furniture,Completed,4,7104,0
103557,01/05/2025,CUST01757,Tanta, headphones ,Electronics,Completed,5,1746,5
103558,14/12/2025,CUST01758,Aswan,Monitor,Electronics,Completed,6,9016,10
103559,27/07/2025,CUST01759,Luxor,Printer,Office Equipment,Completed,7,6732,15
103560,12/02/2025,CUST01760,Port Said,Notebook Pack,Stationery,Completed,8,240,20
103561,25/09/2025,CUST01761,Cairo,Laptop,Electronics,Completed,9,28785,0
103562,10/04/2025,CUST01762,Giza,Smartphone,Electronics,Completed,10,14790,5
103563,23/11/2025,CUST01763,Alexandria,Wireless Mouse,Accessories,Completed,11,463.5,10
103564,08/06/2025,CUST01764,Mansoura,Keyboard,Accessories,Completed,12,884,15
103565,21/01/2025,CUST01765,Tanta,Office Chair,Furniture,Completed,1,5460,20
103566,06/08/2025,CUST01766,Aswan,Desk,Furniture,Completed,2,7844,0
103567,19/03/2025,CUST01767,Luxor,Headphones,Electronics,Completed,3,1926,5
103568,04/10/2025,CUST01768,Port Said,Monitor,Electronics,Completed,4,9936,10
103569,17/05/2025,CUST01769,Cairo,Printer,Office Equipment,Completed,5,7412,15
103570,02/12/2025,CUST01770,Giza,Notebook Pack,Stationery,Completed,6,264,20
103571,15/07/2025,CUST01771,Alexandria,Laptop,Electronics,Completed,7,25650,0
103572,28/02/2025,CUST01772,Mansoura,Smartphone,Electronics,Completed,8,13195,5
103573,13/09/2025,CUST01773,Tanta,Wireless Mouse,Accessories,Completed,9,414,10
103574,26/04/2025,CUST01774,Aswan,Keyboard,Accessories,Completed,10,790.5,15
103575,11/11/2025,CUST01775,Luxor,Office Chair,Furniture,Completed,11,4888,20
103576,24/06/2025,CUST01776,Port Said,Desk,Furniture,Completed,12,7030,0
103577,09/01/2025,CUST01777,Cairo,Headphones,electronics,Completed,1,1728,5
103578,22/08/2025,CUST01778,Giza,Monitor,Electronics,Completed,2,8924,10
103579,07/03/2025,CUST01779,Alexandria,Printer,Office Equipment,Completed,3,6664,15
103580,20/10/2025,CUST01780,Mansoura,Notebook Pack,Stationery,Completed,4,237.6,20
103581,05/05/2025,CUST01781,Tanta,Laptop,Electronics,Completed,5,28500,0
103582,18/12/2025,CUST01782,Aswan,Smartphone,Electronics,Completed,6,14645,5
103583,03/07/2025,CUST01783,Luxor,Wireless Mouse,Accessories,Completed,7,459,10
103584,16/02/2025,CUST01784,Port Said,Keyboard,Accessories,Completed,8,875.5,15
103585,01/09/2025,CUST01785,Cairo,Office Chair,Furniture,Completed,9,5408,20
103586,14/04/2025,CUST01786,Giza,Desk,Furniture,Completed,10,7770,0
103587,27/11/2025,CUST01787,Alexandria,Headphones,Electronics,Completed,11,1908,5
103588,12/06/2025,CUST01788,Mansoura,Monitor,Electronics,Completed,12,9844,10
103589,25/01/2025,CUST01789,Tanta,Printer,Office Equipment,Completed,1,7344,15
103590,10/08/2025,CUST01790,,Notebook Pack,Stationery,Completed,2,261.6,20
103591,23/03/2025,CUST01791,Luxor,Laptop,Electronics,Completed,3,31350,0
103592,08/10/2025,CUST01792,Port Said,Smartphone,Electronics,Completed,4,13050,5
103593,21/05/2025,CUST01793,Cairo,Wireless Mouse,Accessories,Completed,5,409.5,10
103594,06/12/2025,CUST01794,Giza,Keyboard,Accessories,Completed,6,782,15
103595,19/07/2025,CUST01795,Alexandria,Office Chair,Furniture,Completed,7,4836,20
103596,04/02/2025,CUST01796,Mansoura,Desk,Furniture,Completed,8,6956,0
103597,17/09/2025,CUST01797,Tanta,Headphones,Electronics,Completed,9,1710,5
103598,02/04/2025,CUST01798,Aswan,Monitor,Electronics,Completed,10,8832,10
103599,15/11/2025,CUST01799,Luxor,Printer,Office Equipment,Completed,11,6596,15
103600,28/06/2025,CUST01800,Port Said,Notebook Pack,Stationery,Completed,12,235.2,20
103601,13/01/2025,CUST00001,Cairo,Laptop,Electronics,Completed,1,28215,0
103602,26/08/2025,CUST00002,Giza,Smartphone,Electronics,Completed,2,14500,5
103603,11/03/2025,CUST00003,Alexandria,Wireless Mouse,Accessories,Completed,3,454.5,10
103604,24/10/2025,CUST00004,Mansoura,Keyboard,Accessories,Completed,4,867,15
103605,09/05/2025,CUST00005,Tanta,Office Chair,Furniture,Completed,5,5356,20
103606,22/12/2026,CUST00006,Aswan,Desk,Furniture,Completed,6,7696,0
103607,07/07/2026,CUST00007,Luxor,Headphones,Electronics,Completed,7,1890,5
103608,20/02/2026,CUST00008,Port Said,Monitor,Electronics,Completed,8,9752,10
103609,05/09/2026,CUST00009,Cairo,Printer,Office Equipment,Completed,9,7276,15
103610,18/04/2026,CUST00010,Giza,Notebook Pack,Stationery,Completed,10,259.2,20
103611,03/11/2026,CUST00011,Alexandria,Laptop,Electronics,Completed,11,31065,0
103612,16/06/2026,CUST00012,Mansoura,Smartphone,Electronics,Completed,12,15950,5
103613,01/01/2026,CUST00013,Tanta,Wireless Mouse,Accessories,Completed,1,405,10
103614,14/08/2026,CUST00014,Aswan,Keyboard,Accessories,Completed,2,773.5,15
103615,27/03/2026,CUST00015,Luxor,Office Chair,Furniture,Completed,3,4784,20
103616,12/10/2026,CUST00016,Port Said,Desk,Furniture,Completed,4,6882,0
103617,25/05/2026,CUST00017, Cairo ,Headphones,Electronics,Completed,5,1692,5
103618,10/12/2026,CUST00018,Giza,Monitor,Electronics,Completed,6,8740,10
103619,23/07/2026,CUST00019,Alexandria,Printer,Office Equipment,Completed,7,6528,15
103620,08/02/2026,CUST00020,Mansoura,Notebook Pack,Stationery,Completed,8,232.8,20
103621,21/09/2026,CUST00021,Tanta,Laptop,Electronics,Completed,9,27930,
103622,06/04/2026,CUST00022,Aswan,Smartphone,Electronics,Completed,10,14355,5
103623,19/11/2026,CUST00023,Luxor,Wireless Mouse,Accessories,Completed,11,450,10
103624,04/06/2026,CUST00024,Port Said,Keyboard,Accessories,Completed,12,858.5,15
103625,17/01/2026,CUST00025,Cairo,Office Chair,Furniture,Completed,1,5304,20
103626,02/08/2026,CUST00026,Giza,Desk,Furniture,Completed,2,7622,0
103627,15/03/2026,CUST00027,Alexandria,Headphones,Electronics,Completed,3,1872,5
103628,28/10/2026,CUST00028,Mansoura,Monitor,Electronics,Completed,4,9660,10
103629,13/05/2026,CUST00029,Tanta,Printer,Office Equipment,Completed,5,7208,15
103630,26/12/2026,CUST00030,Aswan,Notebook Pack,Stationery,Completed,6,256.8,20
103631,11/07/2026,CUST00031,Luxor,Laptop,Electronics,Completed,7,30780,0
103632,24/02/2026,CUST00032,Port Said,Smartphone,Electronics,Completed,8,15805,5
103633,09/09/2026,CUST00033,Cairo,Wireless Mouse,Accessories,Completed,9,495,10
103634,22/04/2026,CUST00034,Giza,Keyboard,Accessories, completed ,10,765,15
103635,07/11/2026,CUST00035,Alexandria,Office Chair,Furniture,Completed,11,4732,20
103636,20/06/2026,CUST00036,Mansoura,Desk,Furniture,Completed,12,6808,0
103637,05/01/2026,CUST00037,Tanta,Headphones,Electronics,Completed,1,1674,5
103638,18/08/2026,CUST00038,Aswan,Monitor,Electronics,Completed,2,8648,10
103639,03/03/2026,CUST00039,Luxor,Printer,Office Equipment,Completed,3,6460,15
103640,16/10/2026,CUST00040,Port Said,Notebook Pack,Stationery,Completed,4,230.4,20
103641,01/05/2026,CUST00041,Cairo,Laptop,Electronics,Completed,5,27645,0
103642,14/12/2026,CUST00042,Giza,Smartphone,Electronics,Completed,6,14210,5
103643,27/07/2026,CUST00043,Alexandria,Wireless Mouse,Accessories,Completed,7,445.5,10
103644,12/02/2026,CUST00044,Mansoura,Keyboard,Accessories,Completed,8,850,15
103645,25/09/2026,CUST00045,Tanta,Office Chair,Furniture,Completed,9,5252,20
103646,10/04/2026,CUST00046,Aswan,Desk,Furniture,Completed,10,7548,0
103647,23/11/2026,CUST00047,Luxor,Headphones,Electronics,Completed,11,1854,5
103648,08/06/2026,CUST00048,Port Said,Monitor,Electronics,Completed,12,9568,10
103649,21/01/2026,CUST00049,Cairo,Printer,Office Equipment,Completed,1,7140,15
103650,06/08/2026,CUST00050,Giza,Notebook Pack,Stationery,Completed,2,254.4,20
103651,19/03/2026,CUST00051,Alexandria,Laptop,Electronics,Completed,3,30495,0
103652,04/10/2026,CUST00052,Mansoura,Smartphone,Electronics,Completed,4,15660,5
103653,17/05/2026,CUST00053,Tanta,Wireless Mouse,Accessories,Completed,5,490.5,10
103654,02/12/2026,CUST00054,Aswan,Keyboard,Accessories,Completed,6,935,15
103655,15/07/2026,CUST00055,Luxor,Office Chair,Furniture,Completed,7,4680,20
103656,28/02/2026,CUST00056,Port Said,Desk,Furniture,Completed,8,6734,0
103657,13/09/2026,CUST00057,Cairo,Headphones,Electronics,Completed,9,1656,5
103658,26/04/2026,CUST00058,Giza,Monitor,Electronics,Completed,10,8556,10
103659,11/11/2026,CUST00059,Alexandria,Printer,Office Equipment,Completed,11,6392,15
103660,24/06/2026,CUST00060,Mansoura,Notebook Pack,Stationery,Completed,12,228,20
103661,09/01/2026,CUST00061,Tanta,Laptop,Electronics,Completed,1,27360,0
103662,22/08/2026,CUST00062,Aswan,Smartphone,Electronics,Completed,2,14065,5
103663,07/03/2026,CUST00063,Luxor,Wireless Mouse,Accessories,Completed,3,441,10
103664,20/10/2026,CUST00064,Port Said,Keyboard,Accessories,Completed,4,841.5,15
103665,05/05/2026,CUST00065,Cairo,Office Chair,Furniture,Completed,5,5200,20
103666,18/12/2026,CUST00066,Giza,Desk,Furniture,Completed,6,7474,0
103667,03/07/2026,CUST00067,Alexandria,Headphones,Electronics,Completed,7,1836,5
103668,16/02/2026,CUST00068,Mansoura,Monitor,Electronics,Completed,8,9476,10
103669,01/09/2026,CUST00069,Tanta,Printer,Office Equipment,Completed,9,7072,15
103670,14/04/2026,CUST00070,Aswan,Notebook Pack,Stationery,Completed,10,252,20
103671,27/11/2026,CUST00071,Luxor,Laptop,Electronics,Completed,11,30210,0
103672,12/06/2026,CUST00072,Port Said,Smartphone,Electronics,Completed,12,15515,5
103673,25/01/2026,CUST00073,Cairo,Wireless Mouse,Accessories,Completed,1,486,10
103674,10/08/2026,CUST00074,Giza,Keyboard,Accessories,Completed,2,926.5,15
103675,23/03/2026,CUST00075,Alexandria,Office Chair,Furniture,Completed,3,5720,20
103676,08/10/2026,CUST00076,Mansoura,Desk,Furniture,Completed,4,6660,0
103677,21/05/2026,CUST00077,Tanta,Headphones,Electronics,Completed,5,1638,5
103678,06/12/2026,CUST00078,Aswan,Monitor,Electronics,Completed,6,8464,10
103679,19/07/2026,CUST00079,Luxor,Printer,Office Equipment,Completed,7,6324,15
103680,04/02/2026,CUST00080,Port Said,Notebook Pack,Stationery,Completed,8,225.6,20
103681,17/09/2026,CUST00081,Cairo,Laptop,Electronics,Completed,9,27075,0
103682,02/04/2026,CUST00082,Giza,Smartphone,Electronics,Completed,10,13920,5
103683,15/11/2026,CUST00083,Alexandria,Wireless Mouse,Accessories,Completed,11,436.5,10
103684,28/06/2026,CUST00084,Mansoura, keyboard ,Accessories,Completed,12,833,15
103685,13/01/2026,CUST00085,Tanta,Office Chair,Furniture,Completed,1,5148,20
103686,26/08/2026,CUST00086,Aswan,Desk,Furniture,Completed,2,7400,0
103687,11/03/2026,CUST00087,,Headphones,Electronics,Completed,3,1818,5
103688,24/10/2026,CUST00088,Port Said,Monitor,Electronics,Completed,4,9384,10
103689,09/05/2026,CUST00089,Cairo,Printer,Office Equipment,Completed,5,7004,15
103690,22/12/2026,CUST00090,Giza,Notebook Pack,Stationery,Completed,6,249.6,20
103691,07/07/2026,CUST00091,Alexandria,Laptop,Electronics,Completed,7,29925,0
103692,20/02/2026,CUST00092,Mansoura,Smartphone,Electronics,Completed,8,15370,5
103693,05/09/2026,CUST00093,Tanta,Wireless Mouse,Accessories,Completed,9,481.5,10
103694,18/04/2026,CUST00094,Aswan,Keyboard,Accessories,Completed,10,918,15
103695,03/11/2026,CUST00095,Luxor,Office Chair,Furniture,Completed,11,5668,20
103696,16/06/2026,CUST00096,Port Said,Desk,Furniture,Completed,12,8140,0
103697,01/01/2026,CUST00097,Cairo,Headphones,Electronics,Completed,1,1620,5
103698,14/08/2026,CUST00098,Giza,Monitor,Electronics,Completed,2,8372,10
103699,27/03/2026,CUST00099,Alexandria,Printer,Office Equipment,Completed,3,6256,15
103700,12/10/2026,CUST00100,Mansoura,Notebook Pack,Stationery,Completed,4,223.2,20
103701,25/05/2026,CUST00101,Tanta,Laptop,Electronics,Completed,5,26790,0
103702,10/12/2026,CUST00102,Aswan,Smartphone,Electronics,Completed,6,13775,5
103703,23/07/2026,CUST00103,Luxor,Wireless Mouse,Accessories,Completed,7,432,10
103704,08/02/2026,CUST00104,Port Said,Keyboard,Accessories,Completed,8,824.5,15
103705,21/09/2026,CUST00105,Cairo,Office Chair,Furniture,Completed,9,5096,20
103706,06/04/2026,CUST00106,Giza,Desk,Furniture,Completed,10,7326,0
103707,19/11/2026,CUST00107,Alexandria,Headphones,Electronics,Completed,11,1800,5
103708,04/06/2026,CUST00108,Mansoura,Monitor,Electronics,Completed,12,9292,10
103709,17/01/2026,CUST00109,Tanta,Printer,Office Equipment,Completed,1,6936,15
103710,02/08/2026,CUST00110,Aswan,Notebook Pack,Stationery,Completed,2,247.2,20
103711,15/03/2026,CUST00111,Luxor,Laptop,Electronics,Completed,3,29640,0
103712,28/10/2026,CUST00112,Port Said,Smartphone,Electronics,Completed,4,15225,5
103713,13/05/2026,CUST00113,Cairo,Wireless Mouse,Accessories,Completed,5,477,10
103714,26/12/2026,CUST00114,Giza,Keyboard,Accessories,Completed,6,909.5,15
103715,11/07/2026,CUST00115,Alexandria,Office Chair,Furniture,Completed,7,5616,20
103716,24/02/2026,CUST00116,Mansoura,Desk,Furniture,Completed,8,8066,0
103717,09/09/2026,CUST00117,Tanta,Headphones,Electronics,Completed,9,1980,5
103718,22/04/2026,CUST00118,Aswan,Monitor,Electronics,Completed,10,8280,10
103719,07/11/2026,CUST00119,Luxor,Printer,Office Equipment,Completed,11,6188,15
103720,20/06/2026,CUST00120,Port Said,Notebook Pack,Stationery,Completed,12,220.8,20
103721,05/01/2026,CUST00121,Cairo,Laptop,Electronics,Completed,1,26505,0
103722,18/08/2026,CUST00122,Giza,Smartphone,Electronics,Completed,2,13630,5
103723,03/03/2026,CUST00123,Alexandria,Wireless Mouse,Accessories,Completed,3,427.5,10
103724,16/10/2026,CUST00124,Mansoura,Keyboard,Accessories,Completed,4,816,15
103725,01/05/2026,CUST00125,Tanta,Office Chair,Furniture,Completed,5,5044,20
103726,14/12/2026,CUST00126,Aswan,Desk,furniture,Completed,6,7252,0
103727,27/07/2026,CUST00127,Luxor,Headphones,Electronics,Completed,7,1782,5
103728,12/02/2026,CUST00128,Port Said,Monitor,Electronics,Completed,8,9200,10
103729,25/09/2026,CUST00129,Cairo,Printer,Office Equipment,Completed,9,6868,15
103730,10/04/2026,CUST00130, Giza ,Notebook Pack,Stationery,Completed,10,244.8,20
103731,23/11/2026,CUST00131,Alexandria,Laptop,Electronics,Completed,11,29355,0
103732,08/06/2026,CUST00132,Mansoura,Smartphone,Electronics,Completed,12,15080,5
103733,21/01/2026,CUST00133,Tanta,Wireless Mouse,Accessories,Completed,1,472.5,10
103734,06/08/2026,CUST00134,Aswan,Keyboard,Accessories,Completed,2,901,15
103735,19/03/2026,CUST00135,Luxor,Office Chair,Furniture,Completed,3,5564,20
103736,04/10/2026,CUST00136,Port Said,Desk,Furniture,Completed,4,7992,0
103737,17/05/2026,CUST00137,Cairo,Headphones,Electronics,Completed,5,1962,5
103738,02/12/2026,CUST00138,Giza,Monitor,Electronics,Completed,6,10120,10
103739,15/07/2026,CUST00139,Alexandria,Printer,Office Equipment,Completed,7,6120,15
103740,28/02/2026,CUST00140,Mansoura,Notebook Pack,Stationery,Completed,8,218.4,20
103741,13/09/2026,CUST00141,Tanta,Laptop,Electronics,Completed,9,26220,0
103742,26/04/2026,CUST00142,Aswan,Smartphone,Electronics,Completed,10,13485,5
103743,11/11/2026,CUST00143,Luxor,Wireless Mouse,Accessories,Completed,11,423,10
103744,24/06/2026,CUST00144,Port Said,Keyboard,Accessories,Completed,12,807.5,15
103745,09/01/2026,CUST00145,Cairo,Office Chair,Furniture,Completed,1,4992,20
103746,22/08/2026,CUST00146,Giza,Desk,Furniture,Completed,2,7178,0
103747,07/03/2026,CUST00147,Alexandria,Headphones,Electronics,Completed,3,1764,5
103748,20/10/2026,CUST00148,Mansoura,Monitor,Electronics,Completed,4,9108,10
103749,05/05/2026,CUST00149,Tanta,Printer,Office Equipment,Completed,5,6800,15
103750,18/12/2026,CUST00150,Aswan,Notebook Pack,Stationery,Completed,6,242.4,20
103751,03/07/2026,CUST00151,Luxor,Laptop,Electronics,Completed,7,29070,0
103752,16/02/2026,CUST00152,Port Said,Smartphone,Electronics,Completed,8,14935,5
103753,01/09/2026,CUST00153,Cairo,Wireless Mouse,Accessories,Completed,9,468,10
103754,14/04/2026,CUST00154,Giza,Keyboard,Accessories,Completed,10,892.5,15
103755,27/11/2026,CUST00155,Alexandria,Office Chair,Furniture,Completed,11,5512,20
103756,12/06/2026,CUST00156,Mansoura,Desk,Furniture,Completed,12,7918,0
103757,25/01/2026,CUST00157,Tanta,Headphones,Electronics,Completed,1,1944,5
103758,10/08/2026,CUST00158,Aswan,Monitor,Electronics,Completed,2,10028,10
103759,23/03/2026,CUST00159,Luxor,Printer,Office Equipment,Completed,3,7480,15
103760,08/10/2026,CUST00160,Port Said,Notebook Pack,Stationery,Completed,4,216,20
103761,21/05/2026,CUST00161,Cairo,Laptop,Electronics,Completed,5,25935,0
103762,06/12/2026,CUST00162,Giza,Smartphone,Electronics,Completed,6,13340,5
103763,19/07/2026,CUST00163,Alexandria,Wireless Mouse,Accessories,Completed,7,418.5,10
103764,04/02/2026,CUST00164,Mansoura,Keyboard,Accessories,Completed,8,799,15
103765,17/09/2026,CUST00165,Tanta,Office Chair,Furniture,Completed,9,4940,20
103766,02/04/2026,CUST00166,Aswan,Desk,Furniture,Completed,10,7104,0
103767,15/11/2026,CUST00167,Luxor,Headphones,Electronics,Completed,11,1746,5
103768,28/06/2026,CUST00168,Port Said,Monitor,Electronics,Completed,12,9016,10
103769,13/01/2026,CUST00169,Cairo,Printer,Office Equipment,Completed,1,6732,15
103770,26/08/2026,CUST00170,Giza,Notebook Pack,Stationery,Completed,2,240,20
103771,11/03/2026,CUST00171,Alexandria,Laptop,Electronics,Completed,3,28785,0
103772,24/10/2026,CUST00172,Mansoura,Smartphone,Electronics,Completed,4,14790,5
103773,09/05/2026,CUST00173,Tanta,Wireless Mouse,Accessories,Completed,5,463.5,10
103774,22/12/2026,CUST00174,Aswan,Keyboard,Accessories,Completed,6,884,15
103775,07/07/2026,CUST00175,Luxor,Office Chair,Furniture,Completed,7,5460,20
103776,20/02/2026,CUST00176,Port Said,Desk,Furniture,Completed,8,7844,0
103777,05/09/2026,CUST00177,Cairo,Headphones,Electronics,Completed,9,1926,5
103778,18/04/2026,CUST00178,Giza,Monitor,Electronics,Completed,10,9936,10
103779,03/11/2026,CUST00179,Alexandria,Printer,Office Equipment,Completed,11,7412,15
103780,16/06/2026,CUST00180,Mansoura,Notebook Pack,Stationery,Completed,12,264,20
103781,01/01/2025,CUST00181,Tanta,Laptop,Electronics,Completed,1,25650,0
103782,14/08/2025,CUST00182,Aswan,Smartphone,Electronics,Completed,2,13195,5
103783,27/03/2025,CUST00183,Luxor,Wireless Mouse,Accessories,Completed,3,414,10
103784,12/10/2025,CUST00184,,Keyboard,Accessories,Completed,4,790.5,15
103785,25/05/2025,CUST00185,Cairo,Office Chair,Furniture,Completed,5,4888,20
103786,10/12/2025,CUST00186,Giza,Desk,Furniture,Completed,6,7030,0
103787,23/07/2025,CUST00187,Alexandria,Headphones,Electronics,Completed,7,1728,5
103788,08/02/2025,CUST00188,Mansoura,Monitor,Electronics,Completed,8,8924,10
103789,21/09/2025,CUST00189,Tanta,Printer,Office Equipment,Completed,9,6664,15
103790,06/04/2025,CUST00190,Aswan,Notebook Pack,Stationery,Completed,10,237.6,20
103791,19/11/2025,CUST00191,Luxor,Laptop,Electronics,Completed,11,28500,0
103792,04/06/2025,CUST00192,Port Said,Smartphone,Electronics,Completed,12,14645,5
103793,17/01/2025,CUST00193,Cairo,Wireless Mouse,Accessories,Completed,1,459,10
103794,02/08/2025,CUST00194,Giza,Keyboard,Accessories,Completed,2,875.5,15
103795,15/03/2025,CUST00195,Alexandria,Office Chair,Furniture,Completed,3,5408,20
103796,28/10/2025,CUST00196,Mansoura,Desk,Furniture,Completed,4,7770,0
103797,13/05/2025,CUST00197,Tanta,Headphones,Electronics,Completed,5,1908,5
103798,26/12/2025,CUST00198,Aswan,Monitor,Electronics,Completed,6,9844,10
103799,11/07/2025,CUST00199,Luxor,Printer,Office Equipment,Completed,7,7344,15
103800,24/02/2025,CUST00200,Port Said,Notebook Pack,Stationery,Completed,8,261.6,20
103801,09/09/2025,CUST00201,Cairo,Laptop,Electronics,Completed,9,31350,0
103802,22/04/2025,CUST00202,Giza,Smartphone,Electronics,Completed,10,13050,
103803,07/11/2025,CUST00203,Alexandria,Wireless Mouse,Accessories,Completed,11,409.5,10
103804,20/06/2025,CUST00204,Mansoura,Keyboard,Accessories,Completed,12,782,15
103805,05/01/2025,CUST00205,Tanta,Office Chair,Furniture,Completed,1,4836,20
103806,18/08/2025,CUST00206,Aswan,Desk,Furniture,Completed,2,6956,0
103807,03/03/2025,CUST00207,Luxor,Headphones,Electronics, completed ,3,1710,5
103808,16/10/2025,CUST00208,Port Said,Monitor,Electronics,Completed,4,8832,10
103809,01/05/2025,CUST00209,Cairo,Printer,Office Equipment,Completed,5,6596,15
103810,14/12/2025,CUST00210,Giza,Notebook Pack,Stationery,Completed,6,235.2,20
103811,27/07/2025,CUST00211,Alexandria, laptop ,Electronics,Completed,7,28215,0
103812,12/02/2025,CUST00212,Mansoura,Smartphone,Electronics,Completed,8,14500,5
103813,25/09/2025,CUST00213,Tanta,Wireless Mouse,Accessories,Completed,9,454.5,10
103814,10/04/2025,CUST00214,Aswan,Keyboard,Accessories,Completed,10,867,15
103815,23/11/2025,CUST00215,Luxor,Office Chair,Furniture,Completed,11,5356,20
103816,08/06/2025,CUST00216,Port Said,Desk,Furniture,Completed,12,7696,0
103817,21/01/2025,CUST00217,Cairo,Headphones,Electronics,Completed,1,1890,5
103818,06/08/2025,CUST00218,Giza,Monitor,Electronics,Completed,2,9752,10
103819,19/03/2025,CUST00219,Alexandria,Printer,Office Equipment,Completed,3,7276,15
103820,04/10/2025,CUST00220,Mansoura,Notebook Pack,Stationery,Completed,4,259.2,20
103821,17/05/2025,CUST00221,Tanta,Laptop,Electronics,Completed,5,31065,0
103822,02/12/2025,CUST00222,Aswan,Smartphone,Electronics,Completed,6,15950,5
103823,15/07/2025,CUST00223,Luxor,Wireless Mouse,Accessories,Completed,7,405,10
103824,28/02/2025,CUST00224,Port Said,Keyboard,Accessories,Completed,8,773.5,15
103825,13/09/2025,CUST00225,Cairo,Office Chair,Furniture,Completed,9,4784,20
103826,26/04/2025,CUST00226,Giza,Desk,Furniture,Completed,10,6882,0
103827,11/11/2025,CUST00227,Alexandria,Headphones,Electronics,Completed,11,1692,5
103828,24/06/2025,CUST00228,Mansoura,Monitor,Electronics,Completed,12,8740,10
103829,09/01/2025,CUST00229,Tanta,Printer,Office Equipment,Completed,1,6528,15
103830,22/08/2025,CUST00230,Aswan,Notebook Pack,Stationery,Completed,2,232.8,20
103831,07/03/2025,CUST00231,Luxor,Laptop,Electronics,Completed,3,27930,0
103832,20/10/2025,CUST00232,Port Said,Smartphone,Electronics,Completed,4,14355,5
103833,05/05/2025,CUST00233,Cairo,Wireless Mouse,Accessories,Completed,5,450,10
103834,18/12/2025,CUST00234,Giza,Keyboard,Accessories,Completed,6,858.5,15
103835,03/07/2025,CUST00235,Alexandria,Office Chair,Furniture,Completed,7,5304,20
103836,16/02/2025,CUST00236,Mansoura,Desk,Furniture,Completed,8,7622,0
103837,01/09/2025,CUST00237,Tanta,Headphones,Electronics,Completed,9,1872,5
103838,14/04/2025,CUST00238,Aswan,Monitor,Electronics,Completed,10,9660,10
103839,27/11/2025,CUST00239,Luxor,Printer,Office Equipment,Completed,11,7208,15
103840,12/06/2025,CUST00240,Port Said,Notebook Pack,Stationery,Completed,12,256.8,20
103841,25/01/2025,CUST00241,Cairo,Laptop,Electronics,Completed,1,30780,0
103842,10/08/2025,CUST00242,Giza,Smartphone,Electronics,Completed,2,15805,5
103843,23/03/2025,CUST00243, Alexandria ,Wireless Mouse,Accessories,Completed,3,495,10
103844,08/10/2025,CUST00244,Mansoura,Keyboard,Accessories,Completed,4,765,15
103845,21/05/2025,CUST00245,Tanta,Office Chair,Furniture,Completed,5,4732,20
103846,06/12/2025,CUST00246,Aswan,Desk,Furniture,Completed,6,6808,0
103847,19/07/2025,CUST00247,Luxor,Headphones,Electronics,Completed,7,1674,5
103848,04/02/2025,CUST00248,Port Said,Monitor,Electronics,Completed,8,8648,10
103849,17/09/2025,CUST00249,Cairo,Printer,Office Equipment,Completed,9,6460,15
103850,02/04/2025,CUST00250,Giza,Notebook Pack,Stationery,Completed,10,230.4,20
103851,15/11/2025,CUST00251,Alexandria,Laptop,Electronics,Completed,11,27645,0
103852,28/06/2025,CUST00252,Mansoura,Smartphone,Electronics,Completed,12,14210,5
103853,13/01/2025,CUST00253,Tanta,Wireless Mouse,Accessories,Completed,1,445.5,10
103854,26/08/2025,CUST00254,Aswan,Keyboard,Accessories,Completed,2,850,15
103855,11/03/2025,CUST00255,Luxor,Office Chair,Furniture,Completed,3,5252,20
103856,24/10/2025,CUST00256,Port Said,Desk,Furniture,Completed,4,7548,0
103857,09/05/2025,CUST00257,Cairo,Headphones,Electronics,Completed,5,1854,5
103858,22/12/2025,CUST00258,Giza,Monitor,Electronics,Completed,6,9568,10
103859,07/07/2025,CUST00259,Alexandria,Printer,Office Equipment,Completed,7,7140,15
103860,20/02/2025,CUST00260,Mansoura,Notebook Pack,Stationery,Completed,8,254.4,20
103861,05/09/2025,CUST00261,Tanta,Laptop,Electronics,Completed,9,30495,0
103862,18/04/2025,CUST00262,Aswan,Smartphone,Electronics,Completed,10,15660,5
103863,03/11/2025,CUST00263,Luxor,Wireless Mouse,Accessories,Completed,11,490.5,10
103864,16/06/2025,CUST00264,Port Said,Keyboard,Accessories,Completed,12,935,15
103865,01/01/2025,CUST00265,Cairo,Office Chair,Furniture,Completed,1,4680,20
103866,14/08/2025,CUST00266,Giza,Desk,Furniture,Completed,2,6734,0
103867,27/03/2025,CUST00267,Alexandria,Headphones,Electronics,Completed,3,1656,5
103868,12/10/2025,CUST00268,Mansoura,Monitor,Electronics,Completed,4,8556,10
103869,25/05/2025,CUST00269,Tanta,Printer,Office Equipment,Completed,5,6392,15
103870,10/12/2025,CUST00270,Aswan,Notebook Pack,Stationery,Completed,6,228,20
103871,23/07/2025,CUST00271,Luxor,Laptop,Electronics,Completed,7,27360,0
103872,08/02/2025,CUST00272,Port Said,Smartphone,Electronics,Completed,8,14065,5
103873,21/09/2025,CUST00273,Cairo,Wireless Mouse,Accessories,Completed,9,441,10
103874,06/04/2025,CUST00274,Giza,Keyboard,Accessories,Completed,10,841.5,15
103875,19/11/2025,CUST00275,Alexandria,Office Chair,furniture,Completed,11,5200,20
103876,04/06/2025,CUST00276,Mansoura,Desk,Furniture,Completed,12,7474,0
103877,17/01/2025,CUST00277,Tanta,Headphones,Electronics,Completed,1,1836,5
103878,02/08/2025,CUST00278,Aswan,Monitor,Electronics,Completed,2,9476,10
103879,15/03/2025,CUST00279,Luxor,Printer,Office Equipment,Completed,3,7072,15
103880,28/10/2025,CUST00280,Port Said,Notebook Pack,Stationery,Completed,4,252,20
103881,13/05/2025,CUST00281,,Laptop,Electronics,Completed,5,30210,0
103882,26/12/2025,CUST00282,Giza,Smartphone,Electronics,Completed,6,15515,5
103883,11/07/2025,CUST00283,Alexandria,Wireless Mouse,Accessories,Completed,7,486,10
103884,24/02/2025,CUST00284,Mansoura,Keyboard,Accessories,Completed,8,926.5,15
103885,09/09/2025,CUST00285,Tanta,Office Chair,Furniture,Completed,9,5720,20
103886,22/04/2025,CUST00286,Aswan,Desk,Furniture,Completed,10,6660,0
103887,07/11/2025,CUST00287,Luxor,Headphones,Electronics,Completed,11,1638,5
103888,20/06/2025,CUST00288,Port Said,Monitor,Electronics,Completed,12,8464,10
103889,05/01/2025,CUST00289,Cairo,Printer,Office Equipment,Completed,1,6324,15
103890,18/08/2025,CUST00290,Giza,Notebook Pack,Stationery,Completed,2,225.6,20
103891,03/03/2025,CUST00291,Alexandria,Laptop,Electronics,Completed,3,27075,0
103892,16/10/2025,CUST00292,Mansoura,Smartphone,Electronics,Completed,4,13920,5
103893,01/05/2025,CUST00293,Tanta,Wireless Mouse,Accessories,Completed,5,436.5,10
103894,14/12/2025,CUST00294,Aswan,Keyboard,Accessories,Completed,6,833,15
103895,27/07/2025,CUST00295,Luxor,Office Chair,Furniture,Completed,7,5148,20
103896,12/02/2025,CUST00296,Port Said,Desk,Furniture,Completed,8,7400,0
103897,25/09/2025,CUST00297,Cairo,Headphones,Electronics,Completed,9,1818,5
103898,10/04/2025,CUST00298,Giza,Monitor,Electronics,Completed,10,9384,10
103899,23/11/2025,CUST00299,Alexandria,Printer,Office Equipment,Completed,11,7004,15
103900,08/06/2025,CUST00300,Mansoura,Notebook Pack,Stationery,Completed,12,249.6,20
103901,21/01/2025,CUST00301,Tanta,Laptop,Electronics,Completed,1,29925,0
103902,06/08/2025,CUST00302,Aswan,Smartphone,Electronics,Completed,2,15370,5
103903,19/03/2025,CUST00303,Luxor,Wireless Mouse,Accessories,Completed,3,481.5,10
103904,04/10/2025,CUST00304,Port Said,Keyboard,Accessories,Completed,4,918,15
103905,17/05/2025,CUST00305,Cairo,Office Chair,Furniture,Completed,5,5668,20
103906,02/12/2025,CUST00306,Giza,Desk,Furniture,Completed,6,8140,0
103907,15/07/2025,CUST00307,Alexandria,Headphones,Electronics,Completed,7,1620,5
103908,28/02/2025,CUST00308,Mansoura,Monitor,Electronics,Completed,8,8372,10
103909,13/09/2025,CUST00309,Tanta,Printer,Office Equipment,Completed,9,6256,15
103910,26/04/2025,CUST00310,Aswan,Notebook Pack,Stationery,Completed,10,223.2,20
103911,11/11/2025,CUST00311,Luxor,Laptop,Electronics,Completed,11,26790,0
103912,24/06/2025,CUST00312,Port Said,Smartphone,Electronics,Completed,12,13775,5
103913,09/01/2025,CUST00313,Cairo,Wireless Mouse,Accessories,Completed,1,432,10
103914,22/08/2025,CUST00314,Giza,Keyboard,Accessories,Completed,2,824.5,15
103915,07/03/2025,CUST00315,Alexandria,Office Chair,Furniture,Completed,3,5096,20
103916,20/10/2025,CUST00316,Mansoura,Desk,Furniture,Completed,4,7326,0
103917,05/05/2025,CUST00317,Tanta,Headphones,Electronics,Completed,5,1800,5
103918,18/12/2025,CUST00318,Aswan,Monitor,Electronics,Completed,6,9292,10
103919,03/07/2025,CUST00319,Luxor,Printer,Office Equipment,Completed,7,6936,15
103920,16/02/2025,CUST00320,Port Said,Notebook Pack,Stationery,Completed,8,247.2,20
103921,01/09/2025,CUST00321,Cairo,Laptop,Electronics,Completed,9,29640,0
103922,14/04/2025,CUST00322,Giza,Smartphone,Electronics,Completed,10,15225,5
103923,27/11/2025,CUST00323,Alexandria,Wireless Mouse,Accessories,Completed,11,477,10
103924,12/06/2025,CUST00324,Mansoura,Keyboard,Accessories,Completed,12,909.5,15
103925,25/01/2025,CUST00325,Tanta,Office Chair,Furniture,Completed,1,5616,20
103926,10/08/2025,CUST00326,Aswan,Desk,Furniture,Completed,2,8066,0
103927,23/03/2025,CUST00327,Luxor,Headphones,Electronics,Completed,3,1980,5
103928,08/10/2025,CUST00328,Port Said,Monitor,Electronics,Completed,4,8280,10
103929,21/05/2025,CUST00329,Cairo,Printer,Office Equipment,Completed,5,6188,15
103930,06/12/2025,CUST00330,Giza,Notebook Pack,Stationery,Completed,6,220.8,20
103931,19/07/2025,CUST00331,Alexandria,Laptop,Electronics,Completed,7,26505,0
103932,04/02/2025,CUST00332,Mansoura,Smartphone,Electronics,Completed,8,13630,5
103933,17/09/2025,CUST00333,Tanta,Wireless Mouse,Accessories,Completed,9,427.5,10
103934,02/04/2025,CUST00334,Aswan,Keyboard,Accessories,Completed,10,816,15
103935,15/11/2025,CUST00335,Luxor,Office Chair,Furniture,Completed,11,5044,20
103936,28/06/2025,CUST00336,Port Said,Desk,Furniture,Completed,12,7252,0
103937,13/01/2025,CUST00337,Cairo,Headphones,Electronics,Completed,1,1782,5
103938,26/08/2025,CUST00338,Giza, monitor ,Electronics,Completed,2,9200,10
103939,11/03/2025,CUST00339,Alexandria,Printer,Office Equipment,Completed,3,6868,15
103940,24/10/2025,CUST00340,Mansoura,Notebook Pack,Stationery,Completed,4,244.8,20
103941,09/05/2025,CUST00341,Tanta,Laptop,Electronics,Completed,5,29355,0
103942,22/12/2025,CUST00342,Aswan,Smartphone,Electronics,Completed,6,15080,5
103943,07/07/2025,CUST00343,Luxor,Wireless Mouse,Accessories,Completed,7,472.5,10
103944,20/02/2025,CUST00344,Port Said,Keyboard,Accessories,Completed,8,901,15
103945,05/09/2025,CUST00345,Cairo,Office Chair,Furniture,Completed,9,5564,20
103946,18/04/2025,CUST00346,Giza,Desk,Furniture,Completed,10,7992,0
103947,03/11/2025,CUST00347,Alexandria,Headphones,Electronics,Completed,11,1962,5
103948,16/06/2025,CUST00348,Mansoura,Monitor,Electronics,Completed,12,10120,10
103949,01/01/2025,CUST00349,Tanta,Printer,Office Equipment,Completed,1,6120,15
103950,14/08/2025,CUST00350,Aswan,Notebook Pack,Stationery,Completed,2,218.4,20
103951,27/03/2025,CUST00351,Luxor,Laptop,Electronics,Completed,3,26220,0
103952,12/10/2025,CUST00352,Port Said,Smartphone,Electronics,Completed,4,13485,5
103953,25/05/2025,CUST00353,Cairo,Wireless Mouse,Accessories,Completed,5,423,10
103954,10/12/2025,CUST00354,Giza,Keyboard,Accessories,Completed,6,807.5,15
103955,23/07/2025,CUST00355,Alexandria,Office Chair,Furniture,Completed,7,4992,20
103956,08/02/2025,CUST00356, Mansoura ,Desk,Furniture,Completed,8,7178,0
103957,21/09/2025,CUST00357,Tanta,Headphones,Electronics,Completed,9,1764,5
103958,06/04/2025,CUST00358,Aswan,Monitor,Electronics,Completed,10,9108,10
103959,19/11/2025,CUST00359,Luxor,Printer,Office Equipment,Completed,11,6800,15
103960,04/06/2025,CUST00360,Port Said,Notebook Pack,Stationery,Completed,12,242.4,20
103961,17/01/2025,CUST00361,Cairo,Laptop,Electronics,Completed,1,29070,0
103962,02/08/2025,CUST00362,Giza,Smartphone,Electronics,Completed,2,14935,5
103963,15/03/2025,CUST00363,Alexandria,Wireless Mouse,Accessories,Completed,3,468,10
103964,28/10/2025,CUST00364,Mansoura,Keyboard,Accessories,Completed,4,892.5,15
103965,13/05/2025,CUST00365,Tanta,Office Chair,Furniture,Completed,5,5512,20
103966,26/12/2025,CUST00366,Aswan,Desk,Furniture,Completed,6,7918,0
103967,11/07/2025,CUST00367,Luxor,Headphones,Electronics,Completed,7,1944,5
103968,24/02/2025,CUST00368,Port Said,Monitor,Electronics,Completed,8,10028,10
103969,09/09/2025,CUST00369,Cairo,Printer,Office Equipment,Completed,9,7480,15
103970,22/04/2025,CUST00370,Giza,Notebook Pack,Stationery,Completed,10,216,20
103971,07/11/2025,CUST00371,Alexandria,Laptop,Electronics,Completed,11,25935,0
103972,20/06/2025,CUST00372,Mansoura,Smartphone,Electronics,Completed,12,13340,5
103973,05/01/2025,CUST00373,Tanta,Wireless Mouse,Accessories,Completed,1,418.5,10
103974,18/08/2025,CUST00374,Aswan,Keyboard,Accessories,Completed,2,799,15
103975,03/03/2025,CUST00375,Luxor,Office Chair,Furniture,Completed,3,4940,20
103976,16/10/2025,CUST00376,Port Said,Desk,Furniture,Completed,4,7104,0
103977,01/05/2025,CUST00377,Cairo,Headphones,Electronics,Completed,5,1746,5
103978,14/12/2025,CUST00378,,Monitor,Electronics,Completed,6,9016,10
103979,27/07/2025,CUST00379,Alexandria,Printer,Office Equipment,Completed,7,6732,15
103980,12/02/2025,CUST00380,Mansoura,Notebook Pack,Stationery, completed ,8,240,20
103981,25/09/2025,CUST00381,Tanta,Laptop,Electronics,Completed,9,28785,0
103982,10/04/2025,CUST00382,Aswan,Smartphone,Electronics,Completed,10,14790,5
103983,23/11/2025,CUST00383,Luxor,Wireless Mouse,Accessories,Completed,11,463.5,
103984,08/06/2025,CUST00384,Port Said,Keyboard,Accessories,Completed,12,884,15
103985,21/01/2025,CUST00385,Cairo,Office Chair,Furniture,Completed,1,5460,20
103986,06/08/2025,CUST00386,Giza,Desk,Furniture,Completed,2,7844,0
103987,19/03/2025,CUST00387,Alexandria,Headphones,Electronics,Completed,3,1926,5
103988,04/10/2025,CUST00388,Mansoura,Monitor,Electronics,Completed,4,9936,10
103989,17/05/2025,CUST00389,Tanta,Printer,Office Equipment,Completed,5,7412,15
103990,02/12/2025,CUST00390,Aswan,Notebook Pack,Stationery,Completed,6,264,20
103991,15/07/2025,CUST00391,Luxor,Laptop,Electronics,Completed,7,25650,0
103992,28/02/2025,CUST00392,Port Said,Smartphone,Electronics,Completed,8,13195,5
103993,13/09/2025,CUST00393,Cairo,Wireless Mouse,Accessories,Completed,9,414,10
103994,26/04/2025,CUST00394,Giza,Keyboard,Accessories,Completed,10,790.5,15
103995,11/11/2025,CUST00395,Alexandria,Office Chair,Furniture,Completed,11,4888,20
103996,24/06/2025,CUST00396,Mansoura,Desk,Furniture,Completed,12,7030,0
103997,09/01/2025,CUST00397,Tanta,Headphones,Electronics,Completed,1,1728,5
103998,22/08/2025,CUST00398,Aswan,Monitor,Electronics,Completed,2,8924,10
103999,07/03/2025,CUST00399,Luxor,Printer,Office Equipment,Completed,3,6664,15
104000,20/10/2025,CUST00400,Port Said,Notebook Pack,Stationery,Completed,4,237.6,20
104001,05/05/2025,CUST00401,Cairo,Laptop,Electronics,Completed,5,28500,0
104002,18/12/2025,CUST00402,Giza,Smartphone,Electronics,Completed,6,14645,5
104003,03/07/2025,CUST00403,Alexandria,Wireless Mouse,Accessories,Completed,7,459,10
104004,16/02/2025,CUST00404,Mansoura,Keyboard,Accessories,Completed,8,875.5,15
104005,01/09/2025,CUST00405,Tanta,Office Chair,Furniture,Completed,9,5408,20
104006,14/04/2025,CUST00406,Aswan,Desk,Furniture,Completed,10,7770,0
104007,27/11/2025,CUST00407,Luxor,Headphones,Electronics,Completed,11,1908,5
104008,12/06/2025,CUST00408,Port Said,Monitor,Electronics,Completed,12,9844,10
104009,25/01/2025,CUST00409,Cairo,Printer,Office Equipment,Completed,1,7344,15
104010,10/08/2025,CUST00410,Giza,Notebook Pack,Stationery,Completed,2,261.6,20
104011,23/03/2025,CUST00411,Alexandria,Laptop,Electronics,Completed,3,31350,0
104012,08/10/2025,CUST00412,Mansoura,Smartphone,Electronics,Completed,4,13050,5
104013,21/05/2025,CUST00413,Tanta,Wireless Mouse,Accessories,Completed,5,409.5,10
104014,06/12/2025,CUST00414,Aswan,Keyboard,Accessories,Completed,6,782,15
104015,19/07/2025,CUST00415,Luxor,Office Chair,Furniture,Completed,7,4836,20
104016,04/02/2025,CUST00416,Port Said,Desk,Furniture,Completed,8,6956,0
104017,17/09/2025,CUST00417,Cairo,Headphones,Electronics,Completed,9,1710,5
104018,02/04/2025,CUST00418,Giza,Monitor,Electronics,Completed,10,8832,10
104019,15/11/2025,CUST00419,Alexandria,Printer,Office Equipment,Completed,11,6596,15
104020,28/06/2025,CUST00420,Mansoura,Notebook Pack,Stationery,Completed,12,235.2,20
104021,13/01/2025,CUST00421,Tanta,Laptop,Electronics,Completed,1,28215,0
104022,26/08/2025,CUST00422,Aswan,Smartphone,Electronics,Completed,2,14500,5
104023,11/03/2025,CUST00423,Luxor,Wireless Mouse,Accessories,Completed,3,454.5,10
104024,24/10/2025,CUST00424,Port Said,Keyboard,accessories,Completed,4,867,15
104025,09/05/2025,CUST00425,Cairo,Office Chair,Furniture,Completed,5,5356,20
104026,22/12/2025,CUST00426,Giza,Desk,Furniture,Completed,6,7696,0
104027,07/07/2025,CUST00427,Alexandria,Headphones,Electronics,Completed,7,1890,5
104028,20/02/2025,CUST00428,Mansoura,Monitor,Electronics,Completed,8,9752,10
104029,05/09/2025,CUST00429,Tanta,Printer,Office Equipment,Completed,9,7276,15
104030,18/04/2025,CUST00430,Aswan,Notebook Pack,Stationery,Completed,10,259.2,20
104031,03/11/2025,CUST00431,Luxor,Laptop,Electronics,Completed,11,31065,0
104032,16/06/2025,CUST00432,Port Said,Smartphone,Electronics,Completed,12,15950,5
104033,01/01/2025,CUST00433,Cairo,Wireless Mouse,Accessories,Completed,1,405,10
104034,14/08/2025,CUST00434,Giza,Keyboard,Accessories,Completed,2,773.5,15
104035,27/03/2025,CUST00435,Alexandria,Office Chair,Furniture,Completed,3,4784,20
104036,12/10/2025,CUST00436,Mansoura,Desk,Furniture,Completed,4,6882,0
104037,25/05/2025,CUST00437,Tanta,Headphones,Electronics,Completed,5,1692,5
104038,10/12/2025,CUST00438,Aswan,Monitor,Electronics,Completed,6,8740,10
104039,23/07/2025,CUST00439,Luxor,Printer,Office Equipment,Completed,7,6528,15
104040,08/02/2025,CUST00440,Port Said,Notebook Pack,Stationery,Completed,8,232.8,20
104041,21/09/2025,CUST00441,Cairo,Laptop,Electronics,Completed,9,27930,0
104042,06/04/2025,CUST00442,Giza,Smartphone,Electronics,Completed,10,14355,5
104043,19/11/2025,CUST00443,Alexandria,Wireless Mouse,Accessories,Completed,11,450,10
104044,04/06/2025,CUST00444,Mansoura,Keyboard,Accessories,Completed,12,858.5,15
104045,17/01/2025,CUST00445,Tanta,Office Chair,Furniture,Completed,1,5304,20
104046,02/08/2025,CUST00446,Aswan,Desk,Furniture,Completed,2,7622,0
104047,15/03/2025,CUST00447,Luxor,Headphones,Electronics,Completed,3,1872,5
104048,28/10/2025,CUST00448,Port Said,Monitor,Electronics,Completed,4,9660,10
104049,13/05/2025,CUST00449,Cairo,Printer,Office Equipment,Completed,5,7208,15
104050,26/12/2025,CUST00450,Giza,Notebook Pack,Stationery,Completed,6,256.8,20
104051,11/07/2025,CUST00451,Alexandria,Laptop,Electronics,Completed,7,30780,0
104052,24/02/2025,CUST00452,Mansoura,Smartphone,Electronics,Completed,8,15805,5
104053,09/09/2025,CUST00453,Tanta,Wireless Mouse,Accessories,Completed,9,495,10
104054,22/04/2025,CUST00454,Aswan,Keyboard,Accessories,Completed,10,765,15
104055,07/11/2025,CUST00455,Luxor,Office Chair,Furniture,Completed,11,4732,20
104056,20/06/2025,CUST00456,Port Said,Desk,Furniture,Completed,12,6808,0
104057,05/01/2025,CUST00457,Cairo,Headphones,Electronics,Completed,1,1674,5
104058,18/08/2025,CUST00458,Giza,Monitor,Electronics,Completed,2,8648,10
104059,03/03/2025,CUST00459,Alexandria,Printer,Office Equipment,Completed,3,6460,15
104060,16/10/2025,CUST00460,Mansoura,Notebook Pack,Stationery,Completed,4,230.4,20
104061,01/05/2025,CUST00461,Tanta,Laptop,Electronics,Completed,5,27645,0
104062,14/12/2025,CUST00462,Aswan,Smartphone,Electronics,Completed,6,14210,5
104063,27/07/2025,CUST00463,Luxor,Wireless Mouse,Accessories,Completed,7,445.5,10
104064,12/02/2025,CUST00464,Port Said,Keyboard,Accessories,Completed,8,850,15
104065,25/09/2025,CUST00465,Cairo, office chair ,Furniture,Completed,9,5252,20
104066,10/04/2025,CUST00466,Giza,Desk,Furniture,Completed,10,7548,0
104067,23/11/2025,CUST00467,Alexandria,Headphones,Electronics,Completed,11,1854,5
104068,08/06/2025,CUST00468,Mansoura,Monitor,Electronics,Completed,12,9568,10
104069,21/01/2025,CUST00469, Tanta ,Printer,Office Equipment,Completed,1,7140,15
104070,06/08/2025,CUST00470,Aswan,Notebook Pack,Stationery,Completed,2,254.4,20
104071,19/03/2025,CUST00471,Luxor,Laptop,Electronics,Completed,3,30495,0
104072,04/10/2025,CUST00472,Port Said,Smartphone,Electronics,Completed,4,15660,5
104073,17/05/2025,CUST00473,Cairo,Wireless Mouse,Accessories,Completed,5,490.5,10
104074,02/12/2025,CUST00474,Giza,Keyboard,Accessories,Completed,6,935,15
104075,15/07/2025,CUST00475,,Office Chair,Furniture,Completed,7,4680,20
104076,28/02/2025,CUST00476,Mansoura,Desk,Furniture,Completed,8,6734,0
104077,13/09/2025,CUST00477,Tanta,Headphones,Electronics,Completed,9,1656,5
104078,26/04/2025,CUST00478,Aswan,Monitor,Electronics,Completed,10,8556,10
104079,11/11/2025,CUST00479,Luxor,Printer,Office Equipment,Completed,11,6392,15
104080,24/06/2025,CUST00480,Port Said,Notebook Pack,Stationery,Completed,12,228,20
104081,09/01/2025,CUST00481,Cairo,Laptop,Electronics,Completed,1,27360,0
104082,22/08/2025,CUST00482,Giza,Smartphone,Electronics,Completed,2,14065,5
104083,07/03/2025,CUST00483,Alexandria,Wireless Mouse,Accessories,Completed,3,441,10
104084,20/10/2025,CUST00484,Mansoura,Keyboard,Accessories,Completed,4,841.5,15
104085,05/05/2025,CUST00485,Tanta,Office Chair,Furniture,Completed,5,5200,20
104086,18/12/2025,CUST00486,Aswan,Desk,Furniture,Completed,6,7474,0
104087,03/07/2025,CUST00487,Luxor,Headphones,Electronics,Completed,7,1836,5
104088,16/02/2025,CUST00488,Port Said,Monitor,Electronics,Completed,8,9476,10
104089,01/09/2025,CUST00489,Cairo,Printer,Office Equipment,Completed,9,7072,15
104090,14/04/2025,CUST00490,Giza,Notebook Pack,Stationery,Completed,10,252,20
104091,27/11/2025,CUST00491,Alexandria,Laptop,Electronics,Completed,11,30210,0
104092,12/06/2025,CUST00492,Mansoura,Smartphone,Electronics,Completed,12,15515,5
104093,25/01/2025,CUST00493,Tanta,Wireless Mouse,Accessories,Completed,1,486,10
104094,10/08/2025,CUST00494,Aswan,Keyboard,Accessories,Completed,2,926.5,15
104095,23/03/2025,CUST00495,Luxor,Office Chair,Furniture,Completed,3,5720,20
104096,08/10/2025,CUST00496,Port Said,Desk,Furniture,Completed,4,6660,0
104097,21/05/2025,CUST00497,Cairo,Headphones,Electronics,Completed,5,1638,5
104098,06/12/2025,CUST00498,Giza,Monitor,Electronics,Completed,6,8464,10
104099,19/07/2025,CUST00499,Alexandria,Printer,Office Equipment,Completed,7,6324,15
104100,04/02/2025,CUST00500,Mansoura,Notebook Pack,Stationery,Completed,8,225.6,20
104101,17/09/2025,CUST00501,Tanta,Laptop,Electronics,Completed,9,27075,0
104102,02/04/2025,CUST00502,Aswan,Smartphone,Electronics,Completed,10,13920,5
104103,15/11/2025,CUST00503,Luxor,Wireless Mouse,Accessories,Completed,11,436.5,10
104104,28/06/2025,CUST00504,Port Said,Keyboard,Accessories,Completed,12,833,15
104105,13/01/2025,CUST00505,Cairo,Office Chair,Furniture,Completed,1,5148,20
104106,26/08/2025,CUST00506,Giza,Desk,Furniture,Completed,2,7400,0
104107,11/03/2025,CUST00507,Alexandria,Headphones,Electronics,Completed,3,1818,5
104108,24/10/2025,CUST00508,Mansoura,Monitor,Electronics,Completed,4,9384,10
104109,09/05/2025,CUST00509,Tanta,Printer,Office Equipment,Completed,5,7004,15
104110,22/12/2025,CUST00510,Aswan,Notebook Pack,Stationery,Completed,6,249.6,20
104111,07/07/2025,CUST00511,Luxor,Laptop,Electronics,Completed,7,29925,0
104112,20/02/2025,CUST00512,Port Said,Smartphone,Electronics,Completed,8,15370,5
104113,05/09/2025,CUST00513,Cairo,Wireless Mouse,Accessories,Completed,9,481.5,10
104114,18/04/2025,CUST00514,Giza,Keyboard,Accessories,Completed,10,918,15
104115,03/11/2025,CUST00515,Alexandria,Office Chair,Furniture,Completed,11,5668,20
104116,16/06/2025,CUST00516,Mansoura,Desk,Furniture,Completed,12,8140,0
104117,01/01/2025,CUST00517,Tanta,Headphones,Electronics,Completed,1,1620,5
104118,14/08/2025,CUST00518,Aswan,Monitor,Electronics,Completed,2,8372,10
104119,27/03/2025,CUST00519,Luxor,Printer,Office Equipment,Completed,3,6256,15
104120,12/10/2025,CUST00520,Port Said,Notebook Pack,Stationery,Completed,4,223.2,20
104121,25/05/2025,CUST00521,Cairo,Laptop,Electronics,Completed,5,26790,0
104122,10/12/2025,CUST00522,Giza,Smartphone,Electronics,Completed,6,13775,5
104123,23/07/2025,CUST00523,Alexandria,Wireless Mouse,Accessories,Completed,7,432,10
104124,08/02/2025,CUST00524,Mansoura,Keyboard,Accessories,Completed,8,824.5,15
104125,21/09/2025,CUST00525,Tanta,Office Chair,Furniture,Completed,9,5096,20
104126,06/04/2025,CUST00526,Aswan,Desk,Furniture,Completed,10,7326,0
104127,19/11/2025,CUST00527,Luxor,Headphones,Electronics,Completed,11,1800,5
104128,04/06/2025,CUST00528,Port Said,Monitor,Electronics,Completed,12,9292,10
104129,17/01/2025,CUST00529,Cairo,Printer,Office Equipment,Completed,1,6936,15
104130,02/08/2025,CUST00530,Giza,Notebook Pack,Stationery,Completed,2,247.2,20
104131,15/03/2025,CUST00531,Alexandria,Laptop,Electronics,Completed,3,29640,0
104132,28/10/2025,CUST00532,Mansoura,Smartphone,Electronics,Completed,4,15225,5
104133,13/05/2025,CUST00533,Tanta,Wireless Mouse,Accessories,Completed,5,477,10
104134,26/12/2025,CUST00534,Aswan,Keyboard,Accessories,Completed,6,909.5,15
104135,11/07/2025,CUST00535,Luxor,Office Chair,Furniture,Completed,7,5616,20
104136,24/02/2025,CUST00536,Port Said,Desk,Furniture,Completed,8,8066,0
104137,09/09/2025,CUST00537,Cairo,Headphones,Electronics,Completed,9,1980,5
104138,22/04/2025,CUST00538,Giza,Monitor,Electronics,Completed,10,8280,10
104139,07/11/2025,CUST00539,Alexandria,Printer,Office Equipment,Completed,11,6188,15
104140,20/06/2025,CUST00540,Mansoura,Notebook Pack,Stationery,Completed,12,220.8,20
104141,05/01/2025,CUST00541,Tanta,Laptop,Electronics,Completed,1,26505,0
104142,18/08/2025,CUST00542,Aswan,Smartphone,Electronics,Completed,2,13630,5
104143,03/03/2025,CUST00543,Luxor,Wireless Mouse,Accessories,Completed,3,427.5,10
104144,16/10/2025,CUST00544,Port Said,Keyboard,Accessories,Completed,4,816,15
104145,01/05/2025,CUST00545,Cairo,Office Chair,Furniture,Completed,5,5044,20
104146,14/12/2026,CUST00546,Giza,Desk,Furniture,Completed,6,7252,0
104147,27/07/2026,CUST00547,Alexandria,Headphones,Electronics,Completed,7,1782,5
104148,12/02/2026,CUST00548,Mansoura,Monitor,Electronics,Completed,8,9200,10
104149,25/09/2026,CUST00549,Tanta,Printer,Office Equipment,Completed,9,6868,15
104150,10/04/2026,CUST00550,Aswan,Notebook Pack,Stationery,Completed,10,244.8,20
104151,23/11/2026,CUST00551,Luxor,Laptop,Electronics,Completed,11,29355,0
104152,08/06/2026,CUST00552,Port Said,Smartphone,Electronics,Completed,12,15080,5
104153,21/01/2026,CUST00553,Cairo,Wireless Mouse,Accessories, completed ,1,472.5,10
104154,06/08/2026,CUST00554,Giza,Keyboard,Accessories,Completed,2,901,15
104155,19/03/2026,CUST00555,Alexandria,Office Chair,Furniture,Completed,3,5564,20
104156,04/10/2026,CUST00556,Mansoura,Desk,Furniture,Completed,4,7992,0
104157,17/05/2026,CUST00557,Tanta,Headphones,Electronics,Completed,5,1962,5
104158,02/12/2026,CUST00558,Aswan,Monitor,Electronics,Completed,6,10120,10
104159,15/07/2026,CUST00559,Luxor,Printer,Office Equipment,Completed,7,6120,15
104160,28/02/2026,CUST00560,Port Said,Notebook Pack,Stationery,Completed,8,218.4,20
104161,13/09/2026,CUST00561,Cairo,Laptop,Electronics,Completed,9,26220,0
104162,26/04/2026,CUST00562,Giza,Smartphone,Electronics,Completed,10,13485,5
104163,11/11/2026,CUST00563,Alexandria,Wireless Mouse,Accessories,Completed,11,423,10
104164,24/06/2026,CUST00564,Mansoura,Keyboard,Accessories,Completed,12,807.5,
104165,09/01/2026,CUST00565,Tanta,Office Chair,Furniture,Completed,1,4992,20
104166,22/08/2026,CUST00566,Aswan,Desk,Furniture,Completed,2,7178,0
104167,07/03/2026,CUST00567,Luxor,Headphones,Electronics,Completed,3,1764,5
104168,20/10/2026,CUST00568,Port Said,Monitor,Electronics,Completed,4,9108,10
104169,05/05/2026,CUST00569,Cairo,Printer,Office Equipment,Completed,5,6800,15
104170,18/12/2026,CUST00570,Giza,Notebook Pack,Stationery,Completed,6,242.4,20
104171,03/07/2026,CUST00571,Alexandria,Laptop,Electronics,Completed,7,29070,0
104172,16/02/2026,CUST00572,,Smartphone,Electronics,Completed,8,14935,5
104173,01/09/2026,CUST00573,Tanta,Wireless Mouse,accessories,Completed,9,468,10
104174,14/04/2026,CUST00574,Aswan,Keyboard,Accessories,Completed,10,892.5,15
104175,27/11/2026,CUST00575,Luxor,Office Chair,Furniture,Completed,11,5512,20
104176,12/06/2026,CUST00576,Port Said,Desk,Furniture,Completed,12,7918,0
104177,25/01/2026,CUST00577,Cairo,Headphones,Electronics,Completed,1,1944,5
104178,10/08/2026,CUST00578,Giza,Monitor,Electronics,Completed,2,10028,10
104179,23/03/2026,CUST00579,Alexandria,Printer,Office Equipment,Completed,3,7480,15
104180,08/10/2026,CUST00580,Mansoura,Notebook Pack,Stationery,Completed,4,216,20
104181,21/05/2026,CUST00581,Tanta,Laptop,Electronics,Completed,5,25935,0
104182,06/12/2026,CUST00582, Aswan ,Smartphone,Electronics,Completed,6,13340,5
104183,19/07/2026,CUST00583,Luxor,Wireless Mouse,Accessories,Completed,7,418.5,10
104184,04/02/2026,CUST00584,Port Said,Keyboard,Accessories,Completed,8,799,15
104185,17/09/2026,CUST00585,Cairo,Office Chair,Furniture,Completed,9,4940,20
104186,02/04/2026,CUST00586,Giza,Desk,Furniture,Completed,10,7104,0
104187,15/11/2026,CUST00587,Alexandria,Headphones,Electronics,Completed,11,1746,5
104188,28/06/2026,CUST00588,Mansoura,Monitor,Electronics,Completed,12,9016,10
104189,13/01/2026,CUST00589,Tanta,Printer,Office Equipment,Completed,1,6732,15
104190,26/08/2026,CUST00590,Aswan,Notebook Pack,Stationery,Completed,2,240,20
104191,11/03/2026,CUST00591,Luxor,Laptop,Electronics,Completed,3,28785,0
104192,24/10/2026,CUST00592,Port Said, smartphone ,Electronics,Completed,4,14790,5
104193,09/05/2026,CUST00593,Cairo,Wireless Mouse,Accessories,Completed,5,463.5,10
104194,22/12/2026,CUST00594,Giza,Keyboard,Accessories,Completed,6,884,15
104195,07/07/2026,CUST00595,Alexandria,Office Chair,Furniture,Completed,7,5460,20
104196,20/02/2026,CUST00596,Mansoura,Desk,Furniture,Completed,8,7844,0
104197,05/09/2026,CUST00597,Tanta,Headphones,Electronics,Completed,9,1926,5
104198,18/04/2026,CUST00598,Aswan,Monitor,Electronics,Completed,10,9936,10
104199,03/11/2026,CUST00599,Luxor,Printer,Office Equipment,Completed,11,7412,15
104200,16/06/2026,CUST00600,Port Said,Notebook Pack,Stationery,Completed,12,264,20
104201,01/01/2026,CUST00601,Cairo,Laptop,Electronics,Completed,1,25650,0
104202,14/08/2026,CUST00602,Giza,Smartphone,Electronics,Completed,2,13195,5
104203,27/03/2026,CUST00603,Alexandria,Wireless Mouse,Accessories,Completed,3,414,10
104204,12/10/2026,CUST00604,Mansoura,Keyboard,Accessories,Completed,4,790.5,15
104205,25/05/2026,CUST00605,Tanta,Office Chair,Furniture,Completed,5,4888,20
104206,10/12/2026,CUST00606,Aswan,Desk,Furniture,Completed,6,7030,0
104207,23/07/2026,CUST00607,Luxor,Headphones,Electronics,Completed,7,1728,5
104208,08/02/2026,CUST00608,Port Said,Monitor,Electronics,Completed,8,8924,10
104209,21/09/2026,CUST00609,Cairo,Printer,Office Equipment,Completed,9,6664,15
104210,06/04/2026,CUST00610,Giza,Notebook Pack,Stationery,Completed,10,237.6,20
104211,19/11/2026,CUST00611,Alexandria,Laptop,Electronics,Completed,11,28500,0
104212,04/06/2026,CUST00612,Mansoura,Smartphone,Electronics,Completed,12,14645,5
104213,17/01/2026,CUST00613,Tanta,Wireless Mouse,Accessories,Completed,1,459,10
104214,02/08/2026,CUST00614,Aswan,Keyboard,Accessories,Completed,2,875.5,15
104215,15/03/2026,CUST00615,Luxor,Office Chair,Furniture,Completed,3,5408,20
104216,28/10/2026,CUST00616,Port Said,Desk,Furniture,Completed,4,7770,0
104217,13/05/2026,CUST00617,Cairo,Headphones,Electronics,Completed,5,1908,5
104218,26/12/2026,CUST00618,Giza,Monitor,Electronics,Completed,6,9844,10
104219,11/07/2026,CUST00619,Alexandria,Printer,Office Equipment,Completed,7,7344,15
104220,24/02/2026,CUST00620,Mansoura,Notebook Pack,Stationery,Completed,8,261.6,20
104221,09/09/2026,CUST00621,Tanta,Laptop,Electronics,Completed,9,31350,0
104222,22/04/2026,CUST00622,Aswan,Smartphone,Electronics,Completed,10,13050,5
104223,07/11/2026,CUST00623,Luxor,Wireless Mouse,Accessories,Completed,11,409.5,10
104224,20/06/2026,CUST00624,Port Said,Keyboard,Accessories,Completed,12,782,15
104225,05/01/2026,CUST00625,Cairo,Office Chair,Furniture,Completed,1,4836,20
104226,18/08/2026,CUST00626,Giza,Desk,Furniture,Completed,2,6956,0
104227,03/03/2026,CUST00627,Alexandria,Headphones,Electronics,Completed,3,1710,5
104228,16/10/2026,CUST00628,Mansoura,Monitor,Electronics,Completed,4,8832,10
104229,01/05/2026,CUST00629,Tanta,Printer,Office Equipment,Completed,5,6596,15
104230,14/12/2026,CUST00630,Aswan,Notebook Pack,Stationery,Completed,6,235.2,20
104231,27/07/2026,CUST00631,Luxor,Laptop,Electronics,Completed,7,28215,0
104232,12/02/2026,CUST00632,Port Said,Smartphone,Electronics,Completed,8,14500,5
104233,25/09/2026,CUST00633,Cairo,Wireless Mouse,Accessories,Completed,9,454.5,10
104234,10/04/2026,CUST00634,Giza,Keyboard,Accessories,Completed,10,867,15
104235,23/11/2026,CUST00635,Alexandria,Office Chair,Furniture,Completed,11,5356,20
104236,08/06/2026,CUST00636,Mansoura,Desk,Furniture,Completed,12,7696,0
104237,21/01/2026,CUST00637,Tanta,Headphones,Electronics,Completed,1,1890,5
104238,06/08/2026,CUST00638,Aswan,Monitor,Electronics,Completed,2,9752,10
104239,19/03/2026,CUST00639,Luxor,Printer,Office Equipment,Completed,3,7276,15
104240,04/10/2026,CUST00640,Port Said,Notebook Pack,Stationery,Completed,4,259.2,20
104241,17/05/2026,CUST00641,Cairo,Laptop,Electronics,Completed,5,31065,0
104242,02/12/2026,CUST00642,Giza,Smartphone,Electronics,Completed,6,15950,5
104243,15/07/2026,CUST00643,Alexandria,Wireless Mouse,Accessories,Completed,7,405,10
104244,28/02/2026,CUST00644,Mansoura,Keyboard,Accessories,Completed,8,773.5,15
104245,13/09/2026,CUST00645,Tanta,Office Chair,Furniture,Completed,9,4784,20
104246,26/04/2026,CUST00646,Aswan,Desk,Furniture,Completed,10,6882,0
104247,11/11/2026,CUST00647,Luxor,Headphones,Electronics,Completed,11,1692,5
104248,24/06/2026,CUST00648,Port Said,Monitor,Electronics,Completed,12,8740,10
104249,09/01/2026,CUST00649,Cairo,Printer,Office Equipment,Completed,1,6528,15
104250,22/08/2026,CUST00650,Giza,Notebook Pack,Stationery,Completed,2,232.8,20
104251,07/03/2026,CUST00651,Alexandria,Laptop,Electronics,Completed,3,27930,0
104252,20/10/2026,CUST00652,Mansoura,Smartphone,Electronics,Completed,4,14355,5
104253,05/05/2026,CUST00653,Tanta,Wireless Mouse,Accessories,Completed,5,450,10
104254,18/12/2026,CUST00654,Aswan,Keyboard,Accessories,Completed,6,858.5,15
104255,03/07/2026,CUST00655,Luxor,Office Chair,Furniture,Completed,7,5304,20
104256,16/02/2026,CUST00656,Port Said,Desk,Furniture,Completed,8,7622,0
104257,01/09/2026,CUST00657,Cairo,Headphones,Electronics,Completed,9,1872,5
104258,14/04/2026,CUST00658,Giza,Monitor,Electronics,Completed,10,9660,10
104259,27/11/2026,CUST00659,Alexandria,Printer,Office Equipment,Completed,11,7208,15
104260,12/06/2026,CUST00660,Mansoura,Notebook Pack,Stationery,Completed,12,256.8,20
104261,25/01/2026,CUST00661,Tanta,Laptop,Electronics,Completed,1,30780,0
104262,10/08/2026,CUST00662,Aswan,Smartphone,Electronics,Completed,2,15805,5
104263,23/03/2026,CUST00663,Luxor,Wireless Mouse,Accessories,Completed,3,495,10
104264,08/10/2026,CUST00664,Port Said,Keyboard,Accessories,Completed,4,765,15
104265,21/05/2026,CUST00665,Cairo,Office Chair,Furniture,Completed,5,4732,20
104266,06/12/2026,CUST00666,Giza,Desk,Furniture,Completed,6,6808,0
104267,19/07/2026,CUST00667,Alexandria,Headphones,Electronics,Completed,7,1674,5
104268,04/02/2026,CUST00668,Mansoura,Monitor,Electronics,Completed,8,8648,10
104269,17/09/2026,CUST00669,,Printer,Office Equipment,Completed,9,6460,15
104270,02/04/2026,CUST00670,Aswan,Notebook Pack,Stationery,Completed,10,230.4,20
104271,15/11/2026,CUST00671,Luxor,Laptop,Electronics,Completed,11,27645,0
104272,28/06/2026,CUST00672,Port Said,Smartphone,Electronics,Completed,12,14210,5
104273,13/01/2026,CUST00673,Cairo,Wireless Mouse,Accessories,Completed,1,445.5,10
104274,26/08/2026,CUST00674,Giza,Keyboard,Accessories,Completed,2,850,15
104275,11/03/2026,CUST00675,Alexandria,Office Chair,Furniture,Completed,3,5252,20
104276,24/10/2026,CUST00676,Mansoura,Desk,Furniture,Completed,4,7548,0
104277,09/05/2026,CUST00677,Tanta,Headphones,Electronics,Completed,5,1854,5
104278,22/12/2026,CUST00678,Aswan,Monitor,Electronics,Completed,6,9568,10
104279,07/07/2026,CUST00679,Luxor,Printer,Office Equipment,Completed,7,7140,15
104280,20/02/2026,CUST00680,Port Said,Notebook Pack,Stationery,Completed,8,254.4,20
104281,05/09/2026,CUST00681,Cairo,Laptop,Electronics,Completed,9,30495,0
104282,18/04/2026,CUST00682,Giza,Smartphone,Electronics,Completed,10,15660,5
104283,03/11/2026,CUST00683,Alexandria,Wireless Mouse,Accessories,Completed,11,490.5,10
104284,16/06/2026,CUST00684,Mansoura,Keyboard,Accessories,Completed,12,935,15
104285,01/01/2026,CUST00685,Tanta,Office Chair,Furniture,Completed,1,4680,20
104286,14/08/2026,CUST00686,Aswan,Desk,Furniture,Completed,2,6734,0
104287,27/03/2026,CUST00687,Luxor,Headphones,Electronics,Completed,3,1656,5
104288,12/10/2026,CUST00688,Port Said,Monitor,Electronics,Completed,4,8556,10
104289,25/05/2026,CUST00689,Cairo,Printer,Office Equipment,Completed,5,6392,15
104290,10/12/2026,CUST00690,Giza,Notebook Pack,Stationery,Completed,6,228,20
104291,23/07/2026,CUST00691,Alexandria,Laptop,Electronics,Completed,7,27360,0
104292,08/02/2026,CUST00692,Mansoura,Smartphone,Electronics,Completed,8,14065,5
104293,21/09/2026,CUST00693,Tanta,Wireless Mouse,Accessories,Completed,9,441,10
104294,06/04/2026,CUST00694,Aswan,Keyboard,Accessories,Completed,10,841.5,15
104295,19/11/2026,CUST00695, Luxor ,Office Chair,Furniture,Completed,11,5200,20
104296,04/06/2026,CUST00696,Port Said,Desk,Furniture,Completed,12,7474,0
104297,17/01/2026,CUST00697,Cairo,Headphones,Electronics,Completed,1,1836,5
104298,02/08/2026,CUST00698,Giza,Monitor,Electronics,Completed,2,9476,10
104299,15/03/2026,CUST00699,Alexandria,Printer,Office Equipment,Completed,3,7072,15
104300,28/10/2026,CUST00700,Mansoura,Notebook Pack,Stationery,Completed,4,252,20
104301,13/05/2026,CUST00701,Tanta,Laptop,Electronics,Completed,5,30210,0
104302,26/12/2026,CUST00702,Aswan,Smartphone,Electronics,Completed,6,15515,5
104303,11/07/2026,CUST00703,Luxor,Wireless Mouse,Accessories,Completed,7,486,10
104304,24/02/2026,CUST00704,Port Said,Keyboard,Accessories,Completed,8,926.5,15
104305,09/09/2026,CUST00705,Cairo,Office Chair,Furniture,Completed,9,5720,20
104306,22/04/2026,CUST00706,Giza,Desk,Furniture,Completed,10,6660,0
104307,07/11/2026,CUST00707,Alexandria,Headphones,Electronics,Completed,11,1638,5
104308,20/06/2026,CUST00708,Mansoura,Monitor,Electronics,Completed,12,8464,10
104309,05/01/2026,CUST00709,Tanta,Printer,Office Equipment,Completed,1,6324,15
104310,18/08/2026,CUST00710,Aswan,Notebook Pack,Stationery,Completed,2,225.6,20
104311,03/03/2026,CUST00711,Luxor,Laptop,Electronics,Completed,3,27075,0
104312,16/10/2026,CUST00712,Port Said,Smartphone,Electronics,Completed,4,13920,5
104313,01/05/2026,CUST00713,Cairo,Wireless Mouse,Accessories,Completed,5,436.5,10
104314,14/12/2026,CUST00714,Giza,Keyboard,Accessories,Completed,6,833,15
104315,27/07/2026,CUST00715,Alexandria,Office Chair,Furniture,Completed,7,5148,20
104316,12/02/2026,CUST00716,Mansoura,Desk,Furniture,Completed,8,7400,0
104317,25/09/2026,CUST00717,Tanta,Headphones,Electronics,Completed,9,1818,5
104318,10/04/2026,CUST00718,Aswan,Monitor,Electronics,Completed,10,9384,10
104319,23/11/2026,CUST00719,Luxor, printer ,Office Equipment,Completed,11,7004,15
104320,08/06/2026,CUST00720,Port Said,Notebook Pack,Stationery,Completed,12,249.6,20
104321,21/01/2025,CUST00721,Cairo,Laptop,Electronics,Completed,1,29925,0
104322,06/08/2025,CUST00722,Giza,Smartphone,electronics,Completed,2,15370,5
104323,19/03/2025,CUST00723,Alexandria,Wireless Mouse,Accessories,Completed,3,481.5,10
104324,04/10/2025,CUST00724,Mansoura,Keyboard,Accessories,Completed,4,918,15
104325,17/05/2025,CUST00725,Tanta,Office Chair,Furniture,Completed,5,5668,20
104326,02/12/2025,CUST00726,Aswan,Desk,Furniture, completed ,6,8140,0
104327,15/07/2025,CUST00727,Luxor,Headphones,Electronics,Completed,7,1620,5
104328,28/02/2025,CUST00728,Port Said,Monitor,Electronics,Completed,8,8372,10
104329,13/09/2025,CUST00729,Cairo,Printer,Office Equipment,Completed,9,6256,15
104330,26/04/2025,CUST00730,Giza,Notebook Pack,Stationery,Completed,10,223.2,20
104331,11/11/2025,CUST00731,Alexandria,Laptop,Electronics,Completed,11,26790,0
104332,24/06/2025,CUST00732,Mansoura,Smartphone,Electronics,Completed,12,13775,5
104333,09/01/2025,CUST00733,Tanta,Wireless Mouse,Accessories,Completed,1,432,10
104334,22/08/2025,CUST00734,Aswan,Keyboard,Accessories,Completed,2,824.5,15
104335,07/03/2025,CUST00735,Luxor,Office Chair,Furniture,Completed,3,5096,20
104336,20/10/2025,CUST00736,Port Said,Desk,Furniture,Completed,4,7326,0
104337,05/05/2025,CUST00737,Cairo,Headphones,Electronics,Completed,5,1800,5
104338,18/12/2025,CUST00738,Giza,Monitor,Electronics,Completed,6,9292,10
104339,03/07/2025,CUST00739,Alexandria,Printer,Office Equipment,Completed,7,6936,15
104340,16/02/2025,CUST00740,Mansoura,Notebook Pack,Stationery,Completed,8,247.2,20
104341,01/09/2025,CUST00741,Tanta,Laptop,Electronics,Completed,9,29640,0
104342,14/04/2025,CUST00742,Aswan,Smartphone,Electronics,Completed,10,15225,5
104343,27/11/2025,CUST00743,Luxor,Wireless Mouse,Accessories,Completed,11,477,10
104344,12/06/2025,CUST00744,Port Said,Keyboard,Accessories,Completed,12,909.5,15
104345,25/01/2025,CUST00745,Cairo,Office Chair,Furniture,Completed,1,5616,
104346,10/08/2025,CUST00746,Giza,Desk,Furniture,Completed,2,8066,0
104347,23/03/2025,CUST00747,Alexandria,Headphones,Electronics,Completed,3,1980,5
104348,08/10/2025,CUST00748,Mansoura,Monitor,Electronics,Completed,4,8280,10
104349,21/05/2025,CUST00749,Tanta,Printer,Office Equipment,Completed,5,6188,15
104350,06/12/2025,CUST00750,Aswan,Notebook Pack,Stationery,Completed,6,220.8,20
104351,19/07/2025,CUST00751,Luxor,Laptop,Electronics,Completed,7,26505,0
104352,04/02/2025,CUST00752,Port Said,Smartphone,Electronics,Completed,8,13630,5
104353,17/09/2025,CUST00753,Cairo,Wireless Mouse,Accessories,Completed,9,427.5,10
104354,02/04/2025,CUST00754,Giza,Keyboard,Accessories,Completed,10,816,15
104355,15/11/2025,CUST00755,Alexandria,Office Chair,Furniture,Completed,11,5044,20
104356,28/06/2025,CUST00756,Mansoura,Desk,Furniture,Completed,12,7252,0
104357,13/01/2025,CUST00757,Tanta,Headphones,Electronics,Completed,1,1782,5
104358,26/08/2025,CUST00758,Aswan,Monitor,Electronics,Completed,2,9200,10
104359,11/03/2025,CUST00759,Luxor,Printer,Office Equipment,Completed,3,6868,15
104360,24/10/2025,CUST00760,Port Said,Notebook Pack,Stationery,Completed,4,244.8,20
104361,09/05/2025,CUST00761,Cairo,Laptop,Electronics,Completed,5,29355,0
104362,22/12/2025,CUST00762,Giza,Smartphone,Electronics,Completed,6,15080,5
104363,07/07/2025,CUST00763,Alexandria,Wireless Mouse,Accessories,Completed,7,472.5,10
104364,20/02/2025,CUST00764,Mansoura,Keyboard,Accessories,Completed,8,901,15
104365,05/09/2025,CUST00765,Tanta,Office Chair,Furniture,Completed,9,5564,20
104366,18/04/2025,CUST00766,,Desk,Furniture,Completed,10,7992,0
104367,03/11/2025,CUST00767,Luxor,Headphones,Electronics,Completed,11,1962,5
104368,16/06/2025,CUST00768,Port Said,Monitor,Electronics,Completed,12,10120,10
104369,01/01/2025,CUST00769,Cairo,Printer,Office Equipment,Completed,1,6120,15
104370,14/08/2025,CUST00770,Giza,Notebook Pack,Stationery,Completed,2,218.4,20
104371,27/03/2025,CUST00771,Alexandria,Laptop,Electronics,Completed,3,26220,0
104372,12/10/2025,CUST00772,Mansoura,Smartphone,Electronics,Completed,4,13485,5
104373,25/05/2025,CUST00773,Tanta,Wireless Mouse,Accessories,Completed,5,423,10
104374,10/12/2025,CUST00774,Aswan,Keyboard,Accessories,Completed,6,807.5,15
104375,23/07/2025,CUST00775,Luxor,Office Chair,Furniture,Completed,7,4992,20
104376,08/02/2025,CUST00776,Port Said,Desk,Furniture,Completed,8,7178,0
104377,21/09/2025,CUST00777,Cairo,Headphones,Electronics,Completed,9,1764,5
104378,06/04/2025,CUST00778,Giza,Monitor,Electronics,Completed,10,9108,10
104379,19/11/2025,CUST00779,Alexandria,Printer,Office Equipment,Completed,11,6800,15
104380,04/06/2025,CUST00780,Mansoura,Notebook Pack,Stationery,Completed,12,242.4,20
104381,17/01/2025,CUST00781,Tanta,Laptop,Electronics,Completed,1,29070,0
104382,02/08/2025,CUST00782,Aswan,Smartphone,Electronics,Completed,2,14935,5
104383,15/03/2025,CUST00783,Luxor,Wireless Mouse,Accessories,Completed,3,468,10
104384,28/10/2025,CUST00784,Port Said,Keyboard,Accessories,Completed,4,892.5,15
104385,13/05/2025,CUST00785,Cairo,Office Chair,Furniture,Completed,5,5512,20
104386,26/12/2025,CUST00786,Giza,Desk,Furniture,Completed,6,7918,0
104387,11/07/2025,CUST00787,Alexandria,Headphones,Electronics,Completed,7,1944,5
104388,24/02/2025,CUST00788,Mansoura,Monitor,Electronics,Completed,8,10028,10
104389,09/09/2025,CUST00789,Tanta,Printer,Office Equipment,Completed,9,7480,15
104390,22/04/2025,CUST00790,Aswan,Notebook Pack,Stationery,Completed,10,216,20
104391,07/11/2025,CUST00791,Luxor,Laptop,Electronics,Completed,11,25935,0
104392,20/06/2025,CUST00792,Port Said,Smartphone,Electronics,Completed,12,13340,5
104393,05/01/2025,CUST00793,Cairo,Wireless Mouse,Accessories,Completed,1,418.5,10
104394,18/08/2025,CUST00794,Giza,Keyboard,Accessories,Completed,2,799,15
104395,03/03/2025,CUST00795,Alexandria,Office Chair,Furniture,Completed,3,4940,20
104396,16/10/2025,CUST00796,Mansoura,Desk,Furniture,Completed,4,7104,0
104397,01/05/2025,CUST00797,Tanta,Headphones,Electronics,Completed,5,1746,5
104398,14/12/2025,CUST00798,Aswan,Monitor,Electronics,Completed,6,9016,10
104399,27/07/2025,CUST00799,Luxor,Printer,Office Equipment,Completed,7,6732,15
104400,12/02/2025,CUST00800,Port Said,Notebook Pack,Stationery,Completed,8,240,20
104401,25/09/2025,CUST00801,Cairo,Laptop,Electronics,Completed,9,28785,0
104402,10/04/2025,CUST00802,Giza,Smartphone,Electronics,Completed,10,14790,5
104403,23/11/2025,CUST00803,Alexandria,Wireless Mouse,Accessories,Completed,11,463.5,10
104404,08/06/2025,CUST00804,Mansoura,Keyboard,Accessories,Completed,12,884,15
104405,21/01/2025,CUST00805,Tanta,Office Chair,Furniture,Completed,1,5460,20
104406,06/08/2025,CUST00806,Aswan,Desk,Furniture,Completed,2,7844,0
104407,19/03/2025,CUST00807,Luxor,Headphones,Electronics,Completed,3,1926,5
104408,04/10/2025,CUST00808, Port Said ,Monitor,Electronics,Completed,4,9936,10
104409,17/05/2025,CUST00809,Cairo,Printer,Office Equipment,Completed,5,7412,15
104410,02/12/2025,CUST00810,Giza,Notebook Pack,Stationery,Completed,6,264,20
104411,15/07/2025,CUST00811,Alexandria,Laptop,Electronics,Completed,7,25650,0
104412,28/02/2025,CUST00812,Mansoura,Smartphone,Electronics,Completed,8,13195,5
104413,13/09/2025,CUST00813,Tanta,Wireless Mouse,Accessories,Completed,9,414,10
104414,26/04/2025,CUST00814,Aswan,Keyboard,Accessories,Completed,10,790.5,15
104415,11/11/2025,CUST00815,Luxor,Office Chair,Furniture,Completed,11,4888,20
104416,24/06/2025,CUST00816,Port Said,Desk,Furniture,Completed,12,7030,0
104417,09/01/2025,CUST00817,Cairo,Headphones,Electronics,Completed,1,1728,5
104418,22/08/2025,CUST00818,Giza,Monitor,Electronics,Completed,2,8924,10
104419,07/03/2025,CUST00819,Alexandria,Printer,Office Equipment,Completed,3,6664,15
104420,20/10/2025,CUST00820,Mansoura,Notebook Pack,Stationery,Completed,4,237.6,20
104421,05/05/2025,CUST00821,Tanta,Laptop,Electronics,Completed,5,28500,0
104422,18/12/2025,CUST00822,Aswan,Smartphone,Electronics,Completed,6,14645,5
104423,03/07/2025,CUST00823,Luxor,Wireless Mouse,Accessories,Completed,7,459,10
104424,16/02/2025,CUST00824,Port Said,Keyboard,Accessories,Completed,8,875.5,15
104425,01/09/2025,CUST00825,Cairo,Office Chair,Furniture,Completed,9,5408,20
104426,14/04/2025,CUST00826,Giza,Desk,Furniture,Completed,10,7770,0
104427,27/11/2025,CUST00827,Alexandria,Headphones,Electronics,Completed,11,1908,5
104428,12/06/2025,CUST00828,Mansoura,Monitor,Electronics,Completed,12,9844,10
104429,25/01/2025,CUST00829,Tanta,Printer,Office Equipment,Completed,1,7344,15
104430,10/08/2025,CUST00830,Aswan,Notebook Pack,Stationery,Completed,2,261.6,20
104431,23/03/2025,CUST00831,Luxor,Laptop,Electronics,Completed,3,31350,0
104432,08/10/2025,CUST00832,Port Said,Smartphone,Electronics,Completed,4,13050,5
104433,21/05/2025,CUST00833,Cairo,Wireless Mouse,Accessories,Completed,5,409.5,10
104434,06/12/2025,CUST00834,Giza,Keyboard,Accessories,Completed,6,782,15
104435,19/07/2025,CUST00835,Alexandria,Office Chair,Furniture,Completed,7,4836,20
104436,04/02/2025,CUST00836,Mansoura,Desk,Furniture,Completed,8,6956,0
104437,17/09/2025,CUST00837,Tanta,Headphones,Electronics,Completed,9,1710,5
104438,02/04/2025,CUST00838,Aswan,Monitor,Electronics,Completed,10,8832,10
104439,15/11/2025,CUST00839,Luxor,Printer,Office Equipment,Completed,11,6596,15
104440,28/06/2025,CUST00840,Port Said,Notebook Pack,Stationery,Completed,12,235.2,20
104441,13/01/2025,CUST00841,Cairo,Laptop,Electronics,Completed,1,28215,0
104442,26/08/2025,CUST00842,Giza,Smartphone,Electronics,Completed,2,14500,5
104443,11/03/2025,CUST00843,Alexandria,Wireless Mouse,Accessories,Completed,3,454.5,10
104444,24/10/2025,CUST00844,Mansoura,Keyboard,Accessories,Completed,4,867,15
104445,09/05/2025,CUST00845,Tanta,Office Chair,Furniture,Completed,5,5356,20
104446,22/12/2025,CUST00846,Aswan, desk ,Furniture,Completed,6,7696,0
104447,07/07/2025,CUST00847,Luxor,Headphones,Electronics,Completed,7,1890,5
104448,20/02/2025,CUST00848,Port Said,Monitor,Electronics,Completed,8,9752,10
104449,05/09/2025,CUST00849,Cairo,Printer,Office Equipment,Completed,9,7276,15
104450,18/04/2025,CUST00850,Giza,Notebook Pack,Stationery,Completed,10,259.2,20
104451,03/11/2025,CUST00851,Alexandria,Laptop,Electronics,Completed,11,31065,0
104452,16/06/2025,CUST00852,Mansoura,Smartphone,Electronics,Completed,12,15950,5
104453,01/01/2025,CUST00853,Tanta,Wireless Mouse,Accessories,Completed,1,405,10
104454,14/08/2025,CUST00854,Aswan,Keyboard,Accessories,Completed,2,773.5,15
104455,27/03/2025,CUST00855,Luxor,Office Chair,Furniture,Completed,3,4784,20
104456,12/10/2025,CUST00856,Port Said,Desk,Furniture,Completed,4,6882,0
104457,25/05/2025,CUST00857,Cairo,Headphones,Electronics,Completed,5,1692,5
104458,10/12/2025,CUST00858,Giza,Monitor,Electronics,Completed,6,8740,10
104459,23/07/2025,CUST00859,Alexandria,Printer,Office Equipment,Completed,7,6528,15
104460,08/02/2025,CUST00860,Mansoura,Notebook Pack,Stationery,Completed,8,232.8,20
104461,21/09/2025,CUST00861,Tanta,Laptop,Electronics,Completed,9,27930,0
104462,06/04/2025,CUST00862,Aswan,Smartphone,Electronics,Completed,10,14355,5
104463,19/11/2025,CUST00863,,Wireless Mouse,Accessories,Completed,11,450,10
104464,04/06/2025,CUST00864,Port Said,Keyboard,Accessories,Completed,12,858.5,15
104465,17/01/2025,CUST00865,Cairo,Office Chair,Furniture,Completed,1,5304,20
104466,02/08/2025,CUST00866,Giza,Desk,Furniture,Completed,2,7622,0
104467,15/03/2025,CUST00867,Alexandria,Headphones,Electronics,Completed,3,1872,5
104468,28/10/2025,CUST00868,Mansoura,Monitor,Electronics,Completed,4,9660,10
104469,13/05/2025,CUST00869,Tanta,Printer,Office Equipment,Completed,5,7208,15
104470,26/12/2025,CUST00870,Aswan,Notebook Pack,Stationery,Completed,6,256.8,20
104471,11/07/2025,CUST00871,Luxor,Laptop,electronics,Completed,7,30780,0
104472,24/02/2025,CUST00872,Port Said,Smartphone,Electronics,Completed,8,15805,5
104473,09/09/2025,CUST00873,Cairo,Wireless Mouse,Accessories,Completed,9,495,10
104474,22/04/2025,CUST00874,Giza,Keyboard,Accessories,Completed,10,765,15
104475,07/11/2025,CUST00875,Alexandria,Office Chair,Furniture,Completed,11,4732,20
104476,20/06/2025,CUST00876,Mansoura,Desk,Furniture,Completed,12,6808,0
104477,05/01/2025,CUST00877,Tanta,Headphones,Electronics,Completed,1,1674,5
104478,18/08/2025,CUST00878,Aswan,Monitor,Electronics,Completed,2,8648,10
104479,03/03/2025,CUST00879,Luxor,Printer,Office Equipment,Completed,3,6460,15
104480,16/10/2025,CUST00880,Port Said,Notebook Pack,Stationery,Completed,4,230.4,20
104481,01/05/2025,CUST00881,Cairo,Laptop,Electronics,Completed,5,27645,0
104482,14/12/2025,CUST00882,Giza,Smartphone,Electronics,Completed,6,14210,5
104483,27/07/2025,CUST00883,Alexandria,Wireless Mouse,Accessories,Completed,7,445.5,10
104484,12/02/2025,CUST00884,Mansoura,Keyboard,Accessories,Completed,8,850,15
104485,25/09/2025,CUST00885,Tanta,Office Chair,Furniture,Completed,9,5252,20
104486,10/04/2025,CUST00886,Aswan,Desk,Furniture,Completed,10,7548,0
104487,23/11/2025,CUST00887,Luxor,Headphones,Electronics,Completed,11,1854,5
104488,08/06/2025,CUST00888,Port Said,Monitor,Electronics,Completed,12,9568,10
104489,21/01/2025,CUST00889,Cairo,Printer,Office Equipment,Completed,1,7140,15
104490,06/08/2025,CUST00890,Giza,Notebook Pack,Stationery,Completed,2,254.4,20
104491,19/03/2025,CUST00891,Alexandria,Laptop,Electronics,Completed,3,30495,0
104492,04/10/2025,CUST00892,Mansoura,Smartphone,Electronics,Completed,4,15660,5
104493,17/05/2025,CUST00893,Tanta,Wireless Mouse,Accessories,Completed,5,490.5,10
104494,02/12/2025,CUST00894,Aswan,Keyboard,Accessories,Completed,6,935,15
104495,15/07/2025,CUST00895,Luxor,Office Chair,Furniture,Completed,7,4680,20
104496,28/02/2025,CUST00896,Port Said,Desk,Furniture,Completed,8,6734,0
104497,13/09/2025,CUST00897,Cairo,Headphones,Electronics,Completed,9,1656,5
104498,26/04/2025,CUST00898,Giza,Monitor,Electronics,Completed,10,8556,10
104499,11/11/2025,CUST00899,Alexandria,Printer,Office Equipment, completed ,11,6392,15
104500,24/06/2025,CUST00900,Mansoura,Notebook Pack,Stationery,Completed,12,228,20
104501,09/01/2025,CUST00901,Tanta,Laptop,Electronics,Completed,1,27360,0
104502,22/08/2025,CUST00902,Aswan,Smartphone,Electronics,Completed,2,14065,5
104503,07/03/2025,CUST00903,Luxor,Wireless Mouse,Accessories,Completed,3,441,10
104504,20/10/2025,CUST00904,Port Said,Keyboard,Accessories,Completed,4,841.5,15
104505,05/05/2025,CUST00905,Cairo,Office Chair,Furniture,Completed,5,5200,20
104506,18/12/2025,CUST00906,Giza,Desk,Furniture,Completed,6,7474,0
104507,03/07/2025,CUST00907,Alexandria,Headphones,Electronics,Completed,7,1836,5
104508,16/02/2025,CUST00908,Mansoura,Monitor,Electronics,Completed,8,9476,10
104509,01/09/2025,CUST00909,Tanta,Printer,Office Equipment,Completed,9,7072,15
104510,14/04/2025,CUST00910,Aswan,Notebook Pack,Stationery,Completed,10,252,20
104511,27/11/2025,CUST00911,Luxor,Laptop,Electronics,Completed,11,30210,0
104512,12/06/2025,CUST00912,Port Said,Smartphone,Electronics,Completed,12,15515,5
104513,25/01/2025,CUST00913,Cairo,Wireless Mouse,Accessories,Completed,1,486,10
104514,10/08/2025,CUST00914,Giza,Keyboard,Accessories,Completed,2,926.5,15
104515,23/03/2025,CUST00915,Alexandria,Office Chair,Furniture,Completed,3,5720,20
104516,08/10/2025,CUST00916,Mansoura,Desk,Furniture,Completed,4,6660,0
104517,21/05/2025,CUST00917,Tanta,Headphones,Electronics,Completed,5,1638,5
104518,06/12/2025,CUST00918,Aswan,Monitor,Electronics,Completed,6,8464,10
104519,19/07/2025,CUST00919,Luxor,Printer,Office Equipment,Completed,7,6324,15
104520,04/02/2025,CUST00920,Port Said,Notebook Pack,Stationery,Completed,8,225.6,20
104521,17/09/2025,CUST00921, Cairo ,Laptop,Electronics,Completed,9,27075,0
104522,02/04/2025,CUST00922,Giza,Smartphone,Electronics,Completed,10,13920,5
104523,15/11/2025,CUST00923,Alexandria,Wireless Mouse,Accessories,Completed,11,436.5,10
104524,28/06/2025,CUST00924,Mansoura,Keyboard,Accessories,Completed,12,833,15
104525,13/01/2025,CUST00925,Tanta,Office Chair,Furniture,Completed,1,5148,20
104526,26/08/2025,CUST00926,Aswan,Desk,Furniture,Completed,2,7400,
104527,11/03/2025,CUST00927,Luxor,Headphones,Electronics,Completed,3,1818,5
104528,24/10/2025,CUST00928,Port Said,Monitor,Electronics,Completed,4,9384,10
104529,09/05/2025,CUST00929,Cairo,Printer,Office Equipment,Completed,5,7004,15
104530,22/12/2025,CUST00930,Giza,Notebook Pack,Stationery,Completed,6,249.6,20
104531,07/07/2025,CUST00931,Alexandria,Laptop,Electronics,Completed,7,29925,0
104532,20/02/2025,CUST00932,Mansoura,Smartphone,Electronics,Completed,8,15370,5
104533,05/09/2025,CUST00933,Tanta,Wireless Mouse,Accessories,Completed,9,481.5,10
104534,18/04/2025,CUST00934,Aswan,Keyboard,Accessories,Completed,10,918,15
104535,03/11/2025,CUST00935,Luxor,Office Chair,Furniture,Completed,11,5668,20
104536,16/06/2025,CUST00936,Port Said,Desk,Furniture,Completed,12,8140,0
104537,01/01/2025,CUST00937,Cairo,Headphones,Electronics,Completed,1,1620,5
104538,14/08/2025,CUST00938,Giza,Monitor,Electronics,Completed,2,8372,10
104539,27/03/2025,CUST00939,Alexandria,Printer,Office Equipment,Completed,3,6256,15
104540,12/10/2025,CUST00940,Mansoura,Notebook Pack,Stationery,Completed,4,223.2,20
104541,25/05/2025,CUST00941,Tanta,Laptop,Electronics,Completed,5,26790,0
104542,10/12/2025,CUST00942,Aswan,Smartphone,Electronics,Completed,6,13775,5
104543,23/07/2025,CUST00943,Luxor,Wireless Mouse,Accessories,Completed,7,432,10
104544,08/02/2025,CUST00944,Port Said,Keyboard,Accessories,Completed,8,824.5,15
104545,21/09/2025,CUST00945,Cairo,Office Chair,Furniture,Completed,9,5096,20
104546,06/04/2025,CUST00946,Giza,Desk,Furniture,Completed,10,7326,0
104547,19/11/2025,CUST00947,Alexandria,Headphones,Electronics,Completed,11,1800,5
104548,04/06/2025,CUST00948,Mansoura,Monitor,Electronics,Completed,12,9292,10
104549,17/01/2025,CUST00949,Tanta,Printer,Office Equipment,Completed,1,6936,15
104550,02/08/2025,CUST00950,Aswan,Notebook Pack,Stationery,Completed,2,247.2,20
104551,15/03/2025,CUST00951,Luxor,Laptop,Electronics,Completed,3,29640,0
104552,28/10/2025,CUST00952,Port Said,Smartphone,Electronics,Completed,4,15225,5
104553,13/05/2025,CUST00953,Cairo,Wireless Mouse,Accessories,Completed,5,477,10
104554,26/12/2025,CUST00954,Giza,Keyboard,Accessories,Completed,6,909.5,15
104555,11/07/2025,CUST00955,Alexandria,Office Chair,Furniture,Completed,7,5616,20
104556,24/02/2025,CUST00956,Mansoura,Desk,Furniture,Completed,8,8066,0
104557,09/09/2025,CUST00957,Tanta,Headphones,Electronics,Completed,9,1980,5
104558,22/04/2025,CUST00958,Aswan,Monitor,Electronics,Completed,10,8280,10
104559,07/11/2025,CUST00959,Luxor,Printer,Office Equipment,Completed,11,6188,15
104560,20/06/2025,CUST00960,,Notebook Pack,Stationery,Completed,12,220.8,20
104561,05/01/2025,CUST00961,Cairo,Laptop,Electronics,Completed,1,26505,0
104562,18/08/2025,CUST00962,Giza,Smartphone,Electronics,Completed,2,13630,5
104563,03/03/2025,CUST00963,Alexandria,Wireless Mouse,Accessories,Completed,3,427.5,10
104564,16/10/2025,CUST00964,Mansoura,Keyboard,Accessories,Completed,4,816,15
104565,01/05/2025,CUST00965,Tanta,Office Chair,Furniture,Completed,5,5044,20
104566,14/12/2025,CUST00966,Aswan,Desk,Furniture,Completed,6,7252,0
104567,27/07/2025,CUST00967,Luxor,Headphones,Electronics,Completed,7,1782,5
104568,12/02/2025,CUST00968,Port Said,Monitor,Electronics,Completed,8,9200,10
104569,25/09/2025,CUST00969,Cairo,Printer,Office Equipment,Completed,9,6868,15
104570,10/04/2025,CUST00970,Giza,Notebook Pack,Stationery,Completed,10,244.8,20
104571,23/11/2025,CUST00971,Alexandria,Laptop,Electronics,Completed,11,29355,0
104572,08/06/2025,CUST00972,Mansoura,Smartphone,Electronics,Completed,12,15080,5
104573,21/01/2025,CUST00973,Tanta, wireless mouse ,Accessories,Completed,1,472.5,10
104574,06/08/2025,CUST00974,Aswan,Keyboard,Accessories,Completed,2,901,15
104575,19/03/2025,CUST00975,Luxor,Office Chair,Furniture,Completed,3,5564,20
104576,04/10/2025,CUST00976,Port Said,Desk,Furniture,Completed,4,7992,0
104577,17/05/2025,CUST00977,Cairo,Headphones,Electronics,Completed,5,1962,5
104578,02/12/2025,CUST00978,Giza,Monitor,Electronics,Completed,6,10120,10
104579,15/07/2025,CUST00979,Alexandria,Printer,Office Equipment,Completed,7,6120,15
104580,28/02/2025,CUST00980,Mansoura,Notebook Pack,Stationery,Completed,8,218.4,20
104581,13/09/2025,CUST00981,Tanta,Laptop,Electronics,Completed,9,26220,0
104582,26/04/2025,CUST00982,Aswan,Smartphone,Electronics,Completed,10,13485,5
104583,11/11/2025,CUST00983,Luxor,Wireless Mouse,Accessories,Completed,11,423,10
104584,24/06/2025,CUST00984,Port Said,Keyboard,Accessories,Completed,12,807.5,15
104585,09/01/2025,CUST00985,Cairo,Office Chair,Furniture,Completed,1,4992,20
104586,22/08/2025,CUST00986,Giza,Desk,Furniture,Completed,2,7178,0
104587,07/03/2025,CUST00987,Alexandria,Headphones,Electronics,Completed,3,1764,5
104588,20/10/2025,CUST00988,Mansoura,Monitor,Electronics,Completed,4,9108,10
104589,05/05/2025,CUST00989,Tanta,Printer,Office Equipment,Completed,5,6800,15
104590,18/12/2025,CUST00990,Aswan,Notebook Pack,Stationery,Completed,6,242.4,20
104591,03/07/2025,CUST00991,Luxor,Laptop,Electronics,Completed,7,29070,0
104592,16/02/2025,CUST00992,Port Said,Smartphone,Electronics,Completed,8,14935,5
104593,01/09/2025,CUST00993,Cairo,Wireless Mouse,Accessories,Completed,9,468,10
104594,14/04/2025,CUST00994,Giza,Keyboard,Accessories,Completed,10,892.5,15
104595,27/11/2025,CUST00995,Alexandria,Office Chair,Furniture,Completed,11,5512,20
104596,12/06/2025,CUST00996,Mansoura,Desk,Furniture,Completed,12,7918,0
104597,25/01/2025,CUST00997,Tanta,Headphones,Electronics,Completed,1,1944,5
104598,10/08/2025,CUST00998,Aswan,Monitor,Electronics,Completed,2,10028,10
104599,23/03/2025,CUST00999,Luxor,Printer,Office Equipment,Completed,3,7480,15
104600,08/10/2025,CUST01000,Port Said,Notebook Pack,Stationery,Completed,4,216,20
104601,21/05/2025,CUST01001,Cairo,Laptop,Electronics,Completed,5,25935,0
104602,06/12/2025,CUST01002,Giza,Smartphone,Electronics,Completed,6,13340,5
104603,19/07/2025,CUST01003,Alexandria,Wireless Mouse,Accessories,Completed,7,418.5,10
104604,04/02/2025,CUST01004,Mansoura,Keyboard,Accessories,Completed,8,799,15
104605,17/09/2025,CUST01005,Tanta,Office Chair,Furniture,Completed,9,4940,20
104606,02/04/2025,CUST01006,Aswan,Desk,Furniture,Completed,10,7104,0
104607,15/11/2025,CUST01007,Luxor,Headphones,Electronics,Completed,11,1746,5
104608,28/06/2025,CUST01008,Port Said,Monitor,Electronics,Completed,12,9016,10
104609,13/01/2025,CUST01009,Cairo,Printer,Office Equipment,Completed,1,6732,15
104610,26/08/2025,CUST01010,Giza,Notebook Pack,Stationery,Completed,2,240,20
104611,11/03/2025,CUST01011,Alexandria,Laptop,Electronics,Completed,3,28785,0
104612,24/10/2025,CUST01012,Mansoura,Smartphone,Electronics,Completed,4,14790,5
104613,09/05/2025,CUST01013,Tanta,Wireless Mouse,Accessories,Completed,5,463.5,10
104614,22/12/2025,CUST01014,Aswan,Keyboard,Accessories,Completed,6,884,15
104615,07/07/2025,CUST01015,Luxor,Office Chair,Furniture,Completed,7,5460,20
104616,20/02/2025,CUST01016,Port Said,Desk,Furniture,Completed,8,7844,0
104617,05/09/2025,CUST01017,Cairo,Headphones,Electronics,Completed,9,1926,5
104618,18/04/2025,CUST01018,Giza,Monitor,Electronics,Completed,10,9936,10
104619,03/11/2025,CUST01019,Alexandria,Printer,Office Equipment,Completed,11,7412,15
104620,16/06/2025,CUST01020,Mansoura,Notebook Pack,stationery,Completed,12,264,20
104621,01/01/2025,CUST01021,Tanta,Laptop,Electronics,Completed,1,25650,0
104622,14/08/2025,CUST01022,Aswan,Smartphone,Electronics,Completed,2,13195,5
104623,27/03/2025,CUST01023,Luxor,Wireless Mouse,Accessories,Completed,3,414,10
104624,12/10/2025,CUST01024,Port Said,Keyboard,Accessories,Completed,4,790.5,15
104625,25/05/2025,CUST01025,Cairo,Office Chair,Furniture,Completed,5,4888,20
104626,10/12/2025,CUST01026,Giza,Desk,Furniture,Completed,6,7030,0
104627,23/07/2025,CUST01027,Alexandria,Headphones,Electronics,Completed,7,1728,5
104628,08/02/2025,CUST01028,Mansoura,Monitor,Electronics,Completed,8,8924,10
104629,21/09/2025,CUST01029,Tanta,Printer,Office Equipment,Completed,9,6664,15
104630,06/04/2025,CUST01030,Aswan,Notebook Pack,Stationery,Completed,10,237.6,20
104631,19/11/2025,CUST01031,Luxor,Laptop,Electronics,Completed,11,28500,0
104632,04/06/2025,CUST01032,Port Said,Smartphone,Electronics,Completed,12,14645,5
104633,17/01/2025,CUST01033,Cairo,Wireless Mouse,Accessories,Completed,1,459,10
104634,02/08/2025,CUST01034, Giza ,Keyboard,Accessories,Completed,2,875.5,15
104635,15/03/2025,CUST01035,Alexandria,Office Chair,Furniture,Completed,3,5408,20
104636,28/10/2025,CUST01036,Mansoura,Desk,Furniture,Completed,4,7770,0
104637,13/05/2025,CUST01037,Tanta,Headphones,Electronics,Completed,5,1908,5
104638,26/12/2025,CUST01038,Aswan,Monitor,Electronics,Completed,6,9844,10
104639,11/07/2025,CUST01039,Luxor,Printer,Office Equipment,Completed,7,7344,15
104640,24/02/2025,CUST01040,Port Said,Notebook Pack,Stationery,Completed,8,261.6,20
104641,09/09/2025,CUST01041,Cairo,Laptop,Electronics,Completed,9,31350,0
104642,22/04/2025,CUST01042,Giza,Smartphone,Electronics,Completed,10,13050,5
104643,07/11/2025,CUST01043,Alexandria,Wireless Mouse,Accessories,Completed,11,409.5,10
104644,20/06/2025,CUST01044,Mansoura,Keyboard,Accessories,Completed,12,782,15
104645,05/01/2025,CUST01045,Tanta,Office Chair,Furniture,Completed,1,4836,20
104646,18/08/2025,CUST01046,Aswan,Desk,Furniture,Completed,2,6956,0
104647,03/03/2025,CUST01047,Luxor,Headphones,Electronics,Completed,3,1710,5
104648,16/10/2025,CUST01048,Port Said,Monitor,Electronics,Completed,4,8832,10
104649,01/05/2025,CUST01049,Cairo,Printer,Office Equipment,Completed,5,6596,15
104650,14/12/2025,CUST01050,Giza,Notebook Pack,Stationery,Completed,6,235.2,20
104651,27/07/2025,CUST01051,Alexandria,Laptop,Electronics,Completed,7,28215,0
104652,12/02/2025,CUST01052,Mansoura,Smartphone,Electronics,Completed,8,14500,5
104653,25/09/2025,CUST01053,Tanta,Wireless Mouse,Accessories,Completed,9,454.5,10
104654,10/04/2025,CUST01054,Aswan,Keyboard,Accessories,Completed,10,867,15
104655,23/11/2025,CUST01055,Luxor,Office Chair,Furniture,Completed,11,5356,20
104656,08/06/2025,CUST01056,Port Said,Desk,Furniture,Completed,12,7696,0
104657,21/01/2025,CUST01057,,Headphones,Electronics,Completed,1,1890,5
104658,06/08/2025,CUST01058,Giza,Monitor,Electronics,Completed,2,9752,10
104659,19/03/2025,CUST01059,Alexandria,Printer,Office Equipment,Completed,3,7276,15
104660,04/10/2025,CUST01060,Mansoura,Notebook Pack,Stationery,Completed,4,259.2,20
104661,17/05/2025,CUST01061,Tanta,Laptop,Electronics,Completed,5,31065,0
104662,02/12/2025,CUST01062,Aswan,Smartphone,Electronics,Completed,6,15950,5
104663,15/07/2025,CUST01063,Luxor,Wireless Mouse,Accessories,Completed,7,405,10
104664,28/02/2025,CUST01064,Port Said,Keyboard,Accessories,Completed,8,773.5,15
104665,13/09/2025,CUST01065,Cairo,Office Chair,Furniture,Completed,9,4784,20
104666,26/04/2025,CUST01066,Giza,Desk,Furniture,Completed,10,6882,0
104667,11/11/2025,CUST01067,Alexandria,Headphones,Electronics,Completed,11,1692,5
104668,24/06/2025,CUST01068,Mansoura,Monitor,Electronics,Completed,12,8740,10
104669,09/01/2025,CUST01069,Tanta,Printer,Office Equipment,Completed,1,6528,15
104670,22/08/2025,CUST01070,Aswan,Notebook Pack,Stationery,Completed,2,232.8,20
104671,07/03/2025,CUST01071,Luxor,Laptop,Electronics,Completed,3,27930,0
104672,20/10/2025,CUST01072,Port Said,Smartphone,Electronics, completed ,4,14355,5
104673,05/05/2025,CUST01073,Cairo,Wireless Mouse,Accessories,Completed,5,450,10
104674,18/12/2025,CUST01074,Giza,Keyboard,Accessories,Completed,6,858.5,15
104675,03/07/2025,CUST01075,Alexandria,Office Chair,Furniture,Completed,7,5304,20
104676,16/02/2025,CUST01076,Mansoura,Desk,Furniture,Completed,8,7622,0
104677,01/09/2025,CUST01077,Tanta,Headphones,Electronics,Completed,9,1872,5
104678,14/04/2025,CUST01078,Aswan,Monitor,Electronics,Completed,10,9660,10
104679,27/11/2025,CUST01079,Luxor,Printer,Office Equipment,Completed,11,7208,15
104680,12/06/2025,CUST01080,Port Said,Notebook Pack,Stationery,Completed,12,256.8,20
104681,25/01/2025,CUST01081,Cairo,Laptop,Electronics,Completed,1,30780,0
104682,10/08/2025,CUST01082,Giza,Smartphone,Electronics,Completed,2,15805,5
104683,23/03/2025,CUST01083,Alexandria,Wireless Mouse,Accessories,Completed,3,495,10
104684,08/10/2025,CUST01084,Mansoura,Keyboard,Accessories,Completed,4,765,15
104685,21/05/2025,CUST01085,Tanta,Office Chair,Furniture,Completed,5,4732,20
104686,06/12/2026,CUST01086,Aswan,Desk,Furniture,Completed,6,6808,0
104687,19/07/2026,CUST01087,Luxor,Headphones,Electronics,Completed,7,1674,5
104688,04/02/2026,CUST01088,Port Said,Monitor,Electronics,Completed,8,8648,10
104689,17/09/2026,CUST01089,Cairo,Printer,Office Equipment,Completed,9,6460,15
104690,02/04/2026,CUST01090,Giza,Notebook Pack,Stationery,Completed,10,230.4,20
104691,15/11/2026,CUST01091,Alexandria,Laptop,Electronics,Completed,11,27645,0
104692,28/06/2026,CUST01092,Mansoura,Smartphone,Electronics,Completed,12,14210,5
104693,13/01/2026,CUST01093,Tanta,Wireless Mouse,Accessories,Completed,1,445.5,10
104694,26/08/2026,CUST01094,Aswan,Keyboard,Accessories,Completed,2,850,15
104695,11/03/2026,CUST01095,Luxor,Office Chair,Furniture,Completed,3,5252,20
104696,24/10/2026,CUST01096,Port Said,Desk,Furniture,Completed,4,7548,0
104697,09/05/2026,CUST01097,Cairo,Headphones,Electronics,Completed,5,1854,5
104698,22/12/2026,CUST01098,Giza,Monitor,Electronics,Completed,6,9568,10
104699,07/07/2026,CUST01099,Alexandria,Printer,Office Equipment,Completed,7,7140,15
104700,20/02/2026,CUST01100,Mansoura, notebook pack ,Stationery,Completed,8,254.4,20
104701,05/09/2026,CUST01101,Tanta,Laptop,Electronics,Completed,9,30495,0
104702,18/04/2026,CUST01102,Aswan,Smartphone,Electronics,Completed,10,15660,5
104703,03/11/2026,CUST01103,Luxor,Wireless Mouse,Accessories,Completed,11,490.5,10
104704,16/06/2026,CUST01104,Port Said,Keyboard,Accessories,Completed,12,935,15
104705,01/01/2026,CUST01105,Cairo,Office Chair,Furniture,Completed,1,4680,20
104706,14/08/2026,CUST01106,Giza,Desk,Furniture,Completed,2,6734,0
104707,27/03/2026,CUST01107,Alexandria,Headphones,Electronics,Completed,3,1656,
104708,12/10/2026,CUST01108,Mansoura,Monitor,Electronics,Completed,4,8556,10
104709,25/05/2026,CUST01109,Tanta,Printer,Office Equipment,Completed,5,6392,15
104710,10/12/2026,CUST01110,Aswan,Notebook Pack,Stationery,Completed,6,228,20
104711,23/07/2026,CUST01111,Luxor,Laptop,Electronics,Completed,7,27360,0
104712,08/02/2026,CUST01112,Port Said,Smartphone,Electronics,Completed,8,14065,5
104713,21/09/2026,CUST01113,Cairo,Wireless Mouse,Accessories,Completed,9,441,10
104714,06/04/2026,CUST01114,Giza,Keyboard,Accessories,Completed,10,841.5,15
104715,19/11/2026,CUST01115,Alexandria,Office Chair,Furniture,Completed,11,5200,20
104716,04/06/2026,CUST01116,Mansoura,Desk,Furniture,Completed,12,7474,0
104717,17/01/2026,CUST01117,Tanta,Headphones,Electronics,Completed,1,1836,5
104718,02/08/2026,CUST01118,Aswan,Monitor,Electronics,Completed,2,9476,10
104719,15/03/2026,CUST01119,Luxor,Printer,Office Equipment,Completed,3,7072,15
104720,28/10/2026,CUST01120,Port Said,Notebook Pack,Stationery,Completed,4,252,20
104721,13/05/2026,CUST01121,Cairo,Laptop,Electronics,Completed,5,30210,0
104722,26/12/2026,CUST01122,Giza,Smartphone,Electronics,Completed,6,15515,5
104723,11/07/2026,CUST01123,Alexandria,Wireless Mouse,Accessories,Completed,7,486,10
104724,24/02/2026,CUST01124,Mansoura,Keyboard,Accessories,Completed,8,926.5,15
104725,09/09/2026,CUST01125,Tanta,Office Chair,Furniture,Completed,9,5720,20
104726,22/04/2026,CUST01126,Aswan,Desk,Furniture,Completed,10,6660,0
104727,07/11/2026,CUST01127,Luxor,Headphones,Electronics,Completed,11,1638,5
104728,20/06/2026,CUST01128,Port Said,Monitor,Electronics,Completed,12,8464,10
104729,05/01/2026,CUST01129,Cairo,Printer,Office Equipment,Completed,1,6324,15
104730,18/08/2026,CUST01130,Giza,Notebook Pack,Stationery,Completed,2,225.6,20
104731,03/03/2026,CUST01131,Alexandria,Laptop,Electronics,Completed,3,27075,0
104732,16/10/2026,CUST01132,Mansoura,Smartphone,Electronics,Completed,4,13920,5
104733,01/05/2026,CUST01133,Tanta,Wireless Mouse,Accessories,Completed,5,436.5,10
104734,14/12/2026,CUST01134,Aswan,Keyboard,Accessories,Completed,6,833,15
104735,27/07/2026,CUST01135,Luxor,Office Chair,Furniture,Completed,7,5148,20
104736,12/02/2026,CUST01136,Port Said,Desk,Furniture,Completed,8,7400,0
104737,25/09/2026,CUST01137,Cairo,Headphones,Electronics,Completed,9,1818,5
104738,10/04/2026,CUST01138,Giza,Monitor,Electronics,Completed,10,9384,10
104739,23/11/2026,CUST01139,Alexandria,Printer,Office Equipment,Completed,11,7004,15
104740,08/06/2026,CUST01140,Mansoura,Notebook Pack,Stationery,Completed,12,249.6,20
104741,21/01/2026,CUST01141,Tanta,Laptop,Electronics,Completed,1,29925,0
104742,06/08/2026,CUST01142,Aswan,Smartphone,Electronics,Completed,2,15370,5
104743,19/03/2026,CUST01143,Luxor,Wireless Mouse,Accessories,Completed,3,481.5,10
104744,04/10/2026,CUST01144,Port Said,Keyboard,Accessories,Completed,4,918,15
104745,17/05/2026,CUST01145,Cairo,Office Chair,Furniture,Completed,5,5668,20
104746,02/12/2026,CUST01146,Giza,Desk,Furniture,Completed,6,8140,0
104747,15/07/2026,CUST01147, Alexandria ,Headphones,Electronics,Completed,7,1620,5
104748,28/02/2026,CUST01148,Mansoura,Monitor,Electronics,Completed,8,8372,10
104749,13/09/2026,CUST01149,Tanta,Printer,Office Equipment,Completed,9,6256,15
104750,26/04/2026,CUST01150,Aswan,Notebook Pack,Stationery,Completed,10,223.2,20
104751,11/11/2026,CUST01151,Luxor,Laptop,Electronics,Completed,11,26790,0
104752,24/06/2026,CUST01152,Port Said,Smartphone,Electronics,Completed,12,13775,5
104753,09/01/2026,CUST01153,Cairo,Wireless Mouse,Accessories,Completed,1,432,10
104754,22/08/2026,CUST01154,,Keyboard,Accessories,Completed,2,824.5,15
104755,07/03/2026,CUST01155,Alexandria,Office Chair,Furniture,Completed,3,5096,20
104756,20/10/2026,CUST01156,Mansoura,Desk,Furniture,Completed,4,7326,0
104757,05/05/2026,CUST01157,Tanta,Headphones,Electronics,Completed,5,1800,5
104758,18/12/2026,CUST01158,Aswan,Monitor,Electronics,Completed,6,9292,10
104759,03/07/2026,CUST01159,Luxor,Printer,Office Equipment,Completed,7,6936,15
104760,16/02/2026,CUST01160,Port Said,Notebook Pack,Stationery,Completed,8,247.2,20
104761,01/09/2026,CUST01161,Cairo,Laptop,Electronics,Completed,9,29640,0
104762,14/04/2026,CUST01162,Giza,Smartphone,Electronics,Completed,10,15225,5
104763,27/11/2026,CUST01163,Alexandria,Wireless Mouse,Accessories,Completed,11,477,10
104764,12/06/2026,CUST01164,Mansoura,Keyboard,Accessories,Completed,12,909.5,15
104765,25/01/2026,CUST01165,Tanta,Office Chair,Furniture,Completed,1,5616,20
104766,10/08/2026,CUST01166,Aswan,Desk,Furniture,Completed,2,8066,0
104767,23/03/2026,CUST01167,Luxor,Headphones,Electronics,Completed,3,1980,5
104768,08/10/2026,CUST01168,Port Said,Monitor,Electronics,Completed,4,8280,10
104769,21/05/2026,CUST01169,Cairo,Printer,office equipment,Completed,5,6188,15
104770,06/12/2026,CUST01170,Giza,Notebook Pack,Stationery,Completed,6,220.8,20
104771,19/07/2026,CUST01171,Alexandria,Laptop,Electronics,Completed,7,26505,0
104772,04/02/2026,CUST01172,Mansoura,Smartphone,Electronics,Completed,8,13630,5
104773,17/09/2026,CUST01173,Tanta,Wireless Mouse,Accessories,Completed,9,427.5,10
104774,02/04/2026,CUST01174,Aswan,Keyboard,Accessories,Completed,10,816,15
104775,15/11/2026,CUST01175,Luxor,Office Chair,Furniture,Completed,11,5044,20
104776,28/06/2026,CUST01176,Port Said,Desk,Furniture,Completed,12,7252,0
104777,13/01/2026,CUST01177,Cairo,Headphones,Electronics,Completed,1,1782,5
104778,26/08/2026,CUST01178,Giza,Monitor,Electronics,Completed,2,9200,10
104779,11/03/2026,CUST01179,Alexandria,Printer,Office Equipment,Completed,3,6868,15
104780,24/10/2026,CUST01180,Mansoura,Notebook Pack,Stationery,Completed,4,244.8,20
104781,09/05/2026,CUST01181,Tanta,Laptop,Electronics,Completed,5,29355,0
104782,22/12/2026,CUST01182,Aswan,Smartphone,Electronics,Completed,6,15080,5
104783,07/07/2026,CUST01183,Luxor,Wireless Mouse,Accessories,Completed,7,472.5,10
104784,20/02/2026,CUST01184,Port Said,Keyboard,Accessories,Completed,8,901,15
104785,05/09/2026,CUST01185,Cairo,Office Chair,Furniture,Completed,9,5564,20
104786,18/04/2026,CUST01186,Giza,Desk,Furniture,Completed,10,7992,0
104787,03/11/2026,CUST01187,Alexandria,Headphones,Electronics,Completed,11,1962,5
104788,16/06/2026,CUST01188,Mansoura,Monitor,Electronics,Completed,12,10120,10
104789,01/01/2026,CUST01189,Tanta,Printer,Office Equipment,Completed,1,6120,15
104790,14/08/2026,CUST01190,Aswan,Notebook Pack,Stationery,Completed,2,218.4,20
104791,27/03/2026,CUST01191,Luxor,Laptop,Electronics,Completed,3,26220,0
104792,12/10/2026,CUST01192,Port Said,Smartphone,Electronics,Completed,4,13485,5
104793,25/05/2026,CUST01193,Cairo,Wireless Mouse,Accessories,Completed,5,423,10
104794,10/12/2026,CUST01194,Giza,Keyboard,Accessories,Completed,6,807.5,15
104795,23/07/2026,CUST01195,Alexandria,Office Chair,Furniture,Completed,7,4992,20
104796,08/02/2026,CUST01196,Mansoura,Desk,Furniture,Completed,8,7178,0
104797,21/09/2026,CUST01197,Tanta,Headphones,Electronics,Completed,9,1764,5
104798,06/04/2026,CUST01198,Aswan,Monitor,Electronics,Completed,10,9108,10
104799,19/11/2026,CUST01199,Luxor,Printer,Office Equipment,Completed,11,6800,15
104800,04/06/2026,CUST01200,Port Said,Notebook Pack,Stationery,Completed,12,242.4,20
104801,17/01/2026,CUST01201,Cairo,Laptop,Electronics,Completed,1,29070,0
104802,02/08/2026,CUST01202,Giza,Smartphone,Electronics,Completed,2,14935,5
104803,15/03/2026,CUST01203,Alexandria,Wireless Mouse,Accessories,Completed,3,468,10
104804,28/10/2026,CUST01204,Mansoura,Keyboard,Accessories,Completed,4,892.5,15
104805,13/05/2026,CUST01205,Tanta,Office Chair,Furniture,Completed,5,5512,20
104806,26/12/2026,CUST01206,Aswan,Desk,Furniture,Completed,6,7918,0
104807,11/07/2026,CUST01207,Luxor,Headphones,Electronics,Completed,7,1944,5
104808,24/02/2026,CUST01208,Port Said,Monitor,Electronics,Completed,8,10028,10
104809,09/09/2026,CUST01209,Cairo,Printer,Office Equipment,Completed,9,7480,15
104810,22/04/2026,CUST01210,Giza,Notebook Pack,Stationery,Completed,10,216,20
104811,07/11/2026,CUST01211,Alexandria,Laptop,Electronics,Completed,11,25935,0
104812,20/06/2026,CUST01212,Mansoura,Smartphone,Electronics,Completed,12,13340,5
104813,05/01/2026,CUST01213,Tanta,Wireless Mouse,Accessories,Completed,1,418.5,10
104814,18/08/2026,CUST01214,Aswan,Keyboard,Accessories,Completed,2,799,15
104815,03/03/2026,CUST01215,Luxor,Office Chair,Furniture,Completed,3,4940,20
104816,16/10/2026,CUST01216,Port Said,Desk,Furniture,Completed,4,7104,0
104817,01/05/2026,CUST01217,Cairo,Headphones,Electronics,Completed,5,1746,5
104818,14/12/2026,CUST01218,Giza,Monitor,Electronics,Completed,6,9016,10
104819,27/07/2026,CUST01219,Alexandria,Printer,Office Equipment,Completed,7,6732,15
104820,12/02/2026,CUST01220,Mansoura,Notebook Pack,Stationery,Completed,8,240,20
104821,25/09/2026,CUST01221,Tanta,Laptop,Electronics,Completed,9,28785,0
104822,10/04/2026,CUST01222,Aswan,Smartphone,Electronics,Completed,10,14790,5
104823,23/11/2026,CUST01223,Luxor,Wireless Mouse,Accessories,Completed,11,463.5,10
104824,08/06/2026,CUST01224,Port Said,Keyboard,Accessories,Completed,12,884,15
104825,21/01/2026,CUST01225,Cairo,Office Chair,Furniture,Completed,1,5460,20
104826,06/08/2026,CUST01226,Giza,Desk,Furniture,Completed,2,7844,0
104827,19/03/2026,CUST01227,Alexandria, headphones ,Electronics,Completed,3,1926,5
104828,04/10/2026,CUST01228,Mansoura,Monitor,Electronics,Completed,4,9936,10
104829,17/05/2026,CUST01229,Tanta,Printer,Office Equipment,Completed,5,7412,15
104830,02/12/2026,CUST01230,Aswan,Notebook Pack,Stationery,Completed,6,264,20
104831,15/07/2026,CUST01231,Luxor,Laptop,Electronics,Completed,7,25650,0
104832,28/02/2026,CUST01232,Port Said,Smartphone,Electronics,Completed,8,13195,5
104833,13/09/2026,CUST01233,Cairo,Wireless Mouse,Accessories,Completed,9,414,10
104834,26/04/2026,CUST01234,Giza,Keyboard,Accessories,Completed,10,790.5,15
104835,11/11/2026,CUST01235,Alexandria,Office Chair,Furniture,Completed,11,4888,20
104836,24/06/2026,CUST01236,Mansoura,Desk,Furniture,Completed,12,7030,0
104837,09/01/2026,CUST01237,Tanta,Headphones,Electronics,Completed,1,1728,5
104838,22/08/2026,CUST01238,Aswan,Monitor,Electronics,Completed,2,8924,10
104839,07/03/2026,CUST01239,Luxor,Printer,Office Equipment,Completed,3,6664,15
104840,20/10/2026,CUST01240,Port Said,Notebook Pack,Stationery,Completed,4,237.6,20
104841,05/05/2026,CUST01241,Cairo,Laptop,Electronics,Completed,5,28500,0
104842,18/12/2026,CUST01242,Giza,Smartphone,Electronics,Completed,6,14645,5
104843,03/07/2026,CUST01243,Alexandria,Wireless Mouse,Accessories,Completed,7,459,10
104844,16/02/2026,CUST01244,Mansoura,Keyboard,Accessories,Completed,8,875.5,15
104845,01/09/2026,CUST01245,Tanta,Office Chair,Furniture, completed ,9,5408,20
104846,14/04/2026,CUST01246,Aswan,Desk,Furniture,Completed,10,7770,0
104847,27/11/2026,CUST01247,Luxor,Headphones,Electronics,Completed,11,1908,5
104848,12/06/2026,CUST01248,Port Said,Monitor,Electronics,Completed,12,9844,10
104849,25/01/2026,CUST01249,Cairo,Printer,Office Equipment,Completed,1,7344,15
104850,10/08/2026,CUST01250,Giza,Notebook Pack,Stationery,Completed,2,261.6,20
104851,23/03/2026,CUST01251,,Laptop,Electronics,Completed,3,31350,0
104852,08/10/2026,CUST01252,Mansoura,Smartphone,Electronics,Completed,4,13050,5
104853,21/05/2026,CUST01253,Tanta,Wireless Mouse,Accessories,Completed,5,409.5,10
104854,06/12/2026,CUST01254,Aswan,Keyboard,Accessories,Completed,6,782,15
104855,19/07/2026,CUST01255,Luxor,Office Chair,Furniture,Completed,7,4836,20
104856,04/02/2026,CUST01256,Port Said,Desk,Furniture,Completed,8,6956,0
104857,17/09/2026,CUST01257,Cairo,Headphones,Electronics,Completed,9,1710,5
104858,02/04/2026,CUST01258,Giza,Monitor,Electronics,Completed,10,8832,10
104859,15/11/2026,CUST01259,Alexandria,Printer,Office Equipment,Completed,11,6596,15
104860,28/06/2026,CUST01260, Mansoura ,Notebook Pack,Stationery,Completed,12,235.2,20
104861,13/01/2025,CUST01261,Tanta,Laptop,Electronics,Completed,1,28215,0
104862,26/08/2025,CUST01262,Aswan,Smartphone,Electronics,Completed,2,14500,5
104863,11/03/2025,CUST01263,Luxor,Wireless Mouse,Accessories,Completed,3,454.5,10
104864,24/10/2025,CUST01264,Port Said,Keyboard,Accessories,Completed,4,867,15
104865,09/05/2025,CUST01265,Cairo,Office Chair,Furniture,Completed,5,5356,20
104866,22/12/2025,CUST01266,Giza,Desk,Furniture,Completed,6,7696,0
104867,07/07/2025,CUST01267,Alexandria,Headphones,Electronics,Completed,7,1890,5
104868,20/02/2025,CUST01268,Mansoura,Monitor,Electronics,Completed,8,9752,10
104869,05/09/2025,CUST01269,Tanta,Printer,Office Equipment,Completed,9,7276,15
104870,18/04/2025,CUST01270,Aswan,Notebook Pack,Stationery,Completed,10,259.2,20
104871,03/11/2025,CUST01271,Luxor,Laptop,Electronics,Completed,11,31065,0
104872,16/06/2025,CUST01272,Port Said,Smartphone,Electronics,Completed,12,15950,5
104873,01/01/2025,CUST01273,Cairo,Wireless Mouse,Accessories,Completed,1,405,10
104874,14/08/2025,CUST01274,Giza,Keyboard,Accessories,Completed,2,773.5,15
104875,27/03/2025,CUST01275,Alexandria,Office Chair,Furniture,Completed,3,4784,20
104876,12/10/2025,CUST01276,Mansoura,Desk,Furniture,Completed,4,6882,0
104877,25/05/2025,CUST01277,Tanta,Headphones,Electronics,Completed,5,1692,5
104878,10/12/2025,CUST01278,Aswan,Monitor,Electronics,Completed,6,8740,10
104879,23/07/2025,CUST01279,Luxor,Printer,Office Equipment,Completed,7,6528,15
104880,08/02/2025,CUST01280,Port Said,Notebook Pack,Stationery,Completed,8,232.8,20
104881,21/09/2025,CUST01281,Cairo,Laptop,Electronics,Completed,9,27930,0
104882,06/04/2025,CUST01282,Giza,Smartphone,Electronics,Completed,10,14355,5
104883,19/11/2025,CUST01283,Alexandria,Wireless Mouse,Accessories,Completed,11,450,10
104884,04/06/2025,CUST01284,Mansoura,Keyboard,Accessories,Completed,12,858.5,15
104885,17/01/2025,CUST01285,Tanta,Office Chair,Furniture,Completed,1,5304,20
104886,02/08/2025,CUST01286,Aswan,Desk,Furniture,Completed,2,7622,0
104887,15/03/2025,CUST01287,Luxor,Headphones,Electronics,Completed,3,1872,5
104888,28/10/2025,CUST01288,Port Said,Monitor,Electronics,Completed,4,9660,
104889,13/05/2025,CUST01289,Cairo,Printer,Office Equipment,Completed,5,7208,15
104890,26/12/2025,CUST01290,Giza,Notebook Pack,Stationery,Completed,6,256.8,20
104891,11/07/2025,CUST01291,Alexandria,Laptop,Electronics,Completed,7,30780,0
104892,24/02/2025,CUST01292,Mansoura,Smartphone,Electronics,Completed,8,15805,5
104893,09/09/2025,CUST01293,Tanta,Wireless Mouse,Accessories,Completed,9,495,10
104894,22/04/2025,CUST01294,Aswan,Keyboard,Accessories,Completed,10,765,15
104895,07/11/2025,CUST01295,Luxor,Office Chair,Furniture,Completed,11,4732,20
104896,20/06/2025,CUST01296,Port Said,Desk,Furniture,Completed,12,6808,0
104897,05/01/2025,CUST01297,Cairo,Headphones,Electronics,Completed,1,1674,5
104898,18/08/2025,CUST01298,Giza,Monitor,Electronics,Completed,2,8648,10
104899,03/03/2025,CUST01299,Alexandria,Printer,Office Equipment,Completed,3,6460,15
104900,16/10/2025,CUST01300,Mansoura,Notebook Pack,Stationery,Completed,4,230.4,20
104901,01/05/2025,CUST01301,Tanta,Laptop,Electronics,Completed,5,27645,0
104902,14/12/2025,CUST01302,Aswan,Smartphone,Electronics,Completed,6,14210,5
104903,27/07/2025,CUST01303,Luxor,Wireless Mouse,Accessories,Completed,7,445.5,10
104904,12/02/2025,CUST01304,Port Said,Keyboard,Accessories,Completed,8,850,15
104905,25/09/2025,CUST01305,Cairo,Office Chair,Furniture,Completed,9,5252,20
104906,10/04/2025,CUST01306,Giza,Desk,Furniture,Completed,10,7548,0
104907,23/11/2025,CUST01307,Alexandria,Headphones,Electronics,Completed,11,1854,5
104908,08/06/2025,CUST01308,Mansoura,Monitor,Electronics,Completed,12,9568,10
104909,21/01/2025,CUST01309,Tanta,Printer,Office Equipment,Completed,1,7140,15
104910,06/08/2025,CUST01310,Aswan,Notebook Pack,Stationery,Completed,2,254.4,20
104911,19/03/2025,CUST01311,Luxor,Laptop,Electronics,Completed,3,30495,0
104912,04/10/2025,CUST01312,Port Said,Smartphone,Electronics,Completed,4,15660,5
104913,17/05/2025,CUST01313,Cairo,Wireless Mouse,Accessories,Completed,5,490.5,10
104914,02/12/2025,CUST01314,Giza,Keyboard,Accessories,Completed,6,935,15
104915,15/07/2025,CUST01315,Alexandria,Office Chair,Furniture,Completed,7,4680,20
104916,28/02/2025,CUST01316,Mansoura,Desk,Furniture,Completed,8,6734,0
104917,13/09/2025,CUST01317,Tanta,Headphones,Electronics,Completed,9,1656,5
104918,26/04/2025,CUST01318,Aswan,Monitor,electronics,Completed,10,8556,10
104919,11/11/2025,CUST01319,Luxor,Printer,Office Equipment,Completed,11,6392,15
104920,24/06/2025,CUST01320,Port Said,Notebook Pack,Stationery,Completed,12,228,20
104921,09/01/2025,CUST01321,Cairo,Laptop,Electronics,Completed,1,27360,0
104922,22/08/2025,CUST01322,Giza,Smartphone,Electronics,Completed,2,14065,5
104923,07/03/2025,CUST01323,Alexandria,Wireless Mouse,Accessories,Completed,3,441,10
104924,20/10/2025,CUST01324,Mansoura,Keyboard,Accessories,Completed,4,841.5,15
104925,05/05/2025,CUST01325,Tanta,Office Chair,Furniture,Completed,5,5200,20
104926,18/12/2025,CUST01326,Aswan,Desk,Furniture,Completed,6,7474,0
104927,03/07/2025,CUST01327,Luxor,Headphones,Electronics,Completed,7,1836,5
104928,16/02/2025,CUST01328,Port Said,Monitor,Electronics,Completed,8,9476,10
104929,01/09/2025,CUST01329,Cairo,Printer,Office Equipment,Completed,9,7072,15
104930,14/04/2025,CUST01330,Giza,Notebook Pack,Stationery,Completed,10,252,20
104931,27/11/2025,CUST01331,Alexandria,Laptop,Electronics,Completed,11,30210,0
104932,12/06/2025,CUST01332,Mansoura,Smartphone,Electronics,Completed,12,15515,5
104933,25/01/2025,CUST01333,Tanta,Wireless Mouse,Accessories,Completed,1,486,10
104934,10/08/2025,CUST01334,Aswan,Keyboard,Accessories,Completed,2,926.5,15
104935,23/03/2025,CUST01335,Luxor,Office Chair,Furniture,Completed,3,5720,20
104936,08/10/2025,CUST01336,Port Said,Desk,Furniture,Completed,4,6660,0
104937,21/05/2025,CUST01337,Cairo,Headphones,Electronics,Completed,5,1638,5
104938,06/12/2025,CUST01338,Giza,Monitor,Electronics,Completed,6,8464,10
104939,19/07/2025,CUST01339,Alexandria,Printer,Office Equipment,Completed,7,6324,15
104940,04/02/2025,CUST01340,Mansoura,Notebook Pack,Stationery,Completed,8,225.6,20
104941,17/09/2025,CUST01341,Tanta,Laptop,Electronics,Completed,9,27075,0
104942,02/04/2025,CUST01342,Aswan,Smartphone,Electronics,Completed,10,13920,5
104943,15/11/2025,CUST01343,Luxor,Wireless Mouse,Accessories,Completed,11,436.5,10
104944,28/06/2025,CUST01344,Port Said,Keyboard,Accessories,Completed,12,833,15
104945,13/01/2025,CUST01345,Cairo,Office Chair,Furniture,Completed,1,5148,20
104946,26/08/2025,CUST01346,Giza,Desk,Furniture,Completed,2,7400,0
104947,11/03/2025,CUST01347,Alexandria,Headphones,Electronics,Completed,3,1818,5
104948,24/10/2025,CUST01348,,Monitor,Electronics,Completed,4,9384,10
104949,09/05/2025,CUST01349,Tanta,Printer,Office Equipment,Completed,5,7004,15
104950,22/12/2025,CUST01350,Aswan,Notebook Pack,Stationery,Completed,6,249.6,20
104951,07/07/2025,CUST01351,Luxor,Laptop,Electronics,Completed,7,29925,0
104952,20/02/2025,CUST01352,Port Said,Smartphone,Electronics,Completed,8,15370,5
104953,05/09/2025,CUST01353,Cairo,Wireless Mouse,Accessories,Completed,9,481.5,10
104954,18/04/2025,CUST01354,Giza, keyboard ,Accessories,Completed,10,918,15
104955,03/11/2025,CUST01355,Alexandria,Office Chair,Furniture,Completed,11,5668,20
104956,16/06/2025,CUST01356,Mansoura,Desk,Furniture,Completed,12,8140,0
104957,01/01/2025,CUST01357,Tanta,Headphones,Electronics,Completed,1,1620,5
104958,14/08/2025,CUST01358,Aswan,Monitor,Electronics,Completed,2,8372,10
104959,27/03/2025,CUST01359,Luxor,Printer,Office Equipment,Completed,3,6256,15
104960,12/10/2025,CUST01360,Port Said,Notebook Pack,Stationery,Completed,4,223.2,20
104961,25/05/2025,CUST01361,Cairo,Laptop,Electronics,Completed,5,26790,0
104962,10/12/2025,CUST01362,Giza,Smartphone,Electronics,Completed,6,13775,5
104963,23/07/2025,CUST01363,Alexandria,Wireless Mouse,Accessories,Completed,7,432,10
104964,08/02/2025,CUST01364,Mansoura,Keyboard,Accessories,Completed,8,824.5,15
104965,21/09/2025,CUST01365,Tanta,Office Chair,Furniture,Completed,9,5096,20
104966,06/04/2025,CUST01366,Aswan,Desk,Furniture,Completed,10,7326,0
104967,19/11/2025,CUST01367,Luxor,Headphones,Electronics,Completed,11,1800,5
104968,04/06/2025,CUST01368,Port Said,Monitor,Electronics,Completed,12,9292,10
104969,17/01/2025,CUST01369,Cairo,Printer,Office Equipment,Completed,1,6936,15
104970,02/08/2025,CUST01370,Giza,Notebook Pack,Stationery,Completed,2,247.2,20
104971,15/03/2025,CUST01371,Alexandria,Laptop,Electronics,Completed,3,29640,0
104972,28/10/2025,CUST01372,Mansoura,Smartphone,Electronics,Completed,4,15225,5
104973,13/05/2025,CUST01373, Tanta ,Wireless Mouse,Accessories,Completed,5,477,10
104974,26/12/2025,CUST01374,Aswan,Keyboard,Accessories,Completed,6,909.5,15
104975,11/07/2025,CUST01375,Luxor,Office Chair,Furniture,Completed,7,5616,20
104976,24/02/2025,CUST01376,Port Said,Desk,Furniture,Completed,8,8066,0
104977,09/09/2025,CUST01377,Cairo,Headphones,Electronics,Completed,9,1980,5
104978,22/04/2025,CUST01378,Giza,Monitor,Electronics,Completed,10,8280,10
104979,07/11/2025,CUST01379,Alexandria,Printer,Office Equipment,Completed,11,6188,15
104980,20/06/2025,CUST01380,Mansoura,Notebook Pack,Stationery,Completed,12,220.8,20
104981,05/01/2025,CUST01381,Tanta,Laptop,Electronics,Completed,1,26505,0
104982,18/08/2025,CUST01382,Aswan,Smartphone,Electronics,Completed,2,13630,5
104983,03/03/2025,CUST01383,Luxor,Wireless Mouse,Accessories,Completed,3,427.5,10
104984,16/10/2025,CUST01384,Port Said,Keyboard,Accessories,Completed,4,816,15
104985,01/05/2025,CUST01385,Cairo,Office Chair,Furniture,Completed,5,5044,20
104986,14/12/2025,CUST01386,Giza,Desk,Furniture,Completed,6,7252,0
104987,27/07/2025,CUST01387,Alexandria,Headphones,Electronics,Completed,7,1782,5
104988,12/02/2025,CUST01388,Mansoura,Monitor,Electronics,Completed,8,9200,10
104989,25/09/2025,CUST01389,Tanta,Printer,Office Equipment,Completed,9,6868,15
104990,10/04/2025,CUST01390,Aswan,Notebook Pack,Stationery,Completed,10,244.8,20
104991,23/11/2025,CUST01391,Luxor,Laptop,Electronics,Completed,11,29355,0
104992,08/06/2025,CUST01392,Port Said,Smartphone,Electronics,Completed,12,15080,5
104993,21/01/2025,CUST01393,Cairo,Wireless Mouse,Accessories,Completed,1,472.5,10
104994,06/08/2025,CUST01394,Giza,Keyboard,Accessories,Completed,2,901,15
104995,19/03/2025,CUST01395,Alexandria,Office Chair,Furniture,Completed,3,5564,20
104996,04/10/2025,CUST01396,Mansoura,Desk,Furniture,Completed,4,7992,0
104997,17/05/2025,CUST01397,Tanta,Headphones,Electronics,Completed,5,1962,5
104998,02/12/2025,CUST01398,Aswan,Monitor,Electronics,Completed,6,10120,10
104999,15/07/2025,CUST01399,Luxor,Printer,Office Equipment,Completed,7,6120,15
105000,28/02/2025,CUST01400,Port Said,Notebook Pack,Stationery,Completed,8,218.4,20
105001,13/09/2025,CUST01401,Cairo,Laptop,Electronics,Completed,9,26220,0
105002,26/04/2025,CUST01402,Giza,Smartphone,Electronics,Completed,10,13485,5
105003,11/11/2025,CUST01403,Alexandria,Wireless Mouse,Accessories,Completed,11,423,10
105004,24/06/2025,CUST01404,Mansoura,Keyboard,Accessories,Completed,12,807.5,15
105005,09/01/2025,CUST01405,Tanta,Office Chair,Furniture,Completed,1,4992,20
105006,22/08/2025,CUST01406,Aswan,Desk,Furniture,Completed,2,7178,0
105007,07/03/2025,CUST01407,Luxor,Headphones,Electronics,Completed,3,1764,5
105008,20/10/2025,CUST01408,Port Said,Monitor,Electronics,Completed,4,9108,10
105009,05/05/2025,CUST01409,Cairo,Printer,Office Equipment,Completed,5,6800,15
105010,18/12/2025,CUST01410,Giza,Notebook Pack,Stationery,Completed,6,242.4,20
105011,03/07/2025,CUST01411,Alexandria,Laptop,Electronics,Completed,7,29070,0
105012,16/02/2025,CUST01412,Mansoura,Smartphone,Electronics,Completed,8,14935,5
105013,01/09/2025,CUST01413,Tanta,Wireless Mouse,Accessories,Completed,9,468,10
105014,14/04/2025,CUST01414,Aswan,Keyboard,Accessories,Completed,10,892.5,15
105015,27/11/2025,CUST01415,Luxor,Office Chair,Furniture,Completed,11,5512,20
105016,12/06/2025,CUST01416,Port Said,Desk,Furniture,Completed,12,7918,0
105017,25/01/2025,CUST01417,Cairo,Headphones,Electronics,Completed,1,1944,5
105018,10/08/2025,CUST01418,Giza,Monitor,Electronics, completed ,2,10028,10
105019,23/03/2025,CUST01419,Alexandria,Printer,Office Equipment,Completed,3,7480,15
105020,08/10/2025,CUST01420,Mansoura,Notebook Pack,Stationery,Completed,4,216,20
105021,21/05/2025,CUST01421,Tanta,Laptop,Electronics,Completed,5,25935,0
105022,06/12/2025,CUST01422,Aswan,Smartphone,Electronics,Completed,6,13340,5
105023,19/07/2025,CUST01423,Luxor,Wireless Mouse,Accessories,Completed,7,418.5,10
105024,04/02/2025,CUST01424,Port Said,Keyboard,Accessories,Completed,8,799,15
105025,17/09/2025,CUST01425,Cairo,Office Chair,Furniture,Completed,9,4940,20
105026,02/04/2025,CUST01426,Giza,Desk,Furniture,Completed,10,7104,0
105027,15/11/2025,CUST01427,Alexandria,Headphones,Electronics,Completed,11,1746,5
105028,28/06/2025,CUST01428,Mansoura,Monitor,Electronics,Completed,12,9016,10
105029,13/01/2025,CUST01429,Tanta,Printer,Office Equipment,Completed,1,6732,15
105030,26/08/2025,CUST01430,Aswan,Notebook Pack,Stationery,Completed,2,240,20
105031,11/03/2025,CUST01431,Luxor,Laptop,Electronics,Completed,3,28785,0
105032,24/10/2025,CUST01432,Port Said,Smartphone,Electronics,Completed,4,14790,5
105033,09/05/2025,CUST01433,Cairo,Wireless Mouse,Accessories,Completed,5,463.5,10
105034,22/12/2025,CUST01434,Giza,Keyboard,Accessories,Completed,6,884,15
105035,07/07/2025,CUST01435,Alexandria,Office Chair,Furniture,Completed,7,5460,20
105036,20/02/2025,CUST01436,Mansoura,Desk,Furniture,Completed,8,7844,0
105037,05/09/2025,CUST01437,Tanta,Headphones,Electronics,Completed,9,1926,5
105038,18/04/2025,CUST01438,Aswan,Monitor,Electronics,Completed,10,9936,10
105039,03/11/2025,CUST01439,Luxor,Printer,Office Equipment,Completed,11,7412,15
105040,16/06/2025,CUST01440,Port Said,Notebook Pack,Stationery,Completed,12,264,20
105041,01/01/2025,CUST01441,Cairo,Laptop,Electronics,Completed,1,25650,0
105042,14/08/2025,CUST01442,Giza,Smartphone,Electronics,Completed,2,13195,5
105043,27/03/2025,CUST01443,Alexandria,Wireless Mouse,Accessories,Completed,3,414,10
105044,12/10/2025,CUST01444,Mansoura,Keyboard,Accessories,Completed,4,790.5,15
105045,25/05/2025,CUST01445,,Office Chair,Furniture,Completed,5,4888,20
105046,10/12/2025,CUST01446,Aswan,Desk,Furniture,Completed,6,7030,0
105047,23/07/2025,CUST01447,Luxor,Headphones,Electronics,Completed,7,1728,5
105048,08/02/2025,CUST01448,Port Said,Monitor,Electronics,Completed,8,8924,10
105049,21/09/2025,CUST01449,Cairo,Printer,Office Equipment,Completed,9,6664,15
105050,06/04/2025,CUST01450,Giza,Notebook Pack,Stationery,Completed,10,237.6,20
105051,19/11/2025,CUST01451,Alexandria,Laptop,Electronics,Completed,11,28500,0
105052,04/06/2025,CUST01452,Mansoura,Smartphone,Electronics,Completed,12,14645,5
105053,17/01/2025,CUST01453,Tanta,Wireless Mouse,Accessories,Completed,1,459,10
105054,02/08/2025,CUST01454,Aswan,Keyboard,Accessories,Completed,2,875.5,15
105055,15/03/2025,CUST01455,Luxor,Office Chair,Furniture,Completed,3,5408,20
105056,28/10/2025,CUST01456,Port Said,Desk,Furniture,Completed,4,7770,0
105057,13/05/2025,CUST01457,Cairo,Headphones,Electronics,Completed,5,1908,5
105058,26/12/2025,CUST01458,Giza,Monitor,Electronics,Completed,6,9844,10
105059,11/07/2025,CUST01459,Alexandria,Printer,Office Equipment,Completed,7,7344,15
105060,24/02/2025,CUST01460,Mansoura,Notebook Pack,Stationery,Completed,8,261.6,20
105061,09/09/2025,CUST01461,Tanta,Laptop,Electronics,Completed,9,31350,0
105062,22/04/2025,CUST01462,Aswan,Smartphone,Electronics,Completed,10,13050,5
105063,07/11/2025,CUST01463,Luxor,Wireless Mouse,Accessories,Completed,11,409.5,10
105064,20/06/2025,CUST01464,Port Said,Keyboard,Accessories,Completed,12,782,15
105065,05/01/2025,CUST01465,Cairo,Office Chair,Furniture,Completed,1,4836,20
105066,18/08/2025,CUST01466,Giza,Desk,Furniture,Completed,2,6956,0
105067,03/03/2025,CUST01467,Alexandria,Headphones,electronics,Completed,3,1710,5
105068,16/10/2025,CUST01468,Mansoura,Monitor,Electronics,Completed,4,8832,10
105069,01/05/2025,CUST01469,Tanta,Printer,Office Equipment,Completed,5,6596,
105070,14/12/2025,CUST01470,Aswan,Notebook Pack,Stationery,Completed,6,235.2,20
105071,27/07/2025,CUST01471,Luxor,Laptop,Electronics,Completed,7,28215,0
105072,12/02/2025,CUST01472,Port Said,Smartphone,Electronics,Completed,8,14500,5
105073,25/09/2025,CUST01473,Cairo,Wireless Mouse,Accessories,Completed,9,454.5,10
105074,10/04/2025,CUST01474,Giza,Keyboard,Accessories,Completed,10,867,15
105075,23/11/2025,CUST01475,Alexandria,Office Chair,Furniture,Completed,11,5356,20
105076,08/06/2025,CUST01476,Mansoura,Desk,Furniture,Completed,12,7696,0
105077,21/01/2025,CUST01477,Tanta,Headphones,Electronics,Completed,1,1890,5
105078,06/08/2025,CUST01478,Aswan,Monitor,Electronics,Completed,2,9752,10
105079,19/03/2025,CUST01479,Luxor,Printer,Office Equipment,Completed,3,7276,15
105080,04/10/2025,CUST01480,Port Said,Notebook Pack,Stationery,Completed,4,259.2,20
105081,17/05/2025,CUST01481,Cairo, laptop ,Electronics,Completed,5,31065,0
105082,02/12/2025,CUST01482,Giza,Smartphone,Electronics,Completed,6,15950,5
105083,15/07/2025,CUST01483,Alexandria,Wireless Mouse,Accessories,Completed,7,405,10
105084,28/02/2025,CUST01484,Mansoura,Keyboard,Accessories,Completed,8,773.5,15
105085,13/09/2025,CUST01485,Tanta,Office Chair,Furniture,Completed,9,4784,20
105086,26/04/2025,CUST01486, Aswan ,Desk,Furniture,Completed,10,6882,0
105087,11/11/2025,CUST01487,Luxor,Headphones,Electronics,Completed,11,1692,5
105088,24/06/2025,CUST01488,Port Said,Monitor,Electronics,Completed,12,8740,10
105089,09/01/2025,CUST01489,Cairo,Printer,Office Equipment,Completed,1,6528,15
105090,22/08/2025,CUST01490,Giza,Notebook Pack,Stationery,Completed,2,232.8,20
105091,07/03/2025,CUST01491,Alexandria,Laptop,Electronics,Completed,3,27930,0
105092,20/10/2025,CUST01492,Mansoura,Smartphone,Electronics,Completed,4,14355,5
105093,05/05/2025,CUST01493,Tanta,Wireless Mouse,Accessories,Completed,5,450,10
105094,18/12/2025,CUST01494,Aswan,Keyboard,Accessories,Completed,6,858.5,15
105095,03/07/2025,CUST01495,Luxor,Office Chair,Furniture,Completed,7,5304,20
105096,16/02/2025,CUST01496,Port Said,Desk,Furniture,Completed,8,7622,0
105097,01/09/2025,CUST01497,Cairo,Headphones,Electronics,Completed,9,1872,5
105098,14/04/2025,CUST01498,Giza,Monitor,Electronics,Completed,10,9660,10
105099,27/11/2025,CUST01499,Alexandria,Printer,Office Equipment,Completed,11,7208,15
105100,12/06/2025,CUST01500,Mansoura,Notebook Pack,Stationery,Completed,12,256.8,20
105101,25/01/2025,CUST01501,Tanta,Laptop,Electronics,Completed,1,30780,0
105102,10/08/2025,CUST01502,Aswan,Smartphone,Electronics,Completed,2,15805,5
105103,23/03/2025,CUST01503,Luxor,Wireless Mouse,Accessories,Completed,3,495,10
105104,08/10/2025,CUST01504,Port Said,Keyboard,Accessories,Completed,4,765,15
105105,21/05/2025,CUST01505,Cairo,Office Chair,Furniture,Completed,5,4732,20
105106,06/12/2025,CUST01506,Giza,Desk,Furniture,Completed,6,6808,0
105107,19/07/2025,CUST01507,Alexandria,Headphones,Electronics,Completed,7,1674,5
105108,04/02/2025,CUST01508,Mansoura,Monitor,Electronics,Completed,8,8648,10
105109,17/09/2025,CUST01509,Tanta,Printer,Office Equipment,Completed,9,6460,15
105110,02/04/2025,CUST01510,Aswan,Notebook Pack,Stationery,Completed,10,230.4,20
105111,15/11/2025,CUST01511,Luxor,Laptop,Electronics,Completed,11,27645,0
105112,28/06/2025,CUST01512,Port Said,Smartphone,Electronics,Completed,12,14210,5
105113,13/01/2025,CUST01513,Cairo,Wireless Mouse,Accessories,Completed,1,445.5,10
105114,26/08/2025,CUST01514,Giza,Keyboard,Accessories,Completed,2,850,15
105115,11/03/2025,CUST01515,Alexandria,Office Chair,Furniture,Completed,3,5252,20
105116,24/10/2025,CUST01516,Mansoura,Desk,Furniture,Completed,4,7548,0
105117,09/05/2025,CUST01517,Tanta,Headphones,Electronics,Completed,5,1854,5
105118,22/12/2025,CUST01518,Aswan,Monitor,Electronics,Completed,6,9568,10
105119,07/07/2025,CUST01519,Luxor,Printer,Office Equipment,Completed,7,7140,15
105120,20/02/2025,CUST01520,Port Said,Notebook Pack,Stationery,Completed,8,254.4,20
105121,05/09/2025,CUST01521,Cairo,Laptop,Electronics,Completed,9,30495,0
105122,18/04/2025,CUST01522,Giza,Smartphone,Electronics,Completed,10,15660,5
105123,03/11/2025,CUST01523,Alexandria,Wireless Mouse,Accessories,Completed,11,490.5,10
105124,16/06/2025,CUST01524,Mansoura,Keyboard,Accessories,Completed,12,935,15
105125,01/01/2025,CUST01525,Tanta,Office Chair,Furniture,Completed,1,4680,20
105126,14/08/2025,CUST01526,Aswan,Desk,Furniture,Completed,2,6734,0
105127,27/03/2025,CUST01527,Luxor,Headphones,Electronics,Completed,3,1656,5
105128,12/10/2025,CUST01528,Port Said,Monitor,Electronics,Completed,4,8556,10
105129,25/05/2025,CUST01529,Cairo,Printer,Office Equipment,Completed,5,6392,15
105130,10/12/2025,CUST01530,Giza,Notebook Pack,Stationery,Completed,6,228,20
105131,23/07/2025,CUST01531,Alexandria,Laptop,Electronics,Completed,7,27360,0
105132,08/02/2025,CUST01532,Mansoura,Smartphone,Electronics,Completed,8,14065,5
105133,21/09/2025,CUST01533,Tanta,Wireless Mouse,Accessories,Completed,9,441,10
105134,06/04/2025,CUST01534,Aswan,Keyboard,Accessories,Completed,10,841.5,15
105135,19/11/2025,CUST01535,Luxor,Office Chair,Furniture,Completed,11,5200,20
105136,04/06/2025,CUST01536,Port Said,Desk,Furniture,Completed,12,7474,0
105137,17/01/2025,CUST01537,Cairo,Headphones,Electronics,Completed,1,1836,5
105138,02/08/2025,CUST01538,Giza,Monitor,Electronics,Completed,2,9476,10
105139,15/03/2025,CUST01539,Alexandria,Printer,Office Equipment,Completed,3,7072,15
105140,28/10/2025,CUST01540,Mansoura,Notebook Pack,Stationery,Completed,4,252,20
105141,13/05/2025,CUST01541,Tanta,Laptop,Electronics,Completed,5,30210,0
105142,26/12/2025,CUST01542,,Smartphone,Electronics,Completed,6,15515,5
105143,11/07/2025,CUST01543,Luxor,Wireless Mouse,Accessories,Completed,7,486,10
105144,24/02/2025,CUST01544,Port Said,Keyboard,Accessories,Completed,8,926.5,15
105145,09/09/2025,CUST01545,Cairo,Office Chair,Furniture,Completed,9,5720,20
105146,22/04/2025,CUST01546,Giza,Desk,Furniture,Completed,10,6660,0
105147,07/11/2025,CUST01547,Alexandria,Headphones,Electronics,Completed,11,1638,5
105148,20/06/2025,CUST01548,Mansoura,Monitor,Electronics,Completed,12,8464,10
105149,05/01/2025,CUST01549,Tanta,Printer,Office Equipment,Completed,1,6324,15
105150,18/08/2025,CUST01550,Aswan,Notebook Pack,Stationery,Completed,2,225.6,20
105151,03/03/2025,CUST01551,Luxor,Laptop,Electronics,Completed,3,27075,0
105152,16/10/2025,CUST01552,Port Said,Smartphone,Electronics,Completed,4,13920,5
105153,01/05/2025,CUST01553,Cairo,Wireless Mouse,Accessories,Completed,5,436.5,10
105154,14/12/2025,CUST01554,Giza,Keyboard,Accessories,Completed,6,833,15
105155,27/07/2025,CUST01555,Alexandria,Office Chair,Furniture,Completed,7,5148,20
105156,12/02/2025,CUST01556,Mansoura,Desk,Furniture,Completed,8,7400,0
105157,25/09/2025,CUST01557,Tanta,Headphones,Electronics,Completed,9,1818,5
105158,10/04/2025,CUST01558,Aswan,Monitor,Electronics,Completed,10,9384,10
105159,23/11/2025,CUST01559,Luxor,Printer,Office Equipment,Completed,11,7004,15
105160,08/06/2025,CUST01560,Port Said,Notebook Pack,Stationery,Completed,12,249.6,20
105161,21/01/2025,CUST01561,Cairo,Laptop,Electronics,Completed,1,29925,0
105162,06/08/2025,CUST01562,Giza,Smartphone,Electronics,Completed,2,15370,5
105163,19/03/2025,CUST01563,Alexandria,Wireless Mouse,Accessories,Completed,3,481.5,10
105164,04/10/2025,CUST01564,Mansoura,Keyboard,Accessories,Completed,4,918,15
105165,17/05/2025,CUST01565,Tanta,Office Chair,Furniture,Completed,5,5668,20
105166,02/12/2025,CUST01566,Aswan,Desk,Furniture,Completed,6,8140,0
105167,15/07/2025,CUST01567,Luxor,Headphones,Electronics,Completed,7,1620,5
105168,28/02/2025,CUST01568,Port Said,Monitor,Electronics,Completed,8,8372,10
105169,13/09/2025,CUST01569,Cairo,Printer,Office Equipment,Completed,9,6256,15
105170,26/04/2025,CUST01570,Giza,Notebook Pack,Stationery,Completed,10,223.2,20
105171,11/11/2025,CUST01571,Alexandria,Laptop,Electronics,Completed,11,26790,0
105172,24/06/2025,CUST01572,Mansoura,Smartphone,Electronics,Completed,12,13775,5
105173,09/01/2025,CUST01573,Tanta,Wireless Mouse,Accessories,Completed,1,432,10
105174,22/08/2025,CUST01574,Aswan,Keyboard,Accessories,Completed,2,824.5,15
105175,07/03/2025,CUST01575,Luxor,Office Chair,Furniture,Completed,3,5096,20
105176,20/10/2025,CUST01576,Port Said,Desk,Furniture,Completed,4,7326,0
105177,05/05/2025,CUST01577,Cairo,Headphones,Electronics,Completed,5,1800,5
105178,18/12/2025,CUST01578,Giza,Monitor,Electronics,Completed,6,9292,10
105179,03/07/2025,CUST01579,Alexandria,Printer,Office Equipment,Completed,7,6936,15
105180,16/02/2025,CUST01580,Mansoura,Notebook Pack,Stationery,Completed,8,247.2,20
105181,01/09/2025,CUST01581,Tanta,Laptop,Electronics,Completed,9,29640,0
105182,14/04/2025,CUST01582,Aswan,Smartphone,Electronics,Completed,10,15225,5
105183,27/11/2025,CUST01583,Luxor,Wireless Mouse,Accessories,Completed,11,477,10
105184,12/06/2025,CUST01584,Port Said,Keyboard,Accessories,Completed,12,909.5,15
105185,25/01/2025,CUST01585,Cairo,Office Chair,Furniture,Completed,1,5616,20
105186,10/08/2025,CUST01586,Giza,Desk,Furniture,Completed,2,8066,0
105187,23/03/2025,CUST01587,Alexandria,Headphones,Electronics,Completed,3,1980,5
105188,08/10/2025,CUST01588,Mansoura,Monitor,Electronics,Completed,4,8280,10
105189,21/05/2025,CUST01589,Tanta,Printer,Office Equipment,Completed,5,6188,15
105190,06/12/2025,CUST01590,Aswan,Notebook Pack,Stationery,Completed,6,220.8,20
105191,19/07/2025,CUST01591,Luxor,Laptop,Electronics, completed ,7,26505,0
105192,04/02/2025,CUST01592,Port Said,Smartphone,Electronics,Completed,8,13630,5
105193,17/09/2025,CUST01593,Cairo,Wireless Mouse,Accessories,Completed,9,427.5,10
105194,02/04/2025,CUST01594,Giza,Keyboard,Accessories,Completed,10,816,15
105195,15/11/2025,CUST01595,Alexandria,Office Chair,Furniture,Completed,11,5044,20
105196,28/06/2025,CUST01596,Mansoura,Desk,Furniture,Completed,12,7252,0
105197,13/01/2025,CUST01597,Tanta,Headphones,Electronics,Completed,1,1782,5
105198,26/08/2025,CUST01598,Aswan,Monitor,Electronics,Completed,2,9200,10
105199,11/03/2025,CUST01599, Luxor ,Printer,Office Equipment,Completed,3,6868,15
105200,24/10/2025,CUST01600,Port Said,Notebook Pack,Stationery,Completed,4,244.8,20
105201,09/05/2025,CUST01601,Cairo,Laptop,Electronics,Completed,5,29355,0
105202,22/12/2025,CUST01602,Giza,Smartphone,Electronics,Completed,6,15080,5
105203,07/07/2025,CUST01603,Alexandria,Wireless Mouse,Accessories,Completed,7,472.5,10
105204,20/02/2025,CUST01604,Mansoura,Keyboard,Accessories,Completed,8,901,15
105205,05/09/2025,CUST01605,Tanta,Office Chair,Furniture,Completed,9,5564,20
105206,18/04/2025,CUST01606,Aswan,Desk,Furniture,Completed,10,7992,0
105207,03/11/2025,CUST01607,Luxor,Headphones,Electronics,Completed,11,1962,5
105208,16/06/2025,CUST01608,Port Said, monitor ,Electronics,Completed,12,10120,10
105209,01/01/2025,CUST01609,Cairo,Printer,Office Equipment,Completed,1,6120,15
105210,14/08/2025,CUST01610,Giza,Notebook Pack,Stationery,Completed,2,218.4,20
105211,27/03/2025,CUST01611,Alexandria,Laptop,Electronics,Completed,3,26220,0
105212,12/10/2025,CUST01612,Mansoura,Smartphone,Electronics,Completed,4,13485,5
105213,25/05/2025,CUST01613,Tanta,Wireless Mouse,Accessories,Completed,5,423,10
105214,10/12/2025,CUST01614,Aswan,Keyboard,Accessories,Completed,6,807.5,15
105215,23/07/2025,CUST01615,Luxor,Office Chair,Furniture,Completed,7,4992,20
105216,08/02/2025,CUST01616,Port Said,Desk,furniture,Completed,8,7178,0
105217,21/09/2025,CUST01617,Cairo,Headphones,Electronics,Completed,9,1764,5
105218,06/04/2025,CUST01618,Giza,Monitor,Electronics,Completed,10,9108,10
105219,19/11/2025,CUST01619,Alexandria,Printer,Office Equipment,Completed,11,6800,15
105220,04/06/2025,CUST01620,Mansoura,Notebook Pack,Stationery,Completed,12,242.4,20
105221,17/01/2025,CUST01621,Tanta,Laptop,Electronics,Completed,1,29070,0
105222,02/08/2025,CUST01622,Aswan,Smartphone,Electronics,Completed,2,14935,5
105223,15/03/2025,CUST01623,Luxor,Wireless Mouse,Accessories,Completed,3,468,10
105224,28/10/2025,CUST01624,Port Said,Keyboard,Accessories,Completed,4,892.5,15
105225,13/05/2025,CUST01625,Cairo,Office Chair,Furniture,Completed,5,5512,20
105226,26/12/2026,CUST01626,Giza,Desk,Furniture,Completed,6,7918,0
105227,11/07/2026,CUST01627,Alexandria,Headphones,Electronics,Completed,7,1944,5
105228,24/02/2026,CUST01628,Mansoura,Monitor,Electronics,Completed,8,10028,10
105229,09/09/2026,CUST01629,Tanta,Printer,Office Equipment,Completed,9,7480,15
105230,22/04/2026,CUST01630,Aswan,Notebook Pack,Stationery,Completed,10,216,20
105231,07/11/2026,CUST01631,Luxor,Laptop,Electronics,Completed,11,25935,0
105232,20/06/2026,CUST01632,Port Said,Smartphone,Electronics,Completed,12,13340,5
105233,05/01/2026,CUST01633,Cairo,Wireless Mouse,Accessories,Completed,1,418.5,10
105234,18/08/2026,CUST01634,Giza,Keyboard,Accessories,Completed,2,799,15
105235,03/03/2026,CUST01635,Alexandria,Office Chair,Furniture,Completed,3,4940,20
105236,16/10/2026,CUST01636,Mansoura,Desk,Furniture,Completed,4,7104,0
105237,01/05/2026,CUST01637,Tanta,Headphones,Electronics,Completed,5,1746,5
105238,14/12/2026,CUST01638,Aswan,Monitor,Electronics,Completed,6,9016,10
105239,27/07/2026,CUST01639,,Printer,Office Equipment,Completed,7,6732,15
105240,12/02/2026,CUST01640,Port Said,Notebook Pack,Stationery,Completed,8,240,20
105241,25/09/2026,CUST01641,Cairo,Laptop,Electronics,Completed,9,28785,0
105242,10/04/2026,CUST01642,Giza,Smartphone,Electronics,Completed,10,14790,5
105243,23/11/2026,CUST01643,Alexandria,Wireless Mouse,Accessories,Completed,11,463.5,10
105244,08/06/2026,CUST01644,Mansoura,Keyboard,Accessories,Completed,12,884,15
105245,21/01/2026,CUST01645,Tanta,Office Chair,Furniture,Completed,1,5460,20
105246,06/08/2026,CUST01646,Aswan,Desk,Furniture,Completed,2,7844,0
105247,19/03/2026,CUST01647,Luxor,Headphones,Electronics,Completed,3,1926,5
105248,04/10/2026,CUST01648,Port Said,Monitor,Electronics,Completed,4,9936,10
105249,17/05/2026,CUST01649,Cairo,Printer,Office Equipment,Completed,5,7412,15
105250,02/12/2026,CUST01650,Giza,Notebook Pack,Stationery,Completed,6,264,
105251,15/07/2026,CUST01651,Alexandria,Laptop,Electronics,Completed,7,25650,0
105252,28/02/2026,CUST01652,Mansoura,Smartphone,Electronics,Completed,8,13195,5
105253,13/09/2026,CUST01653,Tanta,Wireless Mouse,Accessories,Completed,9,414,10
105254,26/04/2026,CUST01654,Aswan,Keyboard,Accessories,Completed,10,790.5,15
105255,11/11/2026,CUST01655,Luxor,Office Chair,Furniture,Completed,11,4888,20
105256,24/06/2026,CUST01656,Port Said,Desk,Furniture,Completed,12,7030,0
105257,09/01/2026,CUST01657,Cairo,Headphones,Electronics,Completed,1,1728,5
105258,22/08/2026,CUST01658,Giza,Monitor,Electronics,Completed,2,8924,10
105259,07/03/2026,CUST01659,Alexandria,Printer,Office Equipment,Completed,3,6664,15
105260,20/10/2026,CUST01660,Mansoura,Notebook Pack,Stationery,Completed,4,237.6,20
105261,05/05/2026,CUST01661,Tanta,Laptop,Electronics,Completed,5,28500,0
105262,18/12/2026,CUST01662,Aswan,Smartphone,Electronics,Completed,6,14645,5
105263,03/07/2026,CUST01663,Luxor,Wireless Mouse,Accessories,Completed,7,459,10
105264,16/02/2026,CUST01664,Port Said,Keyboard,Accessories,Completed,8,875.5,15
105265,01/09/2026,CUST01665,Cairo,Office Chair,Furniture,Completed,9,5408,20
105266,14/04/2026,CUST01666,Giza,Desk,Furniture,Completed,10,7770,0
105267,27/11/2026,CUST01667,Alexandria,Headphones,Electronics,Completed,11,1908,5
105268,12/06/2026,CUST01668,Mansoura,Monitor,Electronics,Completed,12,9844,10
105269,25/01/2026,CUST01669,Tanta,Printer,Office Equipment,Completed,1,7344,15
105270,10/08/2026,CUST01670,Aswan,Notebook Pack,Stationery,Completed,2,261.6,20
105271,23/03/2026,CUST01671,Luxor,Laptop,Electronics,Completed,3,31350,0
105272,08/10/2026,CUST01672,Port Said,Smartphone,Electronics,Completed,4,13050,5
105273,21/05/2026,CUST01673,Cairo,Wireless Mouse,Accessories,Completed,5,409.5,10
105274,06/12/2026,CUST01674,Giza,Keyboard,Accessories,Completed,6,782,15
105275,19/07/2026,CUST01675,Alexandria,Office Chair,Furniture,Completed,7,4836,20
105276,04/02/2026,CUST01676,Mansoura,Desk,Furniture,Completed,8,6956,0
105277,17/09/2026,CUST01677,Tanta,Headphones,Electronics,Completed,9,1710,5
105278,02/04/2026,CUST01678,Aswan,Monitor,Electronics,Completed,10,8832,10
105279,15/11/2026,CUST01679,Luxor,Printer,Office Equipment,Completed,11,6596,15
105280,28/06/2026,CUST01680,Port Said,Notebook Pack,Stationery,Completed,12,235.2,20
105281,13/01/2026,CUST01681,Cairo,Laptop,Electronics,Completed,1,28215,0
105282,26/08/2026,CUST01682,Giza,Smartphone,Electronics,Completed,2,14500,5
105283,11/03/2026,CUST01683,Alexandria,Wireless Mouse,Accessories,Completed,3,454.5,10
105284,24/10/2026,CUST01684,Mansoura,Keyboard,Accessories,Completed,4,867,15
105285,09/05/2026,CUST01685,Tanta,Office Chair,Furniture,Completed,5,5356,20
105286,22/12/2026,CUST01686,Aswan,Desk,Furniture,Completed,6,7696,0
105287,07/07/2026,CUST01687,Luxor,Headphones,Electronics,Completed,7,1890,5
105288,20/02/2026,CUST01688,Port Said,Monitor,Electronics,Completed,8,9752,10
105289,05/09/2026,CUST01689,Cairo,Printer,Office Equipment,Completed,9,7276,15
105290,18/04/2026,CUST01690,Giza,Notebook Pack,Stationery,Completed,10,259.2,20
105291,03/11/2026,CUST01691,Alexandria,Laptop,Electronics,Completed,11,31065,0
105292,16/06/2026,CUST01692,Mansoura,Smartphone,Electronics,Completed,12,15950,5
105293,01/01/2026,CUST01693,Tanta,Wireless Mouse,Accessories,Completed,1,405,10
105294,14/08/2026,CUST01694,Aswan,Keyboard,Accessories,Completed,2,773.5,15
105295,27/03/2026,CUST01695,Luxor,Office Chair,Furniture,Completed,3,4784,20
105296,12/10/2026,CUST01696,Port Said,Desk,Furniture,Completed,4,6882,0
105297,25/05/2026,CUST01697,Cairo,Headphones,Electronics,Completed,5,1692,5
105298,10/12/2026,CUST01698,Giza,Monitor,Electronics,Completed,6,8740,10
105299,23/07/2026,CUST01699,Alexandria,Printer,Office Equipment,Completed,7,6528,15
105300,08/02/2026,CUST01700,Mansoura,Notebook Pack,Stationery,Completed,8,232.8,20
105301,21/09/2026,CUST01701,Tanta,Laptop,Electronics,Completed,9,27930,0
105302,06/04/2026,CUST01702,Aswan,Smartphone,Electronics,Completed,10,14355,5
105303,19/11/2026,CUST01703,Luxor,Wireless Mouse,Accessories,Completed,11,450,10
105304,04/06/2026,CUST01704,Port Said,Keyboard,Accessories,Completed,12,858.5,15
105305,17/01/2026,CUST01705,Cairo,Office Chair,Furniture,Completed,1,5304,20
105306,02/08/2026,CUST01706,Giza,Desk,Furniture,Completed,2,7622,0
105307,15/03/2026,CUST01707,Alexandria,Headphones,Electronics,Completed,3,1872,5
105308,28/10/2026,CUST01708,Mansoura,Monitor,Electronics,Completed,4,9660,10
105309,13/05/2026,CUST01709,Tanta,Printer,Office Equipment,Completed,5,7208,15
105310,26/12/2026,CUST01710,Aswan,Notebook Pack,Stationery,Completed,6,256.8,20
105311,11/07/2026,CUST01711,Luxor,Laptop,Electronics,Completed,7,30780,0
105312,24/02/2026,CUST01712, Port Said ,Smartphone,Electronics,Completed,8,15805,5
105313,09/09/2026,CUST01713,Cairo,Wireless Mouse,Accessories,Completed,9,495,10
105314,22/04/2026,CUST01714,Giza,Keyboard,Accessories,Completed,10,765,15
105315,07/11/2026,CUST01715,Alexandria,Office Chair,Furniture,Completed,11,4732,20
105316,20/06/2026,CUST01716,Mansoura,Desk,Furniture,Completed,12,6808,0
105317,05/01/2026,CUST01717,Tanta,Headphones,Electronics,Completed,1,1674,5
105318,18/08/2026,CUST01718,Aswan,Monitor,Electronics,Completed,2,8648,10
105319,03/03/2026,CUST01719,Luxor,Printer,Office Equipment,Completed,3,6460,15
105320,16/10/2026,CUST01720,Port Said,Notebook Pack,Stationery,Completed,4,230.4,20
105321,01/05/2026,CUST01721,Cairo,Laptop,Electronics,Completed,5,27645,0
105322,14/12/2026,CUST01722,Giza,Smartphone,Electronics,Completed,6,14210,5
105323,27/07/2026,CUST01723,Alexandria,Wireless Mouse,Accessories,Completed,7,445.5,10
105324,12/02/2026,CUST01724,Mansoura,Keyboard,Accessories,Completed,8,850,15
105325,25/09/2026,CUST01725,Tanta,Office Chair,Furniture,Completed,9,5252,20
105326,10/04/2026,CUST01726,Aswan,Desk,Furniture,Completed,10,7548,0
105327,23/11/2026,CUST01727,Luxor,Headphones,Electronics,Completed,11,1854,5
105328,08/06/2026,CUST01728,Port Said,Monitor,Electronics,Completed,12,9568,10
105329,21/01/2026,CUST01729,Cairo,Printer,Office Equipment,Completed,1,7140,15
105330,06/08/2026,CUST01730,Giza,Notebook Pack,Stationery,Completed,2,254.4,20
105331,19/03/2026,CUST01731,Alexandria,Laptop,Electronics,Completed,3,30495,0
105332,04/10/2026,CUST01732,Mansoura,Smartphone,Electronics,Completed,4,15660,5
105333,17/05/2026,CUST01733,Tanta,Wireless Mouse,Accessories,Completed,5,490.5,10
105334,02/12/2026,CUST01734,Aswan,Keyboard,Accessories,Completed,6,935,15
105335,15/07/2026,CUST01735,Luxor, office chair ,Furniture,Completed,7,4680,20
105336,28/02/2026,CUST01736,,Desk,Furniture,Completed,8,6734,0
105337,13/09/2026,CUST01737,Cairo,Headphones,Electronics,Completed,9,1656,5
105338,26/04/2026,CUST01738,Giza,Monitor,Electronics,Completed,10,8556,10
105339,11/11/2026,CUST01739,Alexandria,Printer,Office Equipment,Completed,11,6392,15
105340,24/06/2026,CUST01740,Mansoura,Notebook Pack,Stationery,Completed,12,228,20
105341,09/01/2026,CUST01741,Tanta,Laptop,Electronics,Completed,1,27360,0
105342,22/08/2026,CUST01742,Aswan,Smartphone,Electronics,Completed,2,14065,5
105343,07/03/2026,CUST01743,Luxor,Wireless Mouse,Accessories,Completed,3,441,10
105344,20/10/2026,CUST01744,Port Said,Keyboard,Accessories,Completed,4,841.5,15
105345,05/05/2026,CUST01745,Cairo,Office Chair,Furniture,Completed,5,5200,20
105346,18/12/2026,CUST01746,Giza,Desk,Furniture,Completed,6,7474,0
105347,03/07/2026,CUST01747,Alexandria,Headphones,Electronics,Completed,7,1836,5
105348,16/02/2026,CUST01748,Mansoura,Monitor,Electronics,Completed,8,9476,10
105349,01/09/2026,CUST01749,Tanta,Printer,Office Equipment,Completed,9,7072,15
105350,14/04/2026,CUST01750,Aswan,Notebook Pack,Stationery,Completed,10,252,20
105351,27/11/2026,CUST01751,Luxor,Laptop,Electronics,Completed,11,30210,0
105352,12/06/2026,CUST01752,Port Said,Smartphone,Electronics,Completed,12,15515,5
105353,25/01/2026,CUST01753,Cairo,Wireless Mouse,Accessories,Completed,1,486,10
105354,10/08/2026,CUST01754,Giza,Keyboard,Accessories,Completed,2,926.5,15
105355,23/03/2026,CUST01755,Alexandria,Office Chair,Furniture,Completed,3,5720,20
105356,08/10/2026,CUST01756,Mansoura,Desk,Furniture,Completed,4,6660,0
105357,21/05/2026,CUST01757,Tanta,Headphones,Electronics,Completed,5,1638,5
105358,06/12/2026,CUST01758,Aswan,Monitor,Electronics,Completed,6,8464,10
105359,19/07/2026,CUST01759,Luxor,Printer,Office Equipment,Completed,7,6324,15
105360,04/02/2026,CUST01760,Port Said,Notebook Pack,Stationery,Completed,8,225.6,20
105361,17/09/2026,CUST01761,Cairo,Laptop,Electronics,Completed,9,27075,0
105362,02/04/2026,CUST01762,Giza,Smartphone,Electronics,Completed,10,13920,5
105363,15/11/2026,CUST01763,Alexandria,Wireless Mouse,Accessories,Completed,11,436.5,10
105364,28/06/2026,CUST01764,Mansoura,Keyboard,Accessories, completed ,12,833,15
105365,13/01/2026,CUST01765,Tanta,Office Chair,furniture,Completed,1,5148,20
105366,26/08/2026,CUST01766,Aswan,Desk,Furniture,Completed,2,7400,0
105367,11/03/2026,CUST01767,Luxor,Headphones,Electronics,Completed,3,1818,5
105368,24/10/2026,CUST01768,Port Said,Monitor,Electronics,Completed,4,9384,10
105369,09/05/2026,CUST01769,Cairo,Printer,Office Equipment,Completed,5,7004,15
105370,22/12/2026,CUST01770,Giza,Notebook Pack,Stationery,Completed,6,249.6,20
105371,07/07/2026,CUST01771,Alexandria,Laptop,Electronics,Completed,7,29925,0
105372,20/02/2026,CUST01772,Mansoura,Smartphone,Electronics,Completed,8,15370,5
105373,05/09/2026,CUST01773,Tanta,Wireless Mouse,Accessories,Completed,9,481.5,10
105374,18/04/2026,CUST01774,Aswan,Keyboard,Accessories,Completed,10,918,15
105375,03/11/2026,CUST01775,Luxor,Office Chair,Furniture,Completed,11,5668,20
105376,16/06/2026,CUST01776,Port Said,Desk,Furniture,Completed,12,8140,0
105377,01/01/2026,CUST01777,Cairo,Headphones,Electronics,Completed,1,1620,5
105378,14/08/2026,CUST01778,Giza,Monitor,Electronics,Completed,2,8372,10
105379,27/03/2026,CUST01779,Alexandria,Printer,Office Equipment,Completed,3,6256,15
105380,12/10/2026,CUST01780,Mansoura,Notebook Pack,Stationery,Completed,4,223.2,20
105381,25/05/2026,CUST01781,Tanta,Laptop,Electronics,Completed,5,26790,0
105382,10/12/2026,CUST01782,Aswan,Smartphone,Electronics,Completed,6,13775,5
105383,23/07/2026,CUST01783,Luxor,Wireless Mouse,Accessories,Completed,7,432,10
105384,08/02/2026,CUST01784,Port Said,Keyboard,Accessories,Completed,8,824.5,15
105385,21/09/2026,CUST01785,Cairo,Office Chair,Furniture,Completed,9,5096,20
105386,06/04/2026,CUST01786,Giza,Desk,Furniture,Completed,10,7326,0
105387,19/11/2026,CUST01787,Alexandria,Headphones,Electronics,Completed,11,1800,5
105388,04/06/2026,CUST01788,Mansoura,Monitor,Electronics,Completed,12,9292,10
105389,17/01/2026,CUST01789,Tanta,Printer,Office Equipment,Completed,1,6936,15
105390,02/08/2026,CUST01790,Aswan,Notebook Pack,Stationery,Completed,2,247.2,20
105391,15/03/2026,CUST01791,Luxor,Laptop,Electronics,Completed,3,29640,0
105392,28/10/2026,CUST01792,Port Said,Smartphone,Electronics,Completed,4,15225,5
105393,13/05/2026,CUST01793,Cairo,Wireless Mouse,Accessories,Completed,5,477,10
105394,26/12/2026,CUST01794,Giza,Keyboard,Accessories,Completed,6,909.5,15
105395,11/07/2026,CUST01795,Alexandria,Office Chair,Furniture,Completed,7,5616,20
105396,24/02/2026,CUST01796,Mansoura,Desk,Furniture,Completed,8,8066,0
105397,09/09/2026,CUST01797,Tanta,Headphones,Electronics,Completed,9,1980,5
105398,22/04/2026,CUST01798,Aswan,Monitor,Electronics,Completed,10,8280,10
105399,07/11/2026,CUST01799,Luxor,Printer,Office Equipment,Completed,11,6188,15
105400,20/06/2026,CUST01800,Port Said,Notebook Pack,Stationery,Completed,12,220.8,20
105401,05/01/2025,CUST00001,Cairo,Laptop,Electronics,Completed,1,26505,0
105402,18/08/2025,CUST00002,Giza,Smartphone,Electronics,Completed,2,13630,5
105403,03/03/2025,CUST00003,Alexandria,Wireless Mouse,Accessories,Completed,3,427.5,10
105404,16/10/2025,CUST00004,Mansoura,Keyboard,Accessories,Completed,4,816,15
105405,01/05/2025,CUST00005,Tanta,Office Chair,Furniture,Completed,5,5044,20
105406,14/12/2025,CUST00006,Aswan,Desk,Furniture,Completed,6,7252,0
105407,27/07/2025,CUST00007,Luxor,Headphones,Electronics,Completed,7,1782,5
105408,12/02/2025,CUST00008,Port Said,Monitor,Electronics,Completed,8,9200,10
105409,25/09/2025,CUST00009,Cairo,Printer,Office Equipment,Completed,9,6868,15
105410,10/04/2025,CUST00010,Giza,Notebook Pack,Stationery,Completed,10,244.8,20
105411,23/11/2025,CUST00011,Alexandria,Laptop,Electronics,Completed,11,29355,0
105412,08/06/2025,CUST00012,Mansoura,Smartphone,Electronics,Completed,12,15080,5
105413,21/01/2025,CUST00013,Tanta,Wireless Mouse,Accessories,Completed,1,472.5,10
105414,06/08/2025,CUST00014,Aswan,Keyboard,Accessories,Completed,2,901,15
105415,19/03/2025,CUST00015,Luxor,Office Chair,Furniture,Completed,3,5564,20
105416,04/10/2025,CUST00016,Port Said,Desk,Furniture,Completed,4,7992,0
105417,17/05/2025,CUST00017,Cairo,Headphones,Electronics,Completed,5,1962,5
105418,02/12/2025,CUST00018,Giza,Monitor,Electronics,Completed,6,10120,10
105419,15/07/2025,CUST00019,Alexandria,Printer,Office Equipment,Completed,7,6120,15
105420,28/02/2025,CUST00020,Mansoura,Notebook Pack,Stationery,Completed,8,218.4,20
105421,13/09/2025,CUST00021,Tanta,Laptop,Electronics,Completed,9,26220,0
105422,26/04/2025,CUST00022,Aswan,Smartphone,Electronics,Completed,10,13485,5
105423,11/11/2025,CUST00023,Luxor,Wireless Mouse,Accessories,Completed,11,423,10
105424,24/06/2025,CUST00024,Port Said,Keyboard,Accessories,Completed,12,807.5,15
105425,09/01/2025,CUST00025, Cairo ,Office Chair,Furniture,Completed,1,4992,20
105426,22/08/2025,CUST00026,Giza,Desk,Furniture,Completed,2,7178,0
105427,07/03/2025,CUST00027,Alexandria,Headphones,Electronics,Completed,3,1764,5
105428,20/10/2025,CUST00028,Mansoura,Monitor,Electronics,Completed,4,9108,10
105429,05/05/2025,CUST00029,Tanta,Printer,Office Equipment,Completed,5,6800,15
105430,18/12/2025,CUST00030,Aswan,Notebook Pack,Stationery,Completed,6,242.4,20
105431,03/07/2025,CUST00031,Luxor,Laptop,Electronics,Completed,7,29070,
105432,16/02/2025,CUST00032,Port Said,Smartphone,Electronics,Completed,8,14935,5
105433,01/09/2025,CUST00033,,Wireless Mouse,Accessories,Completed,9,468,10
105434,14/04/2025,CUST00034,Giza,Keyboard,Accessories,Completed,10,892.5,15
105435,27/11/2025,CUST00035,Alexandria,Office Chair,Furniture,Completed,11,5512,20
105436,12/06/2025,CUST00036,Mansoura,Desk,Furniture,Completed,12,7918,0
105437,25/01/2025,CUST00037,Tanta,Headphones,Electronics,Completed,1,1944,5
105438,10/08/2025,CUST00038,Aswan,Monitor,Electronics,Completed,2,10028,10
105439,23/03/2025,CUST00039,Luxor,Printer,Office Equipment,Completed,3,7480,15
105440,08/10/2025,CUST00040,Port Said,Notebook Pack,Stationery,Completed,4,216,20
105441,21/05/2025,CUST00041,Cairo,Laptop,Electronics,Completed,5,25935,0
105442,06/12/2025,CUST00042,Giza,Smartphone,Electronics,Completed,6,13340,5
105443,19/07/2025,CUST00043,Alexandria,Wireless Mouse,Accessories,Completed,7,418.5,10
105444,04/02/2025,CUST00044,Mansoura,Keyboard,Accessories,Completed,8,799,15
105445,17/09/2025,CUST00045,Tanta,Office Chair,Furniture,Completed,9,4940,20
105446,02/04/2025,CUST00046,Aswan,Desk,Furniture,Completed,10,7104,0
105447,15/11/2025,CUST00047,Luxor,Headphones,Electronics,Completed,11,1746,5
105448,28/06/2025,CUST00048,Port Said,Monitor,Electronics,Completed,12,9016,10
105449,13/01/2025,CUST00049,Cairo,Printer,Office Equipment,Completed,1,6732,15
105450,26/08/2025,CUST00050,Giza,Notebook Pack,Stationery,Completed,2,240,20
105451,11/03/2025,CUST00051,Alexandria,Laptop,Electronics,Completed,3,28785,0
105452,24/10/2025,CUST00052,Mansoura,Smartphone,Electronics,Completed,4,14790,5
105453,09/05/2025,CUST00053,Tanta,Wireless Mouse,Accessories,Completed,5,463.5,10
105454,22/12/2025,CUST00054,Aswan,Keyboard,Accessories,Completed,6,884,15
105455,07/07/2025,CUST00055,Luxor,Office Chair,Furniture,Completed,7,5460,20
105456,20/02/2025,CUST00056,Port Said,Desk,Furniture,Completed,8,7844,0
105457,05/09/2025,CUST00057,Cairo,Headphones,Electronics,Completed,9,1926,5
105458,18/04/2025,CUST00058,Giza,Monitor,Electronics,Completed,10,9936,10
105459,03/11/2025,CUST00059,Alexandria,Printer,Office Equipment,Completed,11,7412,15
105460,16/06/2025,CUST00060,Mansoura,Notebook Pack,Stationery,Completed,12,264,20
105461,01/01/2025,CUST00061,Tanta,Laptop,Electronics,Completed,1,25650,0
105462,14/08/2025,CUST00062,Aswan, smartphone ,Electronics,Completed,2,13195,5
105463,27/03/2025,CUST00063,Luxor,Wireless Mouse,Accessories,Completed,3,414,10
105464,12/10/2025,CUST00064,Port Said,Keyboard,Accessories,Completed,4,790.5,15
105465,25/05/2025,CUST00065,Cairo,Office Chair,Furniture,Completed,5,4888,20
105466,10/12/2025,CUST00066,Giza,Desk,Furniture,Completed,6,7030,0
105467,23/07/2025,CUST00067,Alexandria,Headphones,Electronics,Completed,7,1728,5
105468,08/02/2025,CUST00068,Mansoura,Monitor,Electronics,Completed,8,8924,10
105469,21/09/2025,CUST00069,Tanta,Printer,Office Equipment,Completed,9,6664,15
105470,06/04/2025,CUST00070,Aswan,Notebook Pack,Stationery,Completed,10,237.6,20
105471,19/11/2025,CUST00071,Luxor,Laptop,Electronics,Completed,11,28500,0
105472,04/06/2025,CUST00072,Port Said,Smartphone,Electronics,Completed,12,14645,5
105473,17/01/2025,CUST00073,Cairo,Wireless Mouse,Accessories,Completed,1,459,10
105474,02/08/2025,CUST00074,Giza,Keyboard,Accessories,Completed,2,875.5,15
105475,15/03/2025,CUST00075,Alexandria,Office Chair,Furniture,Completed,3,5408,20
105476,28/10/2025,CUST00076,Mansoura,Desk,Furniture,Completed,4,7770,0
105477,13/05/2025,CUST00077,Tanta,Headphones,Electronics,Completed,5,1908,5
105478,26/12/2025,CUST00078,Aswan,Monitor,Electronics,Completed,6,9844,10
105479,11/07/2025,CUST00079,Luxor,Printer,Office Equipment,Completed,7,7344,15
105480,24/02/2025,CUST00080,Port Said,Notebook Pack,Stationery,Completed,8,261.6,20
105481,09/09/2025,CUST00081,Cairo,Laptop,Electronics,Completed,9,31350,0
105482,22/04/2025,CUST00082,Giza,Smartphone,Electronics,Completed,10,13050,5
105483,07/11/2025,CUST00083,Alexandria,Wireless Mouse,Accessories,Completed,11,409.5,10
105484,20/06/2025,CUST00084,Mansoura,Keyboard,Accessories,Completed,12,782,15
105485,05/01/2025,CUST00085,Tanta,Office Chair,Furniture,Completed,1,4836,20
105486,18/08/2025,CUST00086,Aswan,Desk,Furniture,Completed,2,6956,0
105487,03/03/2025,CUST00087,Luxor,Headphones,Electronics,Completed,3,1710,5
105488,16/10/2025,CUST00088,Port Said,Monitor,Electronics,Completed,4,8832,10
105489,01/05/2025,CUST00089,Cairo,Printer,Office Equipment,Completed,5,6596,15
105490,14/12/2025,CUST00090,Giza,Notebook Pack,Stationery,Completed,6,235.2,20
105491,27/07/2025,CUST00091,Alexandria,Laptop,Electronics,Completed,7,28215,0
105492,12/02/2025,CUST00092,Mansoura,Smartphone,Electronics,Completed,8,14500,5
105493,25/09/2025,CUST00093,Tanta,Wireless Mouse,Accessories,Completed,9,454.5,10
105494,10/04/2025,CUST00094,Aswan,Keyboard,Accessories,Completed,10,867,15
105495,23/11/2025,CUST00095,Luxor,Office Chair,Furniture,Completed,11,5356,20
105496,08/06/2025,CUST00096,Port Said,Desk,Furniture,Completed,12,7696,0
105497,21/01/2025,CUST00097,Cairo,Headphones,Electronics,Completed,1,1890,5
105498,06/08/2025,CUST00098,Giza,Monitor,Electronics,Completed,2,9752,10
105499,19/03/2025,CUST00099,Alexandria,Printer,Office Equipment,Completed,3,7276,15
105500,04/10/2025,CUST00100,Mansoura,Notebook Pack,Stationery,Completed,4,259.2,20
105501,17/05/2025,CUST00101,Tanta,Laptop,Electronics,Completed,5,31065,0
105502,02/12/2025,CUST00102,Aswan,Smartphone,Electronics,Completed,6,15950,5
105503,15/07/2025,CUST00103,Luxor,Wireless Mouse,Accessories,Completed,7,405,10
105504,28/02/2025,CUST00104,Port Said,Keyboard,Accessories,Completed,8,773.5,15
105505,13/09/2025,CUST00105,Cairo,Office Chair,Furniture,Completed,9,4784,20
105506,26/04/2025,CUST00106,Giza,Desk,Furniture,Completed,10,6882,0
105507,11/11/2025,CUST00107,Alexandria,Headphones,Electronics,Completed,11,1692,5
105508,24/06/2025,CUST00108,Mansoura,Monitor,Electronics,Completed,12,8740,10
105509,09/01/2025,CUST00109,Tanta,Printer,Office Equipment,Completed,1,6528,15
105510,22/08/2025,CUST00110,Aswan,Notebook Pack,Stationery,Completed,2,232.8,20
105511,07/03/2025,CUST00111,Luxor,Laptop,Electronics,Completed,3,27930,0
105512,20/10/2025,CUST00112,Port Said,Smartphone,Electronics,Completed,4,14355,5
105513,05/05/2025,CUST00113,Cairo,Wireless Mouse,Accessories,Completed,5,450,10
105514,18/12/2025,CUST00114,Giza,Keyboard,accessories,Completed,6,858.5,15
105515,03/07/2025,CUST00115,Alexandria,Office Chair,Furniture,Completed,7,5304,20
105516,16/02/2025,CUST00116,Mansoura,Desk,Furniture,Completed,8,7622,0
105517,01/09/2025,CUST00117,Tanta,Headphones,Electronics,Completed,9,1872,5
105518,14/04/2025,CUST00118,Aswan,Monitor,Electronics,Completed,10,9660,10
105519,27/11/2025,CUST00119,Luxor,Printer,Office Equipment,Completed,11,7208,15
105520,12/06/2025,CUST00120,Port Said,Notebook Pack,Stationery,Completed,12,256.8,20
105521,25/01/2025,CUST00121,Cairo,Laptop,Electronics,Completed,1,30780,0
105522,10/08/2025,CUST00122,Giza,Smartphone,Electronics,Completed,2,15805,5
105523,23/03/2025,CUST00123,Alexandria,Wireless Mouse,Accessories,Completed,3,495,10
105524,08/10/2025,CUST00124,Mansoura,Keyboard,Accessories,Completed,4,765,15
105525,21/05/2025,CUST00125,Tanta,Office Chair,Furniture,Completed,5,4732,20
105526,06/12/2025,CUST00126,Aswan,Desk,Furniture,Completed,6,6808,0
105527,19/07/2025,CUST00127,Luxor,Headphones,Electronics,Completed,7,1674,5
105528,04/02/2025,CUST00128,Port Said,Monitor,Electronics,Completed,8,8648,10
105529,17/09/2025,CUST00129,Cairo,Printer,Office Equipment,Completed,9,6460,15
105530,02/04/2025,CUST00130,,Notebook Pack,Stationery,Completed,10,230.4,20
105531,15/11/2025,CUST00131,Alexandria,Laptop,Electronics,Completed,11,27645,0
105532,28/06/2025,CUST00132,Mansoura,Smartphone,Electronics,Completed,12,14210,5
105533,13/01/2025,CUST00133,Tanta,Wireless Mouse,Accessories,Completed,1,445.5,10
105534,26/08/2025,CUST00134,Aswan,Keyboard,Accessories,Completed,2,850,15
105535,11/03/2025,CUST00135,Luxor,Office Chair,Furniture,Completed,3,5252,20
105536,24/10/2025,CUST00136,Port Said,Desk,Furniture,Completed,4,7548,0
105537,09/05/2025,CUST00137,Cairo,Headphones,Electronics, completed ,5,1854,5
105538,22/12/2025,CUST00138, Giza ,Monitor,Electronics,Completed,6,9568,10
105539,07/07/2025,CUST00139,Alexandria,Printer,Office Equipment,Completed,7,7140,15
105540,20/02/2025,CUST00140,Mansoura,Notebook Pack,Stationery,Completed,8,254.4,20
105541,05/09/2025,CUST00141,Tanta,Laptop,Electronics,Completed,9,30495,0
105542,18/04/2025,CUST00142,Aswan,Smartphone,Electronics,Completed,10,15660,5
105543,03/11/2025,CUST00143,Luxor,Wireless Mouse,Accessories,Completed,11,490.5,10
105544,16/06/2025,CUST00144,Port Said,Keyboard,Accessories,Completed,12,935,15
105545,01/01/2025,CUST00145,Cairo,Office Chair,Furniture,Completed,1,4680,20
105546,14/08/2025,CUST00146,Giza,Desk,Furniture,Completed,2,6734,0
105547,27/03/2025,CUST00147,Alexandria,Headphones,Electronics,Completed,3,1656,5
105548,12/10/2025,CUST00148,Mansoura,Monitor,Electronics,Completed,4,8556,10
105549,25/05/2025,CUST00149,Tanta,Printer,Office Equipment,Completed,5,6392,15
105550,10/12/2025,CUST00150,Aswan,Notebook Pack,Stationery,Completed,6,228,20
105551,23/07/2025,CUST00151,Luxor,Laptop,Electronics,Completed,7,27360,0
105552,08/02/2025,CUST00152,Port Said,Smartphone,Electronics,Completed,8,14065,5
105553,21/09/2025,CUST00153,Cairo,Wireless Mouse,Accessories,Completed,9,441,10
105554,06/04/2025,CUST00154,Giza,Keyboard,Accessories,Completed,10,841.5,15
105555,19/11/2025,CUST00155,Alexandria,Office Chair,Furniture,Completed,11,5200,20
105556,04/06/2025,CUST00156,Mansoura,Desk,Furniture,Completed,12,7474,0
105557,17/01/2025,CUST00157,Tanta,Headphones,Electronics,Completed,1,1836,5
105558,02/08/2025,CUST00158,Aswan,Monitor,Electronics,Completed,2,9476,10
105559,15/03/2025,CUST00159,Luxor,Printer,Office Equipment,Completed,3,7072,15
105560,28/10/2025,CUST00160,Port Said,Notebook Pack,Stationery,Completed,4,252,20
105561,13/05/2025,CUST00161,Cairo,Laptop,Electronics,Completed,5,30210,0
105562,26/12/2025,CUST00162,Giza,Smartphone,Electronics,Completed,6,15515,5
105563,11/07/2025,CUST00163,Alexandria,Wireless Mouse,Accessories,Completed,7,486,10
105564,24/02/2025,CUST00164,Mansoura,Keyboard,Accessories,Completed,8,926.5,15
105565,09/09/2025,CUST00165,Tanta,Office Chair,Furniture,Completed,9,5720,20
105566,22/04/2025,CUST00166,Aswan,Desk,Furniture,Completed,10,6660,0
105567,07/11/2025,CUST00167,Luxor,Headphones,Electronics,Completed,11,1638,5
105568,20/06/2025,CUST00168,Port Said,Monitor,Electronics,Completed,12,8464,10
105569,05/01/2025,CUST00169,Cairo,Printer,Office Equipment,Completed,1,6324,15
105570,18/08/2025,CUST00170,Giza,Notebook Pack,Stationery,Completed,2,225.6,20
105571,03/03/2025,CUST00171,Alexandria,Laptop,Electronics,Completed,3,27075,0
105572,16/10/2025,CUST00172,Mansoura,Smartphone,Electronics,Completed,4,13920,5
105573,01/05/2025,CUST00173,Tanta,Wireless Mouse,Accessories,Completed,5,436.5,10
105574,14/12/2025,CUST00174,Aswan,Keyboard,Accessories,Completed,6,833,15
105575,27/07/2025,CUST00175,Luxor,Office Chair,Furniture,Completed,7,5148,20
105576,12/02/2025,CUST00176,Port Said,Desk,Furniture,Completed,8,7400,0
105577,25/09/2025,CUST00177,Cairo,Headphones,Electronics,Completed,9,1818,5
105578,10/04/2025,CUST00178,Giza,Monitor,Electronics,Completed,10,9384,10
105579,23/11/2025,CUST00179,Alexandria,Printer,Office Equipment,Completed,11,7004,15
105580,08/06/2025,CUST00180,Mansoura,Notebook Pack,Stationery,Completed,12,249.6,20
105581,21/01/2025,CUST00181,Tanta,Laptop,Electronics,Completed,1,29925,0
105582,06/08/2025,CUST00182,Aswan,Smartphone,Electronics,Completed,2,15370,5
105583,19/03/2025,CUST00183,Luxor,Wireless Mouse,Accessories,Completed,3,481.5,10
105584,04/10/2025,CUST00184,Port Said,Keyboard,Accessories,Completed,4,918,15
105585,17/05/2025,CUST00185,Cairo,Office Chair,Furniture,Completed,5,5668,20
105586,02/12/2025,CUST00186,Giza,Desk,Furniture,Completed,6,8140,0
105587,15/07/2025,CUST00187,Alexandria,Headphones,Electronics,Completed,7,1620,5
105588,28/02/2025,CUST00188,Mansoura,Monitor,Electronics,Completed,8,8372,10
105589,13/09/2025,CUST00189,Tanta, printer ,Office Equipment,Completed,9,6256,15
105590,26/04/2025,CUST00190,Aswan,Notebook Pack,Stationery,Completed,10,223.2,20
105591,11/11/2025,CUST00191,Luxor,Laptop,Electronics,Completed,11,26790,0
105592,24/06/2025,CUST00192,Port Said,Smartphone,Electronics,Completed,12,13775,5
105593,09/01/2025,CUST00193,Cairo,Wireless Mouse,Accessories,Completed,1,432,10
105594,22/08/2025,CUST00194,Giza,Keyboard,Accessories,Completed,2,824.5,15
105595,07/03/2025,CUST00195,Alexandria,Office Chair,Furniture,Completed,3,5096,20
105596,20/10/2025,CUST00196,Mansoura,Desk,Furniture,Completed,4,7326,0
105597,05/05/2025,CUST00197,Tanta,Headphones,Electronics,Completed,5,1800,5
105598,18/12/2025,CUST00198,Aswan,Monitor,Electronics,Completed,6,9292,10
105599,03/07/2025,CUST00199,Luxor,Printer,Office Equipment,Completed,7,6936,15
105600,16/02/2025,CUST00200,Port Said,Notebook Pack,Stationery,Completed,8,247.2,20
105601,01/09/2025,CUST00201,Cairo,Laptop,Electronics,Completed,9,29640,0
105602,14/04/2025,CUST00202,Giza,Smartphone,Electronics,Completed,10,15225,5
105603,27/11/2025,CUST00203,Alexandria,Wireless Mouse,Accessories,Completed,11,477,10
105604,12/06/2025,CUST00204,Mansoura,Keyboard,Accessories,Completed,12,909.5,15
105605,25/01/2025,CUST00205,Tanta,Office Chair,Furniture,Completed,1,5616,20
105606,10/08/2025,CUST00206,Aswan,Desk,Furniture,Completed,2,8066,0
105607,23/03/2025,CUST00207,Luxor,Headphones,Electronics,Completed,3,1980,5
105608,08/10/2025,CUST00208,Port Said,Monitor,Electronics,Completed,4,8280,10
105609,21/05/2025,CUST00209,Cairo,Printer,Office Equipment,Completed,5,6188,15
105610,06/12/2025,CUST00210,Giza,Notebook Pack,Stationery,Completed,6,220.8,20
105611,19/07/2025,CUST00211,Alexandria,Laptop,Electronics,Completed,7,26505,0
105612,04/02/2025,CUST00212,Mansoura,Smartphone,Electronics,Completed,8,13630,
105613,17/09/2025,CUST00213,Tanta,Wireless Mouse,Accessories,Completed,9,427.5,10
105614,02/04/2025,CUST00214,Aswan,Keyboard,Accessories,Completed,10,816,15
105615,15/11/2025,CUST00215,Luxor,Office Chair,Furniture,Completed,11,5044,20
105616,28/06/2025,CUST00216,Port Said,Desk,Furniture,Completed,12,7252,0
105617,13/01/2025,CUST00217,Cairo,Headphones,Electronics,Completed,1,1782,5
105618,26/08/2025,CUST00218,Giza,Monitor,Electronics,Completed,2,9200,10
105619,11/03/2025,CUST00219,Alexandria,Printer,Office Equipment,Completed,3,6868,15
105620,24/10/2025,CUST00220,Mansoura,Notebook Pack,Stationery,Completed,4,244.8,20
105621,09/05/2025,CUST00221,Tanta,Laptop,Electronics,Completed,5,29355,0
105622,22/12/2025,CUST00222,Aswan,Smartphone,Electronics,Completed,6,15080,5
105623,07/07/2025,CUST00223,Luxor,Wireless Mouse,Accessories,Completed,7,472.5,10
105624,20/02/2025,CUST00224,Port Said,Keyboard,Accessories,Completed,8,901,15
105625,05/09/2025,CUST00225,Cairo,Office Chair,Furniture,Completed,9,5564,20
105626,18/04/2025,CUST00226,Giza,Desk,Furniture,Completed,10,7992,0
105627,03/11/2025,CUST00227,,Headphones,Electronics,Completed,11,1962,5
105628,16/06/2025,CUST00228,Mansoura,Monitor,Electronics,Completed,12,10120,10
105629,01/01/2025,CUST00229,Tanta,Printer,Office Equipment,Completed,1,6120,15
105630,14/08/2025,CUST00230,Aswan,Notebook Pack,Stationery,Completed,2,218.4,20
105631,27/03/2025,CUST00231,Luxor,Laptop,Electronics,Completed,3,26220,0
105632,12/10/2025,CUST00232,Port Said,Smartphone,Electronics,Completed,4,13485,5
105633,25/05/2025,CUST00233,Cairo,Wireless Mouse,Accessories,Completed,5,423,10
105634,10/12/2025,CUST00234,Giza,Keyboard,Accessories,Completed,6,807.5,15
105635,23/07/2025,CUST00235,Alexandria,Office Chair,Furniture,Completed,7,4992,20
105636,08/02/2025,CUST00236,Mansoura,Desk,Furniture,Completed,8,7178,0
105637,21/09/2025,CUST00237,Tanta,Headphones,Electronics,Completed,9,1764,5
105638,06/04/2025,CUST00238,Aswan,Monitor,Electronics,Completed,10,9108,10
105639,19/11/2025,CUST00239,Luxor,Printer,Office Equipment,Completed,11,6800,15
105640,04/06/2025,CUST00240,Port Said,Notebook Pack,Stationery,Completed,12,242.4,20
105641,17/01/2025,CUST00241,Cairo,Laptop,Electronics,Completed,1,29070,0
105642,02/08/2025,CUST00242,Giza,Smartphone,Electronics,Completed,2,14935,5
105643,15/03/2025,CUST00243,Alexandria,Wireless Mouse,Accessories,Completed,3,468,10
105644,28/10/2025,CUST00244,Mansoura,Keyboard,Accessories,Completed,4,892.5,15
105645,13/05/2025,CUST00245,Tanta,Office Chair,Furniture,Completed,5,5512,20
105646,26/12/2025,CUST00246,Aswan,Desk,Furniture,Completed,6,7918,0
105647,11/07/2025,CUST00247,Luxor,Headphones,Electronics,Completed,7,1944,5
105648,24/02/2025,CUST00248,Port Said,Monitor,Electronics,Completed,8,10028,10
105649,09/09/2025,CUST00249,Cairo,Printer,Office Equipment,Completed,9,7480,15
105650,22/04/2025,CUST00250,Giza,Notebook Pack,Stationery,Completed,10,216,20
105651,07/11/2025,CUST00251, Alexandria ,Laptop,Electronics,Completed,11,25935,0
105652,20/06/2025,CUST00252,Mansoura,Smartphone,Electronics,Completed,12,13340,5
105653,05/01/2025,CUST00253,Tanta,Wireless Mouse,Accessories,Completed,1,418.5,10
105654,18/08/2025,CUST00254,Aswan,Keyboard,Accessories,Completed,2,799,15
105655,03/03/2025,CUST00255,Luxor,Office Chair,Furniture,Completed,3,4940,20
105656,16/10/2025,CUST00256,Port Said,Desk,Furniture,Completed,4,7104,0
105657,01/05/2025,CUST00257,Cairo,Headphones,Electronics,Completed,5,1746,5
105658,14/12/2025,CUST00258,Giza,Monitor,Electronics,Completed,6,9016,10
105659,27/07/2025,CUST00259,Alexandria,Printer,Office Equipment,Completed,7,6732,15
105660,12/02/2025,CUST00260,Mansoura,Notebook Pack,Stationery,Completed,8,240,20
105661,25/09/2025,CUST00261,Tanta,Laptop,Electronics,Completed,9,28785,0
105662,10/04/2025,CUST00262,Aswan,Smartphone,Electronics,Completed,10,14790,5
105663,23/11/2025,CUST00263,Luxor,Wireless Mouse,accessories,Completed,11,463.5,10
105664,08/06/2025,CUST00264,Port Said,Keyboard,Accessories,Completed,12,884,15
105665,21/01/2025,CUST00265,Cairo,Office Chair,Furniture,Completed,1,5460,20
105666,06/08/2025,CUST00266,Giza,Desk,Furniture,Completed,2,7844,0
105667,19/03/2025,CUST00267,Alexandria,Headphones,Electronics,Completed,3,1926,5
105668,04/10/2025,CUST00268,Mansoura,Monitor,Electronics,Completed,4,9936,10
105669,17/05/2025,CUST00269,Tanta,Printer,Office Equipment,Completed,5,7412,15
105670,02/12/2025,CUST00270,Aswan,Notebook Pack,Stationery,Completed,6,264,20
105671,15/07/2025,CUST00271,Luxor,Laptop,Electronics,Completed,7,25650,0
105672,28/02/2025,CUST00272,Port Said,Smartphone,Electronics,Completed,8,13195,5
105673,13/09/2025,CUST00273,Cairo,Wireless Mouse,Accessories,Completed,9,414,10
105674,26/04/2025,CUST00274,Giza,Keyboard,Accessories,Completed,10,790.5,15
105675,11/11/2025,CUST00275,Alexandria,Office Chair,Furniture,Completed,11,4888,20
105676,24/06/2025,CUST00276,Mansoura,Desk,Furniture,Completed,12,7030,0
105677,09/01/2025,CUST00277,Tanta,Headphones,Electronics,Completed,1,1728,5
105678,22/08/2025,CUST00278,Aswan,Monitor,Electronics,Completed,2,8924,10
105679,07/03/2025,CUST00279,Luxor,Printer,Office Equipment,Completed,3,6664,15
105680,20/10/2025,CUST00280,Port Said,Notebook Pack,Stationery,Completed,4,237.6,20
105681,05/05/2025,CUST00281,Cairo,Laptop,Electronics,Completed,5,28500,0
105682,18/12/2025,CUST00282,Giza,Smartphone,Electronics,Completed,6,14645,5
105683,03/07/2025,CUST00283,Alexandria,Wireless Mouse,Accessories,Completed,7,459,10
105684,16/02/2025,CUST00284,Mansoura,Keyboard,Accessories,Completed,8,875.5,15
105685,01/09/2025,CUST00285,Tanta,Office Chair,Furniture,Completed,9,5408,20
105686,14/04/2025,CUST00286,Aswan,Desk,Furniture,Completed,10,7770,0
105687,27/11/2025,CUST00287,Luxor,Headphones,Electronics,Completed,11,1908,5
105688,12/06/2025,CUST00288,Port Said,Monitor,Electronics,Completed,12,9844,10
105689,25/01/2025,CUST00289,Cairo,Printer,Office Equipment,Completed,1,7344,15
105690,10/08/2025,CUST00290,Giza,Notebook Pack,Stationery,Completed,2,261.6,20
105691,23/03/2025,CUST00291,Alexandria,Laptop,Electronics,Completed,3,31350,0
105692,08/10/2025,CUST00292,Mansoura,Smartphone,Electronics,Completed,4,13050,5
105693,21/05/2025,CUST00293,Tanta,Wireless Mouse,Accessories,Completed,5,409.5,10
105694,06/12/2025,CUST00294,Aswan,Keyboard,Accessories,Completed,6,782,15
105695,19/07/2025,CUST00295,Luxor,Office Chair,Furniture,Completed,7,4836,20
105696,04/02/2025,CUST00296,Port Said,Desk,Furniture,Completed,8,6956,0
105697,17/09/2025,CUST00297,Cairo,Headphones,Electronics,Completed,9,1710,5
105698,02/04/2025,CUST00298,Giza,Monitor,Electronics,Completed,10,8832,10
105699,15/11/2025,CUST00299,Alexandria,Printer,Office Equipment,Completed,11,6596,15
105700,28/06/2025,CUST00300,Mansoura,Notebook Pack,Stationery,Completed,12,235.2,20
105701,13/01/2025,CUST00301,Tanta,Laptop,Electronics,Completed,1,28215,0
105702,26/08/2025,CUST00302,Aswan,Smartphone,Electronics,Completed,2,14500,5
105703,11/03/2025,CUST00303,Luxor,Wireless Mouse,Accessories,Completed,3,454.5,10
105704,24/10/2025,CUST00304,Port Said,Keyboard,Accessories,Completed,4,867,15
105705,09/05/2025,CUST00305,Cairo,Office Chair,Furniture,Completed,5,5356,20
105706,22/12/2025,CUST00306,Giza,Desk,Furniture,Completed,6,7696,0
105707,07/07/2025,CUST00307,Alexandria,Headphones,Electronics,Completed,7,1890,5
105708,20/02/2025,CUST00308,Mansoura,Monitor,Electronics,Completed,8,9752,10
105709,05/09/2025,CUST00309,Tanta,Printer,Office Equipment,Completed,9,7276,15
105710,18/04/2025,CUST00310,Aswan,Notebook Pack,Stationery, completed ,10,259.2,20
105711,03/11/2025,CUST00311,Luxor,Laptop,Electronics,Completed,11,31065,0
105712,16/06/2025,CUST00312,Port Said,Smartphone,Electronics,Completed,12,15950,5
105713,01/01/2025,CUST00313,Cairo,Wireless Mouse,Accessories,Completed,1,405,10
105714,14/08/2025,CUST00314,Giza,Keyboard,Accessories,Completed,2,773.5,15
105715,27/03/2025,CUST00315,Alexandria,Office Chair,Furniture,Completed,3,4784,20
105716,12/10/2025,CUST00316,Mansoura, desk ,Furniture,Completed,4,6882,0
105717,25/05/2025,CUST00317,Tanta,Headphones,Electronics,Completed,5,1692,5
105718,10/12/2025,CUST00318,Aswan,Monitor,Electronics,Completed,6,8740,10
105719,23/07/2025,CUST00319,Luxor,Printer,Office Equipment,Completed,7,6528,15
105720,08/02/2025,CUST00320,Port Said,Notebook Pack,Stationery,Completed,8,232.8,20
105721,21/09/2025,CUST00321,Cairo,Laptop,Electronics,Completed,9,27930,0
105722,06/04/2025,CUST00322,Giza,Smartphone,Electronics,Completed,10,14355,5
105723,19/11/2025,CUST00323,Alexandria,Wireless Mouse,Accessories,Completed,11,450,10
105724,04/06/2025,CUST00324,,Keyboard,Accessories,Completed,12,858.5,15
105725,17/01/2025,CUST00325,Tanta,Office Chair,Furniture,Completed,1,5304,20
105726,02/08/2025,CUST00326,Aswan,Desk,Furniture,Completed,2,7622,0
105727,15/03/2025,CUST00327,Luxor,Headphones,Electronics,Completed,3,1872,5
105728,28/10/2025,CUST00328,Port Said,Monitor,Electronics,Completed,4,9660,10
105729,13/05/2025,CUST00329,Cairo,Printer,Office Equipment,Completed,5,7208,15
105730,26/12/2025,CUST00330,Giza,Notebook Pack,Stationery,Completed,6,256.8,20
105731,11/07/2025,CUST00331,Alexandria,Laptop,Electronics,Completed,7,30780,0
105732,24/02/2025,CUST00332,Mansoura,Smartphone,Electronics,Completed,8,15805,5
105733,09/09/2025,CUST00333,Tanta,Wireless Mouse,Accessories,Completed,9,495,10
105734,22/04/2025,CUST00334,Aswan,Keyboard,Accessories,Completed,10,765,15
105735,07/11/2025,CUST00335,Luxor,Office Chair,Furniture,Completed,11,4732,20
105736,20/06/2025,CUST00336,Port Said,Desk,Furniture,Completed,12,6808,0
105737,05/01/2025,CUST00337,Cairo,Headphones,Electronics,Completed,1,1674,5
105738,18/08/2025,CUST00338,Giza,Monitor,Electronics,Completed,2,8648,10
105739,03/03/2025,CUST00339,Alexandria,Printer,Office Equipment,Completed,3,6460,15
105740,16/10/2025,CUST00340,Mansoura,Notebook Pack,Stationery,Completed,4,230.4,20
105741,01/05/2025,CUST00341,Tanta,Laptop,Electronics,Completed,5,27645,0
105742,14/12/2025,CUST00342,Aswan,Smartphone,Electronics,Completed,6,14210,5
105743,27/07/2025,CUST00343,Luxor,Wireless Mouse,Accessories,Completed,7,445.5,10
105744,12/02/2025,CUST00344,Port Said,Keyboard,Accessories,Completed,8,850,15
105745,25/09/2025,CUST00345,Cairo,Office Chair,Furniture,Completed,9,5252,20
105746,10/04/2025,CUST00346,Giza,Desk,Furniture,Completed,10,7548,0
105747,23/11/2025,CUST00347,Alexandria,Headphones,Electronics,Completed,11,1854,5
105748,08/06/2025,CUST00348,Mansoura,Monitor,Electronics,Completed,12,9568,10
105749,21/01/2025,CUST00349,Tanta,Printer,Office Equipment,Completed,1,7140,15
105750,06/08/2025,CUST00350,Aswan,Notebook Pack,Stationery,Completed,2,254.4,20
105751,19/03/2025,CUST00351,Luxor,Laptop,Electronics,Completed,3,30495,0
105752,04/10/2025,CUST00352,Port Said,Smartphone,Electronics,Completed,4,15660,5
105753,17/05/2025,CUST00353,Cairo,Wireless Mouse,Accessories,Completed,5,490.5,10
105754,02/12/2025,CUST00354,Giza,Keyboard,Accessories,Completed,6,935,15
105755,15/07/2025,CUST00355,Alexandria,Office Chair,Furniture,Completed,7,4680,20
105756,28/02/2025,CUST00356,Mansoura,Desk,Furniture,Completed,8,6734,0
105757,13/09/2025,CUST00357,Tanta,Headphones,Electronics,Completed,9,1656,5
105758,26/04/2025,CUST00358,Aswan,Monitor,Electronics,Completed,10,8556,10
105759,11/11/2025,CUST00359,Luxor,Printer,Office Equipment,Completed,11,6392,15
105760,24/06/2025,CUST00360,Port Said,Notebook Pack,Stationery,Completed,12,228,20
105761,09/01/2025,CUST00361,Cairo,Laptop,Electronics,Completed,1,27360,0
105762,22/08/2025,CUST00362,Giza,Smartphone,Electronics,Completed,2,14065,5
105763,07/03/2025,CUST00363,Alexandria,Wireless Mouse,Accessories,Completed,3,441,10
105764,20/10/2025,CUST00364, Mansoura ,Keyboard,Accessories,Completed,4,841.5,15
105765,05/05/2025,CUST00365,Tanta,Office Chair,Furniture,Completed,5,5200,20
105766,18/12/2026,CUST00366,Aswan,Desk,Furniture,Completed,6,7474,0
105767,03/07/2026,CUST00367,Luxor,Headphones,Electronics,Completed,7,1836,5
105768,16/02/2026,CUST00368,Port Said,Monitor,Electronics,Completed,8,9476,10
105769,01/09/2026,CUST00369,Cairo,Printer,Office Equipment,Completed,9,7072,15
105770,14/04/2026,CUST00370,Giza,Notebook Pack,Stationery,Completed,10,252,20
105771,27/11/2026,CUST00371,Alexandria,Laptop,Electronics,Completed,11,30210,0
105772,12/06/2026,CUST00372,Mansoura,Smartphone,Electronics,Completed,12,15515,5
105773,25/01/2026,CUST00373,Tanta,Wireless Mouse,Accessories,Completed,1,486,10
105774,10/08/2026,CUST00374,Aswan,Keyboard,Accessories,Completed,2,926.5,15
105775,23/03/2026,CUST00375,Luxor,Office Chair,Furniture,Completed,3,5720,20
105776,08/10/2026,CUST00376,Port Said,Desk,Furniture,Completed,4,6660,0
105777,21/05/2026,CUST00377,Cairo,Headphones,Electronics,Completed,5,1638,5
105778,06/12/2026,CUST00378,Giza,Monitor,Electronics,Completed,6,8464,10
105779,19/07/2026,CUST00379,Alexandria,Printer,Office Equipment,Completed,7,6324,15
105780,04/02/2026,CUST00380,Mansoura,Notebook Pack,Stationery,Completed,8,225.6,20
105781,17/09/2026,CUST00381,Tanta,Laptop,Electronics,Completed,9,27075,0
105782,02/04/2026,CUST00382,Aswan,Smartphone,Electronics,Completed,10,13920,5
105783,15/11/2026,CUST00383,Luxor,Wireless Mouse,Accessories,Completed,11,436.5,10
105784,28/06/2026,CUST00384,Port Said,Keyboard,Accessories,Completed,12,833,15
105785,13/01/2026,CUST00385,Cairo,Office Chair,Furniture,Completed,1,5148,20
105786,26/08/2026,CUST00386,Giza,Desk,Furniture,Completed,2,7400,0
105787,11/03/2026,CUST00387,Alexandria,Headphones,Electronics,Completed,3,1818,5
105788,24/10/2026,CUST00388,Mansoura,Monitor,Electronics,Completed,4,9384,10
105789,09/05/2026,CUST00389,Tanta,Printer,Office Equipment,Completed,5,7004,15
105790,22/12/2026,CUST00390,Aswan,Notebook Pack,Stationery,Completed,6,249.6,20
105791,07/07/2026,CUST00391,Luxor,Laptop,Electronics,Completed,7,29925,0
105792,20/02/2026,CUST00392,Port Said,Smartphone,Electronics,Completed,8,15370,5
105793,05/09/2026,CUST00393,Cairo,Wireless Mouse,Accessories,Completed,9,481.5,
105794,18/04/2026,CUST00394,Giza,Keyboard,Accessories,Completed,10,918,15
105795,03/11/2026,CUST00395,Alexandria,Office Chair,Furniture,Completed,11,5668,20
105796,16/06/2026,CUST00396,Mansoura,Desk,Furniture,Completed,12,8140,0
105797,01/01/2026,CUST00397,Tanta,Headphones,Electronics,Completed,1,1620,5
105798,14/08/2026,CUST00398,Aswan,Monitor,Electronics,Completed,2,8372,10
105799,27/03/2026,CUST00399,Luxor,Printer,Office Equipment,Completed,3,6256,15
105800,12/10/2026,CUST00400,Port Said,Notebook Pack,Stationery,Completed,4,223.2,20
105801,25/05/2026,CUST00401,Cairo,Laptop,Electronics,Completed,5,26790,0
105802,10/12/2026,CUST00402,Giza,Smartphone,Electronics,Completed,6,13775,5
105803,23/07/2026,CUST00403,Alexandria,Wireless Mouse,Accessories,Completed,7,432,10
105804,08/02/2026,CUST00404,Mansoura,Keyboard,Accessories,Completed,8,824.5,15
105805,21/09/2026,CUST00405,Tanta,Office Chair,Furniture,Completed,9,5096,20
105806,06/04/2026,CUST00406,Aswan,Desk,Furniture,Completed,10,7326,0
105807,19/11/2026,CUST00407,Luxor,Headphones,Electronics,Completed,11,1800,5
105808,04/06/2026,CUST00408,Port Said,Monitor,Electronics,Completed,12,9292,10
105809,17/01/2026,CUST00409,Cairo,Printer,Office Equipment,Completed,1,6936,15
105810,02/08/2026,CUST00410,Giza,Notebook Pack,Stationery,Completed,2,247.2,20
105811,15/03/2026,CUST00411,Alexandria,Laptop,Electronics,Completed,3,29640,0
105812,28/10/2026,CUST00412,Mansoura,Smartphone,electronics,Completed,4,15225,5
105813,13/05/2026,CUST00413,Tanta,Wireless Mouse,Accessories,Completed,5,477,10
105814,26/12/2026,CUST00414,Aswan,Keyboard,Accessories,Completed,6,909.5,15
105815,11/07/2026,CUST00415,Luxor,Office Chair,Furniture,Completed,7,5616,20
105816,24/02/2026,CUST00416,Port Said,Desk,Furniture,Completed,8,8066,0
105817,09/09/2026,CUST00417,Cairo,Headphones,Electronics,Completed,9,1980,5
105818,22/04/2026,CUST00418,Giza,Monitor,Electronics,Completed,10,8280,10
105819,07/11/2026,CUST00419,Alexandria,Printer,Office Equipment,Completed,11,6188,15
105820,20/06/2026,CUST00420,Mansoura,Notebook Pack,Stationery,Completed,12,220.8,20
105821,05/01/2026,CUST00421,,Laptop,Electronics,Completed,1,26505,0
105822,18/08/2026,CUST00422,Aswan,Smartphone,Electronics,Completed,2,13630,5
105823,03/03/2026,CUST00423,Luxor,Wireless Mouse,Accessories,Completed,3,427.5,10
105824,16/10/2026,CUST00424,Port Said,Keyboard,Accessories,Completed,4,816,15
105825,01/05/2026,CUST00425,Cairo,Office Chair,Furniture,Completed,5,5044,20
105826,14/12/2026,CUST00426,Giza,Desk,Furniture,Completed,6,7252,0
105827,27/07/2026,CUST00427,Alexandria,Headphones,Electronics,Completed,7,1782,5
105828,12/02/2026,CUST00428,Mansoura,Monitor,Electronics,Completed,8,9200,10
105829,25/09/2026,CUST00429,Tanta,Printer,Office Equipment,Completed,9,6868,15
105830,10/04/2026,CUST00430,Aswan,Notebook Pack,Stationery,Completed,10,244.8,20
105831,23/11/2026,CUST00431,Luxor,Laptop,Electronics,Completed,11,29355,0
105832,08/06/2026,CUST00432,Port Said,Smartphone,Electronics,Completed,12,15080,5
105833,21/01/2026,CUST00433,Cairo,Wireless Mouse,Accessories,Completed,1,472.5,10
105834,06/08/2026,CUST00434,Giza,Keyboard,Accessories,Completed,2,901,15
105835,19/03/2026,CUST00435,Alexandria,Office Chair,Furniture,Completed,3,5564,20
105836,04/10/2026,CUST00436,Mansoura,Desk,Furniture,Completed,4,7992,0
105837,17/05/2026,CUST00437,Tanta,Headphones,Electronics,Completed,5,1962,5
105838,02/12/2026,CUST00438,Aswan,Monitor,Electronics,Completed,6,10120,10
105839,15/07/2026,CUST00439,Luxor,Printer,Office Equipment,Completed,7,6120,15
105840,28/02/2026,CUST00440,Port Said,Notebook Pack,Stationery,Completed,8,218.4,20
105841,13/09/2026,CUST00441,Cairo,Laptop,Electronics,Completed,9,26220,0
105842,26/04/2026,CUST00442,Giza,Smartphone,Electronics,Completed,10,13485,5
105843,11/11/2026,CUST00443,Alexandria, wireless mouse ,Accessories,Completed,11,423,10
105844,24/06/2026,CUST00444,Mansoura,Keyboard,Accessories,Completed,12,807.5,15
105845,09/01/2026,CUST00445,Tanta,Office Chair,Furniture,Completed,1,4992,20
105846,22/08/2026,CUST00446,Aswan,Desk,Furniture,Completed,2,7178,0
105847,07/03/2026,CUST00447,Luxor,Headphones,Electronics,Completed,3,1764,5
105848,20/10/2026,CUST00448,Port Said,Monitor,Electronics,Completed,4,9108,10
105849,05/05/2026,CUST00449,Cairo,Printer,Office Equipment,Completed,5,6800,15
105850,18/12/2026,CUST00450,Giza,Notebook Pack,Stationery,Completed,6,242.4,20
105851,03/07/2026,CUST00451,Alexandria,Laptop,Electronics,Completed,7,29070,0
105852,16/02/2026,CUST00452,Mansoura,Smartphone,Electronics,Completed,8,14935,5
105853,01/09/2026,CUST00453,Tanta,Wireless Mouse,Accessories,Completed,9,468,10
105854,14/04/2026,CUST00454,Aswan,Keyboard,Accessories,Completed,10,892.5,15
105855,27/11/2026,CUST00455,Luxor,Office Chair,Furniture,Completed,11,5512,20
105856,12/06/2026,CUST00456,Port Said,Desk,Furniture,Completed,12,7918,0
105857,25/01/2026,CUST00457,Cairo,Headphones,Electronics,Completed,1,1944,5
105858,10/08/2026,CUST00458,Giza,Monitor,Electronics,Completed,2,10028,10
105859,23/03/2026,CUST00459,Alexandria,Printer,Office Equipment,Completed,3,7480,15
105860,08/10/2026,CUST00460,Mansoura,Notebook Pack,Stationery,Completed,4,216,20
105861,21/05/2026,CUST00461,Tanta,Laptop,Electronics,Completed,5,25935,0
105862,06/12/2026,CUST00462,Aswan,Smartphone,Electronics,Completed,6,13340,5
105863,19/07/2026,CUST00463,Luxor,Wireless Mouse,Accessories,Completed,7,418.5,10
105864,04/02/2026,CUST00464,Port Said,Keyboard,Accessories,Completed,8,799,15
105865,17/09/2026,CUST00465,Cairo,Office Chair,Furniture,Completed,9,4940,20
105866,02/04/2026,CUST00466,Giza,Desk,Furniture,Completed,10,7104,0
105867,15/11/2026,CUST00467,Alexandria,Headphones,Electronics,Completed,11,1746,5
105868,28/06/2026,CUST00468,Mansoura,Monitor,Electronics,Completed,12,9016,10
105869,13/01/2026,CUST00469,Tanta,Printer,Office Equipment,Completed,1,6732,15
105870,26/08/2026,CUST00470,Aswan,Notebook Pack,Stationery,Completed,2,240,20
105871,11/03/2026,CUST00471,Luxor,Laptop,Electronics,Completed,3,28785,0
105872,24/10/2026,CUST00472,Port Said,Smartphone,Electronics,Completed,4,14790,5
105873,09/05/2026,CUST00473,Cairo,Wireless Mouse,Accessories,Completed,5,463.5,10
105874,22/12/2026,CUST00474,Giza,Keyboard,Accessories,Completed,6,884,15
105875,07/07/2026,CUST00475,Alexandria,Office Chair,Furniture,Completed,7,5460,20
105876,20/02/2026,CUST00476,Mansoura,Desk,Furniture,Completed,8,7844,0
105877,05/09/2026,CUST00477, Tanta ,Headphones,Electronics,Completed,9,1926,5
105878,18/04/2026,CUST00478,Aswan,Monitor,Electronics,Completed,10,9936,10
105879,03/11/2026,CUST00479,Luxor,Printer,Office Equipment,Completed,11,7412,15
105880,16/06/2026,CUST00480,Port Said,Notebook Pack,Stationery,Completed,12,264,20
105881,01/01/2026,CUST00481,Cairo,Laptop,Electronics,Completed,1,25650,0
105882,14/08/2026,CUST00482,Giza,Smartphone,Electronics,Completed,2,13195,5
105883,27/03/2026,CUST00483,Alexandria,Wireless Mouse,Accessories, completed ,3,414,10
105884,12/10/2026,CUST00484,Mansoura,Keyboard,Accessories,Completed,4,790.5,15
105885,25/05/2026,CUST00485,Tanta,Office Chair,Furniture,Completed,5,4888,20
105886,10/12/2026,CUST00486,Aswan,Desk,Furniture,Completed,6,7030,0
105887,23/07/2026,CUST00487,Luxor,Headphones,Electronics,Completed,7,1728,5
105888,08/02/2026,CUST00488,Port Said,Monitor,Electronics,Completed,8,8924,10
105889,21/09/2026,CUST00489,Cairo,Printer,Office Equipment,Completed,9,6664,15
105890,06/04/2026,CUST00490,Giza,Notebook Pack,Stationery,Completed,10,237.6,20
105891,19/11/2026,CUST00491,Alexandria,Laptop,Electronics,Completed,11,28500,0
105892,04/06/2026,CUST00492,Mansoura,Smartphone,Electronics,Completed,12,14645,5
105893,17/01/2026,CUST00493,Tanta,Wireless Mouse,Accessories,Completed,1,459,10
105894,02/08/2026,CUST00494,Aswan,Keyboard,Accessories,Completed,2,875.5,15
105895,15/03/2026,CUST00495,Luxor,Office Chair,Furniture,Completed,3,5408,20
105896,28/10/2026,CUST00496,Port Said,Desk,Furniture,Completed,4,7770,0
105897,13/05/2026,CUST00497,Cairo,Headphones,Electronics,Completed,5,1908,5
105898,26/12/2026,CUST00498,Giza,Monitor,Electronics,Completed,6,9844,10
105899,11/07/2026,CUST00499,Alexandria,Printer,Office Equipment,Completed,7,7344,15
105900,24/02/2026,CUST00500,Mansoura,Notebook Pack,Stationery,Completed,8,261.6,20
105901,09/09/2026,CUST00501,Tanta,Laptop,Electronics,Completed,9,31350,0
105902,22/04/2026,CUST00502,Aswan,Smartphone,Electronics,Completed,10,13050,5
105903,07/11/2026,CUST00503,Luxor,Wireless Mouse,Accessories,Completed,11,409.5,10
105904,20/06/2026,CUST00504,Port Said,Keyboard,Accessories,Completed,12,782,15
105905,05/01/2026,CUST00505,Cairo,Office Chair,Furniture,Completed,1,4836,20
105906,18/08/2026,CUST00506,Giza,Desk,Furniture,Completed,2,6956,0
105907,03/03/2026,CUST00507,Alexandria,Headphones,Electronics,Completed,3,1710,5
105908,16/10/2026,CUST00508,Mansoura,Monitor,Electronics,Completed,4,8832,10
105909,01/05/2026,CUST00509,Tanta,Printer,Office Equipment,Completed,5,6596,15
105910,14/12/2026,CUST00510,Aswan,Notebook Pack,Stationery,Completed,6,235.2,20
105911,27/07/2026,CUST00511,Luxor,Laptop,Electronics,Completed,7,28215,0
105912,12/02/2026,CUST00512,Port Said,Smartphone,Electronics,Completed,8,14500,5
105913,25/09/2026,CUST00513,Cairo,Wireless Mouse,Accessories,Completed,9,454.5,10
105914,10/04/2026,CUST00514,Giza,Keyboard,Accessories,Completed,10,867,15
105915,23/11/2026,CUST00515,Alexandria,Office Chair,Furniture,Completed,11,5356,20
105916,08/06/2026,CUST00516,Mansoura,Desk,Furniture,Completed,12,7696,0
105917,21/01/2026,CUST00517,Tanta,Headphones,Electronics,Completed,1,1890,5
105918,06/08/2026,CUST00518,,Monitor,Electronics,Completed,2,9752,10
105919,19/03/2026,CUST00519,Luxor,Printer,Office Equipment,Completed,3,7276,15
105920,04/10/2026,CUST00520,Port Said,Notebook Pack,Stationery,Completed,4,259.2,20
105921,17/05/2026,CUST00521,Cairo,Laptop,Electronics,Completed,5,31065,0
105922,02/12/2026,CUST00522,Giza,Smartphone,Electronics,Completed,6,15950,5
105923,15/07/2026,CUST00523,Alexandria,Wireless Mouse,Accessories,Completed,7,405,10
105924,28/02/2026,CUST00524,Mansoura,Keyboard,Accessories,Completed,8,773.5,15
105925,13/09/2026,CUST00525,Tanta,Office Chair,Furniture,Completed,9,4784,20
105926,26/04/2026,CUST00526,Aswan,Desk,Furniture,Completed,10,6882,0
105927,11/11/2026,CUST00527,Luxor,Headphones,Electronics,Completed,11,1692,5
105928,24/06/2026,CUST00528,Port Said,Monitor,Electronics,Completed,12,8740,10
105929,09/01/2026,CUST00529,Cairo,Printer,Office Equipment,Completed,1,6528,15
105930,22/08/2026,CUST00530,Giza,Notebook Pack,Stationery,Completed,2,232.8,20
105931,07/03/2026,CUST00531,Alexandria,Laptop,Electronics,Completed,3,27930,0
105932,20/10/2026,CUST00532,Mansoura,Smartphone,Electronics,Completed,4,14355,5
105933,05/05/2026,CUST00533,Tanta,Wireless Mouse,Accessories,Completed,5,450,10
105934,18/12/2026,CUST00534,Aswan,Keyboard,Accessories,Completed,6,858.5,15
105935,03/07/2026,CUST00535,Luxor,Office Chair,Furniture,Completed,7,5304,20
105936,16/02/2026,CUST00536,Port Said,Desk,Furniture,Completed,8,7622,0
105937,01/09/2026,CUST00537,Cairo,Headphones,Electronics,Completed,9,1872,5
105938,14/04/2026,CUST00538,Giza,Monitor,Electronics,Completed,10,9660,10
105939,27/11/2026,CUST00539,Alexandria,Printer,Office Equipment,Completed,11,7208,15
105940,12/06/2026,CUST00540,Mansoura,Notebook Pack,Stationery,Completed,12,256.8,20
105941,25/01/2025,CUST00541,Tanta,Laptop,Electronics,Completed,1,30780,0
105942,10/08/2025,CUST00542,Aswan,Smartphone,Electronics,Completed,2,15805,5
105943,23/03/2025,CUST00543,Luxor,Wireless Mouse,Accessories,Completed,3,495,10
105944,08/10/2025,CUST00544,Port Said,Keyboard,Accessories,Completed,4,765,15
105945,21/05/2025,CUST00545,Cairo,Office Chair,Furniture,Completed,5,4732,20
105946,06/12/2025,CUST00546,Giza,Desk,Furniture,Completed,6,6808,0
105947,19/07/2025,CUST00547,Alexandria,Headphones,Electronics,Completed,7,1674,5
105948,04/02/2025,CUST00548,Mansoura,Monitor,Electronics,Completed,8,8648,10
105949,17/09/2025,CUST00549,Tanta,Printer,Office Equipment,Completed,9,6460,15
105950,02/04/2025,CUST00550,Aswan,Notebook Pack,Stationery,Completed,10,230.4,20
105951,15/11/2025,CUST00551,Luxor,Laptop,Electronics,Completed,11,27645,0
105952,28/06/2025,CUST00552,Port Said,Smartphone,Electronics,Completed,12,14210,5
105953,13/01/2025,CUST00553,Cairo,Wireless Mouse,Accessories,Completed,1,445.5,10
105954,26/08/2025,CUST00554,Giza,Keyboard,Accessories,Completed,2,850,15
105955,11/03/2025,CUST00555,Alexandria,Office Chair,Furniture,Completed,3,5252,20
105956,24/10/2025,CUST00556,Mansoura,Desk,Furniture,Completed,4,7548,0
105957,09/05/2025,CUST00557,Tanta,Headphones,Electronics,Completed,5,1854,5
105958,22/12/2025,CUST00558,Aswan,Monitor,Electronics,Completed,6,9568,10
105959,07/07/2025,CUST00559,Luxor,Printer,Office Equipment,Completed,7,7140,15
105960,20/02/2025,CUST00560,Port Said,Notebook Pack,Stationery,Completed,8,254.4,20
105961,05/09/2025,CUST00561,Cairo,Laptop,electronics,Completed,9,30495,0
105962,18/04/2025,CUST00562,Giza,Smartphone,Electronics,Completed,10,15660,5
105963,03/11/2025,CUST00563,Alexandria,Wireless Mouse,Accessories,Completed,11,490.5,10
105964,16/06/2025,CUST00564,Mansoura,Keyboard,Accessories,Completed,12,935,15
105965,01/01/2025,CUST00565,Tanta,Office Chair,Furniture,Completed,1,4680,20
105966,14/08/2025,CUST00566,Aswan,Desk,Furniture,Completed,2,6734,0
105967,27/03/2025,CUST00567,Luxor,Headphones,Electronics,Completed,3,1656,5
105968,12/10/2025,CUST00568,Port Said,Monitor,Electronics,Completed,4,8556,10
105969,25/05/2025,CUST00569,Cairo,Printer,Office Equipment,Completed,5,6392,15
105970,10/12/2025,CUST00570,Giza, notebook pack ,Stationery,Completed,6,228,20
105971,23/07/2025,CUST00571,Alexandria,Laptop,Electronics,Completed,7,27360,0
105972,08/02/2025,CUST00572,Mansoura,Smartphone,Electronics,Completed,8,14065,5
105973,21/09/2025,CUST00573,Tanta,Wireless Mouse,Accessories,Completed,9,441,10
105974,06/04/2025,CUST00574,Aswan,Keyboard,Accessories,Completed,10,841.5,
105975,19/11/2025,CUST00575,Luxor,Office Chair,Furniture,Completed,11,5200,20
105976,04/06/2025,CUST00576,Port Said,Desk,Furniture,Completed,12,7474,0
105977,17/01/2025,CUST00577,Cairo,Headphones,Electronics,Completed,1,1836,5
105978,02/08/2025,CUST00578,Giza,Monitor,Electronics,Completed,2,9476,10
105979,15/03/2025,CUST00579,Alexandria,Printer,Office Equipment,Completed,3,7072,15
105980,28/10/2025,CUST00580,Mansoura,Notebook Pack,Stationery,Completed,4,252,20
105981,13/05/2025,CUST00581,Tanta,Laptop,Electronics,Completed,5,30210,0
105982,26/12/2025,CUST00582,Aswan,Smartphone,Electronics,Completed,6,15515,5
105983,11/07/2025,CUST00583,Luxor,Wireless Mouse,Accessories,Completed,7,486,10
105984,24/02/2025,CUST00584,Port Said,Keyboard,Accessories,Completed,8,926.5,15
105985,09/09/2025,CUST00585,Cairo,Office Chair,Furniture,Completed,9,5720,20
105986,22/04/2025,CUST00586,Giza,Desk,Furniture,Completed,10,6660,0
105987,07/11/2025,CUST00587,Alexandria,Headphones,Electronics,Completed,11,1638,5
105988,20/06/2025,CUST00588,Mansoura,Monitor,Electronics,Completed,12,8464,10
105989,05/01/2025,CUST00589,Tanta,Printer,Office Equipment,Completed,1,6324,15
105990,18/08/2025,CUST00590, Aswan ,Notebook Pack,Stationery,Completed,2,225.6,20
105991,03/03/2025,CUST00591,Luxor,Laptop,Electronics,Completed,3,27075,0
105992,16/10/2025,CUST00592,Port Said,Smartphone,Electronics,Completed,4,13920,5
105993,01/05/2025,CUST00593,Cairo,Wireless Mouse,Accessories,Completed,5,436.5,10
105994,14/12/2025,CUST00594,Giza,Keyboard,Accessories,Completed,6,833,15
105995,27/07/2025,CUST00595,Alexandria,Office Chair,Furniture,Completed,7,5148,20
105996,12/02/2025,CUST00596,Mansoura,Desk,Furniture,Completed,8,7400,0
105997,25/09/2025,CUST00597,Tanta,Headphones,Electronics,Completed,9,1818,5
105998,10/04/2025,CUST00598,Aswan,Monitor,Electronics,Completed,10,9384,10
105999,23/11/2025,CUST00599,Luxor,Printer,Office Equipment,Completed,11,7004,15
106000,08/06/2025,CUST00600,Port Said,Notebook Pack,Stationery,Completed,12,249.6,20
106001,21/01/2025,CUST00601,Cairo,Laptop,Electronics,Completed,1,29925,0
106002,06/08/2025,CUST00602,Giza,Smartphone,Electronics,Completed,2,15370,5
106003,19/03/2025,CUST00603,Alexandria,Wireless Mouse,Accessories,Completed,3,481.5,10
106004,04/10/2025,CUST00604,Mansoura,Keyboard,Accessories,Completed,4,918,15
106005,17/05/2025,CUST00605,Tanta,Office Chair,Furniture,Completed,5,5668,20
106006,02/12/2025,CUST00606,Aswan,Desk,Furniture,Completed,6,8140,0
106007,15/07/2025,CUST00607,Luxor,Headphones,Electronics,Completed,7,1620,5
106008,28/02/2025,CUST00608,Port Said,Monitor,Electronics,Completed,8,8372,10
106009,13/09/2025,CUST00609,Cairo,Printer,Office Equipment,Completed,9,6256,15
106010,26/04/2025,CUST00610,Giza,Notebook Pack,Stationery,Completed,10,223.2,20
106011,11/11/2025,CUST00611,Alexandria,Laptop,Electronics,Completed,11,26790,0
106012,24/06/2025,CUST00612,Mansoura,Smartphone,Electronics,Completed,12,13775,5
106013,09/01/2025,CUST00613,Tanta,Wireless Mouse,Accessories,Completed,1,432,10
106014,22/08/2025,CUST00614,Aswan,Keyboard,Accessories,Completed,2,824.5,15
106015,07/03/2025,CUST00615,,Office Chair,Furniture,Completed,3,5096,20
106016,20/10/2025,CUST00616,Port Said,Desk,Furniture,Completed,4,7326,0
106017,05/05/2025,CUST00617,Cairo,Headphones,Electronics,Completed,5,1800,5
106018,18/12/2025,CUST00618,Giza,Monitor,Electronics,Completed,6,9292,10
106019,03/07/2025,CUST00619,Alexandria,Printer,Office Equipment,Completed,7,6936,15
106020,16/02/2025,CUST00620,Mansoura,Notebook Pack,Stationery,Completed,8,247.2,20
106021,01/09/2025,CUST00621,Tanta,Laptop,Electronics,Completed,9,29640,0
106022,14/04/2025,CUST00622,Aswan,Smartphone,Electronics,Completed,10,15225,5
106023,27/11/2025,CUST00623,Luxor,Wireless Mouse,Accessories,Completed,11,477,10
106024,12/06/2025,CUST00624,Port Said,Keyboard,Accessories,Completed,12,909.5,15
106025,25/01/2025,CUST00625,Cairo,Office Chair,Furniture,Completed,1,5616,20
106026,10/08/2025,CUST00626,Giza,Desk,Furniture,Completed,2,8066,0
106027,23/03/2025,CUST00627,Alexandria,Headphones,Electronics,Completed,3,1980,5
106028,08/10/2025,CUST00628,Mansoura,Monitor,Electronics,Completed,4,8280,10
106029,21/05/2025,CUST00629,Tanta,Printer,Office Equipment,Completed,5,6188,15
106030,06/12/2025,CUST00630,Aswan,Notebook Pack,Stationery,Completed,6,220.8,20
106031,19/07/2025,CUST00631,Luxor,Laptop,Electronics,Completed,7,26505,0
106032,04/02/2025,CUST00632,Port Said,Smartphone,Electronics,Completed,8,13630,5
106033,17/09/2025,CUST00633,Cairo,Wireless Mouse,Accessories,Completed,9,427.5,10
106034,02/04/2025,CUST00634,Giza,Keyboard,Accessories,Completed,10,816,15
106035,15/11/2025,CUST00635,Alexandria,Office Chair,Furniture,Completed,11,5044,20
106036,28/06/2025,CUST00636,Mansoura,Desk,Furniture,Completed,12,7252,0
106037,13/01/2025,CUST00637,Tanta,Headphones,Electronics,Completed,1,1782,5
106038,26/08/2025,CUST00638,Aswan,Monitor,Electronics,Completed,2,9200,10
106039,11/03/2025,CUST00639,Luxor,Printer,Office Equipment,Completed,3,6868,15
106040,24/10/2025,CUST00640,Port Said,Notebook Pack,Stationery,Completed,4,244.8,20
106041,09/05/2025,CUST00641,Cairo,Laptop,Electronics,Completed,5,29355,0
106042,22/12/2025,CUST00642,Giza,Smartphone,Electronics,Completed,6,15080,5
106043,07/07/2025,CUST00643,Alexandria,Wireless Mouse,Accessories,Completed,7,472.5,10
106044,20/02/2025,CUST00644,Mansoura,Keyboard,Accessories,Completed,8,901,15
106045,05/09/2025,CUST00645,Tanta,Office Chair,Furniture,Completed,9,5564,20
106046,18/04/2025,CUST00646,Aswan,Desk,Furniture,Completed,10,7992,0
106047,03/11/2025,CUST00647,Luxor,Headphones,Electronics,Completed,11,1962,5
106048,16/06/2025,CUST00648,Port Said,Monitor,Electronics,Completed,12,10120,10
106049,01/01/2025,CUST00649,Cairo,Printer,Office Equipment,Completed,1,6120,15
106050,14/08/2025,CUST00650,Giza,Notebook Pack,Stationery,Completed,2,218.4,20
106051,27/03/2025,CUST00651,Alexandria,Laptop,Electronics,Completed,3,26220,0
106052,12/10/2025,CUST00652,Mansoura,Smartphone,Electronics,Completed,4,13485,5
106053,25/05/2025,CUST00653,Tanta,Wireless Mouse,Accessories,Completed,5,423,10
106054,10/12/2025,CUST00654,Aswan,Keyboard,Accessories,Completed,6,807.5,15
106055,23/07/2025,CUST00655,Luxor,Office Chair,Furniture,Completed,7,4992,20
106056,08/02/2025,CUST00656,Port Said,Desk,Furniture, completed ,8,7178,0
106057,21/09/2025,CUST00657,Cairo,Headphones,Electronics,Completed,9,1764,5
106058,06/04/2025,CUST00658,Giza,Monitor,Electronics,Completed,10,9108,10
106059,19/11/2025,CUST00659,Alexandria,Printer,Office Equipment,Completed,11,6800,15
106060,04/06/2025,CUST00660,Mansoura,Notebook Pack,Stationery,Completed,12,242.4,20
106061,17/01/2025,CUST00661,Tanta,Laptop,Electronics,Completed,1,29070,0
106062,02/08/2025,CUST00662,Aswan,Smartphone,Electronics,Completed,2,14935,5
106063,15/03/2025,CUST00663,Luxor,Wireless Mouse,Accessories,Completed,3,468,10
106064,28/10/2025,CUST00664,Port Said,Keyboard,Accessories,Completed,4,892.5,15
106065,13/05/2025,CUST00665,Cairo,Office Chair,Furniture,Completed,5,5512,20
106066,26/12/2025,CUST00666,Giza,Desk,Furniture,Completed,6,7918,0
106067,11/07/2025,CUST00667,Alexandria,Headphones,Electronics,Completed,7,1944,5
106068,24/02/2025,CUST00668,Mansoura,Monitor,Electronics,Completed,8,10028,10
106069,09/09/2025,CUST00669,Tanta,Printer,Office Equipment,Completed,9,7480,15
106070,22/04/2025,CUST00670,Aswan,Notebook Pack,Stationery,Completed,10,216,20
106071,07/11/2025,CUST00671,Luxor,Laptop,Electronics,Completed,11,25935,0
106072,20/06/2025,CUST00672,Port Said,Smartphone,Electronics,Completed,12,13340,5
106073,05/01/2025,CUST00673,Cairo,Wireless Mouse,Accessories,Completed,1,418.5,10
106074,18/08/2025,CUST00674,Giza,Keyboard,Accessories,Completed,2,799,15
106075,03/03/2025,CUST00675,Alexandria,Office Chair,Furniture,Completed,3,4940,20
106076,16/10/2025,CUST00676,Mansoura,Desk,Furniture,Completed,4,7104,0
106077,01/05/2025,CUST00677,Tanta,Headphones,Electronics,Completed,5,1746,5
106078,14/12/2025,CUST00678,Aswan,Monitor,Electronics,Completed,6,9016,10
106079,27/07/2025,CUST00679,Luxor,Printer,Office Equipment,Completed,7,6732,15
106080,12/02/2025,CUST00680,Port Said,Notebook Pack,Stationery,Completed,8,240,20
106081,25/09/2025,CUST00681,Cairo,Laptop,Electronics,Completed,9,28785,0
106082,10/04/2025,CUST00682,Giza,Smartphone,Electronics,Completed,10,14790,5
106083,23/11/2025,CUST00683,Alexandria,Wireless Mouse,Accessories,Completed,11,463.5,10
106084,08/06/2025,CUST00684,Mansoura,Keyboard,Accessories,Completed,12,884,15
106085,21/01/2025,CUST00685,Tanta,Office Chair,Furniture,Completed,1,5460,20
106086,06/08/2025,CUST00686,Aswan,Desk,Furniture,Completed,2,7844,0
106087,19/03/2025,CUST00687,Luxor,Headphones,Electronics,Completed,3,1926,5
106088,04/10/2025,CUST00688,Port Said,Monitor,Electronics,Completed,4,9936,10
106089,17/05/2025,CUST00689,Cairo,Printer,Office Equipment,Completed,5,7412,15
106090,02/12/2025,CUST00690,Giza,Notebook Pack,Stationery,Completed,6,264,20
106091,15/07/2025,CUST00691,Alexandria,Laptop,Electronics,Completed,7,25650,0
106092,28/02/2025,CUST00692,Mansoura,Smartphone,Electronics,Completed,8,13195,5
106093,13/09/2025,CUST00693,Tanta,Wireless Mouse,Accessories,Completed,9,414,10
106094,26/04/2025,CUST00694,Aswan,Keyboard,Accessories,Completed,10,790.5,15
106095,11/11/2025,CUST00695,Luxor,Office Chair,Furniture,Completed,11,4888,20
106096,24/06/2025,CUST00696,Port Said,Desk,Furniture,Completed,12,7030,0
106097,09/01/2025,CUST00697,Cairo, headphones ,Electronics,Completed,1,1728,5
106098,22/08/2025,CUST00698,Giza,Monitor,Electronics,Completed,2,8924,10
106099,07/03/2025,CUST00699,Alexandria,Printer,Office Equipment,Completed,3,6664,15
106100,20/10/2025,CUST00700,Mansoura,Notebook Pack,Stationery,Completed,4,237.6,20
106101,05/05/2025,CUST00701,Tanta,Laptop,Electronics,Completed,5,28500,0
106102,18/12/2025,CUST00702,Aswan,Smartphone,Electronics,Completed,6,14645,5
106103,03/07/2025,CUST00703, Luxor ,Wireless Mouse,Accessories,Completed,7,459,10
106104,16/02/2025,CUST00704,Port Said,Keyboard,Accessories,Completed,8,875.5,15
106105,01/09/2025,CUST00705,Cairo,Office Chair,Furniture,Completed,9,5408,20
106106,14/04/2025,CUST00706,Giza,Desk,Furniture,Completed,10,7770,0
106107,27/11/2025,CUST00707,Alexandria,Headphones,Electronics,Completed,11,1908,5
106108,12/06/2025,CUST00708,Mansoura,Monitor,Electronics,Completed,12,9844,10
106109,25/01/2025,CUST00709,Tanta,Printer,Office Equipment,Completed,1,7344,15
106110,10/08/2025,CUST00710,Aswan,Notebook Pack,stationery,Completed,2,261.6,20
106111,23/03/2025,CUST00711,Luxor,Laptop,Electronics,Completed,3,31350,0
106112,08/10/2025,CUST00712,,Smartphone,Electronics,Completed,4,13050,5
106113,21/05/2025,CUST00713,Cairo,Wireless Mouse,Accessories,Completed,5,409.5,10
106114,06/12/2025,CUST00714,Giza,Keyboard,Accessories,Completed,6,782,15
106115,19/07/2025,CUST00715,Alexandria,Office Chair,Furniture,Completed,7,4836,20
106116,04/02/2025,CUST00716,Mansoura,Desk,Furniture,Completed,8,6956,0
106117,17/09/2025,CUST00717,Tanta,Headphones,Electronics,Completed,9,1710,5
106118,02/04/2025,CUST00718,Aswan,Monitor,Electronics,Completed,10,8832,10
106119,15/11/2025,CUST00719,Luxor,Printer,Office Equipment,Completed,11,6596,15
106120,28/06/2025,CUST00720,Port Said,Notebook Pack,Stationery,Completed,12,235.2,20
106121,13/01/2025,CUST00721,Cairo,Laptop,Electronics,Completed,1,28215,0
106122,26/08/2025,CUST00722,Giza,Smartphone,Electronics,Completed,2,14500,5
106123,11/03/2025,CUST00723,Alexandria,Wireless Mouse,Accessories,Completed,3,454.5,10
106124,24/10/2025,CUST00724,Mansoura,Keyboard,Accessories,Completed,4,867,15
106125,09/05/2025,CUST00725,Tanta,Office Chair,Furniture,Completed,5,5356,20
106126,22/12/2025,CUST00726,Aswan,Desk,Furniture,Completed,6,7696,0
106127,07/07/2025,CUST00727,Luxor,Headphones,Electronics,Completed,7,1890,5
106128,20/02/2025,CUST00728,Port Said,Monitor,Electronics,Completed,8,9752,10
106129,05/09/2025,CUST00729,Cairo,Printer,Office Equipment,Completed,9,7276,15
106130,18/04/2025,CUST00730,Giza,Notebook Pack,Stationery,Completed,10,259.2,20
106131,03/11/2025,CUST00731,Alexandria,Laptop,Electronics,Completed,11,31065,0
106132,16/06/2025,CUST00732,Mansoura,Smartphone,Electronics,Completed,12,15950,5
106133,01/01/2025,CUST00733,Tanta,Wireless Mouse,Accessories,Completed,1,405,10
106134,14/08/2025,CUST00734,Aswan,Keyboard,Accessories,Completed,2,773.5,15
106135,27/03/2025,CUST00735,Luxor,Office Chair,Furniture,Completed,3,4784,20
106136,12/10/2025,CUST00736,Port Said,Desk,Furniture,Completed,4,6882,0
106137,25/05/2025,CUST00737,Cairo,Headphones,Electronics,Completed,5,1692,5
106138,10/12/2025,CUST00738,Giza,Monitor,Electronics,Completed,6,8740,10
106139,23/07/2025,CUST00739,Alexandria,Printer,Office Equipment,Completed,7,6528,15
106140,08/02/2025,CUST00740,Mansoura,Notebook Pack,Stationery,Completed,8,232.8,20
106141,21/09/2025,CUST00741,Tanta,Laptop,Electronics,Completed,9,27930,0
106142,06/04/2025,CUST00742,Aswan,Smartphone,Electronics,Completed,10,14355,5
106143,19/11/2025,CUST00743,Luxor,Wireless Mouse,Accessories,Completed,11,450,10
106144,04/06/2025,CUST00744,Port Said,Keyboard,Accessories,Completed,12,858.5,15
106145,17/01/2025,CUST00745,Cairo,Office Chair,Furniture,Completed,1,5304,20
106146,02/08/2025,CUST00746,Giza,Desk,Furniture,Completed,2,7622,0
106147,15/03/2025,CUST00747,Alexandria,Headphones,Electronics,Completed,3,1872,5
106148,28/10/2025,CUST00748,Mansoura,Monitor,Electronics,Completed,4,9660,10
106149,13/05/2025,CUST00749,Tanta,Printer,Office Equipment,Completed,5,7208,15
106150,26/12/2025,CUST00750,Aswan,Notebook Pack,Stationery,Completed,6,256.8,20
106151,11/07/2025,CUST00751,Luxor,Laptop,Electronics,Completed,7,30780,0
106152,24/02/2025,CUST00752,Port Said,Smartphone,Electronics,Completed,8,15805,5
106153,09/09/2025,CUST00753,Cairo,Wireless Mouse,Accessories,Completed,9,495,10
106154,22/04/2025,CUST00754,Giza,Keyboard,Accessories,Completed,10,765,15
106155,07/11/2025,CUST00755,Alexandria,Office Chair,Furniture,Completed,11,4732,
106156,20/06/2025,CUST00756,Mansoura,Desk,Furniture,Completed,12,6808,0
106157,05/01/2025,CUST00757,Tanta,Headphones,Electronics,Completed,1,1674,5
106158,18/08/2025,CUST00758,Aswan,Monitor,Electronics,Completed,2,8648,10
106159,03/03/2025,CUST00759,Luxor,Printer,Office Equipment,Completed,3,6460,15
106160,16/10/2025,CUST00760,Port Said,Notebook Pack,Stationery,Completed,4,230.4,20
106161,01/05/2025,CUST00761,Cairo,Laptop,Electronics,Completed,5,27645,0
106162,14/12/2025,CUST00762,Giza,Smartphone,Electronics,Completed,6,14210,5
106163,27/07/2025,CUST00763,Alexandria,Wireless Mouse,Accessories,Completed,7,445.5,10
106164,12/02/2025,CUST00764,Mansoura,Keyboard,Accessories,Completed,8,850,15
106165,25/09/2025,CUST00765,Tanta,Office Chair,Furniture,Completed,9,5252,20
106166,10/04/2025,CUST00766,Aswan,Desk,Furniture,Completed,10,7548,0
106167,23/11/2025,CUST00767,Luxor,Headphones,Electronics,Completed,11,1854,5
106168,08/06/2025,CUST00768,Port Said,Monitor,Electronics,Completed,12,9568,10
106169,21/01/2025,CUST00769,Cairo,Printer,Office Equipment,Completed,1,7140,15
106170,06/08/2025,CUST00770,Giza,Notebook Pack,Stationery,Completed,2,254.4,20
106171,19/03/2025,CUST00771,Alexandria,Laptop,Electronics,Completed,3,30495,0
106172,04/10/2025,CUST00772,Mansoura,Smartphone,Electronics,Completed,4,15660,5
106173,17/05/2025,CUST00773,Tanta,Wireless Mouse,Accessories,Completed,5,490.5,10
106174,02/12/2025,CUST00774,Aswan,Keyboard,Accessories,Completed,6,935,15
106175,15/07/2025,CUST00775,Luxor,Office Chair,Furniture,Completed,7,4680,20
106176,28/02/2025,CUST00776,Port Said,Desk,Furniture,Completed,8,6734,0
106177,13/09/2025,CUST00777,Cairo,Headphones,Electronics,Completed,9,1656,5
106178,26/04/2025,CUST00778,Giza,Monitor,Electronics,Completed,10,8556,10
106179,11/11/2025,CUST00779,Alexandria,Printer,Office Equipment,Completed,11,6392,15
106180,24/06/2025,CUST00780,Mansoura,Notebook Pack,Stationery,Completed,12,228,20
106181,09/01/2025,CUST00781,Tanta,Laptop,Electronics,Completed,1,27360,0
106182,22/08/2025,CUST00782,Aswan,Smartphone,Electronics,Completed,2,14065,5
106183,07/03/2025,CUST00783,Luxor,Wireless Mouse,Accessories,Completed,3,441,10
106184,20/10/2025,CUST00784,Port Said,Keyboard,Accessories,Completed,4,841.5,15
106185,05/05/2025,CUST00785,Cairo,Office Chair,Furniture,Completed,5,5200,20
106186,18/12/2025,CUST00786,Giza,Desk,Furniture,Completed,6,7474,0
106187,03/07/2025,CUST00787,Alexandria,Headphones,Electronics,Completed,7,1836,5
106188,16/02/2025,CUST00788,Mansoura,Monitor,Electronics,Completed,8,9476,10
106189,01/09/2025,CUST00789,Tanta,Printer,Office Equipment,Completed,9,7072,15
106190,14/04/2025,CUST00790,Aswan,Notebook Pack,Stationery,Completed,10,252,20
106191,27/11/2025,CUST00791,Luxor,Laptop,Electronics,Completed,11,30210,0
106192,12/06/2025,CUST00792,Port Said,Smartphone,Electronics,Completed,12,15515,5
106193,25/01/2025,CUST00793,Cairo,Wireless Mouse,Accessories,Completed,1,486,10
106194,10/08/2025,CUST00794,Giza,Keyboard,Accessories,Completed,2,926.5,15
106195,23/03/2025,CUST00795,Alexandria,Office Chair,Furniture,Completed,3,5720,20
106196,08/10/2025,CUST00796,Mansoura,Desk,Furniture,Completed,4,6660,0
106197,21/05/2025,CUST00797,Tanta,Headphones,Electronics,Completed,5,1638,5
106198,06/12/2025,CUST00798,Aswan,Monitor,Electronics,Completed,6,8464,10
106199,19/07/2025,CUST00799,Luxor,Printer,Office Equipment,Completed,7,6324,15
106200,04/02/2025,CUST00800,Port Said,Notebook Pack,Stationery,Completed,8,225.6,20
106201,17/09/2025,CUST00801,Cairo,Laptop,Electronics,Completed,9,27075,0
106202,02/04/2025,CUST00802,Giza,Smartphone,Electronics,Completed,10,13920,5
106203,15/11/2025,CUST00803,Alexandria,Wireless Mouse,Accessories,Completed,11,436.5,10
106204,28/06/2025,CUST00804,Mansoura,Keyboard,Accessories,Completed,12,833,15
106205,13/01/2025,CUST00805,Tanta,Office Chair,Furniture,Completed,1,5148,20
106206,26/08/2025,CUST00806,Aswan,Desk,Furniture,Completed,2,7400,0
106207,11/03/2025,CUST00807,Luxor,Headphones,Electronics,Completed,3,1818,5
106208,24/10/2025,CUST00808,Port Said,Monitor,Electronics,Completed,4,9384,10
106209,09/05/2025,CUST00809,,Printer,Office Equipment,Completed,5,7004,15
106210,22/12/2025,CUST00810,Giza,Notebook Pack,Stationery,Completed,6,249.6,20
106211,07/07/2025,CUST00811,Alexandria,Laptop,Electronics,Completed,7,29925,0
106212,20/02/2025,CUST00812,Mansoura,Smartphone,Electronics,Completed,8,15370,5
106213,05/09/2025,CUST00813,Tanta,Wireless Mouse,Accessories,Completed,9,481.5,10
106214,18/04/2025,CUST00814,Aswan,Keyboard,Accessories,Completed,10,918,15
106215,03/11/2025,CUST00815,Luxor,Office Chair,Furniture,Completed,11,5668,20
106216,16/06/2025,CUST00816, Port Said ,Desk,Furniture,Completed,12,8140,0
106217,01/01/2025,CUST00817,Cairo,Headphones,Electronics,Completed,1,1620,5
106218,14/08/2025,CUST00818,Giza,Monitor,Electronics,Completed,2,8372,10
106219,27/03/2025,CUST00819,Alexandria,Printer,Office Equipment,Completed,3,6256,15
106220,12/10/2025,CUST00820,Mansoura,Notebook Pack,Stationery,Completed,4,223.2,20
106221,25/05/2025,CUST00821,Tanta,Laptop,Electronics,Completed,5,26790,0
106222,10/12/2025,CUST00822,Aswan,Smartphone,Electronics,Completed,6,13775,5
106223,23/07/2025,CUST00823,Luxor,Wireless Mouse,Accessories,Completed,7,432,10
106224,08/02/2025,CUST00824,Port Said, keyboard ,Accessories,Completed,8,824.5,15
106225,21/09/2025,CUST00825,Cairo,Office Chair,Furniture,Completed,9,5096,20
106226,06/04/2025,CUST00826,Giza,Desk,Furniture,Completed,10,7326,0
106227,19/11/2025,CUST00827,Alexandria,Headphones,Electronics,Completed,11,1800,5
106228,04/06/2025,CUST00828,Mansoura,Monitor,Electronics,Completed,12,9292,10
106229,17/01/2025,CUST00829,Tanta,Printer,Office Equipment, completed ,1,6936,15
106230,02/08/2025,CUST00830,Aswan,Notebook Pack,Stationery,Completed,2,247.2,20
106231,15/03/2025,CUST00831,Luxor,Laptop,Electronics,Completed,3,29640,0
106232,28/10/2025,CUST00832,Port Said,Smartphone,Electronics,Completed,4,15225,5
106233,13/05/2025,CUST00833,Cairo,Wireless Mouse,Accessories,Completed,5,477,10
106234,26/12/2025,CUST00834,Giza,Keyboard,Accessories,Completed,6,909.5,15
106235,11/07/2025,CUST00835,Alexandria,Office Chair,Furniture,Completed,7,5616,20
106236,24/02/2025,CUST00836,Mansoura,Desk,Furniture,Completed,8,8066,0
106237,09/09/2025,CUST00837,Tanta,Headphones,Electronics,Completed,9,1980,5
106238,22/04/2025,CUST00838,Aswan,Monitor,Electronics,Completed,10,8280,10
106239,07/11/2025,CUST00839,Luxor,Printer,Office Equipment,Completed,11,6188,15
106240,20/06/2025,CUST00840,Port Said,Notebook Pack,Stationery,Completed,12,220.8,20
106241,05/01/2025,CUST00841,Cairo,Laptop,Electronics,Completed,1,26505,0
106242,18/08/2025,CUST00842,Giza,Smartphone,Electronics,Completed,2,13630,5
106243,03/03/2025,CUST00843,Alexandria,Wireless Mouse,Accessories,Completed,3,427.5,10
106244,16/10/2025,CUST00844,Mansoura,Keyboard,Accessories,Completed,4,816,15
106245,01/05/2025,CUST00845,Tanta,Office Chair,Furniture,Completed,5,5044,20
106246,14/12/2025,CUST00846,Aswan,Desk,Furniture,Completed,6,7252,0
106247,27/07/2025,CUST00847,Luxor,Headphones,Electronics,Completed,7,1782,5
106248,12/02/2025,CUST00848,Port Said,Monitor,Electronics,Completed,8,9200,10
106249,25/09/2025,CUST00849,Cairo,Printer,Office Equipment,Completed,9,6868,15
106250,10/04/2025,CUST00850,Giza,Notebook Pack,Stationery,Completed,10,244.8,20
106251,23/11/2025,CUST00851,Alexandria,Laptop,Electronics,Completed,11,29355,0
106252,08/06/2025,CUST00852,Mansoura,Smartphone,Electronics,Completed,12,15080,5
106253,21/01/2025,CUST00853,Tanta,Wireless Mouse,Accessories,Completed,1,472.5,10
106254,06/08/2025,CUST00854,Aswan,Keyboard,Accessories,Completed,2,901,15
106255,19/03/2025,CUST00855,Luxor,Office Chair,Furniture,Completed,3,5564,20
106256,04/10/2025,CUST00856,Port Said,Desk,Furniture,Completed,4,7992,0
106257,17/05/2025,CUST00857,Cairo,Headphones,Electronics,Completed,5,1962,5
106258,02/12/2025,CUST00858,Giza,Monitor,Electronics,Completed,6,10120,10
106259,15/07/2025,CUST00859,Alexandria,Printer,office equipment,Completed,7,6120,15
106260,28/02/2025,CUST00860,Mansoura,Notebook Pack,Stationery,Completed,8,218.4,20
106261,13/09/2025,CUST00861,Tanta,Laptop,Electronics,Completed,9,26220,0
106262,26/04/2025,CUST00862,Aswan,Smartphone,Electronics,Completed,10,13485,5
106263,11/11/2025,CUST00863,Luxor,Wireless Mouse,Accessories,Completed,11,423,10
106264,24/06/2025,CUST00864,Port Said,Keyboard,Accessories,Completed,12,807.5,15
106265,09/01/2025,CUST00865,Cairo,Office Chair,Furniture,Completed,1,4992,20
106266,22/08/2025,CUST00866,Giza,Desk,Furniture,Completed,2,7178,0
106267,07/03/2025,CUST00867,Alexandria,Headphones,Electronics,Completed,3,1764,5
106268,20/10/2025,CUST00868,Mansoura,Monitor,Electronics,Completed,4,9108,10
106269,05/05/2025,CUST00869,Tanta,Printer,Office Equipment,Completed,5,6800,15
106270,18/12/2025,CUST00870,Aswan,Notebook Pack,Stationery,Completed,6,242.4,20
106271,03/07/2025,CUST00871,Luxor,Laptop,Electronics,Completed,7,29070,0
106272,16/02/2025,CUST00872,Port Said,Smartphone,Electronics,Completed,8,14935,5
106273,01/09/2025,CUST00873,Cairo,Wireless Mouse,Accessories,Completed,9,468,10
106274,14/04/2025,CUST00874,Giza,Keyboard,Accessories,Completed,10,892.5,15
106275,27/11/2025,CUST00875,Alexandria,Office Chair,Furniture,Completed,11,5512,20
106276,12/06/2025,CUST00876,Mansoura,Desk,Furniture,Completed,12,7918,0
106277,25/01/2025,CUST00877,Tanta,Headphones,Electronics,Completed,1,1944,5
106278,10/08/2025,CUST00878,Aswan,Monitor,Electronics,Completed,2,10028,10
106279,23/03/2025,CUST00879,Luxor,Printer,Office Equipment,Completed,3,7480,15
106280,08/10/2025,CUST00880,Port Said,Notebook Pack,Stationery,Completed,4,216,20
106281,21/05/2025,CUST00881,Cairo,Laptop,Electronics,Completed,5,25935,0
106282,06/12/2025,CUST00882,Giza,Smartphone,Electronics,Completed,6,13340,5
106283,19/07/2025,CUST00883,Alexandria,Wireless Mouse,Accessories,Completed,7,418.5,10
106284,04/02/2025,CUST00884,Mansoura,Keyboard,Accessories,Completed,8,799,15
106285,17/09/2025,CUST00885,Tanta,Office Chair,Furniture,Completed,9,4940,20
106286,02/04/2025,CUST00886,Aswan,Desk,Furniture,Completed,10,7104,0
106287,15/11/2025,CUST00887,Luxor,Headphones,Electronics,Completed,11,1746,5
106288,28/06/2025,CUST00888,Port Said,Monitor,Electronics,Completed,12,9016,10
106289,13/01/2025,CUST00889,Cairo,Printer,Office Equipment,Completed,1,6732,15
106290,26/08/2025,CUST00890,Giza,Notebook Pack,Stationery,Completed,2,240,20
106291,11/03/2025,CUST00891,Alexandria,Laptop,Electronics,Completed,3,28785,0
106292,24/10/2025,CUST00892,Mansoura,Smartphone,Electronics,Completed,4,14790,5
106293,09/05/2025,CUST00893,Tanta,Wireless Mouse,Accessories,Completed,5,463.5,10
106294,22/12/2025,CUST00894,Aswan,Keyboard,Accessories,Completed,6,884,15
106295,07/07/2025,CUST00895,Luxor,Office Chair,Furniture,Completed,7,5460,20
106296,20/02/2025,CUST00896,Port Said,Desk,Furniture,Completed,8,7844,0
106297,05/09/2025,CUST00897,Cairo,Headphones,Electronics,Completed,9,1926,5
106298,18/04/2025,CUST00898,Giza,Monitor,Electronics,Completed,10,9936,10
106299,03/11/2025,CUST00899,Alexandria,Printer,Office Equipment,Completed,11,7412,15
106300,16/06/2025,CUST00900,Mansoura,Notebook Pack,Stationery,Completed,12,264,20
106301,01/01/2025,CUST00901,Tanta,Laptop,Electronics,Completed,1,25650,0
106302,14/08/2025,CUST00902,Aswan,Smartphone,Electronics,Completed,2,13195,5
106303,27/03/2025,CUST00903,Luxor,Wireless Mouse,Accessories,Completed,3,414,10
106304,12/10/2025,CUST00904,Port Said,Keyboard,Accessories,Completed,4,790.5,15
106305,25/05/2025,CUST00905,Cairo,Office Chair,Furniture,Completed,5,4888,20
106306,10/12/2026,CUST00906,,Desk,Furniture,Completed,6,7030,0
106307,23/07/2026,CUST00907,Alexandria,Headphones,Electronics,Completed,7,1728,5
106308,08/02/2026,CUST00908,Mansoura,Monitor,Electronics,Completed,8,8924,10
106309,21/09/2026,CUST00909,Tanta,Printer,Office Equipment,Completed,9,6664,15
106310,06/04/2026,CUST00910,Aswan,Notebook Pack,Stationery,Completed,10,237.6,20
106311,19/11/2026,CUST00911,Luxor,Laptop,Electronics,Completed,11,28500,0
106312,04/06/2026,CUST00912,Port Said,Smartphone,Electronics,Completed,12,14645,5
106313,17/01/2026,CUST00913,Cairo,Wireless Mouse,Accessories,Completed,1,459,10
106314,02/08/2026,CUST00914,Giza,Keyboard,Accessories,Completed,2,875.5,15
106315,15/03/2026,CUST00915,Alexandria,Office Chair,Furniture,Completed,3,5408,20
106316,28/10/2026,CUST00916,Mansoura,Desk,Furniture,Completed,4,7770,0
106317,13/05/2026,CUST00917,Tanta,Headphones,Electronics,Completed,5,1908,5
106318,26/12/2026,CUST00918,Aswan,Monitor,Electronics,Completed,6,9844,10
106319,11/07/2026,CUST00919,Luxor,Printer,Office Equipment,Completed,7,7344,15
106320,24/02/2026,CUST00920,Port Said,Notebook Pack,Stationery,Completed,8,261.6,20
106321,09/09/2026,CUST00921,Cairo,Laptop,Electronics,Completed,9,31350,0
106322,22/04/2026,CUST00922,Giza,Smartphone,Electronics,Completed,10,13050,5
106323,07/11/2026,CUST00923,Alexandria,Wireless Mouse,Accessories,Completed,11,409.5,10
106324,20/06/2026,CUST00924,Mansoura,Keyboard,Accessories,Completed,12,782,15
106325,05/01/2026,CUST00925,Tanta,Office Chair,Furniture,Completed,1,4836,20
106326,18/08/2026,CUST00926,Aswan,Desk,Furniture,Completed,2,6956,0
106327,03/03/2026,CUST00927,Luxor,Headphones,Electronics,Completed,3,1710,5
106328,16/10/2026,CUST00928,Port Said,Monitor,Electronics,Completed,4,8832,10
106329,01/05/2026,CUST00929, Cairo ,Printer,Office Equipment,Completed,5,6596,15
106330,14/12/2026,CUST00930,Giza,Notebook Pack,Stationery,Completed,6,235.2,20
106331,27/07/2026,CUST00931,Alexandria,Laptop,Electronics,Completed,7,28215,0
106332,12/02/2026,CUST00932,Mansoura,Smartphone,Electronics,Completed,8,14500,5
106333,25/09/2026,CUST00933,Tanta,Wireless Mouse,Accessories,Completed,9,454.5,10
106334,10/04/2026,CUST00934,Aswan,Keyboard,Accessories,Completed,10,867,15
106335,23/11/2026,CUST00935,Luxor,Office Chair,Furniture,Completed,11,5356,20
106336,08/06/2026,CUST00936,Port Said,Desk,Furniture,Completed,12,7696,
106337,21/01/2026,CUST00937,Cairo,Headphones,Electronics,Completed,1,1890,5
106338,06/08/2026,CUST00938,Giza,Monitor,Electronics,Completed,2,9752,10
106339,19/03/2026,CUST00939,Alexandria,Printer,Office Equipment,Completed,3,7276,15
106340,04/10/2026,CUST00940,Mansoura,Notebook Pack,Stationery,Completed,4,259.2,20
106341,17/05/2026,CUST00941,Tanta,Laptop,Electronics,Completed,5,31065,0
106342,02/12/2026,CUST00942,Aswan,Smartphone,Electronics,Completed,6,15950,5
106343,15/07/2026,CUST00943,Luxor,Wireless Mouse,Accessories,Completed,7,405,10
106344,28/02/2026,CUST00944,Port Said,Keyboard,Accessories,Completed,8,773.5,15
106345,13/09/2026,CUST00945,Cairo,Office Chair,Furniture,Completed,9,4784,20
106346,26/04/2026,CUST00946,Giza,Desk,Furniture,Completed,10,6882,0
106347,11/11/2026,CUST00947,Alexandria,Headphones,Electronics,Completed,11,1692,5
106348,24/06/2026,CUST00948,Mansoura,Monitor,Electronics,Completed,12,8740,10
106349,09/01/2026,CUST00949,Tanta,Printer,Office Equipment,Completed,1,6528,15
106350,22/08/2026,CUST00950,Aswan,Notebook Pack,Stationery,Completed,2,232.8,20
106351,07/03/2026,CUST00951,Luxor, laptop ,Electronics,Completed,3,27930,0
106352,20/10/2026,CUST00952,Port Said,Smartphone,Electronics,Completed,4,14355,5
106353,05/05/2026,CUST00953,Cairo,Wireless Mouse,Accessories,Completed,5,450,10
106354,18/12/2026,CUST00954,Giza,Keyboard,Accessories,Completed,6,858.5,15
106355,03/07/2026,CUST00955,Alexandria,Office Chair,Furniture,Completed,7,5304,20
106356,16/02/2026,CUST00956,Mansoura,Desk,Furniture,Completed,8,7622,0
106357,01/09/2026,CUST00957,Tanta,Headphones,Electronics,Completed,9,1872,5
106358,14/04/2026,CUST00958,Aswan,Monitor,Electronics,Completed,10,9660,10
106359,27/11/2026,CUST00959,Luxor,Printer,Office Equipment,Completed,11,7208,15
106360,12/06/2026,CUST00960,Port Said,Notebook Pack,Stationery,Completed,12,256.8,20
106361,25/01/2026,CUST00961,Cairo,Laptop,Electronics,Completed,1,30780,0
106362,10/08/2026,CUST00962,Giza,Smartphone,Electronics,Completed,2,15805,5
106363,23/03/2026,CUST00963,Alexandria,Wireless Mouse,Accessories,Completed,3,495,10
106364,08/10/2026,CUST00964,Mansoura,Keyboard,Accessories,Completed,4,765,15
106365,21/05/2026,CUST00965,Tanta,Office Chair,Furniture,Completed,5,4732,20
106366,06/12/2026,CUST00966,Aswan,Desk,Furniture,Completed,6,6808,0
106367,19/07/2026,CUST00967,Luxor,Headphones,Electronics,Completed,7,1674,5
106368,04/02/2026,CUST00968,Port Said,Monitor,Electronics,Completed,8,8648,10
106369,17/09/2026,CUST00969,Cairo,Printer,Office Equipment,Completed,9,6460,15
106370,02/04/2026,CUST00970,Giza,Notebook Pack,Stationery,Completed,10,230.4,20
106371,15/11/2026,CUST00971,Alexandria,Laptop,Electronics,Completed,11,27645,0
106372,28/06/2026,CUST00972,Mansoura,Smartphone,Electronics,Completed,12,14210,5
106373,13/01/2026,CUST00973,Tanta,Wireless Mouse,Accessories,Completed,1,445.5,10
106374,26/08/2026,CUST00974,Aswan,Keyboard,Accessories,Completed,2,850,15
106375,11/03/2026,CUST00975,Luxor,Office Chair,Furniture,Completed,3,5252,20
106376,24/10/2026,CUST00976,Port Said,Desk,Furniture,Completed,4,7548,0
106377,09/05/2026,CUST00977,Cairo,Headphones,Electronics,Completed,5,1854,5
106378,22/12/2026,CUST00978,Giza,Monitor,Electronics,Completed,6,9568,10
106379,07/07/2026,CUST00979,Alexandria,Printer,Office Equipment,Completed,7,7140,15
106380,20/02/2026,CUST00980,Mansoura,Notebook Pack,Stationery,Completed,8,254.4,20
106381,05/09/2026,CUST00981,Tanta,Laptop,Electronics,Completed,9,30495,0
106382,18/04/2026,CUST00982,Aswan,Smartphone,Electronics,Completed,10,15660,5
106383,03/11/2026,CUST00983,Luxor,Wireless Mouse,Accessories,Completed,11,490.5,10
106384,16/06/2026,CUST00984,Port Said,Keyboard,Accessories,Completed,12,935,15
106385,01/01/2026,CUST00985,Cairo,Office Chair,Furniture,Completed,1,4680,20
106386,14/08/2026,CUST00986,Giza,Desk,Furniture,Completed,2,6734,0
106387,27/03/2026,CUST00987,Alexandria,Headphones,Electronics,Completed,3,1656,5
106388,12/10/2026,CUST00988,Mansoura,Monitor,Electronics,Completed,4,8556,10
106389,25/05/2026,CUST00989,Tanta,Printer,Office Equipment,Completed,5,6392,15
106390,10/12/2026,CUST00990,Aswan,Notebook Pack,Stationery,Completed,6,228,20
106391,23/07/2026,CUST00991,Luxor,Laptop,Electronics,Completed,7,27360,0
106392,08/02/2026,CUST00992,Port Said,Smartphone,Electronics,Completed,8,14065,5
106393,21/09/2026,CUST00993,Cairo,Wireless Mouse,Accessories,Completed,9,441,10
106394,06/04/2026,CUST00994,Giza,Keyboard,Accessories,Completed,10,841.5,15
106395,19/11/2026,CUST00995,Alexandria,Office Chair,Furniture,Completed,11,5200,20
106396,04/06/2026,CUST00996,Mansoura,Desk,Furniture,Completed,12,7474,0
106397,17/01/2026,CUST00997,Tanta,Headphones,Electronics,Completed,1,1836,5
106398,02/08/2026,CUST00998,Aswan,Monitor,Electronics,Completed,2,9476,10
106399,15/03/2026,CUST00999,Luxor,Printer,Office Equipment,Completed,3,7072,15
106400,28/10/2026,CUST01000,Port Said,Notebook Pack,Stationery,Completed,4,252,20
106401,13/05/2026,CUST01001,Cairo,Laptop,Electronics,Completed,5,30210,0
106402,26/12/2026,CUST01002,Giza,Smartphone,Electronics, completed ,6,15515,5
106403,11/07/2026,CUST01003,,Wireless Mouse,Accessories,Completed,7,486,10
106404,24/02/2026,CUST01004,Mansoura,Keyboard,Accessories,Completed,8,926.5,15
106405,09/09/2026,CUST01005,Tanta,Office Chair,Furniture,Completed,9,5720,20
106406,22/04/2026,CUST01006,Aswan,Desk,Furniture,Completed,10,6660,0
106407,07/11/2026,CUST01007,Luxor,Headphones,Electronics,Completed,11,1638,5
106408,20/06/2026,CUST01008,Port Said,Monitor,electronics,Completed,12,8464,10
106409,05/01/2026,CUST01009,Cairo,Printer,Office Equipment,Completed,1,6324,15
106410,18/08/2026,CUST01010,Giza,Notebook Pack,Stationery,Completed,2,225.6,20
106411,03/03/2026,CUST01011,Alexandria,Laptop,Electronics,Completed,3,27075,0
106412,16/10/2026,CUST01012,Mansoura,Smartphone,Electronics,Completed,4,13920,5
106413,01/05/2026,CUST01013,Tanta,Wireless Mouse,Accessories,Completed,5,436.5,10
106414,14/12/2026,CUST01014,Aswan,Keyboard,Accessories,Completed,6,833,15
106415,27/07/2026,CUST01015,Luxor,Office Chair,Furniture,Completed,7,5148,20
106416,12/02/2026,CUST01016,Port Said,Desk,Furniture,Completed,8,7400,0
106417,25/09/2026,CUST01017,Cairo,Headphones,Electronics,Completed,9,1818,5
106418,10/04/2026,CUST01018,Giza,Monitor,Electronics,Completed,10,9384,10
106419,23/11/2026,CUST01019,Alexandria,Printer,Office Equipment,Completed,11,7004,15
106420,08/06/2026,CUST01020,Mansoura,Notebook Pack,Stationery,Completed,12,249.6,20
106421,21/01/2026,CUST01021,Tanta,Laptop,Electronics,Completed,1,29925,0
106422,06/08/2026,CUST01022,Aswan,Smartphone,Electronics,Completed,2,15370,5
106423,19/03/2026,CUST01023,Luxor,Wireless Mouse,Accessories,Completed,3,481.5,10
106424,04/10/2026,CUST01024,Port Said,Keyboard,Accessories,Completed,4,918,15
106425,17/05/2026,CUST01025,Cairo,Office Chair,Furniture,Completed,5,5668,20
106426,02/12/2026,CUST01026,Giza,Desk,Furniture,Completed,6,8140,0
106427,15/07/2026,CUST01027,Alexandria,Headphones,Electronics,Completed,7,1620,5
106428,28/02/2026,CUST01028,Mansoura,Monitor,Electronics,Completed,8,8372,10
106429,13/09/2026,CUST01029,Tanta,Printer,Office Equipment,Completed,9,6256,15
106430,26/04/2026,CUST01030,Aswan,Notebook Pack,Stationery,Completed,10,223.2,20
106431,11/11/2026,CUST01031,Luxor,Laptop,Electronics,Completed,11,26790,0
106432,24/06/2026,CUST01032,Port Said,Smartphone,Electronics,Completed,12,13775,5
106433,09/01/2026,CUST01033,Cairo,Wireless Mouse,Accessories,Completed,1,432,10
106434,22/08/2026,CUST01034,Giza,Keyboard,Accessories,Completed,2,824.5,15
106435,07/03/2026,CUST01035,Alexandria,Office Chair,Furniture,Completed,3,5096,20
106436,20/10/2026,CUST01036,Mansoura,Desk,Furniture,Completed,4,7326,0
106437,05/05/2026,CUST01037,Tanta,Headphones,Electronics,Completed,5,1800,5
106438,18/12/2026,CUST01038,Aswan,Monitor,Electronics,Completed,6,9292,10
106439,03/07/2026,CUST01039,Luxor,Printer,Office Equipment,Completed,7,6936,15
106440,16/02/2026,CUST01040,Port Said,Notebook Pack,Stationery,Completed,8,247.2,20
106441,01/09/2026,CUST01041,Cairo,Laptop,Electronics,Completed,9,29640,0
106442,14/04/2026,CUST01042, Giza ,Smartphone,Electronics,Completed,10,15225,5
106443,27/11/2026,CUST01043,Alexandria,Wireless Mouse,Accessories,Completed,11,477,10
106444,12/06/2026,CUST01044,Mansoura,Keyboard,Accessories,Completed,12,909.5,15
106445,25/01/2026,CUST01045,Tanta,Office Chair,Furniture,Completed,1,5616,20
106446,10/08/2026,CUST01046,Aswan,Desk,Furniture,Completed,2,8066,0
106447,23/03/2026,CUST01047,Luxor,Headphones,Electronics,Completed,3,1980,5
106448,08/10/2026,CUST01048,Port Said,Monitor,Electronics,Completed,4,8280,10
106449,21/05/2026,CUST01049,Cairo,Printer,Office Equipment,Completed,5,6188,15
106450,06/12/2026,CUST01050,Giza,Notebook Pack,Stationery,Completed,6,220.8,20
106451,19/07/2026,CUST01051,Alexandria,Laptop,Electronics,Completed,7,26505,0
106452,04/02/2026,CUST01052,Mansoura,Smartphone,Electronics,Completed,8,13630,5
106453,17/09/2026,CUST01053,Tanta,Wireless Mouse,Accessories,Completed,9,427.5,10
106454,02/04/2026,CUST01054,Aswan,Keyboard,Accessories,Completed,10,816,15
106455,15/11/2026,CUST01055,Luxor,Office Chair,Furniture,Completed,11,5044,20
106456,28/06/2026,CUST01056,Port Said,Desk,Furniture,Completed,12,7252,0
106457,13/01/2026,CUST01057,Cairo,Headphones,Electronics,Completed,1,1782,5
106458,26/08/2026,CUST01058,Giza,Monitor,Electronics,Completed,2,9200,10
106459,11/03/2026,CUST01059,Alexandria,Printer,Office Equipment,Completed,3,6868,15
106460,24/10/2026,CUST01060,Mansoura,Notebook Pack,Stationery,Completed,4,244.8,20
106461,09/05/2026,CUST01061,Tanta,Laptop,Electronics,Completed,5,29355,0
106462,22/12/2026,CUST01062,Aswan,Smartphone,Electronics,Completed,6,15080,5
106463,07/07/2026,CUST01063,Luxor,Wireless Mouse,Accessories,Completed,7,472.5,10
106464,20/02/2026,CUST01064,Port Said,Keyboard,Accessories,Completed,8,901,15
106465,05/09/2026,CUST01065,Cairo,Office Chair,Furniture,Completed,9,5564,20
106466,18/04/2026,CUST01066,Giza,Desk,Furniture,Completed,10,7992,0
106467,03/11/2026,CUST01067,Alexandria,Headphones,Electronics,Completed,11,1962,5
106468,16/06/2026,CUST01068,Mansoura,Monitor,Electronics,Completed,12,10120,10
106469,01/01/2026,CUST01069,Tanta,Printer,Office Equipment,Completed,1,6120,15
106470,14/08/2026,CUST01070,Aswan,Notebook Pack,Stationery,Completed,2,218.4,20
106471,27/03/2026,CUST01071,Luxor,Laptop,Electronics,Completed,3,26220,0
106472,12/10/2026,CUST01072,Port Said,Smartphone,Electronics,Completed,4,13485,5
106473,25/05/2026,CUST01073,Cairo,Wireless Mouse,Accessories,Completed,5,423,10
106474,10/12/2026,CUST01074,Giza,Keyboard,Accessories,Completed,6,807.5,15
106475,23/07/2026,CUST01075,Alexandria,Office Chair,Furniture,Completed,7,4992,20
106476,08/02/2026,CUST01076,Mansoura,Desk,Furniture,Completed,8,7178,0
106477,21/09/2026,CUST01077,Tanta,Headphones,Electronics,Completed,9,1764,5
106478,06/04/2026,CUST01078,Aswan, monitor ,Electronics,Completed,10,9108,10
106479,19/11/2026,CUST01079,Luxor,Printer,Office Equipment,Completed,11,6800,15
106480,04/06/2026,CUST01080,Port Said,Notebook Pack,Stationery,Completed,12,242.4,20
106481,17/01/2025,CUST01081,Cairo,Laptop,Electronics,Completed,1,29070,0
106482,02/08/2025,CUST01082,Giza,Smartphone,Electronics,Completed,2,14935,5
106483,15/03/2025,CUST01083,Alexandria,Wireless Mouse,Accessories,Completed,3,468,10
106484,28/10/2025,CUST01084,Mansoura,Keyboard,Accessories,Completed,4,892.5,15
106485,13/05/2025,CUST01085,Tanta,Office Chair,Furniture,Completed,5,5512,20
106486,26/12/2025,CUST01086,Aswan,Desk,Furniture,Completed,6,7918,0
106487,11/07/2025,CUST01087,Luxor,Headphones,Electronics,Completed,7,1944,5
106488,24/02/2025,CUST01088,Port Said,Monitor,Electronics,Completed,8,10028,10
106489,09/09/2025,CUST01089,Cairo,Printer,Office Equipment,Completed,9,7480,15
106490,22/04/2025,CUST01090,Giza,Notebook Pack,Stationery,Completed,10,216,20
106491,07/11/2025,CUST01091,Alexandria,Laptop,Electronics,Completed,11,25935,0
106492,20/06/2025,CUST01092,Mansoura,Smartphone,Electronics,Completed,12,13340,5
106493,05/01/2025,CUST01093,Tanta,Wireless Mouse,Accessories,Completed,1,418.5,10
106494,18/08/2025,CUST01094,Aswan,Keyboard,Accessories,Completed,2,799,15
106495,03/03/2025,CUST01095,Luxor,Office Chair,Furniture,Completed,3,4940,20
106496,16/10/2025,CUST01096,Port Said,Desk,Furniture,Completed,4,7104,0
106497,01/05/2025,CUST01097,Cairo,Headphones,Electronics,Completed,5,1746,5
106498,14/12/2025,CUST01098,Giza,Monitor,Electronics,Completed,6,9016,10
106499,27/07/2025,CUST01099,Alexandria,Printer,Office Equipment,Completed,7,6732,15
106500,12/02/2025,CUST01100,,Notebook Pack,Stationery,Completed,8,240,20
106501,25/09/2025,CUST01101,Tanta,Laptop,Electronics,Completed,9,28785,0
106502,10/04/2025,CUST01102,Aswan,Smartphone,Electronics,Completed,10,14790,5
106503,23/11/2025,CUST01103,Luxor,Wireless Mouse,Accessories,Completed,11,463.5,10
106504,08/06/2025,CUST01104,Port Said,Keyboard,Accessories,Completed,12,884,15
106505,21/01/2025,CUST01105,Cairo,Office Chair,Furniture,Completed,1,5460,20
106506,06/08/2025,CUST01106,Giza,Desk,Furniture,Completed,2,7844,0
106507,19/03/2025,CUST01107,Alexandria,Headphones,Electronics,Completed,3,1926,5
106508,04/10/2025,CUST01108,Mansoura,Monitor,Electronics,Completed,4,9936,10
106509,17/05/2025,CUST01109,Tanta,Printer,Office Equipment,Completed,5,7412,15
106510,02/12/2025,CUST01110,Aswan,Notebook Pack,Stationery,Completed,6,264,20
106511,15/07/2025,CUST01111,Luxor,Laptop,Electronics,Completed,7,25650,0
106512,28/02/2025,CUST01112,Port Said,Smartphone,Electronics,Completed,8,13195,5
106513,13/09/2025,CUST01113,Cairo,Wireless Mouse,Accessories,Completed,9,414,10
106514,26/04/2025,CUST01114,Giza,Keyboard,Accessories,Completed,10,790.5,15
106515,11/11/2025,CUST01115,Alexandria,Office Chair,Furniture,Completed,11,4888,20
106516,24/06/2025,CUST01116,Mansoura,Desk,Furniture,Completed,12,7030,0
106517,09/01/2025,CUST01117,Tanta,Headphones,Electronics,Completed,1,1728,
106518,22/08/2025,CUST01118,Aswan,Monitor,Electronics,Completed,2,8924,10
106519,07/03/2025,CUST01119,Luxor,Printer,Office Equipment,Completed,3,6664,15
106520,20/10/2025,CUST01120,Port Said,Notebook Pack,Stationery,Completed,4,237.6,20
106521,05/05/2025,CUST01121,Cairo,Laptop,Electronics,Completed,5,28500,0
106522,18/12/2025,CUST01122,Giza,Smartphone,Electronics,Completed,6,14645,5
106523,03/07/2025,CUST01123,Alexandria,Wireless Mouse,Accessories,Completed,7,459,10
106524,16/02/2025,CUST01124,Mansoura,Keyboard,Accessories,Completed,8,875.5,15
106525,01/09/2025,CUST01125,Tanta,Office Chair,Furniture,Completed,9,5408,20
106526,14/04/2025,CUST01126,Aswan,Desk,Furniture,Completed,10,7770,0
106527,27/11/2025,CUST01127,Luxor,Headphones,Electronics,Completed,11,1908,5
106528,12/06/2025,CUST01128,Port Said,Monitor,Electronics,Completed,12,9844,10
106529,25/01/2025,CUST01129,Cairo,Printer,Office Equipment,Completed,1,7344,15
106530,10/08/2025,CUST01130,Giza,Notebook Pack,Stationery,Completed,2,261.6,20
106531,23/03/2025,CUST01131,Alexandria,Laptop,Electronics,Completed,3,31350,0
106532,08/10/2025,CUST01132,Mansoura,Smartphone,Electronics,Completed,4,13050,5
106533,21/05/2025,CUST01133,Tanta,Wireless Mouse,Accessories,Completed,5,409.5,10
106534,06/12/2025,CUST01134,Aswan,Keyboard,Accessories,Completed,6,782,15
106535,19/07/2025,CUST01135,Luxor,Office Chair,Furniture,Completed,7,4836,20
106536,04/02/2025,CUST01136,Port Said,Desk,Furniture,Completed,8,6956,0
106537,17/09/2025,CUST01137,Cairo,Headphones,Electronics,Completed,9,1710,5
106538,02/04/2025,CUST01138,Giza,Monitor,Electronics,Completed,10,8832,10
106539,15/11/2025,CUST01139,Alexandria,Printer,Office Equipment,Completed,11,6596,15
106540,28/06/2025,CUST01140,Mansoura,Notebook Pack,Stationery,Completed,12,235.2,20
106541,13/01/2025,CUST01141,Tanta,Laptop,Electronics,Completed,1,28215,0
106542,26/08/2025,CUST01142,Aswan,Smartphone,Electronics,Completed,2,14500,5
106543,11/03/2025,CUST01143,Luxor,Wireless Mouse,Accessories,Completed,3,454.5,10
106544,24/10/2025,CUST01144,Port Said,Keyboard,Accessories,Completed,4,867,15
106545,09/05/2025,CUST01145,Cairo,Office Chair,Furniture,Completed,5,5356,20
106546,22/12/2025,CUST01146,Giza,Desk,Furniture,Completed,6,7696,0
106547,07/07/2025,CUST01147,Alexandria,Headphones,Electronics,Completed,7,1890,5
106548,20/02/2025,CUST01148,Mansoura,Monitor,Electronics,Completed,8,9752,10
106549,05/09/2025,CUST01149,Tanta,Printer,Office Equipment,Completed,9,7276,15
106550,18/04/2025,CUST01150,Aswan,Notebook Pack,Stationery,Completed,10,259.2,20
106551,03/11/2025,CUST01151,Luxor,Laptop,Electronics,Completed,11,31065,0
106552,16/06/2025,CUST01152,Port Said,Smartphone,Electronics,Completed,12,15950,5
106553,01/01/2025,CUST01153,Cairo,Wireless Mouse,Accessories,Completed,1,405,10
106554,14/08/2025,CUST01154,Giza,Keyboard,Accessories,Completed,2,773.5,15
106555,27/03/2025,CUST01155, Alexandria ,Office Chair,Furniture,Completed,3,4784,20
106556,12/10/2025,CUST01156,Mansoura,Desk,Furniture,Completed,4,6882,0
106557,25/05/2025,CUST01157,Tanta,Headphones,electronics,Completed,5,1692,5
106558,10/12/2025,CUST01158,Aswan,Monitor,Electronics,Completed,6,8740,10
106559,23/07/2025,CUST01159,Luxor,Printer,Office Equipment,Completed,7,6528,15
106560,08/02/2025,CUST01160,Port Said,Notebook Pack,Stationery,Completed,8,232.8,20
106561,21/09/2025,CUST01161,Cairo,Laptop,Electronics,Completed,9,27930,0
106562,06/04/2025,CUST01162,Giza,Smartphone,Electronics,Completed,10,14355,5
106563,19/11/2025,CUST01163,Alexandria,Wireless Mouse,Accessories,Completed,11,450,10
106564,04/06/2025,CUST01164,Mansoura,Keyboard,Accessories,Completed,12,858.5,15
106565,17/01/2025,CUST01165,Tanta,Office Chair,Furniture,Completed,1,5304,20
106566,02/08/2025,CUST01166,Aswan,Desk,Furniture,Completed,2,7622,0
106567,15/03/2025,CUST01167,Luxor,Headphones,Electronics,Completed,3,1872,5
106568,28/10/2025,CUST01168,Port Said,Monitor,Electronics,Completed,4,9660,10
106569,13/05/2025,CUST01169,Cairo,Printer,Office Equipment,Completed,5,7208,15
106570,26/12/2025,CUST01170,Giza,Notebook Pack,Stationery,Completed,6,256.8,20
106571,11/07/2025,CUST01171,Alexandria,Laptop,Electronics,Completed,7,30780,0
106572,24/02/2025,CUST01172,Mansoura,Smartphone,Electronics,Completed,8,15805,5
106573,09/09/2025,CUST01173,Tanta,Wireless Mouse,Accessories,Completed,9,495,10
106574,22/04/2025,CUST01174,Aswan,Keyboard,Accessories,Completed,10,765,15
106575,07/11/2025,CUST01175,Luxor,Office Chair,Furniture, completed ,11,4732,20
106576,20/06/2025,CUST01176,Port Said,Desk,Furniture,Completed,12,6808,0
106577,05/01/2025,CUST01177,Cairo,Headphones,Electronics,Completed,1,1674,5
106578,18/08/2025,CUST01178,Giza,Monitor,Electronics,Completed,2,8648,10
106579,03/03/2025,CUST01179,Alexandria,Printer,Office Equipment,Completed,3,6460,15
106580,16/10/2025,CUST01180,Mansoura,Notebook Pack,Stationery,Completed,4,230.4,20
106581,01/05/2025,CUST01181,Tanta,Laptop,Electronics,Completed,5,27645,0
106582,14/12/2025,CUST01182,Aswan,Smartphone,Electronics,Completed,6,14210,5
106583,27/07/2025,CUST01183,Luxor,Wireless Mouse,Accessories,Completed,7,445.5,10
106584,12/02/2025,CUST01184,Port Said,Keyboard,Accessories,Completed,8,850,15
106585,25/09/2025,CUST01185,Cairo,Office Chair,Furniture,Completed,9,5252,20
106586,10/04/2025,CUST01186,Giza,Desk,Furniture,Completed,10,7548,0
106587,23/11/2025,CUST01187,Alexandria,Headphones,Electronics,Completed,11,1854,5
106588,08/06/2025,CUST01188,Mansoura,Monitor,Electronics,Completed,12,9568,10
106589,21/01/2025,CUST01189,Tanta,Printer,Office Equipment,Completed,1,7140,15
106590,06/08/2025,CUST01190,Aswan,Notebook Pack,Stationery,Completed,2,254.4,20
106591,19/03/2025,CUST01191,Luxor,Laptop,Electronics,Completed,3,30495,0
106592,04/10/2025,CUST01192,Port Said,Smartphone,Electronics,Completed,4,15660,5
106593,17/05/2025,CUST01193,Cairo,Wireless Mouse,Accessories,Completed,5,490.5,10
106594,02/12/2025,CUST01194,Giza,Keyboard,Accessories,Completed,6,935,15
106595,15/07/2025,CUST01195,Alexandria,Office Chair,Furniture,Completed,7,4680,20
106596,28/02/2025,CUST01196,Mansoura,Desk,Furniture,Completed,8,6734,0
106597,13/09/2025,CUST01197,,Headphones,Electronics,Completed,9,1656,5
106598,26/04/2025,CUST01198,Aswan,Monitor,Electronics,Completed,10,8556,10
106599,11/11/2025,CUST01199,Luxor,Printer,Office Equipment,Completed,11,6392,15
106600,24/06/2025,CUST01200,Port Said,Notebook Pack,Stationery,Completed,12,228,20
106601,09/01/2025,CUST01201,Cairo,Laptop,Electronics,Completed,1,27360,0
106602,22/08/2025,CUST01202,Giza,Smartphone,Electronics,Completed,2,14065,5
106603,07/03/2025,CUST01203,Alexandria,Wireless Mouse,Accessories,Completed,3,441,10
106604,20/10/2025,CUST01204,Mansoura,Keyboard,Accessories,Completed,4,841.5,15
106605,05/05/2025,CUST01205,Tanta, office chair ,Furniture,Completed,5,5200,20
106606,18/12/2025,CUST01206,Aswan,Desk,Furniture,Completed,6,7474,0
106607,03/07/2025,CUST01207,Luxor,Headphones,Electronics,Completed,7,1836,5
106608,16/02/2025,CUST01208,Port Said,Monitor,Electronics,Completed,8,9476,10
106609,01/09/2025,CUST01209,Cairo,Printer,Office Equipment,Completed,9,7072,15
106610,14/04/2025,CUST01210,Giza,Notebook Pack,Stationery,Completed,10,252,20
106611,27/11/2025,CUST01211,Alexandria,Laptop,Electronics,Completed,11,30210,0
106612,12/06/2025,CUST01212,Mansoura,Smartphone,Electronics,Completed,12,15515,5
106613,25/01/2025,CUST01213,Tanta,Wireless Mouse,Accessories,Completed,1,486,10
106614,10/08/2025,CUST01214,Aswan,Keyboard,Accessories,Completed,2,926.5,15
106615,23/03/2025,CUST01215,Luxor,Office Chair,Furniture,Completed,3,5720,20
106616,08/10/2025,CUST01216,Port Said,Desk,Furniture,Completed,4,6660,0
106617,21/05/2025,CUST01217,Cairo,Headphones,Electronics,Completed,5,1638,5
106618,06/12/2025,CUST01218,Giza,Monitor,Electronics,Completed,6,8464,10
106619,19/07/2025,CUST01219,Alexandria,Printer,Office Equipment,Completed,7,6324,15
106620,04/02/2025,CUST01220,Mansoura,Notebook Pack,Stationery,Completed,8,225.6,20
106621,17/09/2025,CUST01221,Tanta,Laptop,Electronics,Completed,9,27075,0
106622,02/04/2025,CUST01222,Aswan,Smartphone,Electronics,Completed,10,13920,5
106623,15/11/2025,CUST01223,Luxor,Wireless Mouse,Accessories,Completed,11,436.5,10
106624,28/06/2025,CUST01224,Port Said,Keyboard,Accessories,Completed,12,833,15
106625,13/01/2025,CUST01225,Cairo,Office Chair,Furniture,Completed,1,5148,20
106626,26/08/2025,CUST01226,Giza,Desk,Furniture,Completed,2,7400,0
106627,11/03/2025,CUST01227,Alexandria,Headphones,Electronics,Completed,3,1818,5
106628,24/10/2025,CUST01228,Mansoura,Monitor,Electronics,Completed,4,9384,10
106629,09/05/2025,CUST01229,Tanta,Printer,Office Equipment,Completed,5,7004,15
106630,22/12/2025,CUST01230,Aswan,Notebook Pack,Stationery,Completed,6,249.6,20
106631,07/07/2025,CUST01231,Luxor,Laptop,Electronics,Completed,7,29925,0
106632,20/02/2025,CUST01232,Port Said,Smartphone,Electronics,Completed,8,15370,5
106633,05/09/2025,CUST01233,Cairo,Wireless Mouse,Accessories,Completed,9,481.5,10
106634,18/04/2025,CUST01234,Giza,Keyboard,Accessories,Completed,10,918,15
106635,03/11/2025,CUST01235,Alexandria,Office Chair,Furniture,Completed,11,5668,20
106636,16/06/2025,CUST01236,Mansoura,Desk,Furniture,Completed,12,8140,0
106637,01/01/2025,CUST01237,Tanta,Headphones,Electronics,Completed,1,1620,5
106638,14/08/2025,CUST01238,Aswan,Monitor,Electronics,Completed,2,8372,10
106639,27/03/2025,CUST01239,Luxor,Printer,Office Equipment,Completed,3,6256,15
106640,12/10/2025,CUST01240,Port Said,Notebook Pack,Stationery,Completed,4,223.2,20
106641,25/05/2025,CUST01241,Cairo,Laptop,Electronics,Completed,5,26790,0
106642,10/12/2025,CUST01242,Giza,Smartphone,Electronics,Completed,6,13775,5
106643,23/07/2025,CUST01243,Alexandria,Wireless Mouse,Accessories,Completed,7,432,10
106644,08/02/2025,CUST01244,Mansoura,Keyboard,Accessories,Completed,8,824.5,15
106645,21/09/2025,CUST01245,Tanta,Office Chair,Furniture,Completed,9,5096,20
106646,06/04/2025,CUST01246,Aswan,Desk,Furniture,Completed,10,7326,0
106647,19/11/2025,CUST01247,Luxor,Headphones,Electronics,Completed,11,1800,5
106648,04/06/2025,CUST01248,Port Said,Monitor,Electronics,Completed,12,9292,10
106649,17/01/2025,CUST01249,Cairo,Printer,Office Equipment,Completed,1,6936,15
106650,02/08/2025,CUST01250,Giza,Notebook Pack,Stationery,Completed,2,247.2,20
106651,15/03/2025,CUST01251,Alexandria,Laptop,Electronics,Completed,3,29640,0
106652,28/10/2025,CUST01252,Mansoura,Smartphone,Electronics,Completed,4,15225,5
106653,13/05/2025,CUST01253,Tanta,Wireless Mouse,Accessories,Completed,5,477,10
106654,26/12/2025,CUST01254,Aswan,Keyboard,Accessories,Completed,6,909.5,15
106655,11/07/2025,CUST01255,Luxor,Office Chair,Furniture,Completed,7,5616,20
106656,24/02/2025,CUST01256,Port Said,Desk,Furniture,Completed,8,8066,0
106657,09/09/2025,CUST01257,Cairo,Headphones,Electronics,Completed,9,1980,5
106658,22/04/2025,CUST01258,Giza,Monitor,Electronics,Completed,10,8280,10
106659,07/11/2025,CUST01259,Alexandria,Printer,Office Equipment,Completed,11,6188,15
106660,20/06/2025,CUST01260,Mansoura,Notebook Pack,Stationery,Completed,12,220.8,20
106661,05/01/2025,CUST01261,Tanta,Laptop,Electronics,Completed,1,26505,0
106662,18/08/2025,CUST01262,Aswan,Smartphone,Electronics,Completed,2,13630,5
106663,03/03/2025,CUST01263,Luxor,Wireless Mouse,Accessories,Completed,3,427.5,10
106664,16/10/2025,CUST01264,Port Said,Keyboard,Accessories,Completed,4,816,15
106665,01/05/2025,CUST01265,Cairo,Office Chair,Furniture,Completed,5,5044,20
106666,14/12/2025,CUST01266,Giza,Desk,Furniture,Completed,6,7252,0
106667,27/07/2025,CUST01267,Alexandria,Headphones,Electronics,Completed,7,1782,5
106668,12/02/2025,CUST01268, Mansoura ,Monitor,Electronics,Completed,8,9200,10
106669,25/09/2025,CUST01269,Tanta,Printer,Office Equipment,Completed,9,6868,15
106670,10/04/2025,CUST01270,Aswan,Notebook Pack,Stationery,Completed,10,244.8,20
106671,23/11/2025,CUST01271,Luxor,Laptop,Electronics,Completed,11,29355,0
106672,08/06/2025,CUST01272,Port Said,Smartphone,Electronics,Completed,12,15080,5
106673,21/01/2025,CUST01273,Cairo,Wireless Mouse,Accessories,Completed,1,472.5,10
106674,06/08/2025,CUST01274,Giza,Keyboard,Accessories,Completed,2,901,15
106675,19/03/2025,CUST01275,Alexandria,Office Chair,Furniture,Completed,3,5564,20
106676,04/10/2025,CUST01276,Mansoura,Desk,Furniture,Completed,4,7992,0
106677,17/05/2025,CUST01277,Tanta,Headphones,Electronics,Completed,5,1962,5
106678,02/12/2025,CUST01278,Aswan,Monitor,Electronics,Completed,6,10120,10
106679,15/07/2025,CUST01279,Luxor,Printer,Office Equipment,Completed,7,6120,15
106680,28/02/2025,CUST01280,Port Said,Notebook Pack,Stationery,Completed,8,218.4,20
106681,13/09/2025,CUST01281,Cairo,Laptop,Electronics,Completed,9,26220,0
106682,26/04/2025,CUST01282,Giza,Smartphone,Electronics,Completed,10,13485,5
106683,11/11/2025,CUST01283,Alexandria,Wireless Mouse,Accessories,Completed,11,423,10
106684,24/06/2025,CUST01284,Mansoura,Keyboard,Accessories,Completed,12,807.5,15
106685,09/01/2025,CUST01285,Tanta,Office Chair,Furniture,Completed,1,4992,20
106686,22/08/2025,CUST01286,Aswan,Desk,Furniture,Completed,2,7178,0
106687,07/03/2025,CUST01287,Luxor,Headphones,Electronics,Completed,3,1764,5
106688,20/10/2025,CUST01288,Port Said,Monitor,Electronics,Completed,4,9108,10
106689,05/05/2025,CUST01289,Cairo,Printer,Office Equipment,Completed,5,6800,15
106690,18/12/2025,CUST01290,Giza,Notebook Pack,Stationery,Completed,6,242.4,20
106691,03/07/2025,CUST01291,Alexandria,Laptop,Electronics,Completed,7,29070,0
106692,16/02/2025,CUST01292,Mansoura,Smartphone,Electronics,Completed,8,14935,5
106693,01/09/2025,CUST01293,Tanta,Wireless Mouse,Accessories,Completed,9,468,10
106694,14/04/2025,CUST01294,,Keyboard,Accessories,Completed,10,892.5,15
106695,27/11/2025,CUST01295,Luxor,Office Chair,Furniture,Completed,11,5512,20
106696,12/06/2025,CUST01296,Port Said,Desk,Furniture,Completed,12,7918,0
106697,25/01/2025,CUST01297,Cairo,Headphones,Electronics,Completed,1,1944,5
106698,10/08/2025,CUST01298,Giza,Monitor,Electronics,Completed,2,10028,
106699,23/03/2025,CUST01299,Alexandria,Printer,Office Equipment,Completed,3,7480,15
106700,08/10/2025,CUST01300,Mansoura,Notebook Pack,Stationery,Completed,4,216,20
106701,21/05/2025,CUST01301,Tanta,Laptop,Electronics,Completed,5,25935,0
106702,06/12/2025,CUST01302,Aswan,Smartphone,Electronics,Completed,6,13340,5
106703,19/07/2025,CUST01303,Luxor,Wireless Mouse,Accessories,Completed,7,418.5,10
106704,04/02/2025,CUST01304,Port Said,Keyboard,Accessories,Completed,8,799,15
106705,17/09/2025,CUST01305,Cairo,Office Chair,Furniture,Completed,9,4940,20
106706,02/04/2025,CUST01306,Giza,Desk,furniture,Completed,10,7104,0
106707,15/11/2025,CUST01307,Alexandria,Headphones,Electronics,Completed,11,1746,5
106708,28/06/2025,CUST01308,Mansoura,Monitor,Electronics,Completed,12,9016,10
106709,13/01/2025,CUST01309,Tanta,Printer,Office Equipment,Completed,1,6732,15
106710,26/08/2025,CUST01310,Aswan,Notebook Pack,Stationery,Completed,2,240,20
106711,11/03/2025,CUST01311,Luxor,Laptop,Electronics,Completed,3,28785,0
106712,24/10/2025,CUST01312,Port Said,Smartphone,Electronics,Completed,4,14790,5
106713,09/05/2025,CUST01313,Cairo,Wireless Mouse,Accessories,Completed,5,463.5,10
106714,22/12/2025,CUST01314,Giza,Keyboard,Accessories,Completed,6,884,15
106715,07/07/2025,CUST01315,Alexandria,Office Chair,Furniture,Completed,7,5460,20
106716,20/02/2025,CUST01316,Mansoura,Desk,Furniture,Completed,8,7844,0
106717,05/09/2025,CUST01317,Tanta,Headphones,Electronics,Completed,9,1926,5
106718,18/04/2025,CUST01318,Aswan,Monitor,Electronics,Completed,10,9936,10
106719,03/11/2025,CUST01319,Luxor,Printer,Office Equipment,Completed,11,7412,15
106720,16/06/2025,CUST01320,Port Said,Notebook Pack,Stationery,Completed,12,264,20
106721,01/01/2025,CUST01321,Cairo,Laptop,Electronics,Completed,1,25650,0
106722,14/08/2025,CUST01322,Giza,Smartphone,Electronics,Completed,2,13195,5
106723,27/03/2025,CUST01323,Alexandria,Wireless Mouse,Accessories,Completed,3,414,10
106724,12/10/2025,CUST01324,Mansoura,Keyboard,Accessories,Completed,4,790.5,15
106725,25/05/2025,CUST01325,Tanta,Office Chair,Furniture,Completed,5,4888,20
106726,10/12/2025,CUST01326,Aswan,Desk,Furniture,Completed,6,7030,0
106727,23/07/2025,CUST01327,Luxor,Headphones,Electronics,Completed,7,1728,5
106728,08/02/2025,CUST01328,Port Said,Monitor,Electronics,Completed,8,8924,10
106729,21/09/2025,CUST01329,Cairo,Printer,Office Equipment,Completed,9,6664,15
106730,06/04/2025,CUST01330,Giza,Notebook Pack,Stationery,Completed,10,237.6,20
106731,19/11/2025,CUST01331,Alexandria,Laptop,Electronics,Completed,11,28500,0
106732,04/06/2025,CUST01332,Mansoura, smartphone ,Electronics,Completed,12,14645,5
106733,17/01/2025,CUST01333,Tanta,Wireless Mouse,Accessories,Completed,1,459,10
106734,02/08/2025,CUST01334,Aswan,Keyboard,Accessories,Completed,2,875.5,15
106735,15/03/2025,CUST01335,Luxor,Office Chair,Furniture,Completed,3,5408,20
106736,28/10/2025,CUST01336,Port Said,Desk,Furniture,Completed,4,7770,0
106737,13/05/2025,CUST01337,Cairo,Headphones,Electronics,Completed,5,1908,5
106738,26/12/2025,CUST01338,Giza,Monitor,Electronics,Completed,6,9844,10
106739,11/07/2025,CUST01339,Alexandria,Printer,Office Equipment,Completed,7,7344,15
106740,24/02/2025,CUST01340,Mansoura,Notebook Pack,Stationery,Completed,8,261.6,20
106741,09/09/2025,CUST01341,Tanta,Laptop,Electronics,Completed,9,31350,0
106742,22/04/2025,CUST01342,Aswan,Smartphone,Electronics,Completed,10,13050,5
106743,07/11/2025,CUST01343,Luxor,Wireless Mouse,Accessories,Completed,11,409.5,10
106744,20/06/2025,CUST01344,Port Said,Keyboard,Accessories,Completed,12,782,15
106745,05/01/2025,CUST01345,Cairo,Office Chair,Furniture,Completed,1,4836,20
106746,18/08/2025,CUST01346,Giza,Desk,Furniture,Completed,2,6956,0
106747,03/03/2025,CUST01347,Alexandria,Headphones,Electronics,Completed,3,1710,5
106748,16/10/2025,CUST01348,Mansoura,Monitor,Electronics, completed ,4,8832,10
106749,01/05/2025,CUST01349,Tanta,Printer,Office Equipment,Completed,5,6596,15
106750,14/12/2025,CUST01350,Aswan,Notebook Pack,Stationery,Completed,6,235.2,20
106751,27/07/2025,CUST01351,Luxor,Laptop,Electronics,Completed,7,28215,0
106752,12/02/2025,CUST01352,Port Said,Smartphone,Electronics,Completed,8,14500,5
106753,25/09/2025,CUST01353,Cairo,Wireless Mouse,Accessories,Completed,9,454.5,10
106754,10/04/2025,CUST01354,Giza,Keyboard,Accessories,Completed,10,867,15
106755,23/11/2025,CUST01355,Alexandria,Office Chair,Furniture,Completed,11,5356,20
106756,08/06/2025,CUST01356,Mansoura,Desk,Furniture,Completed,12,7696,0
106757,21/01/2025,CUST01357,Tanta,Headphones,Electronics,Completed,1,1890,5
106758,06/08/2025,CUST01358,Aswan,Monitor,Electronics,Completed,2,9752,10
106759,19/03/2025,CUST01359,Luxor,Printer,Office Equipment,Completed,3,7276,15
106760,04/10/2025,CUST01360,Port Said,Notebook Pack,Stationery,Completed,4,259.2,20
106761,17/05/2025,CUST01361,Cairo,Laptop,Electronics,Completed,5,31065,0
106762,02/12/2025,CUST01362,Giza,Smartphone,Electronics,Completed,6,15950,5
106763,15/07/2025,CUST01363,Alexandria,Wireless Mouse,Accessories,Completed,7,405,10
106764,28/02/2025,CUST01364,Mansoura,Keyboard,Accessories,Completed,8,773.5,15
106765,13/09/2025,CUST01365,Tanta,Office Chair,Furniture,Completed,9,4784,20
106766,26/04/2025,CUST01366,Aswan,Desk,Furniture,Completed,10,6882,0
106767,11/11/2025,CUST01367,Luxor,Headphones,Electronics,Completed,11,1692,5
106768,24/06/2025,CUST01368,Port Said,Monitor,Electronics,Completed,12,8740,10
106769,09/01/2025,CUST01369,Cairo,Printer,Office Equipment,Completed,1,6528,15
106770,22/08/2025,CUST01370,Giza,Notebook Pack,Stationery,Completed,2,232.8,20
106771,07/03/2025,CUST01371,Alexandria,Laptop,Electronics,Completed,3,27930,0
106772,20/10/2025,CUST01372,Mansoura,Smartphone,Electronics,Completed,4,14355,5
106773,05/05/2025,CUST01373,Tanta,Wireless Mouse,Accessories,Completed,5,450,10
106774,18/12/2025,CUST01374,Aswan,Keyboard,Accessories,Completed,6,858.5,15
106775,03/07/2025,CUST01375,Luxor,Office Chair,Furniture,Completed,7,5304,20
106776,16/02/2025,CUST01376,Port Said,Desk,Furniture,Completed,8,7622,0
106777,01/09/2025,CUST01377,Cairo,Headphones,Electronics,Completed,9,1872,5
106778,14/04/2025,CUST01378,Giza,Monitor,Electronics,Completed,10,9660,10
106779,27/11/2025,CUST01379,Alexandria,Printer,Office Equipment,Completed,11,7208,15
106780,12/06/2025,CUST01380,Mansoura,Notebook Pack,Stationery,Completed,12,256.8,20
106781,25/01/2025,CUST01381, Tanta ,Laptop,Electronics,Completed,1,30780,0
106782,10/08/2025,CUST01382,Aswan,Smartphone,Electronics,Completed,2,15805,5
106783,23/03/2025,CUST01383,Luxor,Wireless Mouse,Accessories,Completed,3,495,10
106784,08/10/2025,CUST01384,Port Said,Keyboard,Accessories,Completed,4,765,15
106785,21/05/2025,CUST01385,Cairo,Office Chair,Furniture,Completed,5,4732,20
106786,06/12/2025,CUST01386,Giza,Desk,Furniture,Completed,6,6808,0
106787,19/07/2025,CUST01387,Alexandria,Headphones,Electronics,Completed,7,1674,5
106788,04/02/2025,CUST01388,Mansoura,Monitor,Electronics,Completed,8,8648,10
106789,17/09/2025,CUST01389,Tanta,Printer,Office Equipment,Completed,9,6460,15
106790,02/04/2025,CUST01390,Aswan,Notebook Pack,Stationery,Completed,10,230.4,20
106791,15/11/2025,CUST01391,,Laptop,Electronics,Completed,11,27645,0
106792,28/06/2025,CUST01392,Port Said,Smartphone,Electronics,Completed,12,14210,5
106793,13/01/2025,CUST01393,Cairo,Wireless Mouse,Accessories,Completed,1,445.5,10
106794,26/08/2025,CUST01394,Giza,Keyboard,Accessories,Completed,2,850,15
106795,11/03/2025,CUST01395,Alexandria,Office Chair,Furniture,Completed,3,5252,20
106796,24/10/2025,CUST01396,Mansoura,Desk,Furniture,Completed,4,7548,0
106797,09/05/2025,CUST01397,Tanta,Headphones,Electronics,Completed,5,1854,5
106798,22/12/2025,CUST01398,Aswan,Monitor,Electronics,Completed,6,9568,10
106799,07/07/2025,CUST01399,Luxor,Printer,Office Equipment,Completed,7,7140,15
106800,20/02/2025,CUST01400,Port Said,Notebook Pack,Stationery,Completed,8,254.4,20
106801,05/09/2025,CUST01401,Cairo,Laptop,Electronics,Completed,9,30495,0
106802,18/04/2025,CUST01402,Giza,Smartphone,Electronics,Completed,10,15660,5
106803,03/11/2025,CUST01403,Alexandria,Wireless Mouse,Accessories,Completed,11,490.5,10
106804,16/06/2025,CUST01404,Mansoura,Keyboard,Accessories,Completed,12,935,15
106805,01/01/2025,CUST01405,Tanta,Office Chair,Furniture,Completed,1,4680,20
106806,14/08/2025,CUST01406,Aswan,Desk,Furniture,Completed,2,6734,0
106807,27/03/2025,CUST01407,Luxor,Headphones,Electronics,Completed,3,1656,5
106808,12/10/2025,CUST01408,Port Said,Monitor,Electronics,Completed,4,8556,10
106809,25/05/2025,CUST01409,Cairo,Printer,Office Equipment,Completed,5,6392,15
106810,10/12/2025,CUST01410,Giza,Notebook Pack,Stationery,Completed,6,228,20
106811,23/07/2025,CUST01411,Alexandria,Laptop,Electronics,Completed,7,27360,0
106812,08/02/2025,CUST01412,Mansoura,Smartphone,Electronics,Completed,8,14065,5
106813,21/09/2025,CUST01413,Tanta,Wireless Mouse,Accessories,Completed,9,441,10
106814,06/04/2025,CUST01414,Aswan,Keyboard,Accessories,Completed,10,841.5,15
106815,19/11/2025,CUST01415,Luxor,Office Chair,Furniture,Completed,11,5200,20
106816,04/06/2025,CUST01416,Port Said,Desk,Furniture,Completed,12,7474,0
106817,17/01/2025,CUST01417,Cairo,Headphones,Electronics,Completed,1,1836,5
106818,02/08/2025,CUST01418,Giza,Monitor,Electronics,Completed,2,9476,10
106819,15/03/2025,CUST01419,Alexandria,Printer,Office Equipment,Completed,3,7072,15
106820,28/10/2025,CUST01420,Mansoura,Notebook Pack,Stationery,Completed,4,252,20
106821,13/05/2025,CUST01421,Tanta,Laptop,Electronics,Completed,5,30210,0
106822,26/12/2025,CUST01422,Aswan,Smartphone,Electronics,Completed,6,15515,5
106823,11/07/2025,CUST01423,Luxor,Wireless Mouse,Accessories,Completed,7,486,10
106824,24/02/2025,CUST01424,Port Said,Keyboard,Accessories,Completed,8,926.5,15
106825,09/09/2025,CUST01425,Cairo,Office Chair,Furniture,Completed,9,5720,20
106826,22/04/2025,CUST01426,Giza,Desk,Furniture,Completed,10,6660,0
106827,07/11/2025,CUST01427,Alexandria,Headphones,Electronics,Completed,11,1638,5
106828,20/06/2025,CUST01428,Mansoura,Monitor,Electronics,Completed,12,8464,10
106829,05/01/2025,CUST01429,Tanta,Printer,Office Equipment,Completed,1,6324,15
106830,18/08/2025,CUST01430,Aswan,Notebook Pack,Stationery,Completed,2,225.6,20
106831,03/03/2025,CUST01431,Luxor,Laptop,Electronics,Completed,3,27075,0
106832,16/10/2025,CUST01432,Port Said,Smartphone,Electronics,Completed,4,13920,5
106833,01/05/2025,CUST01433,Cairo,Wireless Mouse,Accessories,Completed,5,436.5,10
106834,14/12/2025,CUST01434,Giza,Keyboard,Accessories,Completed,6,833,15
106835,27/07/2025,CUST01435,Alexandria,Office Chair,Furniture,Completed,7,5148,20
106836,12/02/2025,CUST01436,Mansoura,Desk,Furniture,Completed,8,7400,0
106837,25/09/2025,CUST01437,Tanta,Headphones,Electronics,Completed,9,1818,5
106838,10/04/2025,CUST01438,Aswan,Monitor,Electronics,Completed,10,9384,10
106839,23/11/2025,CUST01439,Luxor,Printer,Office Equipment,Completed,11,7004,15
106840,08/06/2025,CUST01440,Port Said,Notebook Pack,Stationery,Completed,12,249.6,20
106841,21/01/2025,CUST01441,Cairo,Laptop,Electronics,Completed,1,29925,0
106842,06/08/2025,CUST01442,Giza,Smartphone,Electronics,Completed,2,15370,5
106843,19/03/2025,CUST01443,Alexandria,Wireless Mouse,Accessories,Completed,3,481.5,10
106844,04/10/2025,CUST01444,Mansoura,Keyboard,Accessories,Completed,4,918,15
106845,17/05/2025,CUST01445,Tanta,Office Chair,Furniture,Completed,5,5668,20
106846,02/12/2026,CUST01446,Aswan,Desk,Furniture,Completed,6,8140,0
106847,15/07/2026,CUST01447,Luxor,Headphones,Electronics,Completed,7,1620,5
106848,28/02/2026,CUST01448,Port Said,Monitor,Electronics,Completed,8,8372,10
106849,13/09/2026,CUST01449,Cairo,Printer,Office Equipment,Completed,9,6256,15
106850,26/04/2026,CUST01450,Giza,Notebook Pack,Stationery,Completed,10,223.2,20
106851,11/11/2026,CUST01451,Alexandria,Laptop,Electronics,Completed,11,26790,0
106852,24/06/2026,CUST01452,Mansoura,Smartphone,Electronics,Completed,12,13775,5
106853,09/01/2026,CUST01453,Tanta,Wireless Mouse,Accessories,Completed,1,432,10
106854,22/08/2026,CUST01454,Aswan,Keyboard,Accessories,Completed,2,824.5,15
106855,07/03/2026,CUST01455,Luxor,Office Chair,furniture,Completed,3,5096,20
106856,20/10/2026,CUST01456,Port Said,Desk,Furniture,Completed,4,7326,0
106857,05/05/2026,CUST01457,Cairo,Headphones,Electronics,Completed,5,1800,5
106858,18/12/2026,CUST01458,Giza,Monitor,Electronics,Completed,6,9292,10
106859,03/07/2026,CUST01459,Alexandria, printer ,Office Equipment,Completed,7,6936,15
106860,16/02/2026,CUST01460,Mansoura,Notebook Pack,Stationery,Completed,8,247.2,20
106861,01/09/2026,CUST01461,Tanta,Laptop,Electronics,Completed,9,29640,0
106862,14/04/2026,CUST01462,Aswan,Smartphone,Electronics,Completed,10,15225,5
106863,27/11/2026,CUST01463,Luxor,Wireless Mouse,Accessories,Completed,11,477,10
106864,12/06/2026,CUST01464,Port Said,Keyboard,Accessories,Completed,12,909.5,15
106865,25/01/2026,CUST01465,Cairo,Office Chair,Furniture,Completed,1,5616,20
106866,10/08/2026,CUST01466,Giza,Desk,Furniture,Completed,2,8066,0
106867,23/03/2026,CUST01467,Alexandria,Headphones,Electronics,Completed,3,1980,5
106868,08/10/2026,CUST01468,Mansoura,Monitor,Electronics,Completed,4,8280,10
106869,21/05/2026,CUST01469,Tanta,Printer,Office Equipment,Completed,5,6188,15
106870,06/12/2026,CUST01470,Aswan,Notebook Pack,Stationery,Completed,6,220.8,20
106871,19/07/2026,CUST01471,Luxor,Laptop,Electronics,Completed,7,26505,0
106872,04/02/2026,CUST01472,Port Said,Smartphone,Electronics,Completed,8,13630,5
106873,17/09/2026,CUST01473,Cairo,Wireless Mouse,Accessories,Completed,9,427.5,10
106874,02/04/2026,CUST01474,Giza,Keyboard,Accessories,Completed,10,816,15
106875,15/11/2026,CUST01475,Alexandria,Office Chair,Furniture,Completed,11,5044,20
106876,28/06/2026,CUST01476,Mansoura,Desk,Furniture,Completed,12,7252,0
106877,13/01/2026,CUST01477,Tanta,Headphones,Electronics,Completed,1,1782,5
106878,26/08/2026,CUST01478,Aswan,Monitor,Electronics,Completed,2,9200,10
106879,11/03/2026,CUST01479,Luxor,Printer,Office Equipment,Completed,3,6868,
106880,24/10/2026,CUST01480,Port Said,Notebook Pack,Stationery,Completed,4,244.8,20
106881,09/05/2026,CUST01481,Cairo,Laptop,Electronics,Completed,5,29355,0
106882,22/12/2026,CUST01482,Giza,Smartphone,Electronics,Completed,6,15080,5
106883,07/07/2026,CUST01483,Alexandria,Wireless Mouse,Accessories,Completed,7,472.5,10
106884,20/02/2026,CUST01484,Mansoura,Keyboard,Accessories,Completed,8,901,15
106885,05/09/2026,CUST01485,Tanta,Office Chair,Furniture,Completed,9,5564,20
106886,18/04/2026,CUST01486,Aswan,Desk,Furniture,Completed,10,7992,0
106887,03/11/2026,CUST01487,Luxor,Headphones,Electronics,Completed,11,1962,5
106888,16/06/2026,CUST01488,,Monitor,Electronics,Completed,12,10120,10
106889,01/01/2026,CUST01489,Cairo,Printer,Office Equipment,Completed,1,6120,15
106890,14/08/2026,CUST01490,Giza,Notebook Pack,Stationery,Completed,2,218.4,20
106891,27/03/2026,CUST01491,Alexandria,Laptop,Electronics,Completed,3,26220,0
106892,12/10/2026,CUST01492,Mansoura,Smartphone,Electronics,Completed,4,13485,5
106893,25/05/2026,CUST01493,Tanta,Wireless Mouse,Accessories,Completed,5,423,10
106894,10/12/2026,CUST01494, Aswan ,Keyboard,Accessories,Completed,6,807.5,15
106895,23/07/2026,CUST01495,Luxor,Office Chair,Furniture,Completed,7,4992,20
106896,08/02/2026,CUST01496,Port Said,Desk,Furniture,Completed,8,7178,0
106897,21/09/2026,CUST01497,Cairo,Headphones,Electronics,Completed,9,1764,5
106898,06/04/2026,CUST01498,Giza,Monitor,Electronics,Completed,10,9108,10
106899,19/11/2026,CUST01499,Alexandria,Printer,Office Equipment,Completed,11,6800,15
106900,04/06/2026,CUST01500,Mansoura,Notebook Pack,Stationery,Completed,12,242.4,20
106901,17/01/2026,CUST01501,Tanta,Laptop,Electronics,Completed,1,29070,0
106902,02/08/2026,CUST01502,Aswan,Smartphone,Electronics,Completed,2,14935,5
106903,15/03/2026,CUST01503,Luxor,Wireless Mouse,Accessories,Completed,3,468,10
106904,28/10/2026,CUST01504,Port Said,Keyboard,Accessories,Completed,4,892.5,15
106905,13/05/2026,CUST01505,Cairo,Office Chair,Furniture,Completed,5,5512,20
106906,26/12/2026,CUST01506,Giza,Desk,Furniture,Completed,6,7918,0
106907,11/07/2026,CUST01507,Alexandria,Headphones,Electronics,Completed,7,1944,5
106908,24/02/2026,CUST01508,Mansoura,Monitor,Electronics,Completed,8,10028,10
106909,09/09/2026,CUST01509,Tanta,Printer,Office Equipment,Completed,9,7480,15
106910,22/04/2026,CUST01510,Aswan,Notebook Pack,Stationery,Completed,10,216,20
106911,07/11/2026,CUST01511,Luxor,Laptop,Electronics,Completed,11,25935,0
106912,20/06/2026,CUST01512,Port Said,Smartphone,Electronics,Completed,12,13340,5
106913,05/01/2026,CUST01513,Cairo,Wireless Mouse,Accessories,Completed,1,418.5,10
106914,18/08/2026,CUST01514,Giza,Keyboard,Accessories,Completed,2,799,15
106915,03/03/2026,CUST01515,Alexandria,Office Chair,Furniture,Completed,3,4940,20
106916,16/10/2026,CUST01516,Mansoura,Desk,Furniture,Completed,4,7104,0
106917,01/05/2026,CUST01517,Tanta,Headphones,Electronics,Completed,5,1746,5
106918,14/12/2026,CUST01518,Aswan,Monitor,Electronics,Completed,6,9016,10
106919,27/07/2026,CUST01519,Luxor,Printer,Office Equipment,Completed,7,6732,15
106920,12/02/2026,CUST01520,Port Said,Notebook Pack,Stationery,Completed,8,240,20
106921,25/09/2026,CUST01521,Cairo,Laptop,Electronics, completed ,9,28785,0
106922,10/04/2026,CUST01522,Giza,Smartphone,Electronics,Completed,10,14790,5
106923,23/11/2026,CUST01523,Alexandria,Wireless Mouse,Accessories,Completed,11,463.5,10
106924,08/06/2026,CUST01524,Mansoura,Keyboard,Accessories,Completed,12,884,15
106925,21/01/2026,CUST01525,Tanta,Office Chair,Furniture,Completed,1,5460,20
106926,06/08/2026,CUST01526,Aswan,Desk,Furniture,Completed,2,7844,0
106927,19/03/2026,CUST01527,Luxor,Headphones,Electronics,Completed,3,1926,5
106928,04/10/2026,CUST01528,Port Said,Monitor,Electronics,Completed,4,9936,10
106929,17/05/2026,CUST01529,Cairo,Printer,Office Equipment,Completed,5,7412,15
106930,02/12/2026,CUST01530,Giza,Notebook Pack,Stationery,Completed,6,264,20
106931,15/07/2026,CUST01531,Alexandria,Laptop,Electronics,Completed,7,25650,0
106932,28/02/2026,CUST01532,Mansoura,Smartphone,Electronics,Completed,8,13195,5
106933,13/09/2026,CUST01533,Tanta,Wireless Mouse,Accessories,Completed,9,414,10
106934,26/04/2026,CUST01534,Aswan,Keyboard,Accessories,Completed,10,790.5,15
106935,11/11/2026,CUST01535,Luxor,Office Chair,Furniture,Completed,11,4888,20
106936,24/06/2026,CUST01536,Port Said,Desk,Furniture,Completed,12,7030,0
106937,09/01/2026,CUST01537,Cairo,Headphones,Electronics,Completed,1,1728,5
106938,22/08/2026,CUST01538,Giza,Monitor,Electronics,Completed,2,8924,10
106939,07/03/2026,CUST01539,Alexandria,Printer,Office Equipment,Completed,3,6664,15
106940,20/10/2026,CUST01540,Mansoura,Notebook Pack,Stationery,Completed,4,237.6,20
106941,05/05/2026,CUST01541,Tanta,Laptop,Electronics,Completed,5,28500,0
106942,18/12/2026,CUST01542,Aswan,Smartphone,Electronics,Completed,6,14645,5
106943,03/07/2026,CUST01543,Luxor,Wireless Mouse,Accessories,Completed,7,459,10
106944,16/02/2026,CUST01544,Port Said,Keyboard,Accessories,Completed,8,875.5,15
106945,01/09/2026,CUST01545,Cairo,Office Chair,Furniture,Completed,9,5408,20
106946,14/04/2026,CUST01546,Giza,Desk,Furniture,Completed,10,7770,0
106947,27/11/2026,CUST01547,Alexandria,Headphones,Electronics,Completed,11,1908,5
106948,12/06/2026,CUST01548,Mansoura,Monitor,Electronics,Completed,12,9844,10
106949,25/01/2026,CUST01549,Tanta,Printer,Office Equipment,Completed,1,7344,15
106950,10/08/2026,CUST01550,Aswan,Notebook Pack,Stationery,Completed,2,261.6,20
106951,23/03/2026,CUST01551,Luxor,Laptop,Electronics,Completed,3,31350,0
106952,08/10/2026,CUST01552,Port Said,Smartphone,Electronics,Completed,4,13050,5
106953,21/05/2026,CUST01553,Cairo,Wireless Mouse,Accessories,Completed,5,409.5,10
106954,06/12/2026,CUST01554,Giza,Keyboard,Accessories,Completed,6,782,15
106955,19/07/2026,CUST01555,Alexandria,Office Chair,Furniture,Completed,7,4836,20
106956,04/02/2026,CUST01556,Mansoura,Desk,Furniture,Completed,8,6956,0
106957,17/09/2026,CUST01557,Tanta,Headphones,Electronics,Completed,9,1710,5
106958,02/04/2026,CUST01558,Aswan,Monitor,Electronics,Completed,10,8832,10
106959,15/11/2026,CUST01559,Luxor,Printer,Office Equipment,Completed,11,6596,15
106960,28/06/2026,CUST01560,Port Said,Notebook Pack,Stationery,Completed,12,235.2,20
106961,13/01/2026,CUST01561,Cairo,Laptop,Electronics,Completed,1,28215,0
106962,26/08/2026,CUST01562,Giza,Smartphone,Electronics,Completed,2,14500,5
106963,11/03/2026,CUST01563,Alexandria,Wireless Mouse,Accessories,Completed,3,454.5,10
106964,24/10/2026,CUST01564,Mansoura,Keyboard,Accessories,Completed,4,867,15
106965,09/05/2026,CUST01565,Tanta,Office Chair,Furniture,Completed,5,5356,20
106966,22/12/2026,CUST01566,Aswan,Desk,Furniture,Completed,6,7696,0
106967,07/07/2026,CUST01567,Luxor,Headphones,Electronics,Completed,7,1890,5
106968,20/02/2026,CUST01568,Port Said,Monitor,Electronics,Completed,8,9752,10
106969,05/09/2026,CUST01569,Cairo,Printer,Office Equipment,Completed,9,7276,15
106970,18/04/2026,CUST01570,Giza,Notebook Pack,Stationery,Completed,10,259.2,20
106971,03/11/2026,CUST01571,Alexandria,Laptop,Electronics,Completed,11,31065,0
106972,16/06/2026,CUST01572,Mansoura,Smartphone,Electronics,Completed,12,15950,5
106973,01/01/2026,CUST01573,Tanta,Wireless Mouse,Accessories,Completed,1,405,10
106974,14/08/2026,CUST01574,Aswan,Keyboard,Accessories,Completed,2,773.5,15
106975,27/03/2026,CUST01575,Luxor,Office Chair,Furniture,Completed,3,4784,20
106976,12/10/2026,CUST01576,Port Said,Desk,Furniture,Completed,4,6882,0
106977,25/05/2026,CUST01577,Cairo,Headphones,Electronics,Completed,5,1692,5
106978,10/12/2026,CUST01578,Giza,Monitor,Electronics,Completed,6,8740,10
106979,23/07/2026,CUST01579,Alexandria,Printer,Office Equipment,Completed,7,6528,15
106980,08/02/2026,CUST01580,Mansoura,Notebook Pack,Stationery,Completed,8,232.8,20
106981,21/09/2026,CUST01581,Tanta,Laptop,Electronics,Completed,9,27930,0
106982,06/04/2026,CUST01582,Aswan,Smartphone,Electronics,Completed,10,14355,5
106983,19/11/2026,CUST01583,Luxor,Wireless Mouse,Accessories,Completed,11,450,10
106984,04/06/2026,CUST01584,Port Said,Keyboard,Accessories,Completed,12,858.5,15
106985,17/01/2026,CUST01585,,Office Chair,Furniture,Completed,1,5304,20
106986,02/08/2026,CUST01586,Giza, desk ,Furniture,Completed,2,7622,0
106987,15/03/2026,CUST01587,Alexandria,Headphones,Electronics,Completed,3,1872,5
106988,28/10/2026,CUST01588,Mansoura,Monitor,Electronics,Completed,4,9660,10
106989,13/05/2026,CUST01589,Tanta,Printer,Office Equipment,Completed,5,7208,15
106990,26/12/2026,CUST01590,Aswan,Notebook Pack,Stationery,Completed,6,256.8,20
106991,11/07/2026,CUST01591,Luxor,Laptop,Electronics,Completed,7,30780,0
106992,24/02/2026,CUST01592,Port Said,Smartphone,Electronics,Completed,8,15805,5
106993,09/09/2026,CUST01593,Cairo,Wireless Mouse,Accessories,Completed,9,495,10
106994,22/04/2026,CUST01594,Giza,Keyboard,Accessories,Completed,10,765,15
106995,07/11/2026,CUST01595,Alexandria,Office Chair,Furniture,Completed,11,4732,20
106996,20/06/2026,CUST01596,Mansoura,Desk,Furniture,Completed,12,6808,0
106997,05/01/2026,CUST01597,Tanta,Headphones,Electronics,Completed,1,1674,5
106998,18/08/2026,CUST01598,Aswan,Monitor,Electronics,Completed,2,8648,10
106999,03/03/2026,CUST01599,Luxor,Printer,Office Equipment,Completed,3,6460,15
107000,16/10/2026,CUST01600,Port Said,Notebook Pack,Stationery,Completed,4,230.4,20
107001,01/05/2026,CUST01601,Cairo,Laptop,Electronics,Completed,5,27645,0
107002,14/12/2026,CUST01602,Giza,Smartphone,Electronics,Completed,6,14210,5
107003,27/07/2026,CUST01603,Alexandria,Wireless Mouse,Accessories,Completed,7,445.5,10
107004,12/02/2026,CUST01604,Mansoura,Keyboard,accessories,Completed,8,850,15
107005,25/09/2026,CUST01605,Tanta,Office Chair,Furniture,Completed,9,5252,20
107006,10/04/2026,CUST01606,Aswan,Desk,Furniture,Completed,10,7548,0
107007,23/11/2026,CUST01607, Luxor ,Headphones,Electronics,Completed,11,1854,5
107008,08/06/2026,CUST01608,Port Said,Monitor,Electronics,Completed,12,9568,10
107009,21/01/2026,CUST01609,Cairo,Printer,Office Equipment,Completed,1,7140,15
107010,06/08/2026,CUST01610,Giza,Notebook Pack,Stationery,Completed,2,254.4,20
107011,19/03/2026,CUST01611,Alexandria,Laptop,Electronics,Completed,3,30495,0
107012,04/10/2026,CUST01612,Mansoura,Smartphone,Electronics,Completed,4,15660,5
107013,17/05/2026,CUST01613,Tanta,Wireless Mouse,Accessories,Completed,5,490.5,10
107014,02/12/2026,CUST01614,Aswan,Keyboard,Accessories,Completed,6,935,15
107015,15/07/2026,CUST01615,Luxor,Office Chair,Furniture,Completed,7,4680,20
107016,28/02/2026,CUST01616,Port Said,Desk,Furniture,Completed,8,6734,0
107017,13/09/2026,CUST01617,Cairo,Headphones,Electronics,Completed,9,1656,5
107018,26/04/2026,CUST01618,Giza,Monitor,Electronics,Completed,10,8556,10
107019,11/11/2026,CUST01619,Alexandria,Printer,Office Equipment,Completed,11,6392,15
107020,24/06/2026,CUST01620,Mansoura,Notebook Pack,Stationery,Completed,12,228,20
107021,09/01/2025,CUST01621,Tanta,Laptop,Electronics,Completed,1,27360,0
107022,22/08/2025,CUST01622,Aswan,Smartphone,Electronics,Completed,2,14065,5
107023,07/03/2025,CUST01623,Luxor,Wireless Mouse,Accessories,Completed,3,441,10
107024,20/10/2025,CUST01624,Port Said,Keyboard,Accessories,Completed,4,841.5,15
107025,05/05/2025,CUST01625,Cairo,Office Chair,Furniture,Completed,5,5200,20
107026,18/12/2025,CUST01626,Giza,Desk,Furniture,Completed,6,7474,0
107027,03/07/2025,CUST01627,Alexandria,Headphones,Electronics,Completed,7,1836,5
107028,16/02/2025,CUST01628,Mansoura,Monitor,Electronics,Completed,8,9476,10
107029,01/09/2025,CUST01629,Tanta,Printer,Office Equipment,Completed,9,7072,15
107030,14/04/2025,CUST01630,Aswan,Notebook Pack,Stationery,Completed,10,252,20
107031,27/11/2025,CUST01631,Luxor,Laptop,Electronics,Completed,11,30210,0
107032,12/06/2025,CUST01632,Port Said,Smartphone,Electronics,Completed,12,15515,5
107033,25/01/2025,CUST01633,Cairo,Wireless Mouse,Accessories,Completed,1,486,10
107034,10/08/2025,CUST01634,Giza,Keyboard,Accessories,Completed,2,926.5,15
107035,23/03/2025,CUST01635,Alexandria,Office Chair,Furniture,Completed,3,5720,20
107036,08/10/2025,CUST01636,Mansoura,Desk,Furniture,Completed,4,6660,0
107037,21/05/2025,CUST01637,Tanta,Headphones,Electronics,Completed,5,1638,5
107038,06/12/2025,CUST01638,Aswan,Monitor,Electronics,Completed,6,8464,10
107039,19/07/2025,CUST01639,Luxor,Printer,Office Equipment,Completed,7,6324,15
107040,04/02/2025,CUST01640,Port Said,Notebook Pack,Stationery,Completed,8,225.6,20
107041,17/09/2025,CUST01641,Cairo,Laptop,Electronics,Completed,9,27075,0
107042,02/04/2025,CUST01642,Giza,Smartphone,Electronics,Completed,10,13920,5
107043,15/11/2025,CUST01643,Alexandria,Wireless Mouse,Accessories,Completed,11,436.5,10
107044,28/06/2025,CUST01644,Mansoura,Keyboard,Accessories,Completed,12,833,15
107045,13/01/2025,CUST01645,Tanta,Office Chair,Furniture,Completed,1,5148,20
107046,26/08/2025,CUST01646,Aswan,Desk,Furniture,Completed,2,7400,0
107047,11/03/2025,CUST01647,Luxor,Headphones,Electronics,Completed,3,1818,5
107048,24/10/2025,CUST01648,Port Said,Monitor,Electronics,Completed,4,9384,10
107049,09/05/2025,CUST01649,Cairo,Printer,Office Equipment,Completed,5,7004,15
107050,22/12/2025,CUST01650,Giza,Notebook Pack,Stationery,Completed,6,249.6,20
107051,07/07/2025,CUST01651,Alexandria,Laptop,Electronics,Completed,7,29925,0
107052,20/02/2025,CUST01652,Mansoura,Smartphone,Electronics,Completed,8,15370,5
107053,05/09/2025,CUST01653,Tanta,Wireless Mouse,Accessories,Completed,9,481.5,10
107054,18/04/2025,CUST01654,Aswan,Keyboard,Accessories,Completed,10,918,15
107055,03/11/2025,CUST01655,Luxor,Office Chair,Furniture,Completed,11,5668,20
107056,16/06/2025,CUST01656,Port Said,Desk,Furniture,Completed,12,8140,0
107057,01/01/2025,CUST01657,Cairo,Headphones,Electronics,Completed,1,1620,5
107058,14/08/2025,CUST01658,Giza,Monitor,Electronics,Completed,2,8372,10
107059,27/03/2025,CUST01659,Alexandria,Printer,Office Equipment,Completed,3,6256,15
107060,12/10/2025,CUST01660,Mansoura,Notebook Pack,Stationery,Completed,4,223.2,
107061,25/05/2025,CUST01661,Tanta,Laptop,Electronics,Completed,5,26790,0
107062,10/12/2025,CUST01662,Aswan,Smartphone,Electronics,Completed,6,13775,5
107063,23/07/2025,CUST01663,Luxor,Wireless Mouse,Accessories,Completed,7,432,10
107064,08/02/2025,CUST01664,Port Said,Keyboard,Accessories,Completed,8,824.5,15
107065,21/09/2025,CUST01665,Cairo,Office Chair,Furniture,Completed,9,5096,20
107066,06/04/2025,CUST01666,Giza,Desk,Furniture,Completed,10,7326,0
107067,19/11/2025,CUST01667,Alexandria,Headphones,Electronics,Completed,11,1800,5
107068,04/06/2025,CUST01668,Mansoura,Monitor,Electronics,Completed,12,9292,10
107069,17/01/2025,CUST01669,Tanta,Printer,Office Equipment,Completed,1,6936,15
107070,02/08/2025,CUST01670,Aswan,Notebook Pack,Stationery,Completed,2,247.2,20
107071,15/03/2025,CUST01671,Luxor,Laptop,Electronics,Completed,3,29640,0
107072,28/10/2025,CUST01672,Port Said,Smartphone,Electronics,Completed,4,15225,5
107073,13/05/2025,CUST01673,Cairo,Wireless Mouse,Accessories,Completed,5,477,10
107074,26/12/2025,CUST01674,Giza,Keyboard,Accessories,Completed,6,909.5,15
107075,11/07/2025,CUST01675,Alexandria,Office Chair,Furniture,Completed,7,5616,20
107076,24/02/2025,CUST01676,Mansoura,Desk,Furniture,Completed,8,8066,0
107077,09/09/2025,CUST01677,Tanta,Headphones,Electronics,Completed,9,1980,5
107078,22/04/2025,CUST01678,Aswan,Monitor,Electronics,Completed,10,8280,10
107079,07/11/2025,CUST01679,Luxor,Printer,Office Equipment,Completed,11,6188,15
107080,20/06/2025,CUST01680,Port Said,Notebook Pack,Stationery,Completed,12,220.8,20
107081,05/01/2025,CUST01681,Cairo,Laptop,Electronics,Completed,1,26505,0
107082,18/08/2025,CUST01682,,Smartphone,Electronics,Completed,2,13630,5
107083,03/03/2025,CUST01683,Alexandria,Wireless Mouse,Accessories,Completed,3,427.5,10
107084,16/10/2025,CUST01684,Mansoura,Keyboard,Accessories,Completed,4,816,15
107085,01/05/2025,CUST01685,Tanta,Office Chair,Furniture,Completed,5,5044,20
107086,14/12/2025,CUST01686,Aswan,Desk,Furniture,Completed,6,7252,0
107087,27/07/2025,CUST01687,Luxor,Headphones,Electronics,Completed,7,1782,5
107088,12/02/2025,CUST01688,Port Said,Monitor,Electronics,Completed,8,9200,10
107089,25/09/2025,CUST01689,Cairo,Printer,Office Equipment,Completed,9,6868,15
107090,10/04/2025,CUST01690,Giza,Notebook Pack,Stationery,Completed,10,244.8,20
107091,23/11/2025,CUST01691,Alexandria,Laptop,Electronics,Completed,11,29355,0
107092,08/06/2025,CUST01692,Mansoura,Smartphone,Electronics,Completed,12,15080,5
107093,21/01/2025,CUST01693,Tanta,Wireless Mouse,Accessories,Completed,1,472.5,10
107094,06/08/2025,CUST01694,Aswan,Keyboard,Accessories, completed ,2,901,15
107095,19/03/2025,CUST01695,Luxor,Office Chair,Furniture,Completed,3,5564,20
107096,04/10/2025,CUST01696,Port Said,Desk,Furniture,Completed,4,7992,0
107097,17/05/2025,CUST01697,Cairo,Headphones,Electronics,Completed,5,1962,5
107098,02/12/2025,CUST01698,Giza,Monitor,Electronics,Completed,6,10120,10
107099,15/07/2025,CUST01699,Alexandria,Printer,Office Equipment,Completed,7,6120,15
107100,28/02/2025,CUST01700,Mansoura,Notebook Pack,Stationery,Completed,8,218.4,20
107101,13/09/2025,CUST01701,Tanta,Laptop,Electronics,Completed,9,26220,0
107102,26/04/2025,CUST01702,Aswan,Smartphone,Electronics,Completed,10,13485,5
107103,11/11/2025,CUST01703,Luxor,Wireless Mouse,Accessories,Completed,11,423,10
107104,24/06/2025,CUST01704,Port Said,Keyboard,Accessories,Completed,12,807.5,15
107105,09/01/2025,CUST01705,Cairo,Office Chair,Furniture,Completed,1,4992,20
107106,22/08/2025,CUST01706,Giza,Desk,Furniture,Completed,2,7178,0
107107,07/03/2025,CUST01707,Alexandria,Headphones,Electronics,Completed,3,1764,5
107108,20/10/2025,CUST01708,Mansoura,Monitor,Electronics,Completed,4,9108,10
107109,05/05/2025,CUST01709,Tanta,Printer,Office Equipment,Completed,5,6800,15
107110,18/12/2025,CUST01710,Aswan,Notebook Pack,Stationery,Completed,6,242.4,20
107111,03/07/2025,CUST01711,Luxor,Laptop,Electronics,Completed,7,29070,0
107112,16/02/2025,CUST01712,Port Said,Smartphone,Electronics,Completed,8,14935,5
107113,01/09/2025,CUST01713,Cairo, wireless mouse ,Accessories,Completed,9,468,10
107114,14/04/2025,CUST01714,Giza,Keyboard,Accessories,Completed,10,892.5,15
107115,27/11/2025,CUST01715,Alexandria,Office Chair,Furniture,Completed,11,5512,20
107116,12/06/2025,CUST01716,Mansoura,Desk,Furniture,Completed,12,7918,0
107117,25/01/2025,CUST01717,Tanta,Headphones,Electronics,Completed,1,1944,5
107118,10/08/2025,CUST01718,Aswan,Monitor,Electronics,Completed,2,10028,10
107119,23/03/2025,CUST01719,Luxor,Printer,Office Equipment,Completed,3,7480,15
107120,08/10/2025,CUST01720, Port Said ,Notebook Pack,Stationery,Completed,4,216,20
107121,21/05/2025,CUST01721,Cairo,Laptop,Electronics,Completed,5,25935,0
107122,06/12/2025,CUST01722,Giza,Smartphone,Electronics,Completed,6,13340,5
107123,19/07/2025,CUST01723,Alexandria,Wireless Mouse,Accessories,Completed,7,418.5,10
107124,04/02/2025,CUST01724,Mansoura,Keyboard,Accessories,Completed,8,799,15
107125,17/09/2025,CUST01725,Tanta,Office Chair,Furniture,Completed,9,4940,20
107126,02/04/2025,CUST01726,Aswan,Desk,Furniture,Completed,10,7104,0
107127,15/11/2025,CUST01727,Luxor,Headphones,Electronics,Completed,11,1746,5
107128,28/06/2025,CUST01728,Port Said,Monitor,Electronics,Completed,12,9016,10
107129,13/01/2025,CUST01729,Cairo,Printer,Office Equipment,Completed,1,6732,15
107130,26/08/2025,CUST01730,Giza,Notebook Pack,Stationery,Completed,2,240,20
107131,11/03/2025,CUST01731,Alexandria,Laptop,Electronics,Completed,3,28785,0
107132,24/10/2025,CUST01732,Mansoura,Smartphone,Electronics,Completed,4,14790,5
107133,09/05/2025,CUST01733,Tanta,Wireless Mouse,Accessories,Completed,5,463.5,10
107134,22/12/2025,CUST01734,Aswan,Keyboard,Accessories,Completed,6,884,15
107135,07/07/2025,CUST01735,Luxor,Office Chair,Furniture,Completed,7,5460,20
107136,20/02/2025,CUST01736,Port Said,Desk,Furniture,Completed,8,7844,0
107137,05/09/2025,CUST01737,Cairo,Headphones,Electronics,Completed,9,1926,5
107138,18/04/2025,CUST01738,Giza,Monitor,Electronics,Completed,10,9936,10
107139,03/11/2025,CUST01739,Alexandria,Printer,Office Equipment,Completed,11,7412,15
107140,16/06/2025,CUST01740,Mansoura,Notebook Pack,Stationery,Completed,12,264,20
107141,01/01/2025,CUST01741,Tanta,Laptop,Electronics,Completed,1,25650,0
107142,14/08/2025,CUST01742,Aswan,Smartphone,Electronics,Completed,2,13195,5
107143,27/03/2025,CUST01743,Luxor,Wireless Mouse,Accessories,Completed,3,414,10
107144,12/10/2025,CUST01744,Port Said,Keyboard,Accessories,Completed,4,790.5,15
107145,25/05/2025,CUST01745,Cairo,Office Chair,Furniture,Completed,5,4888,20
107146,10/12/2025,CUST01746,Giza,Desk,Furniture,Completed,6,7030,0
107147,23/07/2025,CUST01747,Alexandria,Headphones,Electronics,Completed,7,1728,5
107148,08/02/2025,CUST01748,Mansoura,Monitor,Electronics,Completed,8,8924,10
107149,21/09/2025,CUST01749,Tanta,Printer,Office Equipment,Completed,9,6664,15
107150,06/04/2025,CUST01750,Aswan,Notebook Pack,Stationery,Completed,10,237.6,20
107151,19/11/2025,CUST01751,Luxor,Laptop,Electronics,Completed,11,28500,0
107152,04/06/2025,CUST01752,Port Said,Smartphone,Electronics,Completed,12,14645,5
107153,17/01/2025,CUST01753,Cairo,Wireless Mouse,accessories,Completed,1,459,10
107154,02/08/2025,CUST01754,Giza,Keyboard,Accessories,Completed,2,875.5,15
107155,15/03/2025,CUST01755,Alexandria,Office Chair,Furniture,Completed,3,5408,20
107156,28/10/2025,CUST01756,Mansoura,Desk,Furniture,Completed,4,7770,0
107157,13/05/2025,CUST01757,Tanta,Headphones,Electronics,Completed,5,1908,5
107158,26/12/2025,CUST01758,Aswan,Monitor,Electronics,Completed,6,9844,10
107159,11/07/2025,CUST01759,Luxor,Printer,Office Equipment,Completed,7,7344,15
107160,24/02/2025,CUST01760,Port Said,Notebook Pack,Stationery,Completed,8,261.6,20
107161,09/09/2025,CUST01761,Cairo,Laptop,Electronics,Completed,9,31350,0
107162,22/04/2025,CUST01762,Giza,Smartphone,Electronics,Completed,10,13050,5
107163,07/11/2025,CUST01763,Alexandria,Wireless Mouse,Accessories,Completed,11,409.5,10
107164,20/06/2025,CUST01764,Mansoura,Keyboard,Accessories,Completed,12,782,15
107165,05/01/2025,CUST01765,Tanta,Office Chair,Furniture,Completed,1,4836,20
107166,18/08/2025,CUST01766,Aswan,Desk,Furniture,Completed,2,6956,0
107167,03/03/2025,CUST01767,Luxor,Headphones,Electronics,Completed,3,1710,5
107168,16/10/2025,CUST01768,Port Said,Monitor,Electronics,Completed,4,8832,10
107169,01/05/2025,CUST01769,Cairo,Printer,Office Equipment,Completed,5,6596,15
107170,14/12/2025,CUST01770,Giza,Notebook Pack,Stationery,Completed,6,235.2,20
107171,27/07/2025,CUST01771,Alexandria,Laptop,Electronics,Completed,7,28215,0
107172,12/02/2025,CUST01772,Mansoura,Smartphone,Electronics,Completed,8,14500,5
107173,25/09/2025,CUST01773,Tanta,Wireless Mouse,Accessories,Completed,9,454.5,10
107174,10/04/2025,CUST01774,Aswan,Keyboard,Accessories,Completed,10,867,15
107175,23/11/2025,CUST01775,Luxor,Office Chair,Furniture,Completed,11,5356,20
107176,08/06/2025,CUST01776,Port Said,Desk,Furniture,Completed,12,7696,0
107177,21/01/2025,CUST01777,Cairo,Headphones,Electronics,Completed,1,1890,5
107178,06/08/2025,CUST01778,Giza,Monitor,Electronics,Completed,2,9752,10
107179,19/03/2025,CUST01779,,Printer,Office Equipment,Completed,3,7276,15
107180,04/10/2025,CUST01780,Mansoura,Notebook Pack,Stationery,Completed,4,259.2,20
107181,17/05/2025,CUST01781,Tanta,Laptop,Electronics,Completed,5,31065,0
107182,02/12/2025,CUST01782,Aswan,Smartphone,Electronics,Completed,6,15950,5
107183,15/07/2025,CUST01783,Luxor,Wireless Mouse,Accessories,Completed,7,405,10
107184,28/02/2025,CUST01784,Port Said,Keyboard,Accessories,Completed,8,773.5,15
107185,13/09/2025,CUST01785,Cairo,Office Chair,Furniture,Completed,9,4784,20
107186,26/04/2025,CUST01786,Giza,Desk,Furniture,Completed,10,6882,0
107187,11/11/2025,CUST01787,Alexandria,Headphones,Electronics,Completed,11,1692,5
107188,24/06/2025,CUST01788,Mansoura,Monitor,Electronics,Completed,12,8740,10
107189,09/01/2025,CUST01789,Tanta,Printer,Office Equipment,Completed,1,6528,15
107190,22/08/2025,CUST01790,Aswan,Notebook Pack,Stationery,Completed,2,232.8,20
107191,07/03/2025,CUST01791,Luxor,Laptop,Electronics,Completed,3,27930,0
107192,20/10/2025,CUST01792,Port Said,Smartphone,Electronics,Completed,4,14355,5
107193,05/05/2025,CUST01793,Cairo,Wireless Mouse,Accessories,Completed,5,450,10
107194,18/12/2025,CUST01794,Giza,Keyboard,Accessories,Completed,6,858.5,15
107195,03/07/2025,CUST01795,Alexandria,Office Chair,Furniture,Completed,7,5304,20
107196,16/02/2025,CUST01796,Mansoura,Desk,Furniture,Completed,8,7622,0
107197,01/09/2025,CUST01797,Tanta,Headphones,Electronics,Completed,9,1872,5
107198,14/04/2025,CUST01798,Aswan,Monitor,Electronics,Completed,10,9660,10
107199,27/11/2025,CUST01799,Luxor,Printer,Office Equipment,Completed,11,7208,15
107200,12/06/2025,CUST01800,Port Said,Notebook Pack,Stationery,Completed,12,256.8,20
107201,25/01/2025,CUST00001,Cairo,Laptop,Electronics,Completed,1,30780,0
107202,10/08/2025,CUST00002,Giza,Smartphone,Electronics,Completed,2,15805,5
107203,23/03/2025,CUST00003,Alexandria,Wireless Mouse,Accessories,Completed,3,495,10
107204,08/10/2025,CUST00004,Mansoura,Keyboard,Accessories,Completed,4,765,15
107205,21/05/2025,CUST00005,Tanta,Office Chair,Furniture,Completed,5,4732,20
107206,06/12/2025,CUST00006,Aswan,Desk,Furniture,Completed,6,6808,0
107207,19/07/2025,CUST00007,Luxor,Headphones,Electronics,Completed,7,1674,5
107208,04/02/2025,CUST00008,Port Said,Monitor,Electronics,Completed,8,8648,10
107209,17/09/2025,CUST00009,Cairo,Printer,Office Equipment,Completed,9,6460,15
107210,02/04/2025,CUST00010,Giza,Notebook Pack,Stationery,Completed,10,230.4,20
107211,15/11/2025,CUST00011,Alexandria,Laptop,Electronics,Completed,11,27645,0
107212,28/06/2025,CUST00012,Mansoura,Smartphone,Electronics,Completed,12,14210,5
107213,13/01/2025,CUST00013,Tanta,Wireless Mouse,Accessories,Completed,1,445.5,10
107214,26/08/2025,CUST00014,Aswan,Keyboard,Accessories,Completed,2,850,15
107215,11/03/2025,CUST00015,Luxor,Office Chair,Furniture,Completed,3,5252,20
107216,24/10/2025,CUST00016,Port Said,Desk,Furniture,Completed,4,7548,0
107217,09/05/2025,CUST00017,Cairo,Headphones,Electronics,Completed,5,1854,5
107218,22/12/2025,CUST00018,Giza,Monitor,Electronics,Completed,6,9568,10
107219,07/07/2025,CUST00019,Alexandria,Printer,Office Equipment,Completed,7,7140,15
107220,20/02/2025,CUST00020,Mansoura,Notebook Pack,Stationery,Completed,8,254.4,20
107221,05/09/2025,CUST00021,Tanta,Laptop,Electronics,Completed,9,30495,0
107222,18/04/2025,CUST00022,Aswan,Smartphone,Electronics,Completed,10,15660,5
107223,03/11/2025,CUST00023,Luxor,Wireless Mouse,Accessories,Completed,11,490.5,10
107224,16/06/2025,CUST00024,Port Said,Keyboard,Accessories,Completed,12,935,15
107225,01/01/2025,CUST00025,Cairo,Office Chair,Furniture,Completed,1,4680,20
107226,14/08/2025,CUST00026,Giza,Desk,Furniture,Completed,2,6734,0
107227,27/03/2025,CUST00027,Alexandria,Headphones,Electronics,Completed,3,1656,5
107228,12/10/2025,CUST00028,Mansoura,Monitor,Electronics,Completed,4,8556,10
107229,25/05/2025,CUST00029,Tanta,Printer,Office Equipment,Completed,5,6392,15
107230,10/12/2025,CUST00030,Aswan,Notebook Pack,Stationery,Completed,6,228,20
107231,23/07/2025,CUST00031,Luxor,Laptop,Electronics,Completed,7,27360,0
107232,08/02/2025,CUST00032,Port Said,Smartphone,Electronics,Completed,8,14065,5
107233,21/09/2025,CUST00033, Cairo ,Wireless Mouse,Accessories,Completed,9,441,10
107234,06/04/2025,CUST00034,Giza,Keyboard,Accessories,Completed,10,841.5,15
107235,19/11/2025,CUST00035,Alexandria,Office Chair,Furniture,Completed,11,5200,20
107236,04/06/2025,CUST00036,Mansoura,Desk,Furniture,Completed,12,7474,0
107237,17/01/2025,CUST00037,Tanta,Headphones,Electronics,Completed,1,1836,5
107238,02/08/2025,CUST00038,Aswan,Monitor,Electronics,Completed,2,9476,10
107239,15/03/2025,CUST00039,Luxor,Printer,Office Equipment,Completed,3,7072,15
107240,28/10/2025,CUST00040,Port Said, notebook pack ,Stationery,Completed,4,252,20
107241,13/05/2025,CUST00041,Cairo,Laptop,Electronics,Completed,5,30210,
107242,26/12/2025,CUST00042,Giza,Smartphone,Electronics,Completed,6,15515,5
107243,11/07/2025,CUST00043,Alexandria,Wireless Mouse,Accessories,Completed,7,486,10
107244,24/02/2025,CUST00044,Mansoura,Keyboard,Accessories,Completed,8,926.5,15
107245,09/09/2025,CUST00045,Tanta,Office Chair,Furniture,Completed,9,5720,20
107246,22/04/2025,CUST00046,Aswan,Desk,Furniture,Completed,10,6660,0
107247,07/11/2025,CUST00047,Luxor,Headphones,Electronics,Completed,11,1638,5
107248,20/06/2025,CUST00048,Port Said,Monitor,Electronics,Completed,12,8464,10
107249,05/01/2025,CUST00049,Cairo,Printer,Office Equipment,Completed,1,6324,15
107250,18/08/2025,CUST00050,Giza,Notebook Pack,Stationery,Completed,2,225.6,20
107251,03/03/2025,CUST00051,Alexandria,Laptop,Electronics,Completed,3,27075,0
107252,16/10/2025,CUST00052,Mansoura,Smartphone,Electronics,Completed,4,13920,5
107253,01/05/2025,CUST00053,Tanta,Wireless Mouse,Accessories,Completed,5,436.5,10
107254,14/12/2025,CUST00054,Aswan,Keyboard,Accessories,Completed,6,833,15
107255,27/07/2025,CUST00055,Luxor,Office Chair,Furniture,Completed,7,5148,20
107256,12/02/2025,CUST00056,Port Said,Desk,Furniture,Completed,8,7400,0
107257,25/09/2025,CUST00057,Cairo,Headphones,Electronics,Completed,9,1818,5
107258,10/04/2025,CUST00058,Giza,Monitor,Electronics,Completed,10,9384,10
107259,23/11/2025,CUST00059,Alexandria,Printer,Office Equipment,Completed,11,7004,15
107260,08/06/2025,CUST00060,Mansoura,Notebook Pack,Stationery,Completed,12,249.6,20
107261,21/01/2025,CUST00061,Tanta,Laptop,Electronics,Completed,1,29925,0
107262,06/08/2025,CUST00062,Aswan,Smartphone,Electronics,Completed,2,15370,5
107263,19/03/2025,CUST00063,Luxor,Wireless Mouse,Accessories,Completed,3,481.5,10
107264,04/10/2025,CUST00064,Port Said,Keyboard,Accessories,Completed,4,918,15
107265,17/05/2025,CUST00065,Cairo,Office Chair,Furniture,Completed,5,5668,20
107266,02/12/2025,CUST00066,Giza,Desk,Furniture,Completed,6,8140,0
107267,15/07/2025,CUST00067,Alexandria,Headphones,Electronics, completed ,7,1620,5
107268,28/02/2025,CUST00068,Mansoura,Monitor,Electronics,Completed,8,8372,10
107269,13/09/2025,CUST00069,Tanta,Printer,Office Equipment,Completed,9,6256,15
107270,26/04/2025,CUST00070,Aswan,Notebook Pack,Stationery,Completed,10,223.2,20
107271,11/11/2025,CUST00071,Luxor,Laptop,Electronics,Completed,11,26790,0
107272,24/06/2025,CUST00072,Port Said,Smartphone,Electronics,Completed,12,13775,5
107273,09/01/2025,CUST00073,Cairo,Wireless Mouse,Accessories,Completed,1,432,10
107274,22/08/2025,CUST00074,Giza,Keyboard,Accessories,Completed,2,824.5,15
107275,07/03/2025,CUST00075,Alexandria,Office Chair,Furniture,Completed,3,5096,20
107276,20/10/2025,CUST00076,,Desk,Furniture,Completed,4,7326,0
107277,05/05/2025,CUST00077,Tanta,Headphones,Electronics,Completed,5,1800,5
107278,18/12/2025,CUST00078,Aswan,Monitor,Electronics,Completed,6,9292,10
107279,03/07/2025,CUST00079,Luxor,Printer,Office Equipment,Completed,7,6936,15
107280,16/02/2025,CUST00080,Port Said,Notebook Pack,Stationery,Completed,8,247.2,20
107281,01/09/2025,CUST00081,Cairo,Laptop,Electronics,Completed,9,29640,0
107282,14/04/2025,CUST00082,Giza,Smartphone,Electronics,Completed,10,15225,5
107283,27/11/2025,CUST00083,Alexandria,Wireless Mouse,Accessories,Completed,11,477,10
107284,12/06/2025,CUST00084,Mansoura,Keyboard,Accessories,Completed,12,909.5,15
107285,25/01/2025,CUST00085,Tanta,Office Chair,Furniture,Completed,1,5616,20
107286,10/08/2025,CUST00086,Aswan,Desk,Furniture,Completed,2,8066,0
107287,23/03/2025,CUST00087,Luxor,Headphones,Electronics,Completed,3,1980,5
107288,08/10/2025,CUST00088,Port Said,Monitor,Electronics,Completed,4,8280,10
107289,21/05/2025,CUST00089,Cairo,Printer,Office Equipment,Completed,5,6188,15
107290,06/12/2025,CUST00090,Giza,Notebook Pack,Stationery,Completed,6,220.8,20
107291,19/07/2025,CUST00091,Alexandria,Laptop,Electronics,Completed,7,26505,0
107292,04/02/2025,CUST00092,Mansoura,Smartphone,Electronics,Completed,8,13630,5
107293,17/09/2025,CUST00093,Tanta,Wireless Mouse,Accessories,Completed,9,427.5,10
107294,02/04/2025,CUST00094,Aswan,Keyboard,Accessories,Completed,10,816,15
107295,15/11/2025,CUST00095,Luxor,Office Chair,Furniture,Completed,11,5044,20
107296,28/06/2025,CUST00096,Port Said,Desk,Furniture,Completed,12,7252,0
107297,13/01/2025,CUST00097,Cairo,Headphones,Electronics,Completed,1,1782,5
107298,26/08/2025,CUST00098,Giza,Monitor,Electronics,Completed,2,9200,10
107299,11/03/2025,CUST00099,Alexandria,Printer,Office Equipment,Completed,3,6868,15
107300,24/10/2025,CUST00100,Mansoura,Notebook Pack,Stationery,Completed,4,244.8,20
107301,09/05/2025,CUST00101,Tanta,Laptop,Electronics,Completed,5,29355,0
107302,22/12/2025,CUST00102,Aswan,Smartphone,electronics,Completed,6,15080,5
107303,07/07/2025,CUST00103,Luxor,Wireless Mouse,Accessories,Completed,7,472.5,10
107304,20/02/2025,CUST00104,Port Said,Keyboard,Accessories,Completed,8,901,15
107305,05/09/2025,CUST00105,Cairo,Office Chair,Furniture,Completed,9,5564,20
107306,18/04/2025,CUST00106,Giza,Desk,Furniture,Completed,10,7992,0
107307,03/11/2025,CUST00107,Alexandria,Headphones,Electronics,Completed,11,1962,5
107308,16/06/2025,CUST00108,Mansoura,Monitor,Electronics,Completed,12,10120,10
107309,01/01/2025,CUST00109,Tanta,Printer,Office Equipment,Completed,1,6120,15
107310,14/08/2025,CUST00110,Aswan,Notebook Pack,Stationery,Completed,2,218.4,20
107311,27/03/2025,CUST00111,Luxor,Laptop,Electronics,Completed,3,26220,0
107312,12/10/2025,CUST00112,Port Said,Smartphone,Electronics,Completed,4,13485,5
107313,25/05/2025,CUST00113,Cairo,Wireless Mouse,Accessories,Completed,5,423,10
107314,10/12/2025,CUST00114,Giza,Keyboard,Accessories,Completed,6,807.5,15
107315,23/07/2025,CUST00115,Alexandria,Office Chair,Furniture,Completed,7,4992,20
107316,08/02/2025,CUST00116,Mansoura,Desk,Furniture,Completed,8,7178,0
107317,21/09/2025,CUST00117,Tanta,Headphones,Electronics,Completed,9,1764,5
107318,06/04/2025,CUST00118,Aswan,Monitor,Electronics,Completed,10,9108,10
107319,19/11/2025,CUST00119,Luxor,Printer,Office Equipment,Completed,11,6800,15
107320,04/06/2025,CUST00120,Port Said,Notebook Pack,Stationery,Completed,12,242.4,20
107321,17/01/2025,CUST00121,Cairo,Laptop,Electronics,Completed,1,29070,0
107322,02/08/2025,CUST00122,Giza,Smartphone,Electronics,Completed,2,14935,5
107323,15/03/2025,CUST00123,Alexandria,Wireless Mouse,Accessories,Completed,3,468,10
107324,28/10/2025,CUST00124,Mansoura,Keyboard,Accessories,Completed,4,892.5,15
107325,13/05/2025,CUST00125,Tanta,Office Chair,Furniture,Completed,5,5512,20
107326,26/12/2025,CUST00126,Aswan,Desk,Furniture,Completed,6,7918,0
107327,11/07/2025,CUST00127,Luxor,Headphones,Electronics,Completed,7,1944,5
107328,24/02/2025,CUST00128,Port Said,Monitor,Electronics,Completed,8,10028,10
107329,09/09/2025,CUST00129,Cairo,Printer,Office Equipment,Completed,9,7480,15
107330,22/04/2025,CUST00130,Giza,Notebook Pack,Stationery,Completed,10,216,20
107331,07/11/2025,CUST00131,Alexandria,Laptop,Electronics,Completed,11,25935,0
107332,20/06/2025,CUST00132,Mansoura,Smartphone,Electronics,Completed,12,13340,5
107333,05/01/2025,CUST00133,Tanta,Wireless Mouse,Accessories,Completed,1,418.5,10
107334,18/08/2025,CUST00134,Aswan,Keyboard,Accessories,Completed,2,799,15
107335,03/03/2025,CUST00135,Luxor,Office Chair,Furniture,Completed,3,4940,20
107336,16/10/2025,CUST00136,Port Said,Desk,Furniture,Completed,4,7104,0
107337,01/05/2025,CUST00137,Cairo,Headphones,Electronics,Completed,5,1746,5
107338,14/12/2025,CUST00138,Giza,Monitor,Electronics,Completed,6,9016,10
107339,27/07/2025,CUST00139,Alexandria,Printer,Office Equipment,Completed,7,6732,15
107340,12/02/2025,CUST00140,Mansoura,Notebook Pack,Stationery,Completed,8,240,20
107341,25/09/2025,CUST00141,Tanta,Laptop,Electronics,Completed,9,28785,0
107342,10/04/2025,CUST00142,Aswan,Smartphone,Electronics,Completed,10,14790,5
107343,23/11/2025,CUST00143,Luxor,Wireless Mouse,Accessories,Completed,11,463.5,10
107344,08/06/2025,CUST00144,Port Said,Keyboard,Accessories,Completed,12,884,15
107345,21/01/2025,CUST00145,Cairo,Office Chair,Furniture,Completed,1,5460,20
107346,06/08/2025,CUST00146, Giza ,Desk,Furniture,Completed,2,7844,0
107347,19/03/2025,CUST00147,Alexandria,Headphones,Electronics,Completed,3,1926,5
107348,04/10/2025,CUST00148,Mansoura,Monitor,Electronics,Completed,4,9936,10
107349,17/05/2025,CUST00149,Tanta,Printer,Office Equipment,Completed,5,7412,15
107350,02/12/2025,CUST00150,Aswan,Notebook Pack,Stationery,Completed,6,264,20
107351,15/07/2025,CUST00151,Luxor,Laptop,Electronics,Completed,7,25650,0
107352,28/02/2025,CUST00152,Port Said,Smartphone,Electronics,Completed,8,13195,5
107353,13/09/2025,CUST00153,Cairo,Wireless Mouse,Accessories,Completed,9,414,10
107354,26/04/2025,CUST00154,Giza,Keyboard,Accessories,Completed,10,790.5,15
107355,11/11/2025,CUST00155,Alexandria,Office Chair,Furniture,Completed,11,4888,20
107356,24/06/2025,CUST00156,Mansoura,Desk,Furniture,Completed,12,7030,0
107357,09/01/2025,CUST00157,Tanta,Headphones,Electronics,Completed,1,1728,5
107358,22/08/2025,CUST00158,Aswan,Monitor,Electronics,Completed,2,8924,10
107359,07/03/2025,CUST00159,Luxor,Printer,Office Equipment,Completed,3,6664,15
107360,20/10/2025,CUST00160,Port Said,Notebook Pack,Stationery,Completed,4,237.6,20
107361,05/05/2025,CUST00161,Cairo,Laptop,Electronics,Completed,5,28500,0
107362,18/12/2025,CUST00162,Giza,Smartphone,Electronics,Completed,6,14645,5
107363,03/07/2025,CUST00163,Alexandria,Wireless Mouse,Accessories,Completed,7,459,10
107364,16/02/2025,CUST00164,Mansoura,Keyboard,Accessories,Completed,8,875.5,15
107365,01/09/2025,CUST00165,Tanta,Office Chair,Furniture,Completed,9,5408,20
107366,14/04/2025,CUST00166,Aswan,Desk,Furniture,Completed,10,7770,0
107367,27/11/2025,CUST00167,Luxor, headphones ,Electronics,Completed,11,1908,5
107368,12/06/2025,CUST00168,Port Said,Monitor,Electronics,Completed,12,9844,10
107369,25/01/2025,CUST00169,Cairo,Printer,Office Equipment,Completed,1,7344,15
107370,10/08/2025,CUST00170,Giza,Notebook Pack,Stationery,Completed,2,261.6,20
107371,23/03/2025,CUST00171,Alexandria,Laptop,Electronics,Completed,3,31350,0
107372,08/10/2025,CUST00172,Mansoura,Smartphone,Electronics,Completed,4,13050,5
107373,21/05/2025,CUST00173,,Wireless Mouse,Accessories,Completed,5,409.5,10
107374,06/12/2025,CUST00174,Aswan,Keyboard,Accessories,Completed,6,782,15
107375,19/07/2025,CUST00175,Luxor,Office Chair,Furniture,Completed,7,4836,20
107376,04/02/2025,CUST00176,Port Said,Desk,Furniture,Completed,8,6956,0
107377,17/09/2025,CUST00177,Cairo,Headphones,Electronics,Completed,9,1710,5
107378,02/04/2025,CUST00178,Giza,Monitor,Electronics,Completed,10,8832,10
107379,15/11/2025,CUST00179,Alexandria,Printer,Office Equipment,Completed,11,6596,15
107380,28/06/2025,CUST00180,Mansoura,Notebook Pack,Stationery,Completed,12,235.2,20
107381,13/01/2025,CUST00181,Tanta,Laptop,Electronics,Completed,1,28215,0
107382,26/08/2025,CUST00182,Aswan,Smartphone,Electronics,Completed,2,14500,5
107383,11/03/2025,CUST00183,Luxor,Wireless Mouse,Accessories,Completed,3,454.5,10
107384,24/10/2025,CUST00184,Port Said,Keyboard,Accessories,Completed,4,867,15
107385,09/05/2025,CUST00185,Cairo,Office Chair,Furniture,Completed,5,5356,20
107386,22/12/2026,CUST00186,Giza,Desk,Furniture,Completed,6,7696,0
107387,07/07/2026,CUST00187,Alexandria,Headphones,Electronics,Completed,7,1890,5
107388,20/02/2026,CUST00188,Mansoura,Monitor,Electronics,Completed,8,9752,10
107389,05/09/2026,CUST00189,Tanta,Printer,Office Equipment,Completed,9,7276,15
107390,18/04/2026,CUST00190,Aswan,Notebook Pack,Stationery,Completed,10,259.2,20
107391,03/11/2026,CUST00191,Luxor,Laptop,Electronics,Completed,11,31065,0
107392,16/06/2026,CUST00192,Port Said,Smartphone,Electronics,Completed,12,15950,5
107393,01/01/2026,CUST00193,Cairo,Wireless Mouse,Accessories,Completed,1,405,10
107394,14/08/2026,CUST00194,Giza,Keyboard,Accessories,Completed,2,773.5,15
107395,27/03/2026,CUST00195,Alexandria,Office Chair,Furniture,Completed,3,4784,20
107396,12/10/2026,CUST00196,Mansoura,Desk,Furniture,Completed,4,6882,0
107397,25/05/2026,CUST00197,Tanta,Headphones,Electronics,Completed,5,1692,5
107398,10/12/2026,CUST00198,Aswan,Monitor,Electronics,Completed,6,8740,10
107399,23/07/2026,CUST00199,Luxor,Printer,Office Equipment,Completed,7,6528,15
107400,08/02/2026,CUST00200,Port Said,Notebook Pack,Stationery,Completed,8,232.8,20
107401,21/09/2026,CUST00201,Cairo,Laptop,Electronics,Completed,9,27930,0
107402,06/04/2026,CUST00202,Giza,Smartphone,Electronics,Completed,10,14355,5
107403,19/11/2026,CUST00203,Alexandria,Wireless Mouse,Accessories,Completed,11,450,10
107404,04/06/2026,CUST00204,Mansoura,Keyboard,Accessories,Completed,12,858.5,15
107405,17/01/2026,CUST00205,Tanta,Office Chair,Furniture,Completed,1,5304,20
107406,02/08/2026,CUST00206,Aswan,Desk,Furniture,Completed,2,7622,0
107407,15/03/2026,CUST00207,Luxor,Headphones,Electronics,Completed,3,1872,5
107408,28/10/2026,CUST00208,Port Said,Monitor,Electronics,Completed,4,9660,10
107409,13/05/2026,CUST00209,Cairo,Printer,Office Equipment,Completed,5,7208,15
107410,26/12/2026,CUST00210,Giza,Notebook Pack,Stationery,Completed,6,256.8,20
107411,11/07/2026,CUST00211,Alexandria,Laptop,Electronics,Completed,7,30780,0
107412,24/02/2026,CUST00212,Mansoura,Smartphone,Electronics,Completed,8,15805,5
107413,09/09/2026,CUST00213,Tanta,Wireless Mouse,Accessories,Completed,9,495,10
107414,22/04/2026,CUST00214,Aswan,Keyboard,Accessories,Completed,10,765,15
107415,07/11/2026,CUST00215,Luxor,Office Chair,Furniture,Completed,11,4732,20
107416,20/06/2026,CUST00216,Port Said,Desk,Furniture,Completed,12,6808,0
107417,05/01/2026,CUST00217,Cairo,Headphones,Electronics,Completed,1,1674,5
107418,18/08/2026,CUST00218,Giza,Monitor,Electronics,Completed,2,8648,10
107419,03/03/2026,CUST00219,Alexandria,Printer,Office Equipment,Completed,3,6460,15
107420,16/10/2026,CUST00220,Mansoura,Notebook Pack,Stationery,Completed,4,230.4,20
107421,01/05/2026,CUST00221,Tanta,Laptop,Electronics,Completed,5,27645,0
107422,14/12/2026,CUST00222,Aswan,Smartphone,Electronics,Completed,6,14210,
107423,27/07/2026,CUST00223,Luxor,Wireless Mouse,Accessories,Completed,7,445.5,10
107424,12/02/2026,CUST00224,Port Said,Keyboard,Accessories,Completed,8,850,15
107425,25/09/2026,CUST00225,Cairo,Office Chair,Furniture,Completed,9,5252,20
107426,10/04/2026,CUST00226,Giza,Desk,Furniture,Completed,10,7548,0
107427,23/11/2026,CUST00227,Alexandria,Headphones,Electronics,Completed,11,1854,5
107428,08/06/2026,CUST00228,Mansoura,Monitor,Electronics,Completed,12,9568,10
107429,21/01/2026,CUST00229,Tanta,Printer,Office Equipment,Completed,1,7140,15
107430,06/08/2026,CUST00230,Aswan,Notebook Pack,Stationery,Completed,2,254.4,20
107431,19/03/2026,CUST00231,Luxor,Laptop,Electronics,Completed,3,30495,0
107432,04/10/2026,CUST00232,Port Said,Smartphone,Electronics,Completed,4,15660,5
107433,17/05/2026,CUST00233,Cairo,Wireless Mouse,Accessories,Completed,5,490.5,10
107434,02/12/2026,CUST00234,Giza,Keyboard,Accessories,Completed,6,935,15
107435,15/07/2026,CUST00235,Alexandria,Office Chair,Furniture,Completed,7,4680,20
107436,28/02/2026,CUST00236,Mansoura,Desk,Furniture,Completed,8,6734,0
107437,13/09/2026,CUST00237,Tanta,Headphones,Electronics,Completed,9,1656,5
107438,26/04/2026,CUST00238,Aswan,Monitor,Electronics,Completed,10,8556,10
107439,11/11/2026,CUST00239,Luxor,Printer,Office Equipment,Completed,11,6392,15
107440,24/06/2026,CUST00240,Port Said,Notebook Pack,Stationery, completed ,12,228,20
107441,09/01/2026,CUST00241,Cairo,Laptop,Electronics,Completed,1,27360,0
107442,22/08/2026,CUST00242,Giza,Smartphone,Electronics,Completed,2,14065,5
107443,07/03/2026,CUST00243,Alexandria,Wireless Mouse,Accessories,Completed,3,441,10
107444,20/10/2026,CUST00244,Mansoura,Keyboard,Accessories,Completed,4,841.5,15
107445,05/05/2026,CUST00245,Tanta,Office Chair,Furniture,Completed,5,5200,20
107446,18/12/2026,CUST00246,Aswan,Desk,Furniture,Completed,6,7474,0
107447,03/07/2026,CUST00247,Luxor,Headphones,Electronics,Completed,7,1836,5
107448,16/02/2026,CUST00248,Port Said,Monitor,Electronics,Completed,8,9476,10
107449,01/09/2026,CUST00249,Cairo,Printer,Office Equipment,Completed,9,7072,15
107450,14/04/2026,CUST00250,Giza,Notebook Pack,Stationery,Completed,10,252,20
107451,27/11/2026,CUST00251,Alexandria,Laptop,electronics,Completed,11,30210,0
107452,12/06/2026,CUST00252,Mansoura,Smartphone,Electronics,Completed,12,15515,5
107453,25/01/2026,CUST00253,Tanta,Wireless Mouse,Accessories,Completed,1,486,10
107454,10/08/2026,CUST00254,Aswan,Keyboard,Accessories,Completed,2,926.5,15
107455,23/03/2026,CUST00255,Luxor,Office Chair,Furniture,Completed,3,5720,20
107456,08/10/2026,CUST00256,Port Said,Desk,Furniture,Completed,4,6660,0
107457,21/05/2026,CUST00257,Cairo,Headphones,Electronics,Completed,5,1638,5
107458,06/12/2026,CUST00258,Giza,Monitor,Electronics,Completed,6,8464,10
107459,19/07/2026,CUST00259, Alexandria ,Printer,Office Equipment,Completed,7,6324,15
107460,04/02/2026,CUST00260,Mansoura,Notebook Pack,Stationery,Completed,8,225.6,20
107461,17/09/2026,CUST00261,Tanta,Laptop,Electronics,Completed,9,27075,0
107462,02/04/2026,CUST00262,Aswan,Smartphone,Electronics,Completed,10,13920,5
107463,15/11/2026,CUST00263,Luxor,Wireless Mouse,Accessories,Completed,11,436.5,10
107464,28/06/2026,CUST00264,Port Said,Keyboard,Accessories,Completed,12,833,15
107465,13/01/2026,CUST00265,Cairo,Office Chair,Furniture,Completed,1,5148,20
107466,26/08/2026,CUST00266,Giza,Desk,Furniture,Completed,2,7400,0
107467,11/03/2026,CUST00267,Alexandria,Headphones,Electronics,Completed,3,1818,5
107468,24/10/2026,CUST00268,Mansoura,Monitor,Electronics,Completed,4,9384,10
107469,09/05/2026,CUST00269,Tanta,Printer,Office Equipment,Completed,5,7004,15
107470,22/12/2026,CUST00270,,Notebook Pack,Stationery,Completed,6,249.6,20
107471,07/07/2026,CUST00271,Luxor,Laptop,Electronics,Completed,7,29925,0
107472,20/02/2026,CUST00272,Port Said,Smartphone,Electronics,Completed,8,15370,5
107473,05/09/2026,CUST00273,Cairo,Wireless Mouse,Accessories,Completed,9,481.5,10
107474,18/04/2026,CUST00274,Giza,Keyboard,Accessories,Completed,10,918,15
107475,03/11/2026,CUST00275,Alexandria,Office Chair,Furniture,Completed,11,5668,20
107476,16/06/2026,CUST00276,Mansoura,Desk,Furniture,Completed,12,8140,0
107477,01/01/2026,CUST00277,Tanta,Headphones,Electronics,Completed,1,1620,5
107478,14/08/2026,CUST00278,Aswan,Monitor,Electronics,Completed,2,8372,10
107479,27/03/2026,CUST00279,Luxor,Printer,Office Equipment,Completed,3,6256,15
107480,12/10/2026,CUST00280,Port Said,Notebook Pack,Stationery,Completed,4,223.2,20
107481,25/05/2026,CUST00281,Cairo,Laptop,Electronics,Completed,5,26790,0
107482,10/12/2026,CUST00282,Giza,Smartphone,Electronics,Completed,6,13775,5
107483,23/07/2026,CUST00283,Alexandria,Wireless Mouse,Accessories,Completed,7,432,10
107484,08/02/2026,CUST00284,Mansoura,Keyboard,Accessories,Completed,8,824.5,15
107485,21/09/2026,CUST00285,Tanta,Office Chair,Furniture,Completed,9,5096,20
107486,06/04/2026,CUST00286,Aswan,Desk,Furniture,Completed,10,7326,0
107487,19/11/2026,CUST00287,Luxor,Headphones,Electronics,Completed,11,1800,5
107488,04/06/2026,CUST00288,Port Said,Monitor,Electronics,Completed,12,9292,10
107489,17/01/2026,CUST00289,Cairo,Printer,Office Equipment,Completed,1,6936,15
107490,02/08/2026,CUST00290,Giza,Notebook Pack,Stationery,Completed,2,247.2,20
107491,15/03/2026,CUST00291,Alexandria,Laptop,Electronics,Completed,3,29640,0
107492,28/10/2026,CUST00292,Mansoura,Smartphone,Electronics,Completed,4,15225,5
107493,13/05/2026,CUST00293,Tanta,Wireless Mouse,Accessories,Completed,5,477,10
107494,26/12/2026,CUST00294,Aswan, keyboard ,Accessories,Completed,6,909.5,15
107495,11/07/2026,CUST00295,Luxor,Office Chair,Furniture,Completed,7,5616,20
107496,24/02/2026,CUST00296,Port Said,Desk,Furniture,Completed,8,8066,0
107497,09/09/2026,CUST00297,Cairo,Headphones,Electronics,Completed,9,1980,5
107498,22/04/2026,CUST00298,Giza,Monitor,Electronics,Completed,10,8280,10
107499,07/11/2026,CUST00299,Alexandria,Printer,Office Equipment,Completed,11,6188,15
107500,20/06/2026,CUST00300,Mansoura,Notebook Pack,Stationery,Completed,12,220.8,20
107501,05/01/2026,CUST00301,Tanta,Laptop,Electronics,Completed,1,26505,0
107502,18/08/2026,CUST00302,Aswan,Smartphone,Electronics,Completed,2,13630,5
107503,03/03/2026,CUST00303,Luxor,Wireless Mouse,Accessories,Completed,3,427.5,10
107504,16/10/2026,CUST00304,Port Said,Keyboard,Accessories,Completed,4,816,15
107505,01/05/2026,CUST00305,Cairo,Office Chair,Furniture,Completed,5,5044,20
107506,14/12/2026,CUST00306,Giza,Desk,Furniture,Completed,6,7252,0
107507,27/07/2026,CUST00307,Alexandria,Headphones,Electronics,Completed,7,1782,5
107508,12/02/2026,CUST00308,Mansoura,Monitor,Electronics,Completed,8,9200,10
107509,25/09/2026,CUST00309,Tanta,Printer,Office Equipment,Completed,9,6868,15
107510,10/04/2026,CUST00310,Aswan,Notebook Pack,Stationery,Completed,10,244.8,20
107511,23/11/2026,CUST00311,Luxor,Laptop,Electronics,Completed,11,29355,0
107512,08/06/2026,CUST00312,Port Said,Smartphone,Electronics,Completed,12,15080,5
107513,21/01/2026,CUST00313,Cairo,Wireless Mouse,Accessories,Completed,1,472.5,10
107514,06/08/2026,CUST00314,Giza,Keyboard,Accessories,Completed,2,901,15
107515,19/03/2026,CUST00315,Alexandria,Office Chair,Furniture,Completed,3,5564,20
107516,04/10/2026,CUST00316,Mansoura,Desk,Furniture,Completed,4,7992,0
107517,17/05/2026,CUST00317,Tanta,Headphones,Electronics,Completed,5,1962,5
107518,02/12/2026,CUST00318,Aswan,Monitor,Electronics,Completed,6,10120,10
107519,15/07/2026,CUST00319,Luxor,Printer,Office Equipment,Completed,7,6120,15
107520,28/02/2026,CUST00320,Port Said,Notebook Pack,Stationery,Completed,8,218.4,20
107521,13/09/2026,CUST00321,Cairo,Laptop,Electronics,Completed,9,26220,0
107522,26/04/2026,CUST00322,Giza,Smartphone,Electronics,Completed,10,13485,5
107523,11/11/2026,CUST00323,Alexandria,Wireless Mouse,Accessories,Completed,11,423,10
107524,24/06/2026,CUST00324,Mansoura,Keyboard,Accessories,Completed,12,807.5,15
107525,09/01/2026,CUST00325,Tanta,Office Chair,Furniture,Completed,1,4992,20
107526,22/08/2026,CUST00326,Aswan,Desk,Furniture,Completed,2,7178,0
107527,07/03/2026,CUST00327,Luxor,Headphones,Electronics,Completed,3,1764,5
107528,20/10/2026,CUST00328,Port Said,Monitor,Electronics,Completed,4,9108,10
107529,05/05/2026,CUST00329,Cairo,Printer,Office Equipment,Completed,5,6800,15
107530,18/12/2026,CUST00330,Giza,Notebook Pack,Stationery,Completed,6,242.4,20
107531,03/07/2026,CUST00331,Alexandria,Laptop,Electronics,Completed,7,29070,0
107532,16/02/2026,CUST00332,Mansoura,Smartphone,Electronics,Completed,8,14935,5
107533,01/09/2026,CUST00333,Tanta,Wireless Mouse,Accessories,Completed,9,468,10
107534,14/04/2026,CUST00334,Aswan,Keyboard,Accessories,Completed,10,892.5,15
107535,27/11/2026,CUST00335,Luxor,Office Chair,Furniture,Completed,11,5512,20
107536,12/06/2026,CUST00336,Port Said,Desk,Furniture,Completed,12,7918,0
107537,25/01/2026,CUST00337,Cairo,Headphones,Electronics,Completed,1,1944,5
107538,10/08/2026,CUST00338,Giza,Monitor,Electronics,Completed,2,10028,10
107539,23/03/2026,CUST00339,Alexandria,Printer,Office Equipment,Completed,3,7480,15
107540,08/10/2026,CUST00340,Mansoura,Notebook Pack,Stationery,Completed,4,216,20
107541,21/05/2026,CUST00341,Tanta,Laptop,Electronics,Completed,5,25935,0
107542,06/12/2026,CUST00342,Aswan,Smartphone,Electronics,Completed,6,13340,5
107543,19/07/2026,CUST00343,Luxor,Wireless Mouse,Accessories,Completed,7,418.5,10
107544,04/02/2026,CUST00344,Port Said,Keyboard,Accessories,Completed,8,799,15
107545,17/09/2026,CUST00345,Cairo,Office Chair,Furniture,Completed,9,4940,20
107546,02/04/2026,CUST00346,Giza,Desk,Furniture,Completed,10,7104,0
107547,15/11/2026,CUST00347,Alexandria,Headphones,Electronics,Completed,11,1746,5
107548,28/06/2026,CUST00348,Mansoura,Monitor,Electronics,Completed,12,9016,10
107549,13/01/2026,CUST00349,Tanta,Printer,Office Equipment,Completed,1,6732,15
107550,26/08/2026,CUST00350,Aswan,Notebook Pack,Stationery,Completed,2,240,20
107551,11/03/2026,CUST00351,Luxor,Laptop,Electronics,Completed,3,28785,0
107552,24/10/2026,CUST00352,Port Said,Smartphone,Electronics,Completed,4,14790,5
107553,09/05/2026,CUST00353,Cairo,Wireless Mouse,Accessories,Completed,5,463.5,10
107554,22/12/2026,CUST00354,Giza,Keyboard,Accessories,Completed,6,884,15
107555,07/07/2026,CUST00355,Alexandria,Office Chair,Furniture,Completed,7,5460,20
107556,20/02/2026,CUST00356,Mansoura,Desk,Furniture,Completed,8,7844,0
107557,05/09/2026,CUST00357,Tanta,Headphones,Electronics,Completed,9,1926,5
107558,18/04/2026,CUST00358,Aswan,Monitor,Electronics,Completed,10,9936,10
107559,03/11/2026,CUST00359,Luxor,Printer,Office Equipment,Completed,11,7412,15
107560,16/06/2026,CUST00360,Port Said,Notebook Pack,Stationery,Completed,12,264,20
107561,01/01/2025,CUST00361,Cairo,Laptop,Electronics,Completed,1,25650,0
107562,14/08/2025,CUST00362,Giza,Smartphone,Electronics,Completed,2,13195,5
107563,27/03/2025,CUST00363,Alexandria,Wireless Mouse,Accessories,Completed,3,414,10
107564,12/10/2025,CUST00364,Mansoura,Keyboard,Accessories,Completed,4,790.5,15
107565,25/05/2025,CUST00365,Tanta,Office Chair,Furniture,Completed,5,4888,20
107566,10/12/2025,CUST00366,Aswan,Desk,Furniture,Completed,6,7030,0
107567,23/07/2025,CUST00367,,Headphones,Electronics,Completed,7,1728,5
107568,08/02/2025,CUST00368,Port Said,Monitor,Electronics,Completed,8,8924,10
107569,21/09/2025,CUST00369,Cairo,Printer,Office Equipment,Completed,9,6664,15
107570,06/04/2025,CUST00370,Giza,Notebook Pack,Stationery,Completed,10,237.6,20
107571,19/11/2025,CUST00371,Alexandria,Laptop,Electronics,Completed,11,28500,0
107572,04/06/2025,CUST00372, Mansoura ,Smartphone,Electronics,Completed,12,14645,5
107573,17/01/2025,CUST00373,Tanta,Wireless Mouse,Accessories,Completed,1,459,10
107574,02/08/2025,CUST00374,Aswan,Keyboard,Accessories,Completed,2,875.5,15
107575,15/03/2025,CUST00375,Luxor,Office Chair,Furniture,Completed,3,5408,20
107576,28/10/2025,CUST00376,Port Said,Desk,Furniture,Completed,4,7770,0
107577,13/05/2025,CUST00377,Cairo,Headphones,Electronics,Completed,5,1908,5
107578,26/12/2025,CUST00378,Giza,Monitor,Electronics,Completed,6,9844,10
107579,11/07/2025,CUST00379,Alexandria,Printer,Office Equipment,Completed,7,7344,15
107580,24/02/2025,CUST00380,Mansoura,Notebook Pack,Stationery,Completed,8,261.6,20
107581,09/09/2025,CUST00381,Tanta,Laptop,Electronics,Completed,9,31350,0
107582,22/04/2025,CUST00382,Aswan,Smartphone,Electronics,Completed,10,13050,5
107583,07/11/2025,CUST00383,Luxor,Wireless Mouse,Accessories,Completed,11,409.5,10
107584,20/06/2025,CUST00384,Port Said,Keyboard,Accessories,Completed,12,782,15
107585,05/01/2025,CUST00385,Cairo,Office Chair,Furniture,Completed,1,4836,20
107586,18/08/2025,CUST00386,Giza,Desk,Furniture,Completed,2,6956,0
107587,03/03/2025,CUST00387,Alexandria,Headphones,Electronics,Completed,3,1710,5
107588,16/10/2025,CUST00388,Mansoura,Monitor,Electronics,Completed,4,8832,10
107589,01/05/2025,CUST00389,Tanta,Printer,Office Equipment,Completed,5,6596,15
107590,14/12/2025,CUST00390,Aswan,Notebook Pack,Stationery,Completed,6,235.2,20
107591,27/07/2025,CUST00391,Luxor,Laptop,Electronics,Completed,7,28215,0
107592,12/02/2025,CUST00392,Port Said,Smartphone,Electronics,Completed,8,14500,5
107593,25/09/2025,CUST00393,Cairo,Wireless Mouse,Accessories,Completed,9,454.5,10
107594,10/04/2025,CUST00394,Giza,Keyboard,Accessories,Completed,10,867,15
107595,23/11/2025,CUST00395,Alexandria,Office Chair,Furniture,Completed,11,5356,20
107596,08/06/2025,CUST00396,Mansoura,Desk,Furniture,Completed,12,7696,0
107597,21/01/2025,CUST00397,Tanta,Headphones,Electronics,Completed,1,1890,5
107598,06/08/2025,CUST00398,Aswan,Monitor,Electronics,Completed,2,9752,10
107599,19/03/2025,CUST00399,Luxor,Printer,Office Equipment,Completed,3,7276,15
107600,04/10/2025,CUST00400,Port Said,Notebook Pack,stationery,Completed,4,259.2,20
107601,17/05/2025,CUST00401,Cairo,Laptop,Electronics,Completed,5,31065,0
107602,02/12/2025,CUST00402,Giza,Smartphone,Electronics,Completed,6,15950,5
107603,15/07/2025,CUST00403,Alexandria,Wireless Mouse,Accessories,Completed,7,405,
107604,28/02/2025,CUST00404,Mansoura,Keyboard,Accessories,Completed,8,773.5,15
107605,13/09/2025,CUST00405,Tanta,Office Chair,Furniture,Completed,9,4784,20
107606,26/04/2025,CUST00406,Aswan,Desk,Furniture,Completed,10,6882,0
107607,11/11/2025,CUST00407,Luxor,Headphones,Electronics,Completed,11,1692,5
107608,24/06/2025,CUST00408,Port Said,Monitor,Electronics,Completed,12,8740,10
107609,09/01/2025,CUST00409,Cairo,Printer,Office Equipment,Completed,1,6528,15
107610,22/08/2025,CUST00410,Giza,Notebook Pack,Stationery,Completed,2,232.8,20
107611,07/03/2025,CUST00411,Alexandria,Laptop,Electronics,Completed,3,27930,0
107612,20/10/2025,CUST00412,Mansoura,Smartphone,Electronics,Completed,4,14355,5
107613,05/05/2025,CUST00413,Tanta,Wireless Mouse,Accessories, completed ,5,450,10
107614,18/12/2025,CUST00414,Aswan,Keyboard,Accessories,Completed,6,858.5,15
107615,03/07/2025,CUST00415,Luxor,Office Chair,Furniture,Completed,7,5304,20
107616,16/02/2025,CUST00416,Port Said,Desk,Furniture,Completed,8,7622,0
107617,01/09/2025,CUST00417,Cairo,Headphones,Electronics,Completed,9,1872,5
107618,14/04/2025,CUST00418,Giza,Monitor,Electronics,Completed,10,9660,10
107619,27/11/2025,CUST00419,Alexandria,Printer,Office Equipment,Completed,11,7208,15
107620,12/06/2025,CUST00420,Mansoura,Notebook Pack,Stationery,Completed,12,256.8,20
107621,25/01/2025,CUST00421,Tanta, laptop ,Electronics,Completed,1,30780,0
107622,10/08/2025,CUST00422,Aswan,Smartphone,Electronics,Completed,2,15805,5
107623,23/03/2025,CUST00423,Luxor,Wireless Mouse,Accessories,Completed,3,495,10
107624,08/10/2025,CUST00424,Port Said,Keyboard,Accessories,Completed,4,765,15
107625,21/05/2025,CUST00425,Cairo,Office Chair,Furniture,Completed,5,4732,20
107626,06/12/2025,CUST00426,Giza,Desk,Furniture,Completed,6,6808,0
107627,19/07/2025,CUST00427,Alexandria,Headphones,Electronics,Completed,7,1674,5
107628,04/02/2025,CUST00428,Mansoura,Monitor,Electronics,Completed,8,8648,10
107629,17/09/2025,CUST00429,Tanta,Printer,Office Equipment,Completed,9,6460,15
107630,02/04/2025,CUST00430,Aswan,Notebook Pack,Stationery,Completed,10,230.4,20
107631,15/11/2025,CUST00431,Luxor,Laptop,Electronics,Completed,11,27645,0
107632,28/06/2025,CUST00432,Port Said,Smartphone,Electronics,Completed,12,14210,5
107633,13/01/2025,CUST00433,Cairo,Wireless Mouse,Accessories,Completed,1,445.5,10
107634,26/08/2025,CUST00434,Giza,Keyboard,Accessories,Completed,2,850,15
107635,11/03/2025,CUST00435,Alexandria,Office Chair,Furniture,Completed,3,5252,20
107636,24/10/2025,CUST00436,Mansoura,Desk,Furniture,Completed,4,7548,0
107637,09/05/2025,CUST00437,Tanta,Headphones,Electronics,Completed,5,1854,5
107638,22/12/2025,CUST00438,Aswan,Monitor,Electronics,Completed,6,9568,10
107639,07/07/2025,CUST00439,Luxor,Printer,Office Equipment,Completed,7,7140,15
107640,20/02/2025,CUST00440,Port Said,Notebook Pack,Stationery,Completed,8,254.4,20
107641,05/09/2025,CUST00441,Cairo,Laptop,Electronics,Completed,9,30495,0
107642,18/04/2025,CUST00442,Giza,Smartphone,Electronics,Completed,10,15660,5
107643,03/11/2025,CUST00443,Alexandria,Wireless Mouse,Accessories,Completed,11,490.5,10
107644,16/06/2025,CUST00444,Mansoura,Keyboard,Accessories,Completed,12,935,15
107645,01/01/2025,CUST00445,Tanta,Office Chair,Furniture,Completed,1,4680,20
107646,14/08/2025,CUST00446,Aswan,Desk,Furniture,Completed,2,6734,0
107647,27/03/2025,CUST00447,Luxor,Headphones,Electronics,Completed,3,1656,5
107648,12/10/2025,CUST00448,Port Said,Monitor,Electronics,Completed,4,8556,10
107649,25/05/2025,CUST00449,Cairo,Printer,Office Equipment,Completed,5,6392,15
107650,10/12/2025,CUST00450,Giza,Notebook Pack,Stationery,Completed,6,228,20
107651,23/07/2025,CUST00451,Alexandria,Laptop,Electronics,Completed,7,27360,0
107652,08/02/2025,CUST00452,Mansoura,Smartphone,Electronics,Completed,8,14065,5
107653,21/09/2025,CUST00453,Tanta,Wireless Mouse,Accessories,Completed,9,441,10
107654,06/04/2025,CUST00454,Aswan,Keyboard,Accessories,Completed,10,841.5,15
107655,19/11/2025,CUST00455,Luxor,Office Chair,Furniture,Completed,11,5200,20
107656,04/06/2025,CUST00456,Port Said,Desk,Furniture,Completed,12,7474,0
107657,17/01/2025,CUST00457,Cairo,Headphones,Electronics,Completed,1,1836,5
107658,02/08/2025,CUST00458,Giza,Monitor,Electronics,Completed,2,9476,10
107659,15/03/2025,CUST00459,Alexandria,Printer,Office Equipment,Completed,3,7072,15
107660,28/10/2025,CUST00460,Mansoura,Notebook Pack,Stationery,Completed,4,252,20
107661,13/05/2025,CUST00461,Tanta,Laptop,Electronics,Completed,5,30210,0
107662,26/12/2025,CUST00462,Aswan,Smartphone,Electronics,Completed,6,15515,5
107663,11/07/2025,CUST00463,Luxor,Wireless Mouse,Accessories,Completed,7,486,10
107664,24/02/2025,CUST00464,,Keyboard,Accessories,Completed,8,926.5,15
107665,09/09/2025,CUST00465,Cairo,Office Chair,Furniture,Completed,9,5720,20
107666,22/04/2025,CUST00466,Giza,Desk,Furniture,Completed,10,6660,0
107667,07/11/2025,CUST00467,Alexandria,Headphones,Electronics,Completed,11,1638,5
107668,20/06/2025,CUST00468,Mansoura,Monitor,Electronics,Completed,12,8464,10
107669,05/01/2025,CUST00469,Tanta,Printer,Office Equipment,Completed,1,6324,15
107670,18/08/2025,CUST00470,Aswan,Notebook Pack,Stationery,Completed,2,225.6,20
107671,03/03/2025,CUST00471,Luxor,Laptop,Electronics,Completed,3,27075,0
107672,16/10/2025,CUST00472,Port Said,Smartphone,Electronics,Completed,4,13920,5
107673,01/05/2025,CUST00473,Cairo,Wireless Mouse,Accessories,Completed,5,436.5,10
107674,14/12/2025,CUST00474,Giza,Keyboard,Accessories,Completed,6,833,15
107675,27/07/2025,CUST00475,Alexandria,Office Chair,Furniture,Completed,7,5148,20
107676,12/02/2025,CUST00476,Mansoura,Desk,Furniture,Completed,8,7400,0
107677,25/09/2025,CUST00477,Tanta,Headphones,Electronics,Completed,9,1818,5
107678,10/04/2025,CUST00478,Aswan,Monitor,Electronics,Completed,10,9384,10
107679,23/11/2025,CUST00479,Luxor,Printer,Office Equipment,Completed,11,7004,15
107680,08/06/2025,CUST00480,Port Said,Notebook Pack,Stationery,Completed,12,249.6,20
107681,21/01/2025,CUST00481,Cairo,Laptop,Electronics,Completed,1,29925,0
107682,06/08/2025,CUST00482,Giza,Smartphone,Electronics,Completed,2,15370,5
107683,19/03/2025,CUST00483,Alexandria,Wireless Mouse,Accessories,Completed,3,481.5,10
107684,04/10/2025,CUST00484,Mansoura,Keyboard,Accessories,Completed,4,918,15
107685,17/05/2025,CUST00485, Tanta ,Office Chair,Furniture,Completed,5,5668,20
107686,02/12/2025,CUST00486,Aswan,Desk,Furniture,Completed,6,8140,0
107687,15/07/2025,CUST00487,Luxor,Headphones,Electronics,Completed,7,1620,5
107688,28/02/2025,CUST00488,Port Said,Monitor,Electronics,Completed,8,8372,10
107689,13/09/2025,CUST00489,Cairo,Printer,Office Equipment,Completed,9,6256,15
107690,26/04/2025,CUST00490,Giza,Notebook Pack,Stationery,Completed,10,223.2,20
107691,11/11/2025,CUST00491,Alexandria,Laptop,Electronics,Completed,11,26790,0
107692,24/06/2025,CUST00492,Mansoura,Smartphone,Electronics,Completed,12,13775,5
107693,09/01/2025,CUST00493,Tanta,Wireless Mouse,Accessories,Completed,1,432,10
107694,22/08/2025,CUST00494,Aswan,Keyboard,Accessories,Completed,2,824.5,15
107695,07/03/2025,CUST00495,Luxor,Office Chair,Furniture,Completed,3,5096,20
107696,20/10/2025,CUST00496,Port Said,Desk,Furniture,Completed,4,7326,0
107697,05/05/2025,CUST00497,Cairo,Headphones,Electronics,Completed,5,1800,5
107698,18/12/2025,CUST00498,Giza,Monitor,Electronics,Completed,6,9292,10
107699,03/07/2025,CUST00499,Alexandria,Printer,Office Equipment,Completed,7,6936,15
107700,16/02/2025,CUST00500,Mansoura,Notebook Pack,Stationery,Completed,8,247.2,20
107701,01/09/2025,CUST00501,Tanta,Laptop,Electronics,Completed,9,29640,0
107702,14/04/2025,CUST00502,Aswan,Smartphone,Electronics,Completed,10,15225,5
107703,27/11/2025,CUST00503,Luxor,Wireless Mouse,Accessories,Completed,11,477,10
107704,12/06/2025,CUST00504,Port Said,Keyboard,Accessories,Completed,12,909.5,15
107705,25/01/2025,CUST00505,Cairo,Office Chair,Furniture,Completed,1,5616,20
107706,10/08/2025,CUST00506,Giza,Desk,Furniture,Completed,2,8066,0
107707,23/03/2025,CUST00507,Alexandria,Headphones,Electronics,Completed,3,1980,5
107708,08/10/2025,CUST00508,Mansoura,Monitor,Electronics,Completed,4,8280,10
107709,21/05/2025,CUST00509,Tanta,Printer,Office Equipment,Completed,5,6188,15
107710,06/12/2025,CUST00510,Aswan,Notebook Pack,Stationery,Completed,6,220.8,20
107711,19/07/2025,CUST00511,Luxor,Laptop,Electronics,Completed,7,26505,0
107712,04/02/2025,CUST00512,Port Said,Smartphone,Electronics,Completed,8,13630,5
107713,17/09/2025,CUST00513,Cairo,Wireless Mouse,Accessories,Completed,9,427.5,10
107714,02/04/2025,CUST00514,Giza,Keyboard,Accessories,Completed,10,816,15
107715,15/11/2025,CUST00515,Alexandria,Office Chair,Furniture,Completed,11,5044,20
107716,28/06/2025,CUST00516,Mansoura,Desk,Furniture,Completed,12,7252,0
107717,13/01/2025,CUST00517,Tanta,Headphones,Electronics,Completed,1,1782,5
107718,26/08/2025,CUST00518,Aswan,Monitor,Electronics,Completed,2,9200,10
107719,11/03/2025,CUST00519,Luxor,Printer,Office Equipment,Completed,3,6868,15
107720,24/10/2025,CUST00520,Port Said,Notebook Pack,Stationery,Completed,4,244.8,20
107721,09/05/2025,CUST00521,Cairo,Laptop,Electronics,Completed,5,29355,0
107722,22/12/2025,CUST00522,Giza,Smartphone,Electronics,Completed,6,15080,5
107723,07/07/2025,CUST00523,Alexandria,Wireless Mouse,Accessories,Completed,7,472.5,10
107724,20/02/2025,CUST00524,Mansoura,Keyboard,Accessories,Completed,8,901,15
107725,05/09/2025,CUST00525,Tanta,Office Chair,Furniture,Completed,9,5564,20
107726,18/04/2025,CUST00526,Aswan,Desk,Furniture,Completed,10,7992,0
107727,03/11/2025,CUST00527,Luxor,Headphones,Electronics,Completed,11,1962,5
107728,16/06/2025,CUST00528,Port Said,Monitor,Electronics,Completed,12,10120,10
107729,01/01/2025,CUST00529,Cairo,Printer,Office Equipment,Completed,1,6120,15
107730,14/08/2025,CUST00530,Giza,Notebook Pack,Stationery,Completed,2,218.4,20
107731,27/03/2025,CUST00531,Alexandria,Laptop,Electronics,Completed,3,26220,0
107732,12/10/2025,CUST00532,Mansoura,Smartphone,Electronics,Completed,4,13485,5
107733,25/05/2025,CUST00533,Tanta,Wireless Mouse,Accessories,Completed,5,423,10
107734,10/12/2025,CUST00534,Aswan,Keyboard,Accessories,Completed,6,807.5,15
107735,23/07/2025,CUST00535,Luxor,Office Chair,Furniture,Completed,7,4992,20
107736,08/02/2025,CUST00536,Port Said,Desk,Furniture,Completed,8,7178,0
107737,21/09/2025,CUST00537,Cairo,Headphones,Electronics,Completed,9,1764,5
107738,06/04/2025,CUST00538,Giza,Monitor,Electronics,Completed,10,9108,10
107739,19/11/2025,CUST00539,Alexandria,Printer,Office Equipment,Completed,11,6800,15
107740,04/06/2025,CUST00540,Mansoura,Notebook Pack,Stationery,Completed,12,242.4,20
107741,17/01/2025,CUST00541,Tanta,Laptop,Electronics,Completed,1,29070,0
107742,02/08/2025,CUST00542,Aswan,Smartphone,Electronics,Completed,2,14935,5
107743,15/03/2025,CUST00543,Luxor,Wireless Mouse,Accessories,Completed,3,468,10
107744,28/10/2025,CUST00544,Port Said,Keyboard,Accessories,Completed,4,892.5,15
107745,13/05/2025,CUST00545,Cairo,Office Chair,Furniture,Completed,5,5512,20
107746,26/12/2025,CUST00546,Giza,Desk,Furniture,Completed,6,7918,0
107747,11/07/2025,CUST00547,Alexandria,Headphones,Electronics,Completed,7,1944,5
107748,24/02/2025,CUST00548,Mansoura, monitor ,Electronics,Completed,8,10028,10
107749,09/09/2025,CUST00549,Tanta,Printer,office equipment,Completed,9,7480,15
107750,22/04/2025,CUST00550,Aswan,Notebook Pack,Stationery,Completed,10,216,20
107751,07/11/2025,CUST00551,Luxor,Laptop,Electronics,Completed,11,25935,0
107752,20/06/2025,CUST00552,Port Said,Smartphone,Electronics,Completed,12,13340,5
107753,05/01/2025,CUST00553,Cairo,Wireless Mouse,Accessories,Completed,1,418.5,10
107754,18/08/2025,CUST00554,Giza,Keyboard,Accessories,Completed,2,799,15
107755,03/03/2025,CUST00555,Alexandria,Office Chair,Furniture,Completed,3,4940,20
107756,16/10/2025,CUST00556,Mansoura,Desk,Furniture,Completed,4,7104,0
107757,01/05/2025,CUST00557,Tanta,Headphones,Electronics,Completed,5,1746,5
107758,14/12/2025,CUST00558,Aswan,Monitor,Electronics,Completed,6,9016,10
107759,27/07/2025,CUST00559,Luxor,Printer,Office Equipment,Completed,7,6732,15
107760,12/02/2025,CUST00560,Port Said,Notebook Pack,Stationery,Completed,8,240,20
107761,25/09/2025,CUST00561,,Laptop,Electronics,Completed,9,28785,0
107762,10/04/2025,CUST00562,Giza,Smartphone,Electronics,Completed,10,14790,5
107763,23/11/2025,CUST00563,Alexandria,Wireless Mouse,Accessories,Completed,11,463.5,10
107764,08/06/2025,CUST00564,Mansoura,Keyboard,Accessories,Completed,12,884,15
107765,21/01/2025,CUST00565,Tanta,Office Chair,Furniture,Completed,1,5460,20
107766,06/08/2025,CUST00566,Aswan,Desk,Furniture,Completed,2,7844,0
107767,19/03/2025,CUST00567,Luxor,Headphones,Electronics,Completed,3,1926,5
107768,04/10/2025,CUST00568,Port Said,Monitor,Electronics,Completed,4,9936,10
107769,17/05/2025,CUST00569,Cairo,Printer,Office Equipment,Completed,5,7412,15
107770,02/12/2025,CUST00570,Giza,Notebook Pack,Stationery,Completed,6,264,20
107771,15/07/2025,CUST00571,Alexandria,Laptop,Electronics,Completed,7,25650,0
107772,28/02/2025,CUST00572,Mansoura,Smartphone,Electronics,Completed,8,13195,5
107773,13/09/2025,CUST00573,Tanta,Wireless Mouse,Accessories,Completed,9,414,10
107774,26/04/2025,CUST00574,Aswan,Keyboard,Accessories,Completed,10,790.5,15
107775,11/11/2025,CUST00575,Luxor,Office Chair,Furniture,Completed,11,4888,20
107776,24/06/2025,CUST00576,Port Said,Desk,Furniture,Completed,12,7030,0
107777,09/01/2025,CUST00577,Cairo,Headphones,Electronics,Completed,1,1728,5
107778,22/08/2025,CUST00578,Giza,Monitor,Electronics,Completed,2,8924,10
107779,07/03/2025,CUST00579,Alexandria,Printer,Office Equipment,Completed,3,6664,15
107780,20/10/2025,CUST00580,Mansoura,Notebook Pack,Stationery,Completed,4,237.6,20
107781,05/05/2025,CUST00581,Tanta,Laptop,Electronics,Completed,5,28500,0
107782,18/12/2025,CUST00582,Aswan,Smartphone,Electronics,Completed,6,14645,5
107783,03/07/2025,CUST00583,Luxor,Wireless Mouse,Accessories,Completed,7,459,10
107784,16/02/2025,CUST00584,Port Said,Keyboard,Accessories,Completed,8,875.5,
107785,01/09/2025,CUST00585,Cairo,Office Chair,Furniture,Completed,9,5408,20
107786,14/04/2025,CUST00586,Giza,Desk,Furniture, completed ,10,7770,0
107787,27/11/2025,CUST00587,Alexandria,Headphones,Electronics,Completed,11,1908,5
107788,12/06/2025,CUST00588,Mansoura,Monitor,Electronics,Completed,12,9844,10
107789,25/01/2025,CUST00589,Tanta,Printer,Office Equipment,Completed,1,7344,15
107790,10/08/2025,CUST00590,Aswan,Notebook Pack,Stationery,Completed,2,261.6,20
107791,23/03/2025,CUST00591,Luxor,Laptop,Electronics,Completed,3,31350,0
107792,08/10/2025,CUST00592,Port Said,Smartphone,Electronics,Completed,4,13050,5
107793,21/05/2025,CUST00593,Cairo,Wireless Mouse,Accessories,Completed,5,409.5,10
107794,06/12/2025,CUST00594,Giza,Keyboard,Accessories,Completed,6,782,15
107795,19/07/2025,CUST00595,Alexandria,Office Chair,Furniture,Completed,7,4836,20
107796,04/02/2025,CUST00596,Mansoura,Desk,Furniture,Completed,8,6956,0
107797,17/09/2025,CUST00597,Tanta,Headphones,Electronics,Completed,9,1710,5
107798,02/04/2025,CUST00598, Aswan ,Monitor,Electronics,Completed,10,8832,10
107799,15/11/2025,CUST00599,Luxor,Printer,Office Equipment,Completed,11,6596,15
107800,28/06/2025,CUST00600,Port Said,Notebook Pack,Stationery,Completed,12,235.2,20
107801,13/01/2025,CUST00601,Cairo,Laptop,Electronics,Completed,1,28215,0
107802,26/08/2025,CUST00602,Giza,Smartphone,Electronics,Completed,2,14500,5
107803,11/03/2025,CUST00603,Alexandria,Wireless Mouse,Accessories,Completed,3,454.5,10
107804,24/10/2025,CUST00604,Mansoura,Keyboard,Accessories,Completed,4,867,15
107805,09/05/2025,CUST00605,Tanta,Office Chair,Furniture,Completed,5,5356,20
107806,22/12/2025,CUST00606,Aswan,Desk,Furniture,Completed,6,7696,0
107807,07/07/2025,CUST00607,Luxor,Headphones,Electronics,Completed,7,1890,5
107808,20/02/2025,CUST00608,Port Said,Monitor,Electronics,Completed,8,9752,10
107809,05/09/2025,CUST00609,Cairo,Printer,Office Equipment,Completed,9,7276,15
107810,18/04/2025,CUST00610,Giza,Notebook Pack,Stationery,Completed,10,259.2,20
107811,03/11/2025,CUST00611,Alexandria,Laptop,Electronics,Completed,11,31065,0
107812,16/06/2025,CUST00612,Mansoura,Smartphone,Electronics,Completed,12,15950,5
107813,01/01/2025,CUST00613,Tanta,Wireless Mouse,Accessories,Completed,1,405,10
107814,14/08/2025,CUST00614,Aswan,Keyboard,Accessories,Completed,2,773.5,15
107815,27/03/2025,CUST00615,Luxor,Office Chair,Furniture,Completed,3,4784,20
107816,12/10/2025,CUST00616,Port Said,Desk,Furniture,Completed,4,6882,0
107817,25/05/2025,CUST00617,Cairo,Headphones,Electronics,Completed,5,1692,5
107818,10/12/2025,CUST00618,Giza,Monitor,Electronics,Completed,6,8740,10
107819,23/07/2025,CUST00619,Alexandria,Printer,Office Equipment,Completed,7,6528,15
107820,08/02/2025,CUST00620,Mansoura,Notebook Pack,Stationery,Completed,8,232.8,20
107821,21/09/2025,CUST00621,Tanta,Laptop,Electronics,Completed,9,27930,0
107822,06/04/2025,CUST00622,Aswan,Smartphone,Electronics,Completed,10,14355,5
107823,19/11/2025,CUST00623,Luxor,Wireless Mouse,Accessories,Completed,11,450,10
107824,04/06/2025,CUST00624,Port Said,Keyboard,Accessories,Completed,12,858.5,15
107825,17/01/2025,CUST00625,Cairo,Office Chair,Furniture,Completed,1,5304,20
107826,02/08/2025,CUST00626,Giza,Desk,Furniture,Completed,2,7622,0
107827,15/03/2025,CUST00627,Alexandria,Headphones,Electronics,Completed,3,1872,5
107828,28/10/2025,CUST00628,Mansoura,Monitor,Electronics,Completed,4,9660,10
107829,13/05/2025,CUST00629,Tanta,Printer,Office Equipment,Completed,5,7208,15
107830,26/12/2025,CUST00630,Aswan,Notebook Pack,Stationery,Completed,6,256.8,20
107831,11/07/2025,CUST00631,Luxor,Laptop,Electronics,Completed,7,30780,0
107832,24/02/2025,CUST00632,Port Said,Smartphone,Electronics,Completed,8,15805,5
107833,09/09/2025,CUST00633,Cairo,Wireless Mouse,Accessories,Completed,9,495,10
107834,22/04/2025,CUST00634,Giza,Keyboard,Accessories,Completed,10,765,15
107835,07/11/2025,CUST00635,Alexandria,Office Chair,Furniture,Completed,11,4732,20
107836,20/06/2025,CUST00636,Mansoura,Desk,Furniture,Completed,12,6808,0
107837,05/01/2025,CUST00637,Tanta,Headphones,Electronics,Completed,1,1674,5
107838,18/08/2025,CUST00638,Aswan,Monitor,Electronics,Completed,2,8648,10
107839,03/03/2025,CUST00639,Luxor,Printer,Office Equipment,Completed,3,6460,15
107840,16/10/2025,CUST00640,Port Said,Notebook Pack,Stationery,Completed,4,230.4,20
107841,01/05/2025,CUST00641,Cairo,Laptop,Electronics,Completed,5,27645,0
107842,14/12/2025,CUST00642,Giza,Smartphone,Electronics,Completed,6,14210,5
107843,27/07/2025,CUST00643,Alexandria,Wireless Mouse,Accessories,Completed,7,445.5,10
107844,12/02/2025,CUST00644,Mansoura,Keyboard,Accessories,Completed,8,850,15
107845,25/09/2025,CUST00645,Tanta,Office Chair,Furniture,Completed,9,5252,20
107846,10/04/2025,CUST00646,Aswan,Desk,Furniture,Completed,10,7548,0
107847,23/11/2025,CUST00647,Luxor,Headphones,Electronics,Completed,11,1854,5
107848,08/06/2025,CUST00648,Port Said,Monitor,Electronics,Completed,12,9568,10
107849,21/01/2025,CUST00649,Cairo,Printer,Office Equipment,Completed,1,7140,15
107850,06/08/2025,CUST00650,Giza,Notebook Pack,Stationery,Completed,2,254.4,20
107851,19/03/2025,CUST00651,Alexandria,Laptop,Electronics,Completed,3,30495,0
107852,04/10/2025,CUST00652,Mansoura,Smartphone,Electronics,Completed,4,15660,5
107853,17/05/2025,CUST00653,Tanta,Wireless Mouse,Accessories,Completed,5,490.5,10
107854,02/12/2025,CUST00654,Aswan,Keyboard,Accessories,Completed,6,935,15
107855,15/07/2025,CUST00655,Luxor,Office Chair,Furniture,Completed,7,4680,20
107856,28/02/2025,CUST00656,Port Said,Desk,Furniture,Completed,8,6734,0
107857,13/09/2025,CUST00657,Cairo,Headphones,Electronics,Completed,9,1656,5
107858,26/04/2025,CUST00658,,Monitor,Electronics,Completed,10,8556,10
107859,11/11/2025,CUST00659,Alexandria,Printer,Office Equipment,Completed,11,6392,15
107860,24/06/2025,CUST00660,Mansoura,Notebook Pack,Stationery,Completed,12,228,20
107861,09/01/2025,CUST00661,Tanta,Laptop,Electronics,Completed,1,27360,0
107862,22/08/2025,CUST00662,Aswan,Smartphone,Electronics,Completed,2,14065,5
107863,07/03/2025,CUST00663,Luxor,Wireless Mouse,Accessories,Completed,3,441,10
107864,20/10/2025,CUST00664,Port Said,Keyboard,Accessories,Completed,4,841.5,15
107865,05/05/2025,CUST00665,Cairo,Office Chair,Furniture,Completed,5,5200,20
107866,18/12/2025,CUST00666,Giza,Desk,Furniture,Completed,6,7474,0
107867,03/07/2025,CUST00667,Alexandria,Headphones,Electronics,Completed,7,1836,5
107868,16/02/2025,CUST00668,Mansoura,Monitor,Electronics,Completed,8,9476,10
107869,01/09/2025,CUST00669,Tanta,Printer,Office Equipment,Completed,9,7072,15
107870,14/04/2025,CUST00670,Aswan,Notebook Pack,Stationery,Completed,10,252,20
107871,27/11/2025,CUST00671,Luxor,Laptop,Electronics,Completed,11,30210,0
107872,12/06/2025,CUST00672,Port Said,Smartphone,Electronics,Completed,12,15515,5
107873,25/01/2025,CUST00673,Cairo,Wireless Mouse,Accessories,Completed,1,486,10
107874,10/08/2025,CUST00674,Giza,Keyboard,Accessories,Completed,2,926.5,15
107875,23/03/2025,CUST00675,Alexandria, office chair ,Furniture,Completed,3,5720,20
107876,08/10/2025,CUST00676,Mansoura,Desk,Furniture,Completed,4,6660,0
107877,21/05/2025,CUST00677,Tanta,Headphones,Electronics,Completed,5,1638,5
107878,06/12/2025,CUST00678,Aswan,Monitor,Electronics,Completed,6,8464,10
107879,19/07/2025,CUST00679,Luxor,Printer,Office Equipment,Completed,7,6324,15
107880,04/02/2025,CUST00680,Port Said,Notebook Pack,Stationery,Completed,8,225.6,20
107881,17/09/2025,CUST00681,Cairo,Laptop,Electronics,Completed,9,27075,0
107882,02/04/2025,CUST00682,Giza,Smartphone,Electronics,Completed,10,13920,5
107883,15/11/2025,CUST00683,Alexandria,Wireless Mouse,Accessories,Completed,11,436.5,10
107884,28/06/2025,CUST00684,Mansoura,Keyboard,Accessories,Completed,12,833,15
107885,13/01/2025,CUST00685,Tanta,Office Chair,Furniture,Completed,1,5148,20
107886,26/08/2025,CUST00686,Aswan,Desk,Furniture,Completed,2,7400,0
107887,11/03/2025,CUST00687,Luxor,Headphones,Electronics,Completed,3,1818,5
107888,24/10/2025,CUST00688,Port Said,Monitor,Electronics,Completed,4,9384,10
107889,09/05/2025,CUST00689,Cairo,Printer,Office Equipment,Completed,5,7004,15
107890,22/12/2025,CUST00690,Giza,Notebook Pack,Stationery,Completed,6,249.6,20
107891,07/07/2025,CUST00691,Alexandria,Laptop,Electronics,Completed,7,29925,0
107892,20/02/2025,CUST00692,Mansoura,Smartphone,Electronics,Completed,8,15370,5
107893,05/09/2025,CUST00693,Tanta,Wireless Mouse,Accessories,Completed,9,481.5,10
107894,18/04/2025,CUST00694,Aswan,Keyboard,Accessories,Completed,10,918,15
107895,03/11/2025,CUST00695,Luxor,Office Chair,Furniture,Completed,11,5668,20
107896,16/06/2025,CUST00696,Port Said,Desk,Furniture,Completed,12,8140,0
107897,01/01/2025,CUST00697,Cairo,Headphones,Electronics,Completed,1,1620,5
107898,14/08/2025,CUST00698,Giza,Monitor,electronics,Completed,2,8372,10
107899,27/03/2025,CUST00699,Alexandria,Printer,Office Equipment,Completed,3,6256,15
107900,12/10/2025,CUST00700,Mansoura,Notebook Pack,Stationery,Completed,4,223.2,20
107901,25/05/2025,CUST00701,Tanta,Laptop,Electronics,Completed,5,26790,0
107902,10/12/2025,CUST00702,Aswan,Smartphone,Electronics,Completed,6,13775,5
107903,23/07/2025,CUST00703,Luxor,Wireless Mouse,Accessories,Completed,7,432,10
107904,08/02/2025,CUST00704,Port Said,Keyboard,Accessories,Completed,8,824.5,15
107905,21/09/2025,CUST00705,Cairo,Office Chair,Furniture,Completed,9,5096,20
107906,06/04/2025,CUST00706,Giza,Desk,Furniture,Completed,10,7326,0
107907,19/11/2025,CUST00707,Alexandria,Headphones,Electronics,Completed,11,1800,5
107908,04/06/2025,CUST00708,Mansoura,Monitor,Electronics,Completed,12,9292,10
107909,17/01/2025,CUST00709,Tanta,Printer,Office Equipment,Completed,1,6936,15
107910,02/08/2025,CUST00710,Aswan,Notebook Pack,Stationery,Completed,2,247.2,20
107911,15/03/2025,CUST00711, Luxor ,Laptop,Electronics,Completed,3,29640,0
107912,28/10/2025,CUST00712,Port Said,Smartphone,Electronics,Completed,4,15225,5
107913,13/05/2025,CUST00713,Cairo,Wireless Mouse,Accessories,Completed,5,477,10
107914,26/12/2025,CUST00714,Giza,Keyboard,Accessories,Completed,6,909.5,15
107915,11/07/2025,CUST00715,Alexandria,Office Chair,Furniture,Completed,7,5616,20
107916,24/02/2025,CUST00716,Mansoura,Desk,Furniture,Completed,8,8066,0
107917,09/09/2025,CUST00717,Tanta,Headphones,Electronics,Completed,9,1980,5
107918,22/04/2025,CUST00718,Aswan,Monitor,Electronics,Completed,10,8280,10
107919,07/11/2025,CUST00719,Luxor,Printer,Office Equipment,Completed,11,6188,15
107920,20/06/2025,CUST00720,Port Said,Notebook Pack,Stationery,Completed,12,220.8,20
107921,05/01/2025,CUST00721,Cairo,Laptop,Electronics,Completed,1,26505,0
107922,18/08/2025,CUST00722,Giza,Smartphone,Electronics,Completed,2,13630,5
107923,03/03/2025,CUST00723,Alexandria,Wireless Mouse,Accessories,Completed,3,427.5,10
107924,16/10/2025,CUST00724,Mansoura,Keyboard,Accessories,Completed,4,816,15
107925,01/05/2025,CUST00725,Tanta,Office Chair,Furniture,Completed,5,5044,20
107926,14/12/2026,CUST00726,Aswan,Desk,Furniture,Completed,6,7252,0
107927,27/07/2026,CUST00727,Luxor,Headphones,Electronics,Completed,7,1782,5
107928,12/02/2026,CUST00728,Port Said,Monitor,Electronics,Completed,8,9200,10
107929,25/09/2026,CUST00729,Cairo,Printer,Office Equipment,Completed,9,6868,15
107930,10/04/2026,CUST00730,Giza,Notebook Pack,Stationery,Completed,10,244.8,20
107931,23/11/2026,CUST00731,Alexandria,Laptop,Electronics,Completed,11,29355,0
107932,08/06/2026,CUST00732,Mansoura,Smartphone,Electronics,Completed,12,15080,5
107933,21/01/2026,CUST00733,Tanta,Wireless Mouse,Accessories,Completed,1,472.5,10
107934,06/08/2026,CUST00734,Aswan,Keyboard,Accessories,Completed,2,901,15
107935,19/03/2026,CUST00735,Luxor,Office Chair,Furniture,Completed,3,5564,20
107936,04/10/2026,CUST00736,Port Said,Desk,Furniture,Completed,4,7992,0
107937,17/05/2026,CUST00737,Cairo,Headphones,Electronics,Completed,5,1962,5
107938,02/12/2026,CUST00738,Giza,Monitor,Electronics,Completed,6,10120,10
107939,15/07/2026,CUST00739,Alexandria,Printer,Office Equipment,Completed,7,6120,15
107940,28/02/2026,CUST00740,Mansoura,Notebook Pack,Stationery,Completed,8,218.4,20
107941,13/09/2026,CUST00741,Tanta,Laptop,Electronics,Completed,9,26220,0
107942,26/04/2026,CUST00742,Aswan,Smartphone,Electronics,Completed,10,13485,5
107943,11/11/2026,CUST00743,Luxor,Wireless Mouse,Accessories,Completed,11,423,10
107944,24/06/2026,CUST00744,Port Said,Keyboard,Accessories,Completed,12,807.5,15
107945,09/01/2026,CUST00745,Cairo,Office Chair,Furniture,Completed,1,4992,20
107946,22/08/2026,CUST00746,Giza,Desk,Furniture,Completed,2,7178,0
107947,07/03/2026,CUST00747,Alexandria,Headphones,Electronics,Completed,3,1764,5
107948,20/10/2026,CUST00748,Mansoura,Monitor,Electronics,Completed,4,9108,10
107949,05/05/2026,CUST00749,Tanta,Printer,Office Equipment,Completed,5,6800,15
107950,18/12/2026,CUST00750,Aswan,Notebook Pack,Stationery,Completed,6,242.4,20
107951,03/07/2026,CUST00751,Luxor,Laptop,Electronics,Completed,7,29070,0
107952,16/02/2026,CUST00752,Port Said,Smartphone,Electronics,Completed,8,14935,5
107953,01/09/2026,CUST00753,Cairo,Wireless Mouse,Accessories,Completed,9,468,10
107954,14/04/2026,CUST00754,Giza,Keyboard,Accessories,Completed,10,892.5,15
107955,27/11/2026,CUST00755,,Office Chair,Furniture,Completed,11,5512,20
107956,12/06/2026,CUST00756,Mansoura,Desk,Furniture,Completed,12,7918,0
107957,25/01/2026,CUST00757,Tanta,Headphones,Electronics,Completed,1,1944,5
107958,10/08/2026,CUST00758,Aswan,Monitor,Electronics,Completed,2,10028,10
107959,23/03/2026,CUST00759,Luxor,Printer,Office Equipment, completed ,3,7480,15
107960,08/10/2026,CUST00760,Port Said,Notebook Pack,Stationery,Completed,4,216,20
107961,21/05/2026,CUST00761,Cairo,Laptop,Electronics,Completed,5,25935,0
107962,06/12/2026,CUST00762,Giza,Smartphone,Electronics,Completed,6,13340,5
107963,19/07/2026,CUST00763,Alexandria,Wireless Mouse,Accessories,Completed,7,418.5,10
107964,04/02/2026,CUST00764,Mansoura,Keyboard,Accessories,Completed,8,799,15
107965,17/09/2026,CUST00765,Tanta,Office Chair,Furniture,Completed,9,4940,
107966,02/04/2026,CUST00766,Aswan,Desk,Furniture,Completed,10,7104,0
107967,15/11/2026,CUST00767,Luxor,Headphones,Electronics,Completed,11,1746,5
107968,28/06/2026,CUST00768,Port Said,Monitor,Electronics,Completed,12,9016,10
107969,13/01/2026,CUST00769,Cairo,Printer,Office Equipment,Completed,1,6732,15
107970,26/08/2026,CUST00770,Giza,Notebook Pack,Stationery,Completed,2,240,20
107971,11/03/2026,CUST00771,Alexandria,Laptop,Electronics,Completed,3,28785,0
107972,24/10/2026,CUST00772,Mansoura,Smartphone,Electronics,Completed,4,14790,5
107973,09/05/2026,CUST00773,Tanta,Wireless Mouse,Accessories,Completed,5,463.5,10
107974,22/12/2026,CUST00774,Aswan,Keyboard,Accessories,Completed,6,884,15
107975,07/07/2026,CUST00775,Luxor,Office Chair,Furniture,Completed,7,5460,20
107976,20/02/2026,CUST00776,Port Said,Desk,Furniture,Completed,8,7844,0
107977,05/09/2026,CUST00777,Cairo,Headphones,Electronics,Completed,9,1926,5
107978,18/04/2026,CUST00778,Giza,Monitor,Electronics,Completed,10,9936,10
107979,03/11/2026,CUST00779,Alexandria,Printer,Office Equipment,Completed,11,7412,15
107980,16/06/2026,CUST00780,Mansoura,Notebook Pack,Stationery,Completed,12,264,20
107981,01/01/2026,CUST00781,Tanta,Laptop,Electronics,Completed,1,25650,0
107982,14/08/2026,CUST00782,Aswan,Smartphone,Electronics,Completed,2,13195,5
107983,27/03/2026,CUST00783,Luxor,Wireless Mouse,Accessories,Completed,3,414,10
107984,12/10/2026,CUST00784,Port Said,Keyboard,Accessories,Completed,4,790.5,15
107985,25/05/2026,CUST00785,Cairo,Office Chair,Furniture,Completed,5,4888,20
107986,10/12/2026,CUST00786,Giza,Desk,Furniture,Completed,6,7030,0
107987,23/07/2026,CUST00787,Alexandria,Headphones,Electronics,Completed,7,1728,5
107988,08/02/2026,CUST00788,Mansoura,Monitor,Electronics,Completed,8,8924,10
107989,21/09/2026,CUST00789,Tanta,Printer,Office Equipment,Completed,9,6664,15
107990,06/04/2026,CUST00790,Aswan,Notebook Pack,Stationery,Completed,10,237.6,20
107991,19/11/2026,CUST00791,Luxor,Laptop,Electronics,Completed,11,28500,0
107992,04/06/2026,CUST00792,Port Said,Smartphone,Electronics,Completed,12,14645,5
107993,17/01/2026,CUST00793,Cairo,Wireless Mouse,Accessories,Completed,1,459,10
107994,02/08/2026,CUST00794,Giza,Keyboard,Accessories,Completed,2,875.5,15
107995,15/03/2026,CUST00795,Alexandria,Office Chair,Furniture,Completed,3,5408,20
107996,28/10/2026,CUST00796,Mansoura,Desk,Furniture,Completed,4,7770,0
107997,13/05/2026,CUST00797,Tanta,Headphones,Electronics,Completed,5,1908,5
107998,26/12/2026,CUST00798,Aswan,Monitor,Electronics,Completed,6,9844,10
107999,11/07/2026,CUST00799,Luxor,Printer,Office Equipment,Completed,7,7344,15
108000,24/02/2026,CUST00800,Port Said,Notebook Pack,Stationery,Completed,8,261.6,20
108001,09/09/2026,CUST00801,Cairo,Laptop,Electronics,Completed,9,31350,0
108002,22/04/2026,CUST00802,Giza, smartphone ,Electronics,Completed,10,13050,5
108003,07/11/2026,CUST00803,Alexandria,Wireless Mouse,Accessories,Completed,11,409.5,10
108004,20/06/2026,CUST00804,Mansoura,Keyboard,Accessories,Completed,12,782,15
108005,05/01/2026,CUST00805,Tanta,Office Chair,Furniture,Completed,1,4836,20
108006,18/08/2026,CUST00806,Aswan,Desk,Furniture,Completed,2,6956,0
108007,03/03/2026,CUST00807,Luxor,Headphones,Electronics,Completed,3,1710,5
108008,16/10/2026,CUST00808,Port Said,Monitor,Electronics,Completed,4,8832,10
108009,01/05/2026,CUST00809,Cairo,Printer,Office Equipment,Completed,5,6596,15
108010,14/12/2026,CUST00810,Giza,Notebook Pack,Stationery,Completed,6,235.2,20
108011,27/07/2026,CUST00811,Alexandria,Laptop,Electronics,Completed,7,28215,0
108012,12/02/2026,CUST00812,Mansoura,Smartphone,Electronics,Completed,8,14500,5
108013,25/09/2026,CUST00813,Tanta,Wireless Mouse,Accessories,Completed,9,454.5,10
108014,10/04/2026,CUST00814,Aswan,Keyboard,Accessories,Completed,10,867,15
108015,23/11/2026,CUST00815,Luxor,Office Chair,Furniture,Completed,11,5356,20
108016,08/06/2026,CUST00816,Port Said,Desk,Furniture,Completed,12,7696,0
108017,21/01/2026,CUST00817,Cairo,Headphones,Electronics,Completed,1,1890,5
108018,06/08/2026,CUST00818,Giza,Monitor,Electronics,Completed,2,9752,10
108019,19/03/2026,CUST00819,Alexandria,Printer,Office Equipment,Completed,3,7276,15
108020,04/10/2026,CUST00820,Mansoura,Notebook Pack,Stationery,Completed,4,259.2,20
108021,17/05/2026,CUST00821,Tanta,Laptop,Electronics,Completed,5,31065,0
108022,02/12/2026,CUST00822,Aswan,Smartphone,Electronics,Completed,6,15950,5
108023,15/07/2026,CUST00823,Luxor,Wireless Mouse,Accessories,Completed,7,405,10
108024,28/02/2026,CUST00824, Port Said ,Keyboard,Accessories,Completed,8,773.5,15
108025,13/09/2026,CUST00825,Cairo,Office Chair,Furniture,Completed,9,4784,20
108026,26/04/2026,CUST00826,Giza,Desk,Furniture,Completed,10,6882,0
108027,11/11/2026,CUST00827,Alexandria,Headphones,Electronics,Completed,11,1692,5
108028,24/06/2026,CUST00828,Mansoura,Monitor,Electronics,Completed,12,8740,10
108029,09/01/2026,CUST00829,Tanta,Printer,Office Equipment,Completed,1,6528,15
108030,22/08/2026,CUST00830,Aswan,Notebook Pack,Stationery,Completed,2,232.8,20
108031,07/03/2026,CUST00831,Luxor,Laptop,Electronics,Completed,3,27930,0
108032,20/10/2026,CUST00832,Port Said,Smartphone,Electronics,Completed,4,14355,5
108033,05/05/2026,CUST00833,Cairo,Wireless Mouse,Accessories,Completed,5,450,10
108034,18/12/2026,CUST00834,Giza,Keyboard,Accessories,Completed,6,858.5,15
108035,03/07/2026,CUST00835,Alexandria,Office Chair,Furniture,Completed,7,5304,20
108036,16/02/2026,CUST00836,Mansoura,Desk,Furniture,Completed,8,7622,0
108037,01/09/2026,CUST00837,Tanta,Headphones,Electronics,Completed,9,1872,5
108038,14/04/2026,CUST00838,Aswan,Monitor,Electronics,Completed,10,9660,10
108039,27/11/2026,CUST00839,Luxor,Printer,Office Equipment,Completed,11,7208,15
108040,12/06/2026,CUST00840,Port Said,Notebook Pack,Stationery,Completed,12,256.8,20
108041,25/01/2026,CUST00841,Cairo,Laptop,Electronics,Completed,1,30780,0
108042,10/08/2026,CUST00842,Giza,Smartphone,Electronics,Completed,2,15805,5
108043,23/03/2026,CUST00843,Alexandria,Wireless Mouse,Accessories,Completed,3,495,10
108044,08/10/2026,CUST00844,Mansoura,Keyboard,Accessories,Completed,4,765,15
108045,21/05/2026,CUST00845,Tanta,Office Chair,Furniture,Completed,5,4732,20
108046,06/12/2026,CUST00846,Aswan,Desk,Furniture,Completed,6,6808,0
108047,19/07/2026,CUST00847,Luxor,Headphones,electronics,Completed,7,1674,5
108048,04/02/2026,CUST00848,Port Said,Monitor,Electronics,Completed,8,8648,10
108049,17/09/2026,CUST00849,Cairo,Printer,Office Equipment,Completed,9,6460,15
108050,02/04/2026,CUST00850,Giza,Notebook Pack,Stationery,Completed,10,230.4,20
108051,15/11/2026,CUST00851,Alexandria,Laptop,Electronics,Completed,11,27645,0
108052,28/06/2026,CUST00852,,Smartphone,Electronics,Completed,12,14210,5
108053,13/01/2026,CUST00853,Tanta,Wireless Mouse,Accessories,Completed,1,445.5,10
108054,26/08/2026,CUST00854,Aswan,Keyboard,Accessories,Completed,2,850,15
108055,11/03/2026,CUST00855,Luxor,Office Chair,Furniture,Completed,3,5252,20
108056,24/10/2026,CUST00856,Port Said,Desk,Furniture,Completed,4,7548,0
108057,09/05/2026,CUST00857,Cairo,Headphones,Electronics,Completed,5,1854,5
108058,22/12/2026,CUST00858,Giza,Monitor,Electronics,Completed,6,9568,10
108059,07/07/2026,CUST00859,Alexandria,Printer,Office Equipment,Completed,7,7140,15
108060,20/02/2026,CUST00860,Mansoura,Notebook Pack,Stationery,Completed,8,254.4,20
108061,05/09/2026,CUST00861,Tanta,Laptop,Electronics,Completed,9,30495,0
108062,18/04/2026,CUST00862,Aswan,Smartphone,Electronics,Completed,10,15660,5
108063,03/11/2026,CUST00863,Luxor,Wireless Mouse,Accessories,Completed,11,490.5,10
108064,16/06/2026,CUST00864,Port Said,Keyboard,Accessories,Completed,12,935,15
108065,01/01/2026,CUST00865,Cairo,Office Chair,Furniture,Completed,1,4680,20
108066,14/08/2026,CUST00866,Giza,Desk,Furniture,Completed,2,6734,0
108067,27/03/2026,CUST00867,Alexandria,Headphones,Electronics,Completed,3,1656,5
108068,12/10/2026,CUST00868,Mansoura,Monitor,Electronics,Completed,4,8556,10
108069,25/05/2026,CUST00869,Tanta,Printer,Office Equipment,Completed,5,6392,15
108070,10/12/2026,CUST00870,Aswan,Notebook Pack,Stationery,Completed,6,228,20
108071,23/07/2026,CUST00871,Luxor,Laptop,Electronics,Completed,7,27360,0
108072,08/02/2026,CUST00872,Port Said,Smartphone,Electronics,Completed,8,14065,5
108073,21/09/2026,CUST00873,Cairo,Wireless Mouse,Accessories,Completed,9,441,10
108074,06/04/2026,CUST00874,Giza,Keyboard,Accessories,Completed,10,841.5,15
108075,19/11/2026,CUST00875,Alexandria,Office Chair,Furniture,Completed,11,5200,20
108076,04/06/2026,CUST00876,Mansoura,Desk,Furniture,Completed,12,7474,0
108077,17/01/2026,CUST00877,Tanta,Headphones,Electronics,Completed,1,1836,5
108078,02/08/2026,CUST00878,Aswan,Monitor,Electronics,Completed,2,9476,10
108079,15/03/2026,CUST00879,Luxor,Printer,Office Equipment,Completed,3,7072,15
108080,28/10/2026,CUST00880,Port Said,Notebook Pack,Stationery,Completed,4,252,20
108081,13/05/2026,CUST00881,Cairo,Laptop,Electronics,Completed,5,30210,0
108082,26/12/2026,CUST00882,Giza,Smartphone,Electronics,Completed,6,15515,5
108083,11/07/2026,CUST00883,Alexandria,Wireless Mouse,Accessories,Completed,7,486,10
108084,24/02/2026,CUST00884,Mansoura,Keyboard,Accessories,Completed,8,926.5,15
108085,09/09/2026,CUST00885,Tanta,Office Chair,Furniture,Completed,9,5720,20
108086,22/04/2026,CUST00886,Aswan,Desk,Furniture,Completed,10,6660,0
108087,07/11/2026,CUST00887,Luxor,Headphones,Electronics,Completed,11,1638,5
108088,20/06/2026,CUST00888,Port Said,Monitor,Electronics,Completed,12,8464,10
108089,05/01/2026,CUST00889,Cairo,Printer,Office Equipment,Completed,1,6324,15
108090,18/08/2026,CUST00890,Giza,Notebook Pack,Stationery,Completed,2,225.6,20
108091,03/03/2026,CUST00891,Alexandria,Laptop,Electronics,Completed,3,27075,0
108092,16/10/2026,CUST00892,Mansoura,Smartphone,Electronics,Completed,4,13920,5
108093,01/05/2026,CUST00893,Tanta,Wireless Mouse,Accessories,Completed,5,436.5,10
108094,14/12/2026,CUST00894,Aswan,Keyboard,Accessories,Completed,6,833,15
108095,27/07/2026,CUST00895,Luxor,Office Chair,Furniture,Completed,7,5148,20
108096,12/02/2026,CUST00896,Port Said,Desk,Furniture,Completed,8,7400,0
108097,25/09/2026,CUST00897,Cairo,Headphones,Electronics,Completed,9,1818,5
108098,10/04/2026,CUST00898,Giza,Monitor,Electronics,Completed,10,9384,10
108099,23/11/2026,CUST00899,Alexandria,Printer,Office Equipment,Completed,11,7004,15
108100,08/06/2026,CUST00900,Mansoura,Notebook Pack,Stationery,Completed,12,249.6,20
108101,21/01/2025,CUST00901,Tanta,Laptop,Electronics,Completed,1,29925,0
108102,06/08/2025,CUST00902,Aswan,Smartphone,Electronics,Completed,2,15370,5
108103,19/03/2025,CUST00903,Luxor,Wireless Mouse,Accessories,Completed,3,481.5,10
108104,04/10/2025,CUST00904,Port Said,Keyboard,Accessories,Completed,4,918,15
108105,17/05/2025,CUST00905,Cairo,Office Chair,Furniture,Completed,5,5668,20
108106,02/12/2025,CUST00906,Giza,Desk,Furniture,Completed,6,8140,0
108107,15/07/2025,CUST00907,Alexandria,Headphones,Electronics,Completed,7,1620,5
108108,28/02/2025,CUST00908,Mansoura,Monitor,Electronics,Completed,8,8372,10
108109,13/09/2025,CUST00909,Tanta,Printer,Office Equipment,Completed,9,6256,15
108110,26/04/2025,CUST00910,Aswan,Notebook Pack,Stationery,Completed,10,223.2,20
108111,11/11/2025,CUST00911,Luxor,Laptop,Electronics,Completed,11,26790,0
108112,24/06/2025,CUST00912,Port Said,Smartphone,Electronics,Completed,12,13775,5
108113,09/01/2025,CUST00913,Cairo,Wireless Mouse,Accessories,Completed,1,432,10
108114,22/08/2025,CUST00914,Giza,Keyboard,Accessories,Completed,2,824.5,15
108115,07/03/2025,CUST00915,Alexandria,Office Chair,Furniture,Completed,3,5096,20
108116,20/10/2025,CUST00916,Mansoura,Desk,Furniture,Completed,4,7326,0
108117,05/05/2025,CUST00917,Tanta,Headphones,Electronics,Completed,5,1800,5
108118,18/12/2025,CUST00918,Aswan,Monitor,Electronics,Completed,6,9292,10
108119,03/07/2025,CUST00919,Luxor,Printer,Office Equipment,Completed,7,6936,15
108120,16/02/2025,CUST00920,Port Said,Notebook Pack,Stationery,Completed,8,247.2,20
108121,01/09/2025,CUST00921,Cairo,Laptop,Electronics,Completed,9,29640,0
108122,14/04/2025,CUST00922,Giza,Smartphone,Electronics,Completed,10,15225,5
108123,27/11/2025,CUST00923,Alexandria,Wireless Mouse,Accessories,Completed,11,477,10
108124,12/06/2025,CUST00924,Mansoura,Keyboard,Accessories,Completed,12,909.5,15
108125,25/01/2025,CUST00925,Tanta,Office Chair,Furniture,Completed,1,5616,20
108126,10/08/2025,CUST00926,Aswan,Desk,Furniture,Completed,2,8066,0
108127,23/03/2025,CUST00927,Luxor,Headphones,Electronics,Completed,3,1980,5
108128,08/10/2025,CUST00928,Port Said,Monitor,Electronics,Completed,4,8280,10
108129,21/05/2025,CUST00929,Cairo, printer ,Office Equipment,Completed,5,6188,15
108130,06/12/2025,CUST00930,Giza,Notebook Pack,Stationery,Completed,6,220.8,20
108131,19/07/2025,CUST00931,Alexandria,Laptop,Electronics,Completed,7,26505,0
108132,04/02/2025,CUST00932,Mansoura,Smartphone,Electronics, completed ,8,13630,5
108133,17/09/2025,CUST00933,Tanta,Wireless Mouse,Accessories,Completed,9,427.5,10
108134,02/04/2025,CUST00934,Aswan,Keyboard,Accessories,Completed,10,816,15
108135,15/11/2025,CUST00935,Luxor,Office Chair,Furniture,Completed,11,5044,20
108136,28/06/2025,CUST00936,Port Said,Desk,Furniture,Completed,12,7252,0
108137,13/01/2025,CUST00937, Cairo ,Headphones,Electronics,Completed,1,1782,5
108138,26/08/2025,CUST00938,Giza,Monitor,Electronics,Completed,2,9200,10
108139,11/03/2025,CUST00939,Alexandria,Printer,Office Equipment,Completed,3,6868,15
108140,24/10/2025,CUST00940,Mansoura,Notebook Pack,Stationery,Completed,4,244.8,20
108141,09/05/2025,CUST00941,Tanta,Laptop,Electronics,Completed,5,29355,0
108142,22/12/2025,CUST00942,Aswan,Smartphone,Electronics,Completed,6,15080,5
108143,07/07/2025,CUST00943,Luxor,Wireless Mouse,Accessories,Completed,7,472.5,10
108144,20/02/2025,CUST00944,Port Said,Keyboard,Accessories,Completed,8,901,15
108145,05/09/2025,CUST00945,Cairo,Office Chair,Furniture,Completed,9,5564,20
108146,18/04/2025,CUST00946,Giza,Desk,Furniture,Completed,10,7992,
108147,03/11/2025,CUST00947,Alexandria,Headphones,Electronics,Completed,11,1962,5
108148,16/06/2025,CUST00948,Mansoura,Monitor,Electronics,Completed,12,10120,10
108149,01/01/2025,CUST00949,,Printer,Office Equipment,Completed,1,6120,15
108150,14/08/2025,CUST00950,Aswan,Notebook Pack,Stationery,Completed,2,218.4,20
108151,27/03/2025,CUST00951,Luxor,Laptop,Electronics,Completed,3,26220,0
108152,12/10/2025,CUST00952,Port Said,Smartphone,Electronics,Completed,4,13485,5
108153,25/05/2025,CUST00953,Cairo,Wireless Mouse,Accessories,Completed,5,423,10
108154,10/12/2025,CUST00954,Giza,Keyboard,Accessories,Completed,6,807.5,15
108155,23/07/2025,CUST00955,Alexandria,Office Chair,Furniture,Completed,7,4992,20
108156,08/02/2025,CUST00956,Mansoura,Desk,Furniture,Completed,8,7178,0
108157,21/09/2025,CUST00957,Tanta,Headphones,Electronics,Completed,9,1764,5
108158,06/04/2025,CUST00958,Aswan,Monitor,Electronics,Completed,10,9108,10
108159,19/11/2025,CUST00959,Luxor,Printer,Office Equipment,Completed,11,6800,15
108160,04/06/2025,CUST00960,Port Said,Notebook Pack,Stationery,Completed,12,242.4,20
108161,17/01/2025,CUST00961,Cairo,Laptop,Electronics,Completed,1,29070,0
108162,02/08/2025,CUST00962,Giza,Smartphone,Electronics,Completed,2,14935,5
108163,15/03/2025,CUST00963,Alexandria,Wireless Mouse,Accessories,Completed,3,468,10
108164,28/10/2025,CUST00964,Mansoura,Keyboard,Accessories,Completed,4,892.5,15
108165,13/05/2025,CUST00965,Tanta,Office Chair,Furniture,Completed,5,5512,20
108166,26/12/2025,CUST00966,Aswan,Desk,Furniture,Completed,6,7918,0
108167,11/07/2025,CUST00967,Luxor,Headphones,Electronics,Completed,7,1944,5
108168,24/02/2025,CUST00968,Port Said,Monitor,Electronics,Completed,8,10028,10
108169,09/09/2025,CUST00969,Cairo,Printer,Office Equipment,Completed,9,7480,15
108170,22/04/2025,CUST00970,Giza,Notebook Pack,Stationery,Completed,10,216,20
108171,07/11/2025,CUST00971,Alexandria,Laptop,Electronics,Completed,11,25935,0
108172,20/06/2025,CUST00972,Mansoura,Smartphone,Electronics,Completed,12,13340,5
108173,05/01/2025,CUST00973,Tanta,Wireless Mouse,Accessories,Completed,1,418.5,10
108174,18/08/2025,CUST00974,Aswan,Keyboard,Accessories,Completed,2,799,15
108175,03/03/2025,CUST00975,Luxor,Office Chair,Furniture,Completed,3,4940,20
108176,16/10/2025,CUST00976,Port Said,Desk,Furniture,Completed,4,7104,0
108177,01/05/2025,CUST00977,Cairo,Headphones,Electronics,Completed,5,1746,5
108178,14/12/2025,CUST00978,Giza,Monitor,Electronics,Completed,6,9016,10
108179,27/07/2025,CUST00979,Alexandria,Printer,Office Equipment,Completed,7,6732,15
108180,12/02/2025,CUST00980,Mansoura,Notebook Pack,Stationery,Completed,8,240,20
108181,25/09/2025,CUST00981,Tanta,Laptop,Electronics,Completed,9,28785,0
108182,10/04/2025,CUST00982,Aswan,Smartphone,Electronics,Completed,10,14790,5
108183,23/11/2025,CUST00983,Luxor,Wireless Mouse,Accessories,Completed,11,463.5,10
108184,08/06/2025,CUST00984,Port Said,Keyboard,Accessories,Completed,12,884,15
108185,21/01/2025,CUST00985,Cairo,Office Chair,Furniture,Completed,1,5460,20
108186,06/08/2025,CUST00986,Giza,Desk,Furniture,Completed,2,7844,0
108187,19/03/2025,CUST00987,Alexandria,Headphones,Electronics,Completed,3,1926,5
108188,04/10/2025,CUST00988,Mansoura,Monitor,Electronics,Completed,4,9936,10
108189,17/05/2025,CUST00989,Tanta,Printer,Office Equipment,Completed,5,7412,15
108190,02/12/2025,CUST00990,Aswan,Notebook Pack,Stationery,Completed,6,264,20
108191,15/07/2025,CUST00991,Luxor,Laptop,Electronics,Completed,7,25650,0
108192,28/02/2025,CUST00992,Port Said,Smartphone,Electronics,Completed,8,13195,5
108193,13/09/2025,CUST00993,Cairo,Wireless Mouse,Accessories,Completed,9,414,10
108194,26/04/2025,CUST00994,Giza,Keyboard,Accessories,Completed,10,790.5,15
108195,11/11/2025,CUST00995,Alexandria,Office Chair,Furniture,Completed,11,4888,20
108196,24/06/2025,CUST00996,Mansoura,Desk,furniture,Completed,12,7030,0
108197,09/01/2025,CUST00997,Tanta,Headphones,Electronics,Completed,1,1728,5
108198,22/08/2025,CUST00998,Aswan,Monitor,Electronics,Completed,2,8924,10
108199,07/03/2025,CUST00999,Luxor,Printer,Office Equipment,Completed,3,6664,15
108200,20/10/2025,CUST01000,Port Said,Notebook Pack,Stationery,Completed,4,237.6,20
108201,05/05/2025,CUST01001,Cairo,Laptop,Electronics,Completed,5,28500,0
108202,18/12/2025,CUST01002,Giza,Smartphone,Electronics,Completed,6,14645,5
108203,03/07/2025,CUST01003,Alexandria,Wireless Mouse,Accessories,Completed,7,459,10
108204,16/02/2025,CUST01004,Mansoura,Keyboard,Accessories,Completed,8,875.5,15
108205,01/09/2025,CUST01005,Tanta,Office Chair,Furniture,Completed,9,5408,20
108206,14/04/2025,CUST01006,Aswan,Desk,Furniture,Completed,10,7770,0
108207,27/11/2025,CUST01007,Luxor,Headphones,Electronics,Completed,11,1908,5
108208,12/06/2025,CUST01008,Port Said,Monitor,Electronics,Completed,12,9844,10
108209,25/01/2025,CUST01009,Cairo,Printer,Office Equipment,Completed,1,7344,15
108210,10/08/2025,CUST01010,Giza,Notebook Pack,Stationery,Completed,2,261.6,20
108211,23/03/2025,CUST01011,Alexandria,Laptop,Electronics,Completed,3,31350,0
108212,08/10/2025,CUST01012,Mansoura,Smartphone,Electronics,Completed,4,13050,5
108213,21/05/2025,CUST01013,Tanta,Wireless Mouse,Accessories,Completed,5,409.5,10
108214,06/12/2025,CUST01014,Aswan,Keyboard,Accessories,Completed,6,782,15
108215,19/07/2025,CUST01015,Luxor,Office Chair,Furniture,Completed,7,4836,20
108216,04/02/2025,CUST01016,Port Said,Desk,Furniture,Completed,8,6956,0
108217,17/09/2025,CUST01017,Cairo,Headphones,Electronics,Completed,9,1710,5
108218,02/04/2025,CUST01018,Giza,Monitor,Electronics,Completed,10,8832,10
108219,15/11/2025,CUST01019,Alexandria,Printer,Office Equipment,Completed,11,6596,15
108220,28/06/2025,CUST01020,Mansoura,Notebook Pack,Stationery,Completed,12,235.2,20
108221,13/01/2025,CUST01021,Tanta,Laptop,Electronics,Completed,1,28215,0
108222,26/08/2025,CUST01022,Aswan,Smartphone,Electronics,Completed,2,14500,5
108223,11/03/2025,CUST01023,Luxor,Wireless Mouse,Accessories,Completed,3,454.5,10
108224,24/10/2025,CUST01024,Port Said,Keyboard,Accessories,Completed,4,867,15
108225,09/05/2025,CUST01025,Cairo,Office Chair,Furniture,Completed,5,5356,20
108226,22/12/2025,CUST01026,Giza,Desk,Furniture,Completed,6,7696,0
108227,07/07/2025,CUST01027,Alexandria,Headphones,Electronics,Completed,7,1890,5
108228,20/02/2025,CUST01028,Mansoura,Monitor,Electronics,Completed,8,9752,10
108229,05/09/2025,CUST01029,Tanta,Printer,Office Equipment,Completed,9,7276,15
108230,18/04/2025,CUST01030,Aswan,Notebook Pack,Stationery,Completed,10,259.2,20
108231,03/11/2025,CUST01031,Luxor,Laptop,Electronics,Completed,11,31065,0
108232,16/06/2025,CUST01032,Port Said,Smartphone,Electronics,Completed,12,15950,5
108233,01/01/2025,CUST01033,Cairo,Wireless Mouse,Accessories,Completed,1,405,10
108234,14/08/2025,CUST01034,Giza,Keyboard,Accessories,Completed,2,773.5,15
108235,27/03/2025,CUST01035,Alexandria,Office Chair,Furniture,Completed,3,4784,20
108236,12/10/2025,CUST01036,Mansoura,Desk,Furniture,Completed,4,6882,0
108237,25/05/2025,CUST01037,Tanta,Headphones,Electronics,Completed,5,1692,5
108238,10/12/2025,CUST01038,Aswan,Monitor,Electronics,Completed,6,8740,10
108239,23/07/2025,CUST01039,Luxor,Printer,Office Equipment,Completed,7,6528,15
108240,08/02/2025,CUST01040,Port Said,Notebook Pack,Stationery,Completed,8,232.8,20
108241,21/09/2025,CUST01041,Cairo,Laptop,Electronics,Completed,9,27930,0
108242,06/04/2025,CUST01042,Giza,Smartphone,Electronics,Completed,10,14355,5
108243,19/11/2025,CUST01043,Alexandria,Wireless Mouse,Accessories,Completed,11,450,10
108244,04/06/2025,CUST01044,Mansoura,Keyboard,Accessories,Completed,12,858.5,15
108245,17/01/2025,CUST01045,Tanta,Office Chair,Furniture,Completed,1,5304,20
108246,02/08/2025,CUST01046,,Desk,Furniture,Completed,2,7622,0
108247,15/03/2025,CUST01047,Luxor,Headphones,Electronics,Completed,3,1872,5
108248,28/10/2025,CUST01048,Port Said,Monitor,Electronics,Completed,4,9660,10
108249,13/05/2025,CUST01049,Cairo,Printer,Office Equipment,Completed,5,7208,15
108250,26/12/2025,CUST01050, Giza ,Notebook Pack,Stationery,Completed,6,256.8,20
108251,11/07/2025,CUST01051,Alexandria,Laptop,Electronics,Completed,7,30780,0
108252,24/02/2025,CUST01052,Mansoura,Smartphone,Electronics,Completed,8,15805,5
108253,09/09/2025,CUST01053,Tanta,Wireless Mouse,Accessories,Completed,9,495,10
108254,22/04/2025,CUST01054,Aswan,Keyboard,Accessories,Completed,10,765,15
108255,07/11/2025,CUST01055,Luxor,Office Chair,Furniture,Completed,11,4732,20
108256,20/06/2025,CUST01056,Port Said, desk ,Furniture,Completed,12,6808,0
108257,05/01/2025,CUST01057,Cairo,Headphones,Electronics,Completed,1,1674,5
108258,18/08/2025,CUST01058,Giza,Monitor,Electronics,Completed,2,8648,10
108259,03/03/2025,CUST01059,Alexandria,Printer,Office Equipment,Completed,3,6460,15
108260,16/10/2025,CUST01060,Mansoura,Notebook Pack,Stationery,Completed,4,230.4,20
108261,01/05/2025,CUST01061,Tanta,Laptop,Electronics,Completed,5,27645,0
108262,14/12/2025,CUST01062,Aswan,Smartphone,Electronics,Completed,6,14210,5
108263,27/07/2025,CUST01063,Luxor,Wireless Mouse,Accessories,Completed,7,445.5,10
108264,12/02/2025,CUST01064,Port Said,Keyboard,Accessories,Completed,8,850,15
108265,25/09/2025,CUST01065,Cairo,Office Chair,Furniture,Completed,9,5252,20
108266,10/04/2025,CUST01066,Giza,Desk,Furniture,Completed,10,7548,0
108267,23/11/2025,CUST01067,Alexandria,Headphones,Electronics,Completed,11,1854,5
108268,08/06/2025,CUST01068,Mansoura,Monitor,Electronics,Completed,12,9568,10
108269,21/01/2025,CUST01069,Tanta,Printer,Office Equipment,Completed,1,7140,15
108270,06/08/2025,CUST01070,Aswan,Notebook Pack,Stationery,Completed,2,254.4,20
108271,19/03/2025,CUST01071,Luxor,Laptop,Electronics,Completed,3,30495,0
108272,04/10/2025,CUST01072,Port Said,Smartphone,Electronics,Completed,4,15660,5
108273,17/05/2025,CUST01073,Cairo,Wireless Mouse,Accessories,Completed,5,490.5,10
108274,02/12/2025,CUST01074,Giza,Keyboard,Accessories,Completed,6,935,15
108275,15/07/2025,CUST01075,Alexandria,Office Chair,Furniture,Completed,7,4680,20
108276,28/02/2025,CUST01076,Mansoura,Desk,Furniture,Completed,8,6734,0
108277,13/09/2025,CUST01077,Tanta,Headphones,Electronics,Completed,9,1656,5
108278,26/04/2025,CUST01078,Aswan,Monitor,Electronics,Completed,10,8556,10
108279,11/11/2025,CUST01079,Luxor,Printer,Office Equipment,Completed,11,6392,15
108280,24/06/2025,CUST01080,Port Said,Notebook Pack,Stationery,Completed,12,228,20
108281,09/01/2025,CUST01081,Cairo,Laptop,Electronics,Completed,1,27360,0
108282,22/08/2025,CUST01082,Giza,Smartphone,Electronics,Completed,2,14065,5
108283,07/03/2025,CUST01083,Alexandria,Wireless Mouse,Accessories,Completed,3,441,10
108284,20/10/2025,CUST01084,Mansoura,Keyboard,Accessories,Completed,4,841.5,15
108285,05/05/2025,CUST01085,Tanta,Office Chair,Furniture,Completed,5,5200,20
108286,18/12/2025,CUST01086,Aswan,Desk,Furniture,Completed,6,7474,0
108287,03/07/2025,CUST01087,Luxor,Headphones,Electronics,Completed,7,1836,5
108288,16/02/2025,CUST01088,Port Said,Monitor,Electronics,Completed,8,9476,10
108289,01/09/2025,CUST01089,Cairo,Printer,Office Equipment,Completed,9,7072,15
108290,14/04/2025,CUST01090,Giza,Notebook Pack,Stationery,Completed,10,252,20
108291,27/11/2025,CUST01091,Alexandria,Laptop,Electronics,Completed,11,30210,0
108292,12/06/2025,CUST01092,Mansoura,Smartphone,Electronics,Completed,12,15515,5
108293,25/01/2025,CUST01093,Tanta,Wireless Mouse,Accessories,Completed,1,486,10
108294,10/08/2025,CUST01094,Aswan,Keyboard,Accessories,Completed,2,926.5,15
108295,23/03/2025,CUST01095,Luxor,Office Chair,Furniture,Completed,3,5720,20
108296,08/10/2025,CUST01096,Port Said,Desk,Furniture,Completed,4,6660,0
108297,21/05/2025,CUST01097,Cairo,Headphones,Electronics,Completed,5,1638,5
108298,06/12/2025,CUST01098,Giza,Monitor,Electronics,Completed,6,8464,10
108299,19/07/2025,CUST01099,Alexandria,Printer,Office Equipment,Completed,7,6324,15
108300,04/02/2025,CUST01100,Mansoura,Notebook Pack,Stationery,Completed,8,225.6,20
108301,17/09/2025,CUST01101,Tanta,Laptop,Electronics,Completed,9,27075,0
108302,02/04/2025,CUST01102,Aswan,Smartphone,Electronics,Completed,10,13920,5
108303,15/11/2025,CUST01103,Luxor,Wireless Mouse,Accessories,Completed,11,436.5,10
108304,28/06/2025,CUST01104,Port Said,Keyboard,Accessories,Completed,12,833,15
108305,13/01/2025,CUST01105,Cairo,Office Chair,Furniture, completed ,1,5148,20
108306,26/08/2025,CUST01106,Giza,Desk,Furniture,Completed,2,7400,0
108307,11/03/2025,CUST01107,Alexandria,Headphones,Electronics,Completed,3,1818,5
108308,24/10/2025,CUST01108,Mansoura,Monitor,Electronics,Completed,4,9384,10
108309,09/05/2025,CUST01109,Tanta,Printer,Office Equipment,Completed,5,7004,15
108310,22/12/2025,CUST01110,Aswan,Notebook Pack,Stationery,Completed,6,249.6,20
108311,07/07/2025,CUST01111,Luxor,Laptop,Electronics,Completed,7,29925,0
108312,20/02/2025,CUST01112,Port Said,Smartphone,Electronics,Completed,8,15370,5
108313,05/09/2025,CUST01113,Cairo,Wireless Mouse,Accessories,Completed,9,481.5,10
108314,18/04/2025,CUST01114,Giza,Keyboard,Accessories,Completed,10,918,15
108315,03/11/2025,CUST01115,Alexandria,Office Chair,Furniture,Completed,11,5668,20
108316,16/06/2025,CUST01116,Mansoura,Desk,Furniture,Completed,12,8140,0
108317,01/01/2025,CUST01117,Tanta,Headphones,Electronics,Completed,1,1620,5
108318,14/08/2025,CUST01118,Aswan,Monitor,Electronics,Completed,2,8372,10
108319,27/03/2025,CUST01119,Luxor,Printer,Office Equipment,Completed,3,6256,15
108320,12/10/2025,CUST01120,Port Said,Notebook Pack,Stationery,Completed,4,223.2,20
108321,25/05/2025,CUST01121,Cairo,Laptop,Electronics,Completed,5,26790,0
108322,10/12/2025,CUST01122,Giza,Smartphone,Electronics,Completed,6,13775,5
108323,23/07/2025,CUST01123,Alexandria,Wireless Mouse,Accessories,Completed,7,432,10
108324,08/02/2025,CUST01124,Mansoura,Keyboard,Accessories,Completed,8,824.5,15
108325,21/09/2025,CUST01125,Tanta,Office Chair,Furniture,Completed,9,5096,20
108326,06/04/2025,CUST01126,Aswan,Desk,Furniture,Completed,10,7326,0
108327,19/11/2025,CUST01127,Luxor,Headphones,Electronics,Completed,11,1800,
108328,04/06/2025,CUST01128,Port Said,Monitor,Electronics,Completed,12,9292,10
108329,17/01/2025,CUST01129,Cairo,Printer,Office Equipment,Completed,1,6936,15
108330,02/08/2025,CUST01130,Giza,Notebook Pack,Stationery,Completed,2,247.2,20
108331,15/03/2025,CUST01131,Alexandria,Laptop,Electronics,Completed,3,29640,0
108332,28/10/2025,CUST01132,Mansoura,Smartphone,Electronics,Completed,4,15225,5
108333,13/05/2025,CUST01133,Tanta,Wireless Mouse,Accessories,Completed,5,477,10
108334,26/12/2025,CUST01134,Aswan,Keyboard,Accessories,Completed,6,909.5,15
108335,11/07/2025,CUST01135,Luxor,Office Chair,Furniture,Completed,7,5616,20
108336,24/02/2025,CUST01136,Port Said,Desk,Furniture,Completed,8,8066,0
108337,09/09/2025,CUST01137,Cairo,Headphones,Electronics,Completed,9,1980,5
108338,22/04/2025,CUST01138,Giza,Monitor,Electronics,Completed,10,8280,10
108339,07/11/2025,CUST01139,Alexandria,Printer,Office Equipment,Completed,11,6188,15
108340,20/06/2025,CUST01140,Mansoura,Notebook Pack,Stationery,Completed,12,220.8,20
108341,05/01/2025,CUST01141,Tanta,Laptop,Electronics,Completed,1,26505,0
108342,18/08/2025,CUST01142,Aswan,Smartphone,Electronics,Completed,2,13630,5
108343,03/03/2025,CUST01143,,Wireless Mouse,Accessories,Completed,3,427.5,10
108344,16/10/2025,CUST01144,Port Said,Keyboard,Accessories,Completed,4,816,15
108345,01/05/2025,CUST01145,Cairo,Office Chair,furniture,Completed,5,5044,20
108346,14/12/2025,CUST01146,Giza,Desk,Furniture,Completed,6,7252,0
108347,27/07/2025,CUST01147,Alexandria,Headphones,Electronics,Completed,7,1782,5
108348,12/02/2025,CUST01148,Mansoura,Monitor,Electronics,Completed,8,9200,10
108349,25/09/2025,CUST01149,Tanta,Printer,Office Equipment,Completed,9,6868,15
108350,10/04/2025,CUST01150,Aswan,Notebook Pack,Stationery,Completed,10,244.8,20
108351,23/11/2025,CUST01151,Luxor,Laptop,Electronics,Completed,11,29355,0
108352,08/06/2025,CUST01152,Port Said,Smartphone,Electronics,Completed,12,15080,5
108353,21/01/2025,CUST01153,Cairo,Wireless Mouse,Accessories,Completed,1,472.5,10
108354,06/08/2025,CUST01154,Giza,Keyboard,Accessories,Completed,2,901,15
108355,19/03/2025,CUST01155,Alexandria,Office Chair,Furniture,Completed,3,5564,20
108356,04/10/2025,CUST01156,Mansoura,Desk,Furniture,Completed,4,7992,0
108357,17/05/2025,CUST01157,Tanta,Headphones,Electronics,Completed,5,1962,5
108358,02/12/2025,CUST01158,Aswan,Monitor,Electronics,Completed,6,10120,10
108359,15/07/2025,CUST01159,Luxor,Printer,Office Equipment,Completed,7,6120,15
108360,28/02/2025,CUST01160,Port Said,Notebook Pack,Stationery,Completed,8,218.4,20
108361,13/09/2025,CUST01161,Cairo,Laptop,Electronics,Completed,9,26220,0
108362,26/04/2025,CUST01162,Giza,Smartphone,Electronics,Completed,10,13485,5
108363,11/11/2025,CUST01163, Alexandria ,Wireless Mouse,Accessories,Completed,11,423,10
108364,24/06/2025,CUST01164,Mansoura,Keyboard,Accessories,Completed,12,807.5,15
108365,09/01/2025,CUST01165,Tanta,Office Chair,Furniture,Completed,1,4992,20
108366,22/08/2025,CUST01166,Aswan,Desk,Furniture,Completed,2,7178,0
108367,07/03/2025,CUST01167,Luxor,Headphones,Electronics,Completed,3,1764,5
108368,20/10/2025,CUST01168,Port Said,Monitor,Electronics,Completed,4,9108,10
108369,05/05/2025,CUST01169,Cairo,Printer,Office Equipment,Completed,5,6800,15
108370,18/12/2025,CUST01170,Giza,Notebook Pack,Stationery,Completed,6,242.4,20
108371,03/07/2025,CUST01171,Alexandria,Laptop,Electronics,Completed,7,29070,0
108372,16/02/2025,CUST01172,Mansoura,Smartphone,Electronics,Completed,8,14935,5
108373,01/09/2025,CUST01173,Tanta,Wireless Mouse,Accessories,Completed,9,468,10
108374,14/04/2025,CUST01174,Aswan,Keyboard,Accessories,Completed,10,892.5,15
108375,27/11/2025,CUST01175,Luxor,Office Chair,Furniture,Completed,11,5512,20
108376,12/06/2025,CUST01176,Port Said,Desk,Furniture,Completed,12,7918,0
108377,25/01/2025,CUST01177,Cairo,Headphones,Electronics,Completed,1,1944,5
108378,10/08/2025,CUST01178,Giza,Monitor,Electronics,Completed,2,10028,10
108379,23/03/2025,CUST01179,Alexandria,Printer,Office Equipment,Completed,3,7480,15
108380,08/10/2025,CUST01180,Mansoura,Notebook Pack,Stationery,Completed,4,216,20
108381,21/05/2025,CUST01181,Tanta,Laptop,Electronics,Completed,5,25935,0
108382,06/12/2025,CUST01182,Aswan,Smartphone,Electronics,Completed,6,13340,5
108383,19/07/2025,CUST01183,Luxor, wireless mouse ,Accessories,Completed,7,418.5,10
108384,04/02/2025,CUST01184,Port Said,Keyboard,Accessories,Completed,8,799,15
108385,17/09/2025,CUST01185,Cairo,Office Chair,Furniture,Completed,9,4940,20
108386,02/04/2025,CUST01186,Giza,Desk,Furniture,Completed,10,7104,0
108387,15/11/2025,CUST01187,Alexandria,Headphones,Electronics,Completed,11,1746,5
108388,28/06/2025,CUST01188,Mansoura,Monitor,Electronics,Completed,12,9016,10
108389,13/01/2025,CUST01189,Tanta,Printer,Office Equipment,Completed,1,6732,15
108390,26/08/2025,CUST01190,Aswan,Notebook Pack,Stationery,Completed,2,240,20
108391,11/03/2025,CUST01191,Luxor,Laptop,Electronics,Completed,3,28785,0
108392,24/10/2025,CUST01192,Port Said,Smartphone,Electronics,Completed,4,14790,5
108393,09/05/2025,CUST01193,Cairo,Wireless Mouse,Accessories,Completed,5,463.5,10
108394,22/12/2025,CUST01194,Giza,Keyboard,Accessories,Completed,6,884,15
108395,07/07/2025,CUST01195,Alexandria,Office Chair,Furniture,Completed,7,5460,20
108396,20/02/2025,CUST01196,Mansoura,Desk,Furniture,Completed,8,7844,0
108397,05/09/2025,CUST01197,Tanta,Headphones,Electronics,Completed,9,1926,5
108398,18/04/2025,CUST01198,Aswan,Monitor,Electronics,Completed,10,9936,10
108399,03/11/2025,CUST01199,Luxor,Printer,Office Equipment,Completed,11,7412,15
108400,16/06/2025,CUST01200,Port Said,Notebook Pack,Stationery,Completed,12,264,20
108401,01/01/2025,CUST01201,Cairo,Laptop,Electronics,Completed,1,25650,0
108402,14/08/2025,CUST01202,Giza,Smartphone,Electronics,Completed,2,13195,5
108403,27/03/2025,CUST01203,Alexandria,Wireless Mouse,Accessories,Completed,3,414,10
108404,12/10/2025,CUST01204,Mansoura,Keyboard,Accessories,Completed,4,790.5,15
108405,25/05/2025,CUST01205,Tanta,Office Chair,Furniture,Completed,5,4888,20
108406,10/12/2025,CUST01206,Aswan,Desk,Furniture,Completed,6,7030,0
108407,23/07/2025,CUST01207,Luxor,Headphones,Electronics,Completed,7,1728,5
108408,08/02/2025,CUST01208,Port Said,Monitor,Electronics,Completed,8,8924,10
108409,21/09/2025,CUST01209,Cairo,Printer,Office Equipment,Completed,9,6664,15
108410,06/04/2025,CUST01210,Giza,Notebook Pack,Stationery,Completed,10,237.6,20
108411,19/11/2025,CUST01211,Alexandria,Laptop,Electronics,Completed,11,28500,0
108412,04/06/2025,CUST01212,Mansoura,Smartphone,Electronics,Completed,12,14645,5
108413,17/01/2025,CUST01213,Tanta,Wireless Mouse,Accessories,Completed,1,459,10
108414,02/08/2025,CUST01214,Aswan,Keyboard,Accessories,Completed,2,875.5,15
108415,15/03/2025,CUST01215,Luxor,Office Chair,Furniture,Completed,3,5408,20
108416,28/10/2025,CUST01216,Port Said,Desk,Furniture,Completed,4,7770,0
108417,13/05/2025,CUST01217,Cairo,Headphones,Electronics,Completed,5,1908,5
108418,26/12/2025,CUST01218,Giza,Monitor,Electronics,Completed,6,9844,10
108419,11/07/2025,CUST01219,Alexandria,Printer,Office Equipment,Completed,7,7344,15
108420,24/02/2025,CUST01220,Mansoura,Notebook Pack,Stationery,Completed,8,261.6,20
108421,09/09/2025,CUST01221,Tanta,Laptop,Electronics,Completed,9,31350,0
108422,22/04/2025,CUST01222,Aswan,Smartphone,Electronics,Completed,10,13050,5
108423,07/11/2025,CUST01223,Luxor,Wireless Mouse,Accessories,Completed,11,409.5,10
108424,20/06/2025,CUST01224,Port Said,Keyboard,Accessories,Completed,12,782,15
108425,05/01/2025,CUST01225,Cairo,Office Chair,Furniture,Completed,1,4836,20
108426,18/08/2025,CUST01226,Giza,Desk,Furniture,Completed,2,6956,0
108427,03/03/2025,CUST01227,Alexandria,Headphones,Electronics,Completed,3,1710,5
108428,16/10/2025,CUST01228,Mansoura,Monitor,Electronics,Completed,4,8832,10
108429,01/05/2025,CUST01229,Tanta,Printer,Office Equipment,Completed,5,6596,15
108430,14/12/2025,CUST01230,Aswan,Notebook Pack,Stationery,Completed,6,235.2,20
108431,27/07/2025,CUST01231,Luxor,Laptop,Electronics,Completed,7,28215,0
108432,12/02/2025,CUST01232,Port Said,Smartphone,Electronics,Completed,8,14500,5
108433,25/09/2025,CUST01233,Cairo,Wireless Mouse,Accessories,Completed,9,454.5,10
108434,10/04/2025,CUST01234,Giza,Keyboard,Accessories,Completed,10,867,15
108435,23/11/2025,CUST01235,Alexandria,Office Chair,Furniture,Completed,11,5356,20
108436,08/06/2025,CUST01236,Mansoura,Desk,Furniture,Completed,12,7696,0
108437,21/01/2025,CUST01237,Tanta,Headphones,Electronics,Completed,1,1890,5
108438,06/08/2025,CUST01238,Aswan,Monitor,Electronics,Completed,2,9752,10
108439,19/03/2025,CUST01239,Luxor,Printer,Office Equipment,Completed,3,7276,15
108440,04/10/2025,CUST01240,,Notebook Pack,Stationery,Completed,4,259.2,20
108441,17/05/2025,CUST01241,Cairo,Laptop,Electronics,Completed,5,31065,0
108442,02/12/2025,CUST01242,Giza,Smartphone,Electronics,Completed,6,15950,5
108443,15/07/2025,CUST01243,Alexandria,Wireless Mouse,Accessories,Completed,7,405,10
108444,28/02/2025,CUST01244,Mansoura,Keyboard,Accessories,Completed,8,773.5,15
108445,13/09/2025,CUST01245,Tanta,Office Chair,Furniture,Completed,9,4784,20
108446,26/04/2025,CUST01246,Aswan,Desk,Furniture,Completed,10,6882,0
108447,11/11/2025,CUST01247,Luxor,Headphones,Electronics,Completed,11,1692,5
108448,24/06/2025,CUST01248,Port Said,Monitor,Electronics,Completed,12,8740,10
108449,09/01/2025,CUST01249,Cairo,Printer,Office Equipment,Completed,1,6528,15
108450,22/08/2025,CUST01250,Giza,Notebook Pack,Stationery,Completed,2,232.8,20
108451,07/03/2025,CUST01251,Alexandria,Laptop,Electronics,Completed,3,27930,0
108452,20/10/2025,CUST01252,Mansoura,Smartphone,Electronics,Completed,4,14355,5
108453,05/05/2025,CUST01253,Tanta,Wireless Mouse,Accessories,Completed,5,450,10
108454,18/12/2025,CUST01254,Aswan,Keyboard,Accessories,Completed,6,858.5,15
108455,03/07/2025,CUST01255,Luxor,Office Chair,Furniture,Completed,7,5304,20
108456,16/02/2025,CUST01256,Port Said,Desk,Furniture,Completed,8,7622,0
108457,01/09/2025,CUST01257,Cairo,Headphones,Electronics,Completed,9,1872,5
108458,14/04/2025,CUST01258,Giza,Monitor,Electronics,Completed,10,9660,10
108459,27/11/2025,CUST01259,Alexandria,Printer,Office Equipment,Completed,11,7208,15
108460,12/06/2025,CUST01260,Mansoura,Notebook Pack,Stationery,Completed,12,256.8,20
108461,25/01/2025,CUST01261,Tanta,Laptop,Electronics,Completed,1,30780,0
108462,10/08/2025,CUST01262,Aswan,Smartphone,Electronics,Completed,2,15805,5
108463,23/03/2025,CUST01263,Luxor,Wireless Mouse,Accessories,Completed,3,495,10
108464,08/10/2025,CUST01264,Port Said,Keyboard,Accessories,Completed,4,765,15
108465,21/05/2025,CUST01265,Cairo,Office Chair,Furniture,Completed,5,4732,20
108466,06/12/2026,CUST01266,Giza,Desk,Furniture,Completed,6,6808,0
108467,19/07/2026,CUST01267,Alexandria,Headphones,Electronics,Completed,7,1674,5
108468,04/02/2026,CUST01268,Mansoura,Monitor,Electronics,Completed,8,8648,10
108469,17/09/2026,CUST01269,Tanta,Printer,Office Equipment,Completed,9,6460,15
108470,02/04/2026,CUST01270,Aswan,Notebook Pack,Stationery,Completed,10,230.4,20
108471,15/11/2026,CUST01271,Luxor,Laptop,Electronics,Completed,11,27645,0
108472,28/06/2026,CUST01272,Port Said,Smartphone,Electronics,Completed,12,14210,5
108473,13/01/2026,CUST01273,Cairo,Wireless Mouse,Accessories,Completed,1,445.5,10
108474,26/08/2026,CUST01274,Giza,Keyboard,Accessories,Completed,2,850,15
108475,11/03/2026,CUST01275,Alexandria,Office Chair,Furniture,Completed,3,5252,20
108476,24/10/2026,CUST01276, Mansoura ,Desk,Furniture,Completed,4,7548,0
108477,09/05/2026,CUST01277,Tanta,Headphones,Electronics,Completed,5,1854,5
108478,22/12/2026,CUST01278,Aswan,Monitor,Electronics, completed ,6,9568,10
108479,07/07/2026,CUST01279,Luxor,Printer,Office Equipment,Completed,7,7140,15
108480,20/02/2026,CUST01280,Port Said,Notebook Pack,Stationery,Completed,8,254.4,20
108481,05/09/2026,CUST01281,Cairo,Laptop,Electronics,Completed,9,30495,0
108482,18/04/2026,CUST01282,Giza,Smartphone,Electronics,Completed,10,15660,5
108483,03/11/2026,CUST01283,Alexandria,Wireless Mouse,Accessories,Completed,11,490.5,10
108484,16/06/2026,CUST01284,Mansoura,Keyboard,Accessories,Completed,12,935,15
108485,01/01/2026,CUST01285,Tanta,Office Chair,Furniture,Completed,1,4680,20
108486,14/08/2026,CUST01286,Aswan,Desk,Furniture,Completed,2,6734,0
108487,27/03/2026,CUST01287,Luxor,Headphones,Electronics,Completed,3,1656,5
108488,12/10/2026,CUST01288,Port Said,Monitor,Electronics,Completed,4,8556,10
108489,25/05/2026,CUST01289,Cairo,Printer,Office Equipment,Completed,5,6392,15
108490,10/12/2026,CUST01290,Giza,Notebook Pack,Stationery,Completed,6,228,20
108491,23/07/2026,CUST01291,Alexandria,Laptop,Electronics,Completed,7,27360,0
108492,08/02/2026,CUST01292,Mansoura,Smartphone,Electronics,Completed,8,14065,5
108493,21/09/2026,CUST01293,Tanta,Wireless Mouse,Accessories,Completed,9,441,10
108494,06/04/2026,CUST01294,Aswan,Keyboard,accessories,Completed,10,841.5,15
108495,19/11/2026,CUST01295,Luxor,Office Chair,Furniture,Completed,11,5200,20
108496,04/06/2026,CUST01296,Port Said,Desk,Furniture,Completed,12,7474,0
108497,17/01/2026,CUST01297,Cairo,Headphones,Electronics,Completed,1,1836,5
108498,02/08/2026,CUST01298,Giza,Monitor,Electronics,Completed,2,9476,10
108499,15/03/2026,CUST01299,Alexandria,Printer,Office Equipment,Completed,3,7072,15
108500,28/10/2026,CUST01300,Mansoura,Notebook Pack,Stationery,Completed,4,252,20
108501,13/05/2026,CUST01301,Tanta,Laptop,Electronics,Completed,5,30210,0
108502,26/12/2026,CUST01302,Aswan,Smartphone,Electronics,Completed,6,15515,5
108503,11/07/2026,CUST01303,Luxor,Wireless Mouse,Accessories,Completed,7,486,10
108504,24/02/2026,CUST01304,Port Said,Keyboard,Accessories,Completed,8,926.5,15
108505,09/09/2026,CUST01305,Cairo,Office Chair,Furniture,Completed,9,5720,20
108506,22/04/2026,CUST01306,Giza,Desk,Furniture,Completed,10,6660,0
108507,07/11/2026,CUST01307,Alexandria,Headphones,Electronics,Completed,11,1638,5
108508,20/06/2026,CUST01308,Mansoura,Monitor,Electronics,Completed,12,8464,
108509,05/01/2026,CUST01309,Tanta,Printer,Office Equipment,Completed,1,6324,15
108510,18/08/2026,CUST01310,Aswan, notebook pack ,Stationery,Completed,2,225.6,20
108511,03/03/2026,CUST01311,Luxor,Laptop,Electronics,Completed,3,27075,0
108512,16/10/2026,CUST01312,Port Said,Smartphone,Electronics,Completed,4,13920,5
108513,01/05/2026,CUST01313,Cairo,Wireless Mouse,Accessories,Completed,5,436.5,10
108514,14/12/2026,CUST01314,Giza,Keyboard,Accessories,Completed,6,833,15
108515,27/07/2026,CUST01315,Alexandria,Office Chair,Furniture,Completed,7,5148,20
108516,12/02/2026,CUST01316,Mansoura,Desk,Furniture,Completed,8,7400,0
108517,25/09/2026,CUST01317,Tanta,Headphones,Electronics,Completed,9,1818,5
108518,10/04/2026,CUST01318,Aswan,Monitor,Electronics,Completed,10,9384,10
108519,23/11/2026,CUST01319,Luxor,Printer,Office Equipment,Completed,11,7004,15
108520,08/06/2026,CUST01320,Port Said,Notebook Pack,Stationery,Completed,12,249.6,20
108521,21/01/2026,CUST01321,Cairo,Laptop,Electronics,Completed,1,29925,0
108522,06/08/2026,CUST01322,Giza,Smartphone,Electronics,Completed,2,15370,5
108523,19/03/2026,CUST01323,Alexandria,Wireless Mouse,Accessories,Completed,3,481.5,10
108524,04/10/2026,CUST01324,Mansoura,Keyboard,Accessories,Completed,4,918,15
108525,17/05/2026,CUST01325,Tanta,Office Chair,Furniture,Completed,5,5668,20
108526,02/12/2026,CUST01326,Aswan,Desk,Furniture,Completed,6,8140,0
108527,15/07/2026,CUST01327,Luxor,Headphones,Electronics,Completed,7,1620,5
108528,28/02/2026,CUST01328,Port Said,Monitor,Electronics,Completed,8,8372,10
108529,13/09/2026,CUST01329,Cairo,Printer,Office Equipment,Completed,9,6256,15
108530,26/04/2026,CUST01330,Giza,Notebook Pack,Stationery,Completed,10,223.2,20
108531,11/11/2026,CUST01331,Alexandria,Laptop,Electronics,Completed,11,26790,0
108532,24/06/2026,CUST01332,Mansoura,Smartphone,Electronics,Completed,12,13775,5
108533,09/01/2026,CUST01333,Tanta,Wireless Mouse,Accessories,Completed,1,432,10
108534,22/08/2026,CUST01334,Aswan,Keyboard,Accessories,Completed,2,824.5,15
108535,07/03/2026,CUST01335,Luxor,Office Chair,Furniture,Completed,3,5096,20
108536,20/10/2026,CUST01336,Port Said,Desk,Furniture,Completed,4,7326,0
108537,05/05/2026,CUST01337,,Headphones,Electronics,Completed,5,1800,5
108538,18/12/2026,CUST01338,Giza,Monitor,Electronics,Completed,6,9292,10
108539,03/07/2026,CUST01339,Alexandria,Printer,Office Equipment,Completed,7,6936,15
108540,16/02/2026,CUST01340,Mansoura,Notebook Pack,Stationery,Completed,8,247.2,20
108541,01/09/2026,CUST01341,Tanta,Laptop,Electronics,Completed,9,29640,0
108542,14/04/2026,CUST01342,Aswan,Smartphone,Electronics,Completed,10,15225,5
108543,27/11/2026,CUST01343,Luxor,Wireless Mouse,Accessories,Completed,11,477,10
108544,12/06/2026,CUST01344,Port Said,Keyboard,Accessories,Completed,12,909.5,15
108545,25/01/2026,CUST01345,Cairo,Office Chair,Furniture,Completed,1,5616,20
108546,10/08/2026,CUST01346,Giza,Desk,Furniture,Completed,2,8066,0
108547,23/03/2026,CUST01347,Alexandria,Headphones,Electronics,Completed,3,1980,5
108548,08/10/2026,CUST01348,Mansoura,Monitor,Electronics,Completed,4,8280,10
108549,21/05/2026,CUST01349,Tanta,Printer,Office Equipment,Completed,5,6188,15
108550,06/12/2026,CUST01350,Aswan,Notebook Pack,Stationery,Completed,6,220.8,20
108551,19/07/2026,CUST01351,Luxor,Laptop,Electronics,Completed,7,26505,0
108552,04/02/2026,CUST01352,Port Said,Smartphone,Electronics,Completed,8,13630,5
108553,17/09/2026,CUST01353,Cairo,Wireless Mouse,Accessories,Completed,9,427.5,10
108554,02/04/2026,CUST01354,Giza,Keyboard,Accessories,Completed,10,816,15
108555,15/11/2026,CUST01355,Alexandria,Office Chair,Furniture,Completed,11,5044,20
108556,28/06/2026,CUST01356,Mansoura,Desk,Furniture,Completed,12,7252,0
108557,13/01/2026,CUST01357,Tanta,Headphones,Electronics,Completed,1,1782,5
108558,26/08/2026,CUST01358,Aswan,Monitor,Electronics,Completed,2,9200,10
108559,11/03/2026,CUST01359,Luxor,Printer,Office Equipment,Completed,3,6868,15
108560,24/10/2026,CUST01360,Port Said,Notebook Pack,Stationery,Completed,4,244.8,20
108561,09/05/2026,CUST01361,Cairo,Laptop,Electronics,Completed,5,29355,0
108562,22/12/2026,CUST01362,Giza,Smartphone,Electronics,Completed,6,15080,5
108563,07/07/2026,CUST01363,Alexandria,Wireless Mouse,Accessories,Completed,7,472.5,10
108564,20/02/2026,CUST01364,Mansoura,Keyboard,Accessories,Completed,8,901,15
108565,05/09/2026,CUST01365,Tanta,Office Chair,Furniture,Completed,9,5564,20
108566,18/04/2026,CUST01366,Aswan,Desk,Furniture,Completed,10,7992,0
108567,03/11/2026,CUST01367,Luxor,Headphones,Electronics,Completed,11,1962,5
108568,16/06/2026,CUST01368,Port Said,Monitor,Electronics,Completed,12,10120,10
108569,01/01/2026,CUST01369,Cairo,Printer,Office Equipment,Completed,1,6120,15
108570,14/08/2026,CUST01370,Giza,Notebook Pack,Stationery,Completed,2,218.4,20
108571,27/03/2026,CUST01371,Alexandria,Laptop,Electronics,Completed,3,26220,0
108572,12/10/2026,CUST01372,Mansoura,Smartphone,Electronics,Completed,4,13485,5
108573,25/05/2026,CUST01373,Tanta,Wireless Mouse,Accessories,Completed,5,423,10
108574,10/12/2026,CUST01374,Aswan,Keyboard,Accessories,Completed,6,807.5,15
108575,23/07/2026,CUST01375,Luxor,Office Chair,Furniture,Completed,7,4992,20
108576,08/02/2026,CUST01376,Port Said,Desk,Furniture,Completed,8,7178,0
108577,21/09/2026,CUST01377,Cairo,Headphones,Electronics,Completed,9,1764,5
108578,06/04/2026,CUST01378,Giza,Monitor,Electronics,Completed,10,9108,10
108579,19/11/2026,CUST01379,Alexandria,Printer,Office Equipment,Completed,11,6800,15
108580,04/06/2026,CUST01380,Mansoura,Notebook Pack,Stationery,Completed,12,242.4,20
108581,17/01/2026,CUST01381,Tanta,Laptop,Electronics,Completed,1,29070,0
108582,02/08/2026,CUST01382,Aswan,Smartphone,Electronics,Completed,2,14935,5
108583,15/03/2026,CUST01383,Luxor,Wireless Mouse,Accessories,Completed,3,468,10
108584,28/10/2026,CUST01384,Port Said,Keyboard,Accessories,Completed,4,892.5,15
108585,13/05/2026,CUST01385,Cairo,Office Chair,Furniture,Completed,5,5512,20
108586,26/12/2026,CUST01386,Giza,Desk,Furniture,Completed,6,7918,0
108587,11/07/2026,CUST01387,Alexandria,Headphones,Electronics,Completed,7,1944,5
108588,24/02/2026,CUST01388,Mansoura,Monitor,Electronics,Completed,8,10028,10
108589,09/09/2026,CUST01389, Tanta ,Printer,Office Equipment,Completed,9,7480,15
108590,22/04/2026,CUST01390,Aswan,Notebook Pack,Stationery,Completed,10,216,20
108591,07/11/2026,CUST01391,Luxor,Laptop,Electronics,Completed,11,25935,0
108592,20/06/2026,CUST01392,Port Said,Smartphone,Electronics,Completed,12,13340,5
108593,05/01/2026,CUST01393,Cairo,Wireless Mouse,Accessories,Completed,1,418.5,10
108594,18/08/2026,CUST01394,Giza,Keyboard,Accessories,Completed,2,799,15
108595,03/03/2026,CUST01395,Alexandria,Office Chair,Furniture,Completed,3,4940,20
108596,16/10/2026,CUST01396,Mansoura,Desk,Furniture,Completed,4,7104,0
108597,01/05/2026,CUST01397,Tanta,Headphones,Electronics,Completed,5,1746,5
108598,14/12/2026,CUST01398,Aswan,Monitor,Electronics,Completed,6,9016,10
108599,27/07/2026,CUST01399,Luxor,Printer,Office Equipment,Completed,7,6732,15
108600,12/02/2026,CUST01400,Port Said,Notebook Pack,Stationery,Completed,8,240,20
108601,25/09/2026,CUST01401,Cairo,Laptop,Electronics,Completed,9,28785,0
108602,10/04/2026,CUST01402,Giza,Smartphone,Electronics,Completed,10,14790,5
108603,23/11/2026,CUST01403,Alexandria,Wireless Mouse,Accessories,Completed,11,463.5,10
108604,08/06/2026,CUST01404,Mansoura,Keyboard,Accessories,Completed,12,884,15
108605,21/01/2026,CUST01405,Tanta,Office Chair,Furniture,Completed,1,5460,20
108606,06/08/2026,CUST01406,Aswan,Desk,Furniture,Completed,2,7844,0
108607,19/03/2026,CUST01407,Luxor,Headphones,Electronics,Completed,3,1926,5
108608,04/10/2026,CUST01408,Port Said,Monitor,Electronics,Completed,4,9936,10
108609,17/05/2026,CUST01409,Cairo,Printer,Office Equipment,Completed,5,7412,15
108610,02/12/2026,CUST01410,Giza,Notebook Pack,Stationery,Completed,6,264,20
108611,15/07/2026,CUST01411,Alexandria,Laptop,Electronics,Completed,7,25650,0
108612,28/02/2026,CUST01412,Mansoura,Smartphone,Electronics,Completed,8,13195,5
108613,13/09/2026,CUST01413,Tanta,Wireless Mouse,Accessories,Completed,9,414,10
108614,26/04/2026,CUST01414,Aswan,Keyboard,Accessories,Completed,10,790.5,15
108615,11/11/2026,CUST01415,Luxor,Office Chair,Furniture,Completed,11,4888,20
108616,24/06/2026,CUST01416,Port Said,Desk,Furniture,Completed,12,7030,0
108617,09/01/2026,CUST01417,Cairo,Headphones,Electronics,Completed,1,1728,5
108618,22/08/2026,CUST01418,Giza,Monitor,Electronics,Completed,2,8924,10
108619,07/03/2026,CUST01419,Alexandria,Printer,Office Equipment,Completed,3,6664,15
108620,20/10/2026,CUST01420,Mansoura,Notebook Pack,Stationery,Completed,4,237.6,20
108621,05/05/2026,CUST01421,Tanta,Laptop,Electronics,Completed,5,28500,0
108622,18/12/2026,CUST01422,Aswan,Smartphone,Electronics,Completed,6,14645,5
108623,03/07/2026,CUST01423,Luxor,Wireless Mouse,Accessories,Completed,7,459,10
108624,16/02/2026,CUST01424,Port Said,Keyboard,Accessories,Completed,8,875.5,15
108625,01/09/2026,CUST01425,Cairo,Office Chair,Furniture,Completed,9,5408,20
108626,14/04/2026,CUST01426,Giza,Desk,Furniture,Completed,10,7770,0
108627,27/11/2026,CUST01427,Alexandria,Headphones,Electronics,Completed,11,1908,5
108628,12/06/2026,CUST01428,Mansoura,Monitor,Electronics,Completed,12,9844,10
108629,25/01/2026,CUST01429,Tanta,Printer,Office Equipment,Completed,1,7344,15
108630,10/08/2026,CUST01430,Aswan,Notebook Pack,Stationery,Completed,2,261.6,20
108631,23/03/2026,CUST01431,Luxor,Laptop,Electronics,Completed,3,31350,0
108632,08/10/2026,CUST01432,Port Said,Smartphone,Electronics,Completed,4,13050,5
108633,21/05/2026,CUST01433,Cairo,Wireless Mouse,Accessories,Completed,5,409.5,10
108634,06/12/2026,CUST01434,,Keyboard,Accessories,Completed,6,782,15
108635,19/07/2026,CUST01435,Alexandria,Office Chair,Furniture,Completed,7,4836,20
108636,04/02/2026,CUST01436,Mansoura,Desk,Furniture,Completed,8,6956,0
108637,17/09/2026,CUST01437,Tanta, headphones ,Electronics,Completed,9,1710,5
108638,02/04/2026,CUST01438,Aswan,Monitor,Electronics,Completed,10,8832,10
108639,15/11/2026,CUST01439,Luxor,Printer,Office Equipment,Completed,11,6596,15
108640,28/06/2026,CUST01440,Port Said,Notebook Pack,Stationery,Completed,12,235.2,20
108641,13/01/2025,CUST01441,Cairo,Laptop,Electronics,Completed,1,28215,0
108642,26/08/2025,CUST01442,Giza,Smartphone,Electronics,Completed,2,14500,5
108643,11/03/2025,CUST01443,Alexandria,Wireless Mouse,accessories,Completed,3,454.5,10
108644,24/10/2025,CUST01444,Mansoura,Keyboard,Accessories,Completed,4,867,15
108645,09/05/2025,CUST01445,Tanta,Office Chair,Furniture,Completed,5,5356,20
108646,22/12/2025,CUST01446,Aswan,Desk,Furniture,Completed,6,7696,0
108647,07/07/2025,CUST01447,Luxor,Headphones,Electronics,Completed,7,1890,5
108648,20/02/2025,CUST01448,Port Said,Monitor,Electronics,Completed,8,9752,10
108649,05/09/2025,CUST01449,Cairo,Printer,Office Equipment,Completed,9,7276,15
108650,18/04/2025,CUST01450,Giza,Notebook Pack,Stationery,Completed,10,259.2,20
108651,03/11/2025,CUST01451,Alexandria,Laptop,Electronics, completed ,11,31065,0
108652,16/06/2025,CUST01452,Mansoura,Smartphone,Electronics,Completed,12,15950,5
108653,01/01/2025,CUST01453,Tanta,Wireless Mouse,Accessories,Completed,1,405,10
108654,14/08/2025,CUST01454,Aswan,Keyboard,Accessories,Completed,2,773.5,15
108655,27/03/2025,CUST01455,Luxor,Office Chair,Furniture,Completed,3,4784,20
108656,12/10/2025,CUST01456,Port Said,Desk,Furniture,Completed,4,6882,0
108657,25/05/2025,CUST01457,Cairo,Headphones,Electronics,Completed,5,1692,5
108658,10/12/2025,CUST01458,Giza,Monitor,Electronics,Completed,6,8740,10
108659,23/07/2025,CUST01459,Alexandria,Printer,Office Equipment,Completed,7,6528,15
108660,08/02/2025,CUST01460,Mansoura,Notebook Pack,Stationery,Completed,8,232.8,20
108661,21/09/2025,CUST01461,Tanta,Laptop,Electronics,Completed,9,27930,0
108662,06/04/2025,CUST01462,Aswan,Smartphone,Electronics,Completed,10,14355,5
108663,19/11/2025,CUST01463,Luxor,Wireless Mouse,Accessories,Completed,11,450,10
108664,04/06/2025,CUST01464,Port Said,Keyboard,Accessories,Completed,12,858.5,15
108665,17/01/2025,CUST01465,Cairo,Office Chair,Furniture,Completed,1,5304,20
108666,02/08/2025,CUST01466,Giza,Desk,Furniture,Completed,2,7622,0
108667,15/03/2025,CUST01467,Alexandria,Headphones,Electronics,Completed,3,1872,5
108668,28/10/2025,CUST01468,Mansoura,Monitor,Electronics,Completed,4,9660,10
108669,13/05/2025,CUST01469,Tanta,Printer,Office Equipment,Completed,5,7208,15
108670,26/12/2025,CUST01470,Aswan,Notebook Pack,Stationery,Completed,6,256.8,20
108671,11/07/2025,CUST01471,Luxor,Laptop,Electronics,Completed,7,30780,0
108672,24/02/2025,CUST01472,Port Said,Smartphone,Electronics,Completed,8,15805,5
108673,09/09/2025,CUST01473,Cairo,Wireless Mouse,Accessories,Completed,9,495,10
108674,22/04/2025,CUST01474,Giza,Keyboard,Accessories,Completed,10,765,15
108675,07/11/2025,CUST01475,Alexandria,Office Chair,Furniture,Completed,11,4732,20
108676,20/06/2025,CUST01476,Mansoura,Desk,Furniture,Completed,12,6808,0
108677,05/01/2025,CUST01477,Tanta,Headphones,Electronics,Completed,1,1674,5
108678,18/08/2025,CUST01478,Aswan,Monitor,Electronics,Completed,2,8648,10
108679,03/03/2025,CUST01479,Luxor,Printer,Office Equipment,Completed,3,6460,15
108680,16/10/2025,CUST01480,Port Said,Notebook Pack,Stationery,Completed,4,230.4,20
108681,01/05/2025,CUST01481,Cairo,Laptop,Electronics,Completed,5,27645,0
108682,14/12/2025,CUST01482,Giza,Smartphone,Electronics,Completed,6,14210,5
108683,27/07/2025,CUST01483,Alexandria,Wireless Mouse,Accessories,Completed,7,445.5,10
108684,12/02/2025,CUST01484,Mansoura,Keyboard,Accessories,Completed,8,850,15
108685,25/09/2025,CUST01485,Tanta,Office Chair,Furniture,Completed,9,5252,20
108686,10/04/2025,CUST01486,Aswan,Desk,Furniture,Completed,10,7548,0
108687,23/11/2025,CUST01487,Luxor,Headphones,Electronics,Completed,11,1854,5
108688,08/06/2025,CUST01488,Port Said,Monitor,Electronics,Completed,12,9568,10
108689,21/01/2025,CUST01489,Cairo,Printer,Office Equipment,Completed,1,7140,
108690,06/08/2025,CUST01490,Giza,Notebook Pack,Stationery,Completed,2,254.4,20
108691,19/03/2025,CUST01491,Alexandria,Laptop,Electronics,Completed,3,30495,0
108692,04/10/2025,CUST01492,Mansoura,Smartphone,Electronics,Completed,4,15660,5
108693,17/05/2025,CUST01493,Tanta,Wireless Mouse,Accessories,Completed,5,490.5,10
108694,02/12/2025,CUST01494,Aswan,Keyboard,Accessories,Completed,6,935,15
108695,15/07/2025,CUST01495,Luxor,Office Chair,Furniture,Completed,7,4680,20
108696,28/02/2025,CUST01496,Port Said,Desk,Furniture,Completed,8,6734,0
108697,13/09/2025,CUST01497,Cairo,Headphones,Electronics,Completed,9,1656,5
108698,26/04/2025,CUST01498,Giza,Monitor,Electronics,Completed,10,8556,10
108699,11/11/2025,CUST01499,Alexandria,Printer,Office Equipment,Completed,11,6392,15
108700,24/06/2025,CUST01500,Mansoura,Notebook Pack,Stationery,Completed,12,228,20
108701,09/01/2025,CUST01501,Tanta,Laptop,Electronics,Completed,1,27360,0
108702,22/08/2025,CUST01502, Aswan ,Smartphone,Electronics,Completed,2,14065,5
108703,07/03/2025,CUST01503,Luxor,Wireless Mouse,Accessories,Completed,3,441,10
108704,20/10/2025,CUST01504,Port Said,Keyboard,Accessories,Completed,4,841.5,15
108705,05/05/2025,CUST01505,Cairo,Office Chair,Furniture,Completed,5,5200,20
108706,18/12/2025,CUST01506,Giza,Desk,Furniture,Completed,6,7474,0
108707,03/07/2025,CUST01507,Alexandria,Headphones,Electronics,Completed,7,1836,5
108708,16/02/2025,CUST01508,Mansoura,Monitor,Electronics,Completed,8,9476,10
108709,01/09/2025,CUST01509,Tanta,Printer,Office Equipment,Completed,9,7072,15
108710,14/04/2025,CUST01510,Aswan,Notebook Pack,Stationery,Completed,10,252,20
108711,27/11/2025,CUST01511,Luxor,Laptop,Electronics,Completed,11,30210,0
108712,12/06/2025,CUST01512,Port Said,Smartphone,Electronics,Completed,12,15515,5
108713,25/01/2025,CUST01513,Cairo,Wireless Mouse,Accessories,Completed,1,486,10
108714,10/08/2025,CUST01514,Giza,Keyboard,Accessories,Completed,2,926.5,15
108715,23/03/2025,CUST01515,Alexandria,Office Chair,Furniture,Completed,3,5720,20
108716,08/10/2025,CUST01516,Mansoura,Desk,Furniture,Completed,4,6660,0
108717,21/05/2025,CUST01517,Tanta,Headphones,Electronics,Completed,5,1638,5
108718,06/12/2025,CUST01518,Aswan,Monitor,Electronics,Completed,6,8464,10
108719,19/07/2025,CUST01519,Luxor,Printer,Office Equipment,Completed,7,6324,15
108720,04/02/2025,CUST01520,Port Said,Notebook Pack,Stationery,Completed,8,225.6,20
108721,17/09/2025,CUST01521,Cairo,Laptop,Electronics,Completed,9,27075,0
108722,02/04/2025,CUST01522,Giza,Smartphone,Electronics,Completed,10,13920,5
108723,15/11/2025,CUST01523,Alexandria,Wireless Mouse,Accessories,Completed,11,436.5,10
108724,28/06/2025,CUST01524,Mansoura,Keyboard,Accessories,Completed,12,833,15
108725,13/01/2025,CUST01525,Tanta,Office Chair,Furniture,Completed,1,5148,20
108726,26/08/2025,CUST01526,Aswan,Desk,Furniture,Completed,2,7400,0
108727,11/03/2025,CUST01527,Luxor,Headphones,Electronics,Completed,3,1818,5
108728,24/10/2025,CUST01528,Port Said,Monitor,Electronics,Completed,4,9384,10
108729,09/05/2025,CUST01529,Cairo,Printer,Office Equipment,Completed,5,7004,15
108730,22/12/2025,CUST01530,Giza,Notebook Pack,Stationery,Completed,6,249.6,20
108731,07/07/2025,CUST01531,,Laptop,Electronics,Completed,7,29925,0
108732,20/02/2025,CUST01532,Mansoura,Smartphone,Electronics,Completed,8,15370,5
108733,05/09/2025,CUST01533,Tanta,Wireless Mouse,Accessories,Completed,9,481.5,10
108734,18/04/2025,CUST01534,Aswan,Keyboard,Accessories,Completed,10,918,15
108735,03/11/2025,CUST01535,Luxor,Office Chair,Furniture,Completed,11,5668,20
108736,16/06/2025,CUST01536,Port Said,Desk,Furniture,Completed,12,8140,0
108737,01/01/2025,CUST01537,Cairo,Headphones,Electronics,Completed,1,1620,5
108738,14/08/2025,CUST01538,Giza,Monitor,Electronics,Completed,2,8372,10
108739,27/03/2025,CUST01539,Alexandria,Printer,Office Equipment,Completed,3,6256,15
108740,12/10/2025,CUST01540,Mansoura,Notebook Pack,Stationery,Completed,4,223.2,20
108741,25/05/2025,CUST01541,Tanta,Laptop,Electronics,Completed,5,26790,0
108742,10/12/2025,CUST01542,Aswan,Smartphone,Electronics,Completed,6,13775,5
108743,23/07/2025,CUST01543,Luxor,Wireless Mouse,Accessories,Completed,7,432,10
108744,08/02/2025,CUST01544,Port Said,Keyboard,Accessories,Completed,8,824.5,15
108745,21/09/2025,CUST01545,Cairo,Office Chair,Furniture,Completed,9,5096,20
108746,06/04/2025,CUST01546,Giza,Desk,Furniture,Completed,10,7326,0
108747,19/11/2025,CUST01547,Alexandria,Headphones,Electronics,Completed,11,1800,5
108748,04/06/2025,CUST01548,Mansoura,Monitor,Electronics,Completed,12,9292,10
108749,17/01/2025,CUST01549,Tanta,Printer,Office Equipment,Completed,1,6936,15
108750,02/08/2025,CUST01550,Aswan,Notebook Pack,Stationery,Completed,2,247.2,20
108751,15/03/2025,CUST01551,Luxor,Laptop,Electronics,Completed,3,29640,0
108752,28/10/2025,CUST01552,Port Said,Smartphone,Electronics,Completed,4,15225,5
108753,13/05/2025,CUST01553,Cairo,Wireless Mouse,Accessories,Completed,5,477,10
108754,26/12/2025,CUST01554,Giza,Keyboard,Accessories,Completed,6,909.5,15
108755,11/07/2025,CUST01555,Alexandria,Office Chair,Furniture,Completed,7,5616,20
108756,24/02/2025,CUST01556,Mansoura,Desk,Furniture,Completed,8,8066,0
108757,09/09/2025,CUST01557,Tanta,Headphones,Electronics,Completed,9,1980,5
108758,22/04/2025,CUST01558,Aswan,Monitor,Electronics,Completed,10,8280,10
108759,07/11/2025,CUST01559,Luxor,Printer,Office Equipment,Completed,11,6188,15
108760,20/06/2025,CUST01560,Port Said,Notebook Pack,Stationery,Completed,12,220.8,20
108761,05/01/2025,CUST01561,Cairo,Laptop,Electronics,Completed,1,26505,0
108762,18/08/2025,CUST01562,Giza,Smartphone,Electronics,Completed,2,13630,5
108763,03/03/2025,CUST01563,Alexandria,Wireless Mouse,Accessories,Completed,3,427.5,10
108764,16/10/2025,CUST01564,Mansoura, keyboard ,Accessories,Completed,4,816,15
108765,01/05/2025,CUST01565,Tanta,Office Chair,Furniture,Completed,5,5044,20
108766,14/12/2025,CUST01566,Aswan,Desk,Furniture,Completed,6,7252,0
108767,27/07/2025,CUST01567,Luxor,Headphones,Electronics,Completed,7,1782,5
108768,12/02/2025,CUST01568,Port Said,Monitor,Electronics,Completed,8,9200,10
108769,25/09/2025,CUST01569,Cairo,Printer,Office Equipment,Completed,9,6868,15
108770,10/04/2025,CUST01570,Giza,Notebook Pack,Stationery,Completed,10,244.8,20
108771,23/11/2025,CUST01571,Alexandria,Laptop,Electronics,Completed,11,29355,0
108772,08/06/2025,CUST01572,Mansoura,Smartphone,Electronics,Completed,12,15080,5
108773,21/01/2025,CUST01573,Tanta,Wireless Mouse,Accessories,Completed,1,472.5,10
108774,06/08/2025,CUST01574,Aswan,Keyboard,Accessories,Completed,2,901,15
108775,19/03/2025,CUST01575,Luxor,Office Chair,Furniture,Completed,3,5564,20
108776,04/10/2025,CUST01576,Port Said,Desk,Furniture,Completed,4,7992,0
108777,17/05/2025,CUST01577,Cairo,Headphones,Electronics,Completed,5,1962,5
108778,02/12/2025,CUST01578,Giza,Monitor,Electronics,Completed,6,10120,10
108779,15/07/2025,CUST01579,Alexandria,Printer,Office Equipment,Completed,7,6120,15
108780,28/02/2025,CUST01580,Mansoura,Notebook Pack,Stationery,Completed,8,218.4,20
108781,13/09/2025,CUST01581,Tanta,Laptop,Electronics,Completed,9,26220,0
108782,26/04/2025,CUST01582,Aswan,Smartphone,Electronics,Completed,10,13485,5
108783,11/11/2025,CUST01583,Luxor,Wireless Mouse,Accessories,Completed,11,423,10
108784,24/06/2025,CUST01584,Port Said,Keyboard,Accessories,Completed,12,807.5,15
108785,09/01/2025,CUST01585,Cairo,Office Chair,Furniture,Completed,1,4992,20
108786,22/08/2025,CUST01586,Giza,Desk,Furniture,Completed,2,7178,0
108787,07/03/2025,CUST01587,Alexandria,Headphones,Electronics,Completed,3,1764,5
108788,20/10/2025,CUST01588,Mansoura,Monitor,Electronics,Completed,4,9108,10
108789,05/05/2025,CUST01589,Tanta,Printer,Office Equipment,Completed,5,6800,15
108790,18/12/2025,CUST01590,Aswan,Notebook Pack,Stationery,Completed,6,242.4,20
108791,03/07/2025,CUST01591,Luxor,Laptop,Electronics,Completed,7,29070,0
108792,16/02/2025,CUST01592,Port Said,Smartphone,electronics,Completed,8,14935,5
108793,01/09/2025,CUST01593,Cairo,Wireless Mouse,Accessories,Completed,9,468,10
108794,14/04/2025,CUST01594,Giza,Keyboard,Accessories,Completed,10,892.5,15
108795,27/11/2025,CUST01595,Alexandria,Office Chair,Furniture,Completed,11,5512,20
108796,12/06/2025,CUST01596,Mansoura,Desk,Furniture,Completed,12,7918,0
108797,25/01/2025,CUST01597,Tanta,Headphones,Electronics,Completed,1,1944,5
108798,10/08/2025,CUST01598,Aswan,Monitor,Electronics,Completed,2,10028,10
108799,23/03/2025,CUST01599,Luxor,Printer,Office Equipment,Completed,3,7480,15
108800,08/10/2025,CUST01600,Port Said,Notebook Pack,Stationery,Completed,4,216,20
108801,21/05/2025,CUST01601,Cairo,Laptop,Electronics,Completed,5,25935,0
108802,06/12/2025,CUST01602,Giza,Smartphone,Electronics,Completed,6,13340,5
108803,19/07/2025,CUST01603,Alexandria,Wireless Mouse,Accessories,Completed,7,418.5,10
108804,04/02/2025,CUST01604,Mansoura,Keyboard,Accessories,Completed,8,799,15
108805,17/09/2025,CUST01605,Tanta,Office Chair,Furniture,Completed,9,4940,20
108806,02/04/2025,CUST01606,Aswan,Desk,Furniture,Completed,10,7104,0
108807,15/11/2025,CUST01607,Luxor,Headphones,Electronics,Completed,11,1746,5
108808,28/06/2025,CUST01608,Port Said,Monitor,Electronics,Completed,12,9016,10
108809,13/01/2025,CUST01609,Cairo,Printer,Office Equipment,Completed,1,6732,15
108810,26/08/2025,CUST01610,Giza,Notebook Pack,Stationery,Completed,2,240,20
108811,11/03/2025,CUST01611,Alexandria,Laptop,Electronics,Completed,3,28785,0
108812,24/10/2025,CUST01612,Mansoura,Smartphone,Electronics,Completed,4,14790,5
108813,09/05/2025,CUST01613,Tanta,Wireless Mouse,Accessories,Completed,5,463.5,10
108814,22/12/2025,CUST01614,Aswan,Keyboard,Accessories,Completed,6,884,15
108815,07/07/2025,CUST01615, Luxor ,Office Chair,Furniture,Completed,7,5460,20
108816,20/02/2025,CUST01616,Port Said,Desk,Furniture,Completed,8,7844,0
108817,05/09/2025,CUST01617,Cairo,Headphones,Electronics,Completed,9,1926,5
108818,18/04/2025,CUST01618,Giza,Monitor,Electronics,Completed,10,9936,10
108819,03/11/2025,CUST01619,Alexandria,Printer,Office Equipment,Completed,11,7412,15
108820,16/06/2025,CUST01620,Mansoura,Notebook Pack,Stationery,Completed,12,264,20
108821,01/01/2025,CUST01621,Tanta,Laptop,Electronics,Completed,1,25650,0
108822,14/08/2025,CUST01622,Aswan,Smartphone,Electronics,Completed,2,13195,5
108823,27/03/2025,CUST01623,Luxor,Wireless Mouse,Accessories,Completed,3,414,10
108824,12/10/2025,CUST01624,Port Said,Keyboard,Accessories, completed ,4,790.5,15
108825,25/05/2025,CUST01625,Cairo,Office Chair,Furniture,Completed,5,4888,20
108826,10/12/2025,CUST01626,Giza,Desk,Furniture,Completed,6,7030,0
108827,23/07/2025,CUST01627,Alexandria,Headphones,Electronics,Completed,7,1728,5
108828,08/02/2025,CUST01628,,Monitor,Electronics,Completed,8,8924,10
108829,21/09/2025,CUST01629,Tanta,Printer,Office Equipment,Completed,9,6664,15
108830,06/04/2025,CUST01630,Aswan,Notebook Pack,Stationery,Completed,10,237.6,20
108831,19/11/2025,CUST01631,Luxor,Laptop,Electronics,Completed,11,28500,0
108832,04/06/2025,CUST01632,Port Said,Smartphone,Electronics,Completed,12,14645,5
108833,17/01/2025,CUST01633,Cairo,Wireless Mouse,Accessories,Completed,1,459,10
108834,02/08/2025,CUST01634,Giza,Keyboard,Accessories,Completed,2,875.5,15
108835,15/03/2025,CUST01635,Alexandria,Office Chair,Furniture,Completed,3,5408,20
108836,28/10/2025,CUST01636,Mansoura,Desk,Furniture,Completed,4,7770,0
108837,13/05/2025,CUST01637,Tanta,Headphones,Electronics,Completed,5,1908,5
108838,26/12/2025,CUST01638,Aswan,Monitor,Electronics,Completed,6,9844,10
108839,11/07/2025,CUST01639,Luxor,Printer,Office Equipment,Completed,7,7344,15
108840,24/02/2025,CUST01640,Port Said,Notebook Pack,Stationery,Completed,8,261.6,20
108841,09/09/2025,CUST01641,Cairo,Laptop,Electronics,Completed,9,31350,0
108842,22/04/2025,CUST01642,Giza,Smartphone,Electronics,Completed,10,13050,5
108843,07/11/2025,CUST01643,Alexandria,Wireless Mouse,Accessories,Completed,11,409.5,10
108844,20/06/2025,CUST01644,Mansoura,Keyboard,Accessories,Completed,12,782,15
108845,05/01/2025,CUST01645,Tanta,Office Chair,Furniture,Completed,1,4836,20
108846,18/08/2025,CUST01646,Aswan,Desk,Furniture,Completed,2,6956,0
108847,03/03/2025,CUST01647,Luxor,Headphones,Electronics,Completed,3,1710,5
108848,16/10/2025,CUST01648,Port Said,Monitor,Electronics,Completed,4,8832,10
108849,01/05/2025,CUST01649,Cairo,Printer,Office Equipment,Completed,5,6596,15
108850,14/12/2025,CUST01650,Giza,Notebook Pack,Stationery,Completed,6,235.2,20
108851,27/07/2025,CUST01651,Alexandria,Laptop,Electronics,Completed,7,28215,0
108852,12/02/2025,CUST01652,Mansoura,Smartphone,Electronics,Completed,8,14500,5
108853,25/09/2025,CUST01653,Tanta,Wireless Mouse,Accessories,Completed,9,454.5,10
108854,10/04/2025,CUST01654,Aswan,Keyboard,Accessories,Completed,10,867,15
108855,23/11/2025,CUST01655,Luxor,Office Chair,Furniture,Completed,11,5356,20
108856,08/06/2025,CUST01656,Port Said,Desk,Furniture,Completed,12,7696,0
108857,21/01/2025,CUST01657,Cairo,Headphones,Electronics,Completed,1,1890,5
108858,06/08/2025,CUST01658,Giza,Monitor,Electronics,Completed,2,9752,10
108859,19/03/2025,CUST01659,Alexandria,Printer,Office Equipment,Completed,3,7276,15
108860,04/10/2025,CUST01660,Mansoura,Notebook Pack,Stationery,Completed,4,259.2,20
108861,17/05/2025,CUST01661,Tanta,Laptop,Electronics,Completed,5,31065,0
108862,02/12/2025,CUST01662,Aswan,Smartphone,Electronics,Completed,6,15950,5
108863,15/07/2025,CUST01663,Luxor,Wireless Mouse,Accessories,Completed,7,405,10
108864,28/02/2025,CUST01664,Port Said,Keyboard,Accessories,Completed,8,773.5,15
108865,13/09/2025,CUST01665,Cairo,Office Chair,Furniture,Completed,9,4784,20
108866,26/04/2025,CUST01666,Giza,Desk,Furniture,Completed,10,6882,0
108867,11/11/2025,CUST01667,Alexandria,Headphones,Electronics,Completed,11,1692,5
108868,24/06/2025,CUST01668,Mansoura,Monitor,Electronics,Completed,12,8740,10
108869,09/01/2025,CUST01669,Tanta,Printer,Office Equipment,Completed,1,6528,15
108870,22/08/2025,CUST01670,Aswan,Notebook Pack,Stationery,Completed,2,232.8,
108871,07/03/2025,CUST01671,Luxor,Laptop,Electronics,Completed,3,27930,0
108872,20/10/2025,CUST01672,Port Said,Smartphone,Electronics,Completed,4,14355,5
108873,05/05/2025,CUST01673,Cairo,Wireless Mouse,Accessories,Completed,5,450,10
108874,18/12/2025,CUST01674,Giza,Keyboard,Accessories,Completed,6,858.5,15
108875,03/07/2025,CUST01675,Alexandria,Office Chair,Furniture,Completed,7,5304,20
108876,16/02/2025,CUST01676,Mansoura,Desk,Furniture,Completed,8,7622,0
108877,01/09/2025,CUST01677,Tanta,Headphones,Electronics,Completed,9,1872,5
108878,14/04/2025,CUST01678,Aswan,Monitor,Electronics,Completed,10,9660,10
108879,27/11/2025,CUST01679,Luxor,Printer,Office Equipment,Completed,11,7208,15
108880,12/06/2025,CUST01680,Port Said,Notebook Pack,Stationery,Completed,12,256.8,20
108881,25/01/2025,CUST01681,Cairo,Laptop,Electronics,Completed,1,30780,0
108882,10/08/2025,CUST01682,Giza,Smartphone,Electronics,Completed,2,15805,5
108883,23/03/2025,CUST01683,Alexandria,Wireless Mouse,Accessories,Completed,3,495,10
108884,08/10/2025,CUST01684,Mansoura,Keyboard,Accessories,Completed,4,765,15
108885,21/05/2025,CUST01685,Tanta,Office Chair,Furniture,Completed,5,4732,20
108886,06/12/2025,CUST01686,Aswan,Desk,Furniture,Completed,6,6808,0
108887,19/07/2025,CUST01687,Luxor,Headphones,Electronics,Completed,7,1674,5
108888,04/02/2025,CUST01688,Port Said,Monitor,Electronics,Completed,8,8648,10
108889,17/09/2025,CUST01689,Cairo,Printer,Office Equipment,Completed,9,6460,15
108890,02/04/2025,CUST01690,Giza,Notebook Pack,Stationery,Completed,10,230.4,20
108891,15/11/2025,CUST01691,Alexandria, laptop ,Electronics,Completed,11,27645,0
108892,28/06/2025,CUST01692,Mansoura,Smartphone,Electronics,Completed,12,14210,5
108893,13/01/2025,CUST01693,Tanta,Wireless Mouse,Accessories,Completed,1,445.5,10
108894,26/08/2025,CUST01694,Aswan,Keyboard,Accessories,Completed,2,850,15
108895,11/03/2025,CUST01695,Luxor,Office Chair,Furniture,Completed,3,5252,20
108896,24/10/2025,CUST01696,Port Said,Desk,Furniture,Completed,4,7548,0
108897,09/05/2025,CUST01697,Cairo,Headphones,Electronics,Completed,5,1854,5
108898,22/12/2025,CUST01698,Giza,Monitor,Electronics,Completed,6,9568,10
108899,07/07/2025,CUST01699,Alexandria,Printer,Office Equipment,Completed,7,7140,15
108900,20/02/2025,CUST01700,Mansoura,Notebook Pack,Stationery,Completed,8,254.4,20
108901,05/09/2025,CUST01701,Tanta,Laptop,Electronics,Completed,9,30495,0
108902,18/04/2025,CUST01702,Aswan,Smartphone,Electronics,Completed,10,15660,5
108903,03/11/2025,CUST01703,Luxor,Wireless Mouse,Accessories,Completed,11,490.5,10
108904,16/06/2025,CUST01704,Port Said,Keyboard,Accessories,Completed,12,935,15
108905,01/01/2025,CUST01705,Cairo,Office Chair,Furniture,Completed,1,4680,20
108906,14/08/2025,CUST01706,Giza,Desk,Furniture,Completed,2,6734,0
108907,27/03/2025,CUST01707,Alexandria,Headphones,Electronics,Completed,3,1656,5
108908,12/10/2025,CUST01708,Mansoura,Monitor,Electronics,Completed,4,8556,10
108909,25/05/2025,CUST01709,Tanta,Printer,Office Equipment,Completed,5,6392,15
108910,10/12/2025,CUST01710,Aswan,Notebook Pack,Stationery,Completed,6,228,20
108911,23/07/2025,CUST01711,Luxor,Laptop,Electronics,Completed,7,27360,0
108912,08/02/2025,CUST01712,Port Said,Smartphone,Electronics,Completed,8,14065,5
108913,21/09/2025,CUST01713,Cairo,Wireless Mouse,Accessories,Completed,9,441,10
108914,06/04/2025,CUST01714,Giza,Keyboard,Accessories,Completed,10,841.5,15
108915,19/11/2025,CUST01715,Alexandria,Office Chair,Furniture,Completed,11,5200,20
108916,04/06/2025,CUST01716,Mansoura,Desk,Furniture,Completed,12,7474,0
108917,17/01/2025,CUST01717,Tanta,Headphones,Electronics,Completed,1,1836,5
108918,02/08/2025,CUST01718,Aswan,Monitor,Electronics,Completed,2,9476,10
108919,15/03/2025,CUST01719,Luxor,Printer,Office Equipment,Completed,3,7072,15
108920,28/10/2025,CUST01720,Port Said,Notebook Pack,Stationery,Completed,4,252,20
108921,13/05/2025,CUST01721,Cairo,Laptop,Electronics,Completed,5,30210,0
108922,26/12/2025,CUST01722,Giza,Smartphone,Electronics,Completed,6,15515,5
108923,11/07/2025,CUST01723,Alexandria,Wireless Mouse,Accessories,Completed,7,486,10
108924,24/02/2025,CUST01724,Mansoura,Keyboard,Accessories,Completed,8,926.5,15
108925,09/09/2025,CUST01725,,Office Chair,Furniture,Completed,9,5720,20
108926,22/04/2025,CUST01726,Aswan,Desk,Furniture,Completed,10,6660,0
108927,07/11/2025,CUST01727,Luxor,Headphones,Electronics,Completed,11,1638,5
108928,20/06/2025,CUST01728, Port Said ,Monitor,Electronics,Completed,12,8464,10
108929,05/01/2025,CUST01729,Cairo,Printer,Office Equipment,Completed,1,6324,15
108930,18/08/2025,CUST01730,Giza,Notebook Pack,Stationery,Completed,2,225.6,20
108931,03/03/2025,CUST01731,Alexandria,Laptop,Electronics,Completed,3,27075,0
108932,16/10/2025,CUST01732,Mansoura,Smartphone,Electronics,Completed,4,13920,5
108933,01/05/2025,CUST01733,Tanta,Wireless Mouse,Accessories,Completed,5,436.5,10
108934,14/12/2025,CUST01734,Aswan,Keyboard,Accessories,Completed,6,833,15
108935,27/07/2025,CUST01735,Luxor,Office Chair,Furniture,Completed,7,5148,20
108936,12/02/2025,CUST01736,Port Said,Desk,Furniture,Completed,8,7400,0
108937,25/09/2025,CUST01737,Cairo,Headphones,Electronics,Completed,9,1818,5
108938,10/04/2025,CUST01738,Giza,Monitor,Electronics,Completed,10,9384,10
108939,23/11/2025,CUST01739,Alexandria,Printer,Office Equipment,Completed,11,7004,15
108940,08/06/2025,CUST01740,Mansoura,Notebook Pack,Stationery,Completed,12,249.6,20
108941,21/01/2025,CUST01741,Tanta,Laptop,electronics,Completed,1,29925,0
108942,06/08/2025,CUST01742,Aswan,Smartphone,Electronics,Completed,2,15370,5
108943,19/03/2025,CUST01743,Luxor,Wireless Mouse,Accessories,Completed,3,481.5,10
108944,04/10/2025,CUST01744,Port Said,Keyboard,Accessories,Completed,4,918,15
108945,17/05/2025,CUST01745,Cairo,Office Chair,Furniture,Completed,5,5668,20
108946,02/12/2025,CUST01746,Giza,Desk,Furniture,Completed,6,8140,0
108947,15/07/2025,CUST01747,Alexandria,Headphones,Electronics,Completed,7,1620,5
108948,28/02/2025,CUST01748,Mansoura,Monitor,Electronics,Completed,8,8372,10
108949,13/09/2025,CUST01749,Tanta,Printer,Office Equipment,Completed,9,6256,15
108950,26/04/2025,CUST01750,Aswan,Notebook Pack,Stationery,Completed,10,223.2,20
108951,11/11/2025,CUST01751,Luxor,Laptop,Electronics,Completed,11,26790,0
108952,24/06/2025,CUST01752,Port Said,Smartphone,Electronics,Completed,12,13775,5
108953,09/01/2025,CUST01753,Cairo,Wireless Mouse,Accessories,Completed,1,432,10
108954,22/08/2025,CUST01754,Giza,Keyboard,Accessories,Completed,2,824.5,15
108955,07/03/2025,CUST01755,Alexandria,Office Chair,Furniture,Completed,3,5096,20
108956,20/10/2025,CUST01756,Mansoura,Desk,Furniture,Completed,4,7326,0
108957,05/05/2025,CUST01757,Tanta,Headphones,Electronics,Completed,5,1800,5
108958,18/12/2025,CUST01758,Aswan,Monitor,Electronics,Completed,6,9292,10
108959,03/07/2025,CUST01759,Luxor,Printer,Office Equipment,Completed,7,6936,15
108960,16/02/2025,CUST01760,Port Said,Notebook Pack,Stationery,Completed,8,247.2,20
108961,01/09/2025,CUST01761,Cairo,Laptop,Electronics,Completed,9,29640,0
108962,14/04/2025,CUST01762,Giza,Smartphone,Electronics,Completed,10,15225,5
108963,27/11/2025,CUST01763,Alexandria,Wireless Mouse,Accessories,Completed,11,477,10
108964,12/06/2025,CUST01764,Mansoura,Keyboard,Accessories,Completed,12,909.5,15
108965,25/01/2025,CUST01765,Tanta,Office Chair,Furniture,Completed,1,5616,20
108966,10/08/2025,CUST01766,Aswan,Desk,Furniture,Completed,2,8066,0
108967,23/03/2025,CUST01767,Luxor,Headphones,Electronics,Completed,3,1980,5
108968,08/10/2025,CUST01768,Port Said,Monitor,Electronics,Completed,4,8280,10
108969,21/05/2025,CUST01769,Cairo,Printer,Office Equipment,Completed,5,6188,15
108970,06/12/2025,CUST01770,Giza,Notebook Pack,Stationery,Completed,6,220.8,20
108971,19/07/2025,CUST01771,Alexandria,Laptop,Electronics,Completed,7,26505,0
108972,04/02/2025,CUST01772,Mansoura,Smartphone,Electronics,Completed,8,13630,5
108973,17/09/2025,CUST01773,Tanta,Wireless Mouse,Accessories,Completed,9,427.5,10
108974,02/04/2025,CUST01774,Aswan,Keyboard,Accessories,Completed,10,816,15
108975,15/11/2025,CUST01775,Luxor,Office Chair,Furniture,Completed,11,5044,20
108976,28/06/2025,CUST01776,Port Said,Desk,Furniture,Completed,12,7252,0
108977,13/01/2025,CUST01777,Cairo,Headphones,Electronics,Completed,1,1782,5
108978,26/08/2025,CUST01778,Giza,Monitor,Electronics,Completed,2,9200,10
108979,11/03/2025,CUST01779,Alexandria,Printer,Office Equipment,Completed,3,6868,15
108980,24/10/2025,CUST01780,Mansoura,Notebook Pack,Stationery,Completed,4,244.8,20
108981,09/05/2025,CUST01781,Tanta,Laptop,Electronics,Completed,5,29355,0
108982,22/12/2025,CUST01782,Aswan,Smartphone,Electronics,Completed,6,15080,5
108983,07/07/2025,CUST01783,Luxor,Wireless Mouse,Accessories,Completed,7,472.5,10
108984,20/02/2025,CUST01784,Port Said,Keyboard,Accessories,Completed,8,901,15
108985,05/09/2025,CUST01785,Cairo,Office Chair,Furniture,Completed,9,5564,20
108986,18/04/2025,CUST01786,Giza,Desk,Furniture,Completed,10,7992,0
108987,03/11/2025,CUST01787,Alexandria,Headphones,Electronics,Completed,11,1962,5
108988,16/06/2025,CUST01788,Mansoura,Monitor,Electronics,Completed,12,10120,10
108989,01/01/2025,CUST01789,Tanta,Printer,Office Equipment,Completed,1,6120,15
108990,14/08/2025,CUST01790,Aswan,Notebook Pack,Stationery,Completed,2,218.4,20
108991,27/03/2025,CUST01791,Luxor,Laptop,Electronics,Completed,3,26220,0
108992,12/10/2025,CUST01792,Port Said,Smartphone,Electronics,Completed,4,13485,5
108993,25/05/2025,CUST01793,Cairo,Wireless Mouse,Accessories,Completed,5,423,10
108994,10/12/2025,CUST01794,Giza,Keyboard,Accessories,Completed,6,807.5,15
108995,23/07/2025,CUST01795,Alexandria,Office Chair,Furniture,Completed,7,4992,20
108996,08/02/2025,CUST01796,Mansoura,Desk,Furniture,Completed,8,7178,0
108997,21/09/2025,CUST01797,Tanta,Headphones,Electronics, completed ,9,1764,5
108998,06/04/2025,CUST01798,Aswan,Monitor,Electronics,Completed,10,9108,10
108999,19/11/2025,CUST01799,Luxor,Printer,Office Equipment,Completed,11,6800,15
109000,04/06/2025,CUST01800,Port Said,Notebook Pack,Stationery,Completed,12,242.4,20
109001,17/01/2025,CUST00001,Cairo,Laptop,Electronics,Completed,1,29070,0
109002,02/08/2025,CUST00002,Giza,Smartphone,Electronics,Completed,2,14935,5
109003,15/03/2025,CUST00003,Alexandria,Wireless Mouse,Accessories,Completed,3,468,10
109004,28/10/2025,CUST00004,Mansoura,Keyboard,Accessories,Completed,4,892.5,15
109005,13/05/2025,CUST00005,Tanta,Office Chair,Furniture,Completed,5,5512,20
109006,26/12/2026,CUST00006,Aswan,Desk,Furniture,Completed,6,7918,0
109007,11/07/2026,CUST00007,Luxor,Headphones,Electronics,Completed,7,1944,5
109008,24/02/2026,CUST00008,Port Said,Monitor,Electronics,Completed,8,10028,10
109009,09/09/2026,CUST00009,Cairo,Printer,Office Equipment,Completed,9,7480,15
109010,22/04/2026,CUST00010,Giza,Notebook Pack,Stationery,Completed,10,216,20
109011,07/11/2026,CUST00011,Alexandria,Laptop,Electronics,Completed,11,25935,0
109012,20/06/2026,CUST00012,Mansoura,Smartphone,Electronics,Completed,12,13340,5
109013,05/01/2026,CUST00013,Tanta,Wireless Mouse,Accessories,Completed,1,418.5,10
109014,18/08/2026,CUST00014,Aswan,Keyboard,Accessories,Completed,2,799,15
109015,03/03/2026,CUST00015,Luxor,Office Chair,Furniture,Completed,3,4940,20
109016,16/10/2026,CUST00016,Port Said,Desk,Furniture,Completed,4,7104,0
109017,01/05/2026,CUST00017,Cairo,Headphones,Electronics,Completed,5,1746,5
109018,14/12/2026,CUST00018,Giza, monitor ,Electronics,Completed,6,9016,10
109019,27/07/2026,CUST00019,Alexandria,Printer,Office Equipment,Completed,7,6732,15
109020,12/02/2026,CUST00020,Mansoura,Notebook Pack,Stationery,Completed,8,240,20
109021,25/09/2026,CUST00021,Tanta,Laptop,Electronics,Completed,9,28785,0
109022,10/04/2026,CUST00022,,Smartphone,Electronics,Completed,10,14790,5
109023,23/11/2026,CUST00023,Luxor,Wireless Mouse,Accessories,Completed,11,463.5,10
109024,08/06/2026,CUST00024,Port Said,Keyboard,Accessories,Completed,12,884,15
109025,21/01/2026,CUST00025,Cairo,Office Chair,Furniture,Completed,1,5460,20
109026,06/08/2026,CUST00026,Giza,Desk,Furniture,Completed,2,7844,0
109027,19/03/2026,CUST00027,Alexandria,Headphones,Electronics,Completed,3,1926,5
109028,04/10/2026,CUST00028,Mansoura,Monitor,Electronics,Completed,4,9936,10
109029,17/05/2026,CUST00029,Tanta,Printer,Office Equipment,Completed,5,7412,15
109030,02/12/2026,CUST00030,Aswan,Notebook Pack,Stationery,Completed,6,264,20
109031,15/07/2026,CUST00031,Luxor,Laptop,Electronics,Completed,7,25650,0
109032,28/02/2026,CUST00032,Port Said,Smartphone,Electronics,Completed,8,13195,5
109033,13/09/2026,CUST00033,Cairo,Wireless Mouse,Accessories,Completed,9,414,10
109034,26/04/2026,CUST00034,Giza,Keyboard,Accessories,Completed,10,790.5,15
109035,11/11/2026,CUST00035,Alexandria,Office Chair,Furniture,Completed,11,4888,20
109036,24/06/2026,CUST00036,Mansoura,Desk,Furniture,Completed,12,7030,0
109037,09/01/2026,CUST00037,Tanta,Headphones,Electronics,Completed,1,1728,5
109038,22/08/2026,CUST00038,Aswan,Monitor,Electronics,Completed,2,8924,10
109039,07/03/2026,CUST00039,Luxor,Printer,Office Equipment,Completed,3,6664,15
109040,20/10/2026,CUST00040,Port Said,Notebook Pack,Stationery,Completed,4,237.6,20
109041,05/05/2026,CUST00041, Cairo ,Laptop,Electronics,Completed,5,28500,0
109042,18/12/2026,CUST00042,Giza,Smartphone,Electronics,Completed,6,14645,5
109043,03/07/2026,CUST00043,Alexandria,Wireless Mouse,Accessories,Completed,7,459,10
109044,16/02/2026,CUST00044,Mansoura,Keyboard,Accessories,Completed,8,875.5,15
109045,01/09/2026,CUST00045,Tanta,Office Chair,Furniture,Completed,9,5408,20
109046,14/04/2026,CUST00046,Aswan,Desk,Furniture,Completed,10,7770,0
109047,27/11/2026,CUST00047,Luxor,Headphones,Electronics,Completed,11,1908,5
109048,12/06/2026,CUST00048,Port Said,Monitor,Electronics,Completed,12,9844,10
109049,25/01/2026,CUST00049,Cairo,Printer,Office Equipment,Completed,1,7344,15
109050,10/08/2026,CUST00050,Giza,Notebook Pack,Stationery,Completed,2,261.6,20
109051,23/03/2026,CUST00051,Alexandria,Laptop,Electronics,Completed,3,31350,
109052,08/10/2026,CUST00052,Mansoura,Smartphone,Electronics,Completed,4,13050,5
109053,21/05/2026,CUST00053,Tanta,Wireless Mouse,Accessories,Completed,5,409.5,10
109054,06/12/2026,CUST00054,Aswan,Keyboard,Accessories,Completed,6,782,15
109055,19/07/2026,CUST00055,Luxor,Office Chair,Furniture,Completed,7,4836,20
109056,04/02/2026,CUST00056,Port Said,Desk,Furniture,Completed,8,6956,0
109057,17/09/2026,CUST00057,Cairo,Headphones,Electronics,Completed,9,1710,5
109058,02/04/2026,CUST00058,Giza,Monitor,Electronics,Completed,10,8832,10
109059,15/11/2026,CUST00059,Alexandria,Printer,Office Equipment,Completed,11,6596,15
109060,28/06/2026,CUST00060,Mansoura,Notebook Pack,Stationery,Completed,12,235.2,20
109061,13/01/2026,CUST00061,Tanta,Laptop,Electronics,Completed,1,28215,0
109062,26/08/2026,CUST00062,Aswan,Smartphone,Electronics,Completed,2,14500,5
109063,11/03/2026,CUST00063,Luxor,Wireless Mouse,Accessories,Completed,3,454.5,10
109064,24/10/2026,CUST00064,Port Said,Keyboard,Accessories,Completed,4,867,15
109065,09/05/2026,CUST00065,Cairo,Office Chair,Furniture,Completed,5,5356,20
109066,22/12/2026,CUST00066,Giza,Desk,Furniture,Completed,6,7696,0
109067,07/07/2026,CUST00067,Alexandria,Headphones,Electronics,Completed,7,1890,5
109068,20/02/2026,CUST00068,Mansoura,Monitor,Electronics,Completed,8,9752,10
109069,05/09/2026,CUST00069,Tanta,Printer,Office Equipment,Completed,9,7276,15
109070,18/04/2026,CUST00070,Aswan,Notebook Pack,Stationery,Completed,10,259.2,20
109071,03/11/2026,CUST00071,Luxor,Laptop,Electronics,Completed,11,31065,0
109072,16/06/2026,CUST00072,Port Said,Smartphone,Electronics,Completed,12,15950,5
109073,01/01/2026,CUST00073,Cairo,Wireless Mouse,Accessories,Completed,1,405,10
109074,14/08/2026,CUST00074,Giza,Keyboard,Accessories,Completed,2,773.5,15
109075,27/03/2026,CUST00075,Alexandria,Office Chair,Furniture,Completed,3,4784,20
109076,12/10/2026,CUST00076,Mansoura,Desk,Furniture,Completed,4,6882,0
109077,25/05/2026,CUST00077,Tanta,Headphones,Electronics,Completed,5,1692,5
109078,10/12/2026,CUST00078,Aswan,Monitor,Electronics,Completed,6,8740,10
109079,23/07/2026,CUST00079,Luxor,Printer,Office Equipment,Completed,7,6528,15
109080,08/02/2026,CUST00080,Port Said,Notebook Pack,Stationery,Completed,8,232.8,20
109081,21/09/2026,CUST00081,Cairo,Laptop,Electronics,Completed,9,27930,0
109082,06/04/2026,CUST00082,Giza,Smartphone,Electronics,Completed,10,14355,5
109083,19/11/2026,CUST00083,Alexandria,Wireless Mouse,Accessories,Completed,11,450,10
109084,04/06/2026,CUST00084,Mansoura,Keyboard,Accessories,Completed,12,858.5,15
109085,17/01/2026,CUST00085,Tanta,Office Chair,Furniture,Completed,1,5304,20
109086,02/08/2026,CUST00086,Aswan,Desk,Furniture,Completed,2,7622,0
109087,15/03/2026,CUST00087,Luxor,Headphones,Electronics,Completed,3,1872,5
109088,28/10/2026,CUST00088,Port Said,Monitor,Electronics,Completed,4,9660,10
109089,13/05/2026,CUST00089,Cairo,Printer,Office Equipment,Completed,5,7208,15
109090,26/12/2026,CUST00090,Giza,Notebook Pack,stationery,Completed,6,256.8,20
109091,11/07/2026,CUST00091,Alexandria,Laptop,Electronics,Completed,7,30780,0
109092,24/02/2026,CUST00092,Mansoura,Smartphone,Electronics,Completed,8,15805,5
109093,09/09/2026,CUST00093,Tanta,Wireless Mouse,Accessories,Completed,9,495,10
109094,22/04/2026,CUST00094,Aswan,Keyboard,Accessories,Completed,10,765,15
109095,07/11/2026,CUST00095,Luxor,Office Chair,Furniture,Completed,11,4732,20
109096,20/06/2026,CUST00096,Port Said,Desk,Furniture,Completed,12,6808,0
109097,05/01/2026,CUST00097,Cairo,Headphones,Electronics,Completed,1,1674,5
109098,18/08/2026,CUST00098,Giza,Monitor,Electronics,Completed,2,8648,10
109099,03/03/2026,CUST00099,Alexandria,Printer,Office Equipment,Completed,3,6460,15
109100,16/10/2026,CUST00100,Mansoura,Notebook Pack,Stationery,Completed,4,230.4,20
109101,01/05/2026,CUST00101,Tanta,Laptop,Electronics,Completed,5,27645,0
109102,14/12/2026,CUST00102,Aswan,Smartphone,Electronics,Completed,6,14210,5
109103,27/07/2026,CUST00103,Luxor,Wireless Mouse,Accessories,Completed,7,445.5,10
109104,12/02/2026,CUST00104,Port Said,Keyboard,Accessories,Completed,8,850,15
109105,25/09/2026,CUST00105,Cairo,Office Chair,Furniture,Completed,9,5252,20
109106,10/04/2026,CUST00106,Giza,Desk,Furniture,Completed,10,7548,0
109107,23/11/2026,CUST00107,Alexandria,Headphones,Electronics,Completed,11,1854,5
109108,08/06/2026,CUST00108,Mansoura,Monitor,Electronics,Completed,12,9568,10
109109,21/01/2026,CUST00109,Tanta,Printer,Office Equipment,Completed,1,7140,15
109110,06/08/2026,CUST00110,Aswan,Notebook Pack,Stationery,Completed,2,254.4,20
109111,19/03/2026,CUST00111,Luxor,Laptop,Electronics,Completed,3,30495,0
109112,04/10/2026,CUST00112,Port Said,Smartphone,Electronics,Completed,4,15660,5
109113,17/05/2026,CUST00113,Cairo,Wireless Mouse,Accessories,Completed,5,490.5,10
109114,02/12/2026,CUST00114,Giza,Keyboard,Accessories,Completed,6,935,15
109115,15/07/2026,CUST00115,Alexandria,Office Chair,Furniture,Completed,7,4680,20
109116,28/02/2026,CUST00116,Mansoura,Desk,Furniture,Completed,8,6734,0
109117,13/09/2026,CUST00117,Tanta,Headphones,Electronics,Completed,9,1656,5
109118,26/04/2026,CUST00118,Aswan,Monitor,Electronics,Completed,10,8556,10
109119,11/11/2026,CUST00119,,Printer,Office Equipment,Completed,11,6392,15
109120,24/06/2026,CUST00120,Port Said,Notebook Pack,Stationery,Completed,12,228,20
109121,09/01/2026,CUST00121,Cairo,Laptop,Electronics,Completed,1,27360,0
109122,22/08/2026,CUST00122,Giza,Smartphone,Electronics,Completed,2,14065,5
109123,07/03/2026,CUST00123,Alexandria,Wireless Mouse,Accessories,Completed,3,441,10
109124,20/10/2026,CUST00124,Mansoura,Keyboard,Accessories,Completed,4,841.5,15
109125,05/05/2026,CUST00125,Tanta,Office Chair,Furniture,Completed,5,5200,20
109126,18/12/2026,CUST00126,Aswan,Desk,Furniture,Completed,6,7474,0
109127,03/07/2026,CUST00127,Luxor,Headphones,Electronics,Completed,7,1836,5
109128,16/02/2026,CUST00128,Port Said,Monitor,Electronics,Completed,8,9476,10
109129,01/09/2026,CUST00129,Cairo,Printer,Office Equipment,Completed,9,7072,15
109130,14/04/2026,CUST00130,Giza,Notebook Pack,Stationery,Completed,10,252,20
109131,27/11/2026,CUST00131,Alexandria,Laptop,Electronics,Completed,11,30210,0
109132,12/06/2026,CUST00132,Mansoura,Smartphone,Electronics,Completed,12,15515,5
109133,25/01/2026,CUST00133,Tanta,Wireless Mouse,Accessories,Completed,1,486,10
109134,10/08/2026,CUST00134,Aswan,Keyboard,Accessories,Completed,2,926.5,15
109135,23/03/2026,CUST00135,Luxor,Office Chair,Furniture,Completed,3,5720,20
109136,08/10/2026,CUST00136,Port Said,Desk,Furniture,Completed,4,6660,0
109137,21/05/2026,CUST00137,Cairo,Headphones,Electronics,Completed,5,1638,5
109138,06/12/2026,CUST00138,Giza,Monitor,Electronics,Completed,6,8464,10
109139,19/07/2026,CUST00139,Alexandria,Printer,Office Equipment,Completed,7,6324,15
109140,04/02/2026,CUST00140,Mansoura,Notebook Pack,Stationery,Completed,8,225.6,20
109141,17/09/2026,CUST00141,Tanta,Laptop,Electronics,Completed,9,27075,0
109142,02/04/2026,CUST00142,Aswan,Smartphone,Electronics,Completed,10,13920,5
109143,15/11/2026,CUST00143,Luxor,Wireless Mouse,Accessories,Completed,11,436.5,10
109144,28/06/2026,CUST00144,Port Said,Keyboard,Accessories,Completed,12,833,15
109145,13/01/2026,CUST00145,Cairo, office chair ,Furniture,Completed,1,5148,20
109146,26/08/2026,CUST00146,Giza,Desk,Furniture,Completed,2,7400,0
109147,11/03/2026,CUST00147,Alexandria,Headphones,Electronics,Completed,3,1818,5
109148,24/10/2026,CUST00148,Mansoura,Monitor,Electronics,Completed,4,9384,10
109149,09/05/2026,CUST00149,Tanta,Printer,Office Equipment,Completed,5,7004,15
109150,22/12/2026,CUST00150,Aswan,Notebook Pack,Stationery,Completed,6,249.6,20
109151,07/07/2026,CUST00151,Luxor,Laptop,Electronics,Completed,7,29925,0
109152,20/02/2026,CUST00152,Port Said,Smartphone,Electronics,Completed,8,15370,5
109153,05/09/2026,CUST00153,Cairo,Wireless Mouse,Accessories,Completed,9,481.5,10
109154,18/04/2026,CUST00154, Giza ,Keyboard,Accessories,Completed,10,918,15
109155,03/11/2026,CUST00155,Alexandria,Office Chair,Furniture,Completed,11,5668,20
109156,16/06/2026,CUST00156,Mansoura,Desk,Furniture,Completed,12,8140,0
109157,01/01/2026,CUST00157,Tanta,Headphones,Electronics,Completed,1,1620,5
109158,14/08/2026,CUST00158,Aswan,Monitor,Electronics,Completed,2,8372,10
109159,27/03/2026,CUST00159,Luxor,Printer,Office Equipment,Completed,3,6256,15
109160,12/10/2026,CUST00160,Port Said,Notebook Pack,Stationery,Completed,4,223.2,20
109161,25/05/2026,CUST00161,Cairo,Laptop,Electronics,Completed,5,26790,0
109162,10/12/2026,CUST00162,Giza,Smartphone,Electronics,Completed,6,13775,5
109163,23/07/2026,CUST00163,Alexandria,Wireless Mouse,Accessories,Completed,7,432,10
109164,08/02/2026,CUST00164,Mansoura,Keyboard,Accessories,Completed,8,824.5,15
109165,21/09/2026,CUST00165,Tanta,Office Chair,Furniture,Completed,9,5096,20
109166,06/04/2026,CUST00166,Aswan,Desk,Furniture,Completed,10,7326,0
109167,19/11/2026,CUST00167,Luxor,Headphones,Electronics,Completed,11,1800,5
109168,04/06/2026,CUST00168,Port Said,Monitor,Electronics,Completed,12,9292,10
109169,17/01/2026,CUST00169,Cairo,Printer,Office Equipment,Completed,1,6936,15
109170,02/08/2026,CUST00170,Giza,Notebook Pack,Stationery, completed ,2,247.2,20
109171,15/03/2026,CUST00171,Alexandria,Laptop,Electronics,Completed,3,29640,0
109172,28/10/2026,CUST00172,Mansoura,Smartphone,Electronics,Completed,4,15225,5
109173,13/05/2026,CUST00173,Tanta,Wireless Mouse,Accessories,Completed,5,477,10
109174,26/12/2026,CUST00174,Aswan,Keyboard,Accessories,Completed,6,909.5,15
109175,11/07/2026,CUST00175,Luxor,Office Chair,Furniture,Completed,7,5616,20
109176,24/02/2026,CUST00176,Port Said,Desk,Furniture,Completed,8,8066,0
109177,09/09/2026,CUST00177,Cairo,Headphones,Electronics,Completed,9,1980,5
109178,22/04/2026,CUST00178,Giza,Monitor,Electronics,Completed,10,8280,10
109179,07/11/2026,CUST00179,Alexandria,Printer,Office Equipment,Completed,11,6188,15
109180,20/06/2026,CUST00180,Mansoura,Notebook Pack,Stationery,Completed,12,220.8,20
109181,05/01/2025,CUST00181,Tanta,Laptop,Electronics,Completed,1,26505,0
109182,18/08/2025,CUST00182,Aswan,Smartphone,Electronics,Completed,2,13630,5
109183,03/03/2025,CUST00183,Luxor,Wireless Mouse,Accessories,Completed,3,427.5,10
109184,16/10/2025,CUST00184,Port Said,Keyboard,Accessories,Completed,4,816,15
109185,01/05/2025,CUST00185,Cairo,Office Chair,Furniture,Completed,5,5044,20
109186,14/12/2025,CUST00186,Giza,Desk,Furniture,Completed,6,7252,0
109187,27/07/2025,CUST00187,Alexandria,Headphones,Electronics,Completed,7,1782,5
109188,12/02/2025,CUST00188,Mansoura,Monitor,Electronics,Completed,8,9200,10
109189,25/09/2025,CUST00189,Tanta,Printer,Office Equipment,Completed,9,6868,15
109190,10/04/2025,CUST00190,Aswan,Notebook Pack,Stationery,Completed,10,244.8,20
109191,23/11/2025,CUST00191,Luxor,Laptop,Electronics,Completed,11,29355,0
109192,08/06/2025,CUST00192,Port Said,Smartphone,Electronics,Completed,12,15080,5
109193,21/01/2025,CUST00193,Cairo,Wireless Mouse,Accessories,Completed,1,472.5,10
109194,06/08/2025,CUST00194,Giza,Keyboard,Accessories,Completed,2,901,15
109195,19/03/2025,CUST00195,Alexandria,Office Chair,Furniture,Completed,3,5564,20
109196,04/10/2025,CUST00196,Mansoura,Desk,Furniture,Completed,4,7992,0
109197,17/05/2025,CUST00197,Tanta,Headphones,Electronics,Completed,5,1962,5
109198,02/12/2025,CUST00198,Aswan,Monitor,Electronics,Completed,6,10120,10
109199,15/07/2025,CUST00199,Luxor,Printer,Office Equipment,Completed,7,6120,15
109200,28/02/2025,CUST00200,Port Said,Notebook Pack,Stationery,Completed,8,218.4,20
109201,13/09/2025,CUST00201,Cairo,Laptop,Electronics,Completed,9,26220,0
109202,26/04/2025,CUST00202,Giza,Smartphone,Electronics,Completed,10,13485,5
109203,11/11/2025,CUST00203,Alexandria,Wireless Mouse,Accessories,Completed,11,423,10
109204,24/06/2025,CUST00204,Mansoura,Keyboard,Accessories,Completed,12,807.5,15
109205,09/01/2025,CUST00205,Tanta,Office Chair,Furniture,Completed,1,4992,20
109206,22/08/2025,CUST00206,Aswan,Desk,Furniture,Completed,2,7178,0
109207,07/03/2025,CUST00207,Luxor,Headphones,Electronics,Completed,3,1764,5
109208,20/10/2025,CUST00208,Port Said,Monitor,Electronics,Completed,4,9108,10
109209,05/05/2025,CUST00209,Cairo,Printer,Office Equipment,Completed,5,6800,15
109210,18/12/2025,CUST00210,Giza,Notebook Pack,Stationery,Completed,6,242.4,20
109211,03/07/2025,CUST00211,Alexandria,Laptop,Electronics,Completed,7,29070,0
109212,16/02/2025,CUST00212,Mansoura,Smartphone,Electronics,Completed,8,14935,5
109213,01/09/2025,CUST00213,Tanta,Wireless Mouse,Accessories,Completed,9,468,10
109214,14/04/2025,CUST00214,Aswan,Keyboard,Accessories,Completed,10,892.5,15
109215,27/11/2025,CUST00215,Luxor,Office Chair,Furniture,Completed,11,5512,20
109216,12/06/2025,CUST00216,,Desk,Furniture,Completed,12,7918,0
109217,25/01/2025,CUST00217,Cairo,Headphones,Electronics,Completed,1,1944,5
109218,10/08/2025,CUST00218,Giza,Monitor,Electronics,Completed,2,10028,10
109219,23/03/2025,CUST00219,Alexandria,Printer,Office Equipment,Completed,3,7480,15
109220,08/10/2025,CUST00220,Mansoura,Notebook Pack,Stationery,Completed,4,216,20
109221,21/05/2025,CUST00221,Tanta,Laptop,Electronics,Completed,5,25935,0
109222,06/12/2025,CUST00222,Aswan,Smartphone,Electronics,Completed,6,13340,5
109223,19/07/2025,CUST00223,Luxor,Wireless Mouse,Accessories,Completed,7,418.5,10
109224,04/02/2025,CUST00224,Port Said,Keyboard,Accessories,Completed,8,799,15
109225,17/09/2025,CUST00225,Cairo,Office Chair,Furniture,Completed,9,4940,20
109226,02/04/2025,CUST00226,Giza,Desk,Furniture,Completed,10,7104,0
109227,15/11/2025,CUST00227,Alexandria,Headphones,Electronics,Completed,11,1746,5
109228,28/06/2025,CUST00228,Mansoura,Monitor,Electronics,Completed,12,9016,10
109229,13/01/2025,CUST00229,Tanta,Printer,Office Equipment,Completed,1,6732,15
109230,26/08/2025,CUST00230,Aswan,Notebook Pack,Stationery,Completed,2,240,20
109231,11/03/2025,CUST00231,Luxor,Laptop,Electronics,Completed,3,28785,0
109232,24/10/2025,CUST00232,Port Said,Smartphone,Electronics,Completed,4,14790,
109233,09/05/2025,CUST00233,Cairo,Wireless Mouse,Accessories,Completed,5,463.5,10
109234,22/12/2025,CUST00234,Giza,Keyboard,Accessories,Completed,6,884,15
109235,07/07/2025,CUST00235,Alexandria,Office Chair,Furniture,Completed,7,5460,20
109236,20/02/2025,CUST00236,Mansoura,Desk,Furniture,Completed,8,7844,0
109237,05/09/2025,CUST00237,Tanta,Headphones,Electronics,Completed,9,1926,5
109238,18/04/2025,CUST00238,Aswan,Monitor,Electronics,Completed,10,9936,10
109239,03/11/2025,CUST00239,Luxor,Printer,office equipment,Completed,11,7412,15
109240,16/06/2025,CUST00240,Port Said,Notebook Pack,Stationery,Completed,12,264,20
109241,01/01/2025,CUST00241,Cairo,Laptop,Electronics,Completed,1,25650,0
109242,14/08/2025,CUST00242,Giza,Smartphone,Electronics,Completed,2,13195,5
109243,27/03/2025,CUST00243,Alexandria,Wireless Mouse,Accessories,Completed,3,414,10
109244,12/10/2025,CUST00244,Mansoura,Keyboard,Accessories,Completed,4,790.5,15
109245,25/05/2025,CUST00245,Tanta,Office Chair,Furniture,Completed,5,4888,20
109246,10/12/2025,CUST00246,Aswan,Desk,Furniture,Completed,6,7030,0
109247,23/07/2025,CUST00247,Luxor,Headphones,Electronics,Completed,7,1728,5
109248,08/02/2025,CUST00248,Port Said,Monitor,Electronics,Completed,8,8924,10
109249,21/09/2025,CUST00249,Cairo,Printer,Office Equipment,Completed,9,6664,15
109250,06/04/2025,CUST00250,Giza,Notebook Pack,Stationery,Completed,10,237.6,20
109251,19/11/2025,CUST00251,Alexandria,Laptop,Electronics,Completed,11,28500,0
109252,04/06/2025,CUST00252,Mansoura,Smartphone,Electronics,Completed,12,14645,5
109253,17/01/2025,CUST00253,Tanta,Wireless Mouse,Accessories,Completed,1,459,10
109254,02/08/2025,CUST00254,Aswan,Keyboard,Accessories,Completed,2,875.5,15
109255,15/03/2025,CUST00255,Luxor,Office Chair,Furniture,Completed,3,5408,20
109256,28/10/2025,CUST00256,Port Said,Desk,Furniture,Completed,4,7770,0
109257,13/05/2025,CUST00257,Cairo,Headphones,Electronics,Completed,5,1908,5
109258,26/12/2025,CUST00258,Giza,Monitor,Electronics,Completed,6,9844,10
109259,11/07/2025,CUST00259,Alexandria,Printer,Office Equipment,Completed,7,7344,15
109260,24/02/2025,CUST00260,Mansoura,Notebook Pack,Stationery,Completed,8,261.6,20
109261,09/09/2025,CUST00261,Tanta,Laptop,Electronics,Completed,9,31350,0
109262,22/04/2025,CUST00262,Aswan,Smartphone,Electronics,Completed,10,13050,5
109263,07/11/2025,CUST00263,Luxor,Wireless Mouse,Accessories,Completed,11,409.5,10
109264,20/06/2025,CUST00264,Port Said,Keyboard,Accessories,Completed,12,782,15
109265,05/01/2025,CUST00265,Cairo,Office Chair,Furniture,Completed,1,4836,20
109266,18/08/2025,CUST00266,Giza,Desk,Furniture,Completed,2,6956,0
109267,03/03/2025,CUST00267, Alexandria ,Headphones,Electronics,Completed,3,1710,5
109268,16/10/2025,CUST00268,Mansoura,Monitor,Electronics,Completed,4,8832,10
109269,01/05/2025,CUST00269,Tanta,Printer,Office Equipment,Completed,5,6596,15
109270,14/12/2025,CUST00270,Aswan,Notebook Pack,Stationery,Completed,6,235.2,20
109271,27/07/2025,CUST00271,Luxor,Laptop,Electronics,Completed,7,28215,0
109272,12/02/2025,CUST00272,Port Said, smartphone ,Electronics,Completed,8,14500,5
109273,25/09/2025,CUST00273,Cairo,Wireless Mouse,Accessories,Completed,9,454.5,10
109274,10/04/2025,CUST00274,Giza,Keyboard,Accessories,Completed,10,867,15
109275,23/11/2025,CUST00275,Alexandria,Office Chair,Furniture,Completed,11,5356,20
109276,08/06/2025,CUST00276,Mansoura,Desk,Furniture,Completed,12,7696,0
109277,21/01/2025,CUST00277,Tanta,Headphones,Electronics,Completed,1,1890,5
109278,06/08/2025,CUST00278,Aswan,Monitor,Electronics,Completed,2,9752,10
109279,19/03/2025,CUST00279,Luxor,Printer,Office Equipment,Completed,3,7276,15
109280,04/10/2025,CUST00280,Port Said,Notebook Pack,Stationery,Completed,4,259.2,20
109281,17/05/2025,CUST00281,Cairo,Laptop,Electronics,Completed,5,31065,0
109282,02/12/2025,CUST00282,Giza,Smartphone,Electronics,Completed,6,15950,5
109283,15/07/2025,CUST00283,Alexandria,Wireless Mouse,Accessories,Completed,7,405,10
109284,28/02/2025,CUST00284,Mansoura,Keyboard,Accessories,Completed,8,773.5,15
109285,13/09/2025,CUST00285,Tanta,Office Chair,Furniture,Completed,9,4784,20
109286,26/04/2025,CUST00286,Aswan,Desk,Furniture,Completed,10,6882,0
109287,11/11/2025,CUST00287,Luxor,Headphones,Electronics,Completed,11,1692,5
109288,24/06/2025,CUST00288,Port Said,Monitor,Electronics,Completed,12,8740,10
109289,09/01/2025,CUST00289,Cairo,Printer,Office Equipment,Completed,1,6528,15
109290,22/08/2025,CUST00290,Giza,Notebook Pack,Stationery,Completed,2,232.8,20
109291,07/03/2025,CUST00291,Alexandria,Laptop,Electronics,Completed,3,27930,0
109292,20/10/2025,CUST00292,Mansoura,Smartphone,Electronics,Completed,4,14355,5
109293,05/05/2025,CUST00293,Tanta,Wireless Mouse,Accessories,Completed,5,450,10
109294,18/12/2025,CUST00294,Aswan,Keyboard,Accessories,Completed,6,858.5,15
109295,03/07/2025,CUST00295,Luxor,Office Chair,Furniture,Completed,7,5304,20
109296,16/02/2025,CUST00296,Port Said,Desk,Furniture,Completed,8,7622,0
109297,01/09/2025,CUST00297,Cairo,Headphones,Electronics,Completed,9,1872,5
109298,14/04/2025,CUST00298,Giza,Monitor,Electronics,Completed,10,9660,10
109299,27/11/2025,CUST00299,Alexandria,Printer,Office Equipment,Completed,11,7208,15
109300,12/06/2025,CUST00300,Mansoura,Notebook Pack,Stationery,Completed,12,256.8,20
109301,25/01/2025,CUST00301,Tanta,Laptop,Electronics,Completed,1,30780,0
109302,10/08/2025,CUST00302,Aswan,Smartphone,Electronics,Completed,2,15805,5
109303,23/03/2025,CUST00303,Luxor,Wireless Mouse,Accessories,Completed,3,495,10
109304,08/10/2025,CUST00304,Port Said,Keyboard,Accessories,Completed,4,765,15
109305,21/05/2025,CUST00305,Cairo,Office Chair,Furniture,Completed,5,4732,20
109306,06/12/2025,CUST00306,Giza,Desk,Furniture,Completed,6,6808,0
109307,19/07/2025,CUST00307,Alexandria,Headphones,Electronics,Completed,7,1674,5
109308,04/02/2025,CUST00308,Mansoura,Monitor,Electronics,Completed,8,8648,10
109309,17/09/2025,CUST00309,Tanta,Printer,Office Equipment,Completed,9,6460,15
109310,02/04/2025,CUST00310,Aswan,Notebook Pack,Stationery,Completed,10,230.4,20
109311,15/11/2025,CUST00311,Luxor,Laptop,Electronics,Completed,11,27645,0
109312,28/06/2025,CUST00312,Port Said,Smartphone,Electronics,Completed,12,14210,5
109313,13/01/2025,CUST00313,,Wireless Mouse,Accessories,Completed,1,445.5,10
109314,26/08/2025,CUST00314,Giza,Keyboard,Accessories,Completed,2,850,15
109315,11/03/2025,CUST00315,Alexandria,Office Chair,Furniture,Completed,3,5252,20
109316,24/10/2025,CUST00316,Mansoura,Desk,Furniture,Completed,4,7548,0
109317,09/05/2025,CUST00317,Tanta,Headphones,Electronics,Completed,5,1854,5
109318,22/12/2025,CUST00318,Aswan,Monitor,Electronics,Completed,6,9568,10
109319,07/07/2025,CUST00319,Luxor,Printer,Office Equipment,Completed,7,7140,15
109320,20/02/2025,CUST00320,Port Said,Notebook Pack,Stationery,Completed,8,254.4,20
109321,05/09/2025,CUST00321,Cairo,Laptop,Electronics,Completed,9,30495,0
109322,18/04/2025,CUST00322,Giza,Smartphone,Electronics,Completed,10,15660,5
109323,03/11/2025,CUST00323,Alexandria,Wireless Mouse,Accessories,Completed,11,490.5,10
109324,16/06/2025,CUST00324,Mansoura,Keyboard,Accessories,Completed,12,935,15
109325,01/01/2025,CUST00325,Tanta,Office Chair,Furniture,Completed,1,4680,20
109326,14/08/2025,CUST00326,Aswan,Desk,Furniture,Completed,2,6734,0
109327,27/03/2025,CUST00327,Luxor,Headphones,Electronics,Completed,3,1656,5
109328,12/10/2025,CUST00328,Port Said,Monitor,Electronics,Completed,4,8556,10
109329,25/05/2025,CUST00329,Cairo,Printer,Office Equipment,Completed,5,6392,15
109330,10/12/2025,CUST00330,Giza,Notebook Pack,Stationery,Completed,6,228,20
109331,23/07/2025,CUST00331,Alexandria,Laptop,Electronics,Completed,7,27360,0
109332,08/02/2025,CUST00332,Mansoura,Smartphone,Electronics,Completed,8,14065,5
109333,21/09/2025,CUST00333,Tanta,Wireless Mouse,Accessories,Completed,9,441,10
109334,06/04/2025,CUST00334,Aswan,Keyboard,Accessories,Completed,10,841.5,15
109335,19/11/2025,CUST00335,Luxor,Office Chair,Furniture,Completed,11,5200,20
109336,04/06/2025,CUST00336,Port Said,Desk,Furniture,Completed,12,7474,0
109337,17/01/2025,CUST00337,Cairo,Headphones,Electronics,Completed,1,1836,5
109338,02/08/2025,CUST00338,Giza,Monitor,Electronics,Completed,2,9476,10
109339,15/03/2025,CUST00339,Alexandria,Printer,Office Equipment,Completed,3,7072,15
109340,28/10/2025,CUST00340,Mansoura,Notebook Pack,Stationery,Completed,4,252,20
109341,13/05/2025,CUST00341,Tanta,Laptop,Electronics,Completed,5,30210,0
109342,26/12/2025,CUST00342,Aswan,Smartphone,Electronics,Completed,6,15515,5
109343,11/07/2025,CUST00343,Luxor,Wireless Mouse,Accessories, completed ,7,486,10
109344,24/02/2025,CUST00344,Port Said,Keyboard,Accessories,Completed,8,926.5,15
109345,09/09/2025,CUST00345,Cairo,Office Chair,Furniture,Completed,9,5720,20
109346,22/04/2025,CUST00346,Giza,Desk,Furniture,Completed,10,6660,0
109347,07/11/2025,CUST00347,Alexandria,Headphones,Electronics,Completed,11,1638,5
109348,20/06/2025,CUST00348,Mansoura,Monitor,Electronics,Completed,12,8464,10
109349,05/01/2025,CUST00349,Tanta,Printer,Office Equipment,Completed,1,6324,15
109350,18/08/2025,CUST00350,Aswan,Notebook Pack,Stationery,Completed,2,225.6,20
109351,03/03/2025,CUST00351,Luxor,Laptop,Electronics,Completed,3,27075,0
109352,16/10/2025,CUST00352,Port Said,Smartphone,Electronics,Completed,4,13920,5
109353,01/05/2025,CUST00353,Cairo,Wireless Mouse,Accessories,Completed,5,436.5,10
109354,14/12/2025,CUST00354,Giza,Keyboard,Accessories,Completed,6,833,15
109355,27/07/2025,CUST00355,Alexandria,Office Chair,Furniture,Completed,7,5148,20
109356,12/02/2025,CUST00356,Mansoura,Desk,Furniture,Completed,8,7400,0
109357,25/09/2025,CUST00357,Tanta,Headphones,Electronics,Completed,9,1818,5
109358,10/04/2025,CUST00358,Aswan,Monitor,Electronics,Completed,10,9384,10
109359,23/11/2025,CUST00359,Luxor,Printer,Office Equipment,Completed,11,7004,15
109360,08/06/2025,CUST00360,Port Said,Notebook Pack,Stationery,Completed,12,249.6,20
109361,21/01/2025,CUST00361,Cairo,Laptop,Electronics,Completed,1,29925,0
109362,06/08/2025,CUST00362,Giza,Smartphone,Electronics,Completed,2,15370,5
109363,19/03/2025,CUST00363,Alexandria,Wireless Mouse,Accessories,Completed,3,481.5,10
109364,04/10/2025,CUST00364,Mansoura,Keyboard,Accessories,Completed,4,918,15
109365,17/05/2025,CUST00365,Tanta,Office Chair,Furniture,Completed,5,5668,20
109366,02/12/2025,CUST00366,Aswan,Desk,Furniture,Completed,6,8140,0
109367,15/07/2025,CUST00367,Luxor,Headphones,Electronics,Completed,7,1620,5
109368,28/02/2025,CUST00368,Port Said,Monitor,Electronics,Completed,8,8372,10
109369,13/09/2025,CUST00369,Cairo,Printer,Office Equipment,Completed,9,6256,15
109370,26/04/2025,CUST00370,Giza,Notebook Pack,Stationery,Completed,10,223.2,20
109371,11/11/2025,CUST00371,Alexandria,Laptop,Electronics,Completed,11,26790,0
109372,24/06/2025,CUST00372,Mansoura,Smartphone,Electronics,Completed,12,13775,5
109373,09/01/2025,CUST00373,Tanta,Wireless Mouse,Accessories,Completed,1,432,10
109374,22/08/2025,CUST00374,Aswan,Keyboard,Accessories,Completed,2,824.5,15
109375,07/03/2025,CUST00375,Luxor,Office Chair,Furniture,Completed,3,5096,20
109376,20/10/2025,CUST00376,Port Said,Desk,Furniture,Completed,4,7326,0
109377,05/05/2025,CUST00377,Cairo,Headphones,Electronics,Completed,5,1800,5
109378,18/12/2025,CUST00378,Giza,Monitor,Electronics,Completed,6,9292,10
109379,03/07/2025,CUST00379,Alexandria,Printer,Office Equipment,Completed,7,6936,15
109380,16/02/2025,CUST00380, Mansoura ,Notebook Pack,Stationery,Completed,8,247.2,20
109381,01/09/2025,CUST00381,Tanta,Laptop,Electronics,Completed,9,29640,0
109382,14/04/2025,CUST00382,Aswan,Smartphone,Electronics,Completed,10,15225,5
109383,27/11/2025,CUST00383,Luxor,Wireless Mouse,Accessories,Completed,11,477,10
109384,12/06/2025,CUST00384,Port Said,Keyboard,Accessories,Completed,12,909.5,15
109385,25/01/2025,CUST00385,Cairo,Office Chair,Furniture,Completed,1,5616,20
109386,10/08/2025,CUST00386,Giza,Desk,Furniture,Completed,2,8066,0
109387,23/03/2025,CUST00387,Alexandria,Headphones,Electronics,Completed,3,1980,5
109388,08/10/2025,CUST00388,Mansoura,Monitor,electronics,Completed,4,8280,10
109389,21/05/2025,CUST00389,Tanta,Printer,Office Equipment,Completed,5,6188,15
109390,06/12/2025,CUST00390,Aswan,Notebook Pack,Stationery,Completed,6,220.8,20
109391,19/07/2025,CUST00391,Luxor,Laptop,Electronics,Completed,7,26505,0
109392,04/02/2025,CUST00392,Port Said,Smartphone,Electronics,Completed,8,13630,5
109393,17/09/2025,CUST00393,Cairo,Wireless Mouse,Accessories,Completed,9,427.5,10
109394,02/04/2025,CUST00394,Giza,Keyboard,Accessories,Completed,10,816,15
109395,15/11/2025,CUST00395,Alexandria,Office Chair,Furniture,Completed,11,5044,20
109396,28/06/2025,CUST00396,Mansoura,Desk,Furniture,Completed,12,7252,0
109397,13/01/2025,CUST00397,Tanta,Headphones,Electronics,Completed,1,1782,5
109398,26/08/2025,CUST00398,Aswan,Monitor,Electronics,Completed,2,9200,10
109399,11/03/2025,CUST00399,Luxor, printer ,Office Equipment,Completed,3,6868,15
109400,24/10/2025,CUST00400,Port Said,Notebook Pack,Stationery,Completed,4,244.8,20
109401,09/05/2025,CUST00401,Cairo,Laptop,Electronics,Completed,5,29355,0
109402,22/12/2025,CUST00402,Giza,Smartphone,Electronics,Completed,6,15080,5
109403,07/07/2025,CUST00403,Alexandria,Wireless Mouse,Accessories,Completed,7,472.5,10
109404,20/02/2025,CUST00404,Mansoura,Keyboard,Accessories,Completed,8,901,15
109405,05/09/2025,CUST00405,Tanta,Office Chair,Furniture,Completed,9,5564,20
109406,18/04/2025,CUST00406,Aswan,Desk,Furniture,Completed,10,7992,0
109407,03/11/2025,CUST00407,Luxor,Headphones,Electronics,Completed,11,1962,5
109408,16/06/2025,CUST00408,Port Said,Monitor,Electronics,Completed,12,10120,10
109409,01/01/2025,CUST00409,Cairo,Printer,Office Equipment,Completed,1,6120,15
109410,14/08/2025,CUST00410,,Notebook Pack,Stationery,Completed,2,218.4,20
109411,27/03/2025,CUST00411,Alexandria,Laptop,Electronics,Completed,3,26220,0
109412,12/10/2025,CUST00412,Mansoura,Smartphone,Electronics,Completed,4,13485,5
109413,25/05/2025,CUST00413,Tanta,Wireless Mouse,Accessories,Completed,5,423,
109414,10/12/2025,CUST00414,Aswan,Keyboard,Accessories,Completed,6,807.5,15
109415,23/07/2025,CUST00415,Luxor,Office Chair,Furniture,Completed,7,4992,20
109416,08/02/2025,CUST00416,Port Said,Desk,Furniture,Completed,8,7178,0
109417,21/09/2025,CUST00417,Cairo,Headphones,Electronics,Completed,9,1764,5
109418,06/04/2025,CUST00418,Giza,Monitor,Electronics,Completed,10,9108,10
109419,19/11/2025,CUST00419,Alexandria,Printer,Office Equipment,Completed,11,6800,15
109420,04/06/2025,CUST00420,Mansoura,Notebook Pack,Stationery,Completed,12,242.4,20
109421,17/01/2025,CUST00421,Tanta,Laptop,Electronics,Completed,1,29070,0
109422,02/08/2025,CUST00422,Aswan,Smartphone,Electronics,Completed,2,14935,5
109423,15/03/2025,CUST00423,Luxor,Wireless Mouse,Accessories,Completed,3,468,10
109424,28/10/2025,CUST00424,Port Said,Keyboard,Accessories,Completed,4,892.5,15
109425,13/05/2025,CUST00425,Cairo,Office Chair,Furniture,Completed,5,5512,20
109426,26/12/2025,CUST00426,Giza,Desk,Furniture,Completed,6,7918,0
109427,11/07/2025,CUST00427,Alexandria,Headphones,Electronics,Completed,7,1944,5
109428,24/02/2025,CUST00428,Mansoura,Monitor,Electronics,Completed,8,10028,10
109429,09/09/2025,CUST00429,Tanta,Printer,Office Equipment,Completed,9,7480,15
109430,22/04/2025,CUST00430,Aswan,Notebook Pack,Stationery,Completed,10,216,20
109431,07/11/2025,CUST00431,Luxor,Laptop,Electronics,Completed,11,25935,0
109432,20/06/2025,CUST00432,Port Said,Smartphone,Electronics,Completed,12,13340,5
109433,05/01/2025,CUST00433,Cairo,Wireless Mouse,Accessories,Completed,1,418.5,10
109434,18/08/2025,CUST00434,Giza,Keyboard,Accessories,Completed,2,799,15
109435,03/03/2025,CUST00435,Alexandria,Office Chair,Furniture,Completed,3,4940,20
109436,16/10/2025,CUST00436,Mansoura,Desk,Furniture,Completed,4,7104,0
109437,01/05/2025,CUST00437,Tanta,Headphones,Electronics,Completed,5,1746,5
109438,14/12/2025,CUST00438,Aswan,Monitor,Electronics,Completed,6,9016,10
109439,27/07/2025,CUST00439,Luxor,Printer,Office Equipment,Completed,7,6732,15
109440,12/02/2025,CUST00440,Port Said,Notebook Pack,Stationery,Completed,8,240,20
109441,25/09/2025,CUST00441,Cairo,Laptop,Electronics,Completed,9,28785,0
109442,10/04/2025,CUST00442,Giza,Smartphone,Electronics,Completed,10,14790,5
109443,23/11/2025,CUST00443,Alexandria,Wireless Mouse,Accessories,Completed,11,463.5,10
109444,08/06/2025,CUST00444,Mansoura,Keyboard,Accessories,Completed,12,884,15
109445,21/01/2025,CUST00445,Tanta,Office Chair,Furniture,Completed,1,5460,20
109446,06/08/2025,CUST00446,Aswan,Desk,Furniture,Completed,2,7844,0
109447,19/03/2025,CUST00447,Luxor,Headphones,Electronics,Completed,3,1926,5
109448,04/10/2025,CUST00448,Port Said,Monitor,Electronics,Completed,4,9936,10
109449,17/05/2025,CUST00449,Cairo,Printer,Office Equipment,Completed,5,7412,15
109450,02/12/2025,CUST00450,Giza,Notebook Pack,Stationery,Completed,6,264,20
109451,15/07/2025,CUST00451,Alexandria,Laptop,Electronics,Completed,7,25650,0
109452,28/02/2025,CUST00452,Mansoura,Smartphone,Electronics,Completed,8,13195,5
109453,13/09/2025,CUST00453,Tanta,Wireless Mouse,Accessories,Completed,9,414,10
109454,26/04/2025,CUST00454,Aswan,Keyboard,Accessories,Completed,10,790.5,15
109455,11/11/2025,CUST00455,Luxor,Office Chair,Furniture,Completed,11,4888,20
109456,24/06/2025,CUST00456,Port Said,Desk,Furniture,Completed,12,7030,0
109457,09/01/2025,CUST00457,Cairo,Headphones,Electronics,Completed,1,1728,5
109458,22/08/2025,CUST00458,Giza,Monitor,Electronics,Completed,2,8924,10
109459,07/03/2025,CUST00459,Alexandria,Printer,Office Equipment,Completed,3,6664,15
109460,20/10/2025,CUST00460,Mansoura,Notebook Pack,Stationery,Completed,4,237.6,20
109461,05/05/2025,CUST00461,Tanta,Laptop,Electronics,Completed,5,28500,0
109462,18/12/2025,CUST00462,Aswan,Smartphone,Electronics,Completed,6,14645,5
109463,03/07/2025,CUST00463,Luxor,Wireless Mouse,Accessories,Completed,7,459,10
109464,16/02/2025,CUST00464,Port Said,Keyboard,Accessories,Completed,8,875.5,15
109465,01/09/2025,CUST00465,Cairo,Office Chair,Furniture,Completed,9,5408,20
109466,14/04/2025,CUST00466,Giza,Desk,Furniture,Completed,10,7770,0
109467,27/11/2025,CUST00467,Alexandria,Headphones,Electronics,Completed,11,1908,5
109468,12/06/2025,CUST00468,Mansoura,Monitor,Electronics,Completed,12,9844,10
109469,25/01/2025,CUST00469,Tanta,Printer,Office Equipment,Completed,1,7344,15
109470,10/08/2025,CUST00470,Aswan,Notebook Pack,Stationery,Completed,2,261.6,20
109471,23/03/2025,CUST00471,Luxor,Laptop,Electronics,Completed,3,31350,0
109472,08/10/2025,CUST00472,Port Said,Smartphone,Electronics,Completed,4,13050,5
109473,21/05/2025,CUST00473,Cairo,Wireless Mouse,Accessories,Completed,5,409.5,10
109474,06/12/2025,CUST00474,Giza,Keyboard,Accessories,Completed,6,782,15
109475,19/07/2025,CUST00475,Alexandria,Office Chair,Furniture,Completed,7,4836,20
109476,04/02/2025,CUST00476,Mansoura,Desk,Furniture,Completed,8,6956,0
109477,17/09/2025,CUST00477,Tanta,Headphones,Electronics,Completed,9,1710,5
109478,02/04/2025,CUST00478,Aswan,Monitor,Electronics,Completed,10,8832,10
109479,15/11/2025,CUST00479,Luxor,Printer,Office Equipment,Completed,11,6596,15
109480,28/06/2025,CUST00480,Port Said,Notebook Pack,Stationery,Completed,12,235.2,20
109481,13/01/2025,CUST00481,Cairo,Laptop,Electronics,Completed,1,28215,0
109482,26/08/2025,CUST00482,Giza,Smartphone,Electronics,Completed,2,14500,5
109483,11/03/2025,CUST00483,Alexandria,Wireless Mouse,Accessories,Completed,3,454.5,10
109484,24/10/2025,CUST00484,Mansoura,Keyboard,Accessories,Completed,4,867,15
109485,09/05/2025,CUST00485,Tanta,Office Chair,Furniture,Completed,5,5356,20
109486,22/12/2025,CUST00486,Aswan,Desk,Furniture,Completed,6,7696,0
109487,07/07/2025,CUST00487,Luxor,Headphones,Electronics,Completed,7,1890,5
109488,20/02/2025,CUST00488,Port Said,Monitor,Electronics,Completed,8,9752,10
109489,05/09/2025,CUST00489,Cairo,Printer,Office Equipment,Completed,9,7276,15
109490,18/04/2025,CUST00490,Giza,Notebook Pack,Stationery,Completed,10,259.2,20
109491,03/11/2025,CUST00491,Alexandria,Laptop,Electronics,Completed,11,31065,0
109492,16/06/2025,CUST00492,Mansoura,Smartphone,Electronics,Completed,12,15950,5
109493,01/01/2025,CUST00493, Tanta ,Wireless Mouse,Accessories,Completed,1,405,10
109494,14/08/2025,CUST00494,Aswan,Keyboard,Accessories,Completed,2,773.5,15
109495,27/03/2025,CUST00495,Luxor,Office Chair,Furniture,Completed,3,4784,20
109496,12/10/2025,CUST00496,Port Said,Desk,Furniture,Completed,4,6882,0
109497,25/05/2025,CUST00497,Cairo,Headphones,Electronics,Completed,5,1692,5
109498,10/12/2025,CUST00498,Giza,Monitor,Electronics,Completed,6,8740,10
109499,23/07/2025,CUST00499,Alexandria,Printer,Office Equipment,Completed,7,6528,15
109500,08/02/2025,CUST00500,Mansoura,Notebook Pack,Stationery,Completed,8,232.8,20
109501,21/09/2025,CUST00501,Tanta,Laptop,Electronics,Completed,9,27930,0
109502,06/04/2025,CUST00502,Aswan,Smartphone,Electronics,Completed,10,14355,5
109503,19/11/2025,CUST00503,Luxor,Wireless Mouse,Accessories,Completed,11,450,10
109504,04/06/2025,CUST00504,Port Said,Keyboard,Accessories,Completed,12,858.5,15
109505,17/01/2025,CUST00505,Cairo,Office Chair,Furniture,Completed,1,5304,20
109506,02/08/2025,CUST00506,Giza,Desk,Furniture,Completed,2,7622,0
109507,15/03/2025,CUST00507,,Headphones,Electronics,Completed,3,1872,5
109508,28/10/2025,CUST00508,Mansoura,Monitor,Electronics,Completed,4,9660,10
109509,13/05/2025,CUST00509,Tanta,Printer,Office Equipment,Completed,5,7208,15
109510,26/12/2025,CUST00510,Aswan,Notebook Pack,Stationery,Completed,6,256.8,20
109511,11/07/2025,CUST00511,Luxor,Laptop,Electronics,Completed,7,30780,0
109512,24/02/2025,CUST00512,Port Said,Smartphone,Electronics,Completed,8,15805,5
109513,09/09/2025,CUST00513,Cairo,Wireless Mouse,Accessories,Completed,9,495,10
109514,22/04/2025,CUST00514,Giza,Keyboard,Accessories,Completed,10,765,15
109515,07/11/2025,CUST00515,Alexandria,Office Chair,Furniture,Completed,11,4732,20
109516,20/06/2025,CUST00516,Mansoura,Desk,Furniture, completed ,12,6808,0
109517,05/01/2025,CUST00517,Tanta,Headphones,Electronics,Completed,1,1674,5
109518,18/08/2025,CUST00518,Aswan,Monitor,Electronics,Completed,2,8648,10
109519,03/03/2025,CUST00519,Luxor,Printer,Office Equipment,Completed,3,6460,15
109520,16/10/2025,CUST00520,Port Said,Notebook Pack,Stationery,Completed,4,230.4,20
109521,01/05/2025,CUST00521,Cairo,Laptop,Electronics,Completed,5,27645,0
109522,14/12/2025,CUST00522,Giza,Smartphone,Electronics,Completed,6,14210,5
109523,27/07/2025,CUST00523,Alexandria,Wireless Mouse,Accessories,Completed,7,445.5,10
109524,12/02/2025,CUST00524,Mansoura,Keyboard,Accessories,Completed,8,850,15
109525,25/09/2025,CUST00525,Tanta,Office Chair,Furniture,Completed,9,5252,20
109526,10/04/2025,CUST00526,Aswan, desk ,Furniture,Completed,10,7548,0
109527,23/11/2025,CUST00527,Luxor,Headphones,Electronics,Completed,11,1854,5
109528,08/06/2025,CUST00528,Port Said,Monitor,Electronics,Completed,12,9568,10
109529,21/01/2025,CUST00529,Cairo,Printer,Office Equipment,Completed,1,7140,15
109530,06/08/2025,CUST00530,Giza,Notebook Pack,Stationery,Completed,2,254.4,20
109531,19/03/2025,CUST00531,Alexandria,Laptop,Electronics,Completed,3,30495,0
109532,04/10/2025,CUST00532,Mansoura,Smartphone,Electronics,Completed,4,15660,5
109533,17/05/2025,CUST00533,Tanta,Wireless Mouse,Accessories,Completed,5,490.5,10
109534,02/12/2025,CUST00534,Aswan,Keyboard,Accessories,Completed,6,935,15
109535,15/07/2025,CUST00535,Luxor,Office Chair,Furniture,Completed,7,4680,20
109536,28/02/2025,CUST00536,Port Said,Desk,Furniture,Completed,8,6734,0
109537,13/09/2025,CUST00537,Cairo,Headphones,electronics,Completed,9,1656,5
109538,26/04/2025,CUST00538,Giza,Monitor,Electronics,Completed,10,8556,10
109539,11/11/2025,CUST00539,Alexandria,Printer,Office Equipment,Completed,11,6392,15
109540,24/06/2025,CUST00540,Mansoura,Notebook Pack,Stationery,Completed,12,228,20
109541,09/01/2025,CUST00541,Tanta,Laptop,Electronics,Completed,1,27360,0
109542,22/08/2025,CUST00542,Aswan,Smartphone,Electronics,Completed,2,14065,5
109543,07/03/2025,CUST00543,Luxor,Wireless Mouse,Accessories,Completed,3,441,10
109544,20/10/2025,CUST00544,Port Said,Keyboard,Accessories,Completed,4,841.5,15
109545,05/05/2025,CUST00545,Cairo,Office Chair,Furniture,Completed,5,5200,20
109546,18/12/2026,CUST00546,Giza,Desk,Furniture,Completed,6,7474,0
109547,03/07/2026,CUST00547,Alexandria,Headphones,Electronics,Completed,7,1836,5
109548,16/02/2026,CUST00548,Mansoura,Monitor,Electronics,Completed,8,9476,10
109549,01/09/2026,CUST00549,Tanta,Printer,Office Equipment,Completed,9,7072,15
109550,14/04/2026,CUST00550,Aswan,Notebook Pack,Stationery,Completed,10,252,20
109551,27/11/2026,CUST00551,Luxor,Laptop,Electronics,Completed,11,30210,0
109552,12/06/2026,CUST00552,Port Said,Smartphone,Electronics,Completed,12,15515,5
109553,25/01/2026,CUST00553,Cairo,Wireless Mouse,Accessories,Completed,1,486,10
109554,10/08/2026,CUST00554,Giza,Keyboard,Accessories,Completed,2,926.5,15
109555,23/03/2026,CUST00555,Alexandria,Office Chair,Furniture,Completed,3,5720,20
109556,08/10/2026,CUST00556,Mansoura,Desk,Furniture,Completed,4,6660,0
109557,21/05/2026,CUST00557,Tanta,Headphones,Electronics,Completed,5,1638,5
109558,06/12/2026,CUST00558,Aswan,Monitor,Electronics,Completed,6,8464,10
109559,19/07/2026,CUST00559,Luxor,Printer,Office Equipment,Completed,7,6324,15
109560,04/02/2026,CUST00560,Port Said,Notebook Pack,Stationery,Completed,8,225.6,20
109561,17/09/2026,CUST00561,Cairo,Laptop,Electronics,Completed,9,27075,0
109562,02/04/2026,CUST00562,Giza,Smartphone,Electronics,Completed,10,13920,5
109563,15/11/2026,CUST00563,Alexandria,Wireless Mouse,Accessories,Completed,11,436.5,10
109564,28/06/2026,CUST00564,Mansoura,Keyboard,Accessories,Completed,12,833,15
109565,13/01/2026,CUST00565,Tanta,Office Chair,Furniture,Completed,1,5148,20
109566,26/08/2026,CUST00566,Aswan,Desk,Furniture,Completed,2,7400,0
109567,11/03/2026,CUST00567,Luxor,Headphones,Electronics,Completed,3,1818,5
109568,24/10/2026,CUST00568,Port Said,Monitor,Electronics,Completed,4,9384,10
109569,09/05/2026,CUST00569,Cairo,Printer,Office Equipment,Completed,5,7004,15
109570,22/12/2026,CUST00570,Giza,Notebook Pack,Stationery,Completed,6,249.6,20
109571,07/07/2026,CUST00571,Alexandria,Laptop,Electronics,Completed,7,29925,0
109572,20/02/2026,CUST00572,Mansoura,Smartphone,Electronics,Completed,8,15370,5
109573,05/09/2026,CUST00573,Tanta,Wireless Mouse,Accessories,Completed,9,481.5,10
109574,18/04/2026,CUST00574,Aswan,Keyboard,Accessories,Completed,10,918,15
109575,03/11/2026,CUST00575,Luxor,Office Chair,Furniture,Completed,11,5668,20
109576,16/06/2026,CUST00576,Port Said,Desk,Furniture,Completed,12,8140,0
109577,01/01/2026,CUST00577,Cairo,Headphones,Electronics,Completed,1,1620,5
109578,14/08/2026,CUST00578,Giza,Monitor,Electronics,Completed,2,8372,10
109579,27/03/2026,CUST00579,Alexandria,Printer,Office Equipment,Completed,3,6256,15
109580,12/10/2026,CUST00580,Mansoura,Notebook Pack,Stationery,Completed,4,223.2,20
109581,25/05/2026,CUST00581,Tanta,Laptop,Electronics,Completed,5,26790,0
109582,10/12/2026,CUST00582,Aswan,Smartphone,Electronics,Completed,6,13775,5
109583,23/07/2026,CUST00583,Luxor,Wireless Mouse,Accessories,Completed,7,432,10
109584,08/02/2026,CUST00584,Port Said,Keyboard,Accessories,Completed,8,824.5,15
109585,21/09/2026,CUST00585,Cairo,Office Chair,Furniture,Completed,9,5096,20
109586,06/04/2026,CUST00586,Giza,Desk,Furniture,Completed,10,7326,0
109587,19/11/2026,CUST00587,Alexandria,Headphones,Electronics,Completed,11,1800,5
109588,04/06/2026,CUST00588,Mansoura,Monitor,Electronics,Completed,12,9292,10
109589,17/01/2026,CUST00589,Tanta,Printer,Office Equipment,Completed,1,6936,15
109590,02/08/2026,CUST00590,Aswan,Notebook Pack,Stationery,Completed,2,247.2,20
109591,15/03/2026,CUST00591,Luxor,Laptop,Electronics,Completed,3,29640,0
109592,28/10/2026,CUST00592,Port Said,Smartphone,Electronics,Completed,4,15225,5
109593,13/05/2026,CUST00593,Cairo,Wireless Mouse,Accessories,Completed,5,477,10
109594,26/12/2026,CUST00594,Giza,Keyboard,Accessories,Completed,6,909.5,
109595,11/07/2026,CUST00595,Alexandria,Office Chair,Furniture,Completed,7,5616,20
109596,24/02/2026,CUST00596,Mansoura,Desk,Furniture,Completed,8,8066,0
109597,09/09/2026,CUST00597,Tanta,Headphones,Electronics,Completed,9,1980,5
109598,22/04/2026,CUST00598,Aswan,Monitor,Electronics,Completed,10,8280,10
109599,07/11/2026,CUST00599,Luxor,Printer,Office Equipment,Completed,11,6188,15
109600,20/06/2026,CUST00600,Port Said,Notebook Pack,Stationery,Completed,12,220.8,20
109601,05/01/2026,CUST00601,Cairo,Laptop,Electronics,Completed,1,26505,0
109602,18/08/2026,CUST00602,Giza,Smartphone,Electronics,Completed,2,13630,5
109603,03/03/2026,CUST00603,Alexandria,Wireless Mouse,Accessories,Completed,3,427.5,10
109604,16/10/2026,CUST00604,,Keyboard,Accessories,Completed,4,816,15
109605,01/05/2026,CUST00605,Tanta,Office Chair,Furniture,Completed,5,5044,20
109606,14/12/2026,CUST00606, Aswan ,Desk,Furniture,Completed,6,7252,0
109607,27/07/2026,CUST00607,Luxor,Headphones,Electronics,Completed,7,1782,5
109608,12/02/2026,CUST00608,Port Said,Monitor,Electronics,Completed,8,9200,10
109609,25/09/2026,CUST00609,Cairo,Printer,Office Equipment,Completed,9,6868,15
109610,10/04/2026,CUST00610,Giza,Notebook Pack,Stationery,Completed,10,244.8,20
109611,23/11/2026,CUST00611,Alexandria,Laptop,Electronics,Completed,11,29355,0
109612,08/06/2026,CUST00612,Mansoura,Smartphone,Electronics,Completed,12,15080,5
109613,21/01/2026,CUST00613,Tanta,Wireless Mouse,Accessories,Completed,1,472.5,10
109614,06/08/2026,CUST00614,Aswan,Keyboard,Accessories,Completed,2,901,15
109615,19/03/2026,CUST00615,Luxor,Office Chair,Furniture,Completed,3,5564,20
109616,04/10/2026,CUST00616,Port Said,Desk,Furniture,Completed,4,7992,0
109617,17/05/2026,CUST00617,Cairo,Headphones,Electronics,Completed,5,1962,5
109618,02/12/2026,CUST00618,Giza,Monitor,Electronics,Completed,6,10120,10
109619,15/07/2026,CUST00619,Alexandria,Printer,Office Equipment,Completed,7,6120,15
109620,28/02/2026,CUST00620,Mansoura,Notebook Pack,Stationery,Completed,8,218.4,20
109621,13/09/2026,CUST00621,Tanta,Laptop,Electronics,Completed,9,26220,0
109622,26/04/2026,CUST00622,Aswan,Smartphone,Electronics,Completed,10,13485,5
109623,11/11/2026,CUST00623,Luxor,Wireless Mouse,Accessories,Completed,11,423,10
109624,24/06/2026,CUST00624,Port Said,Keyboard,Accessories,Completed,12,807.5,15
109625,09/01/2026,CUST00625,Cairo,Office Chair,Furniture,Completed,1,4992,20
109626,22/08/2026,CUST00626,Giza,Desk,Furniture,Completed,2,7178,0
109627,07/03/2026,CUST00627,Alexandria,Headphones,Electronics,Completed,3,1764,5
109628,20/10/2026,CUST00628,Mansoura,Monitor,Electronics,Completed,4,9108,10
109629,05/05/2026,CUST00629,Tanta,Printer,Office Equipment,Completed,5,6800,15
109630,18/12/2026,CUST00630,Aswan,Notebook Pack,Stationery,Completed,6,242.4,20
109631,03/07/2026,CUST00631,Luxor,Laptop,Electronics,Completed,7,29070,0
109632,16/02/2026,CUST00632,Port Said,Smartphone,Electronics,Completed,8,14935,5
109633,01/09/2026,CUST00633,Cairo,Wireless Mouse,Accessories,Completed,9,468,10
109634,14/04/2026,CUST00634,Giza,Keyboard,Accessories,Completed,10,892.5,15
109635,27/11/2026,CUST00635,Alexandria,Office Chair,Furniture,Completed,11,5512,20
109636,12/06/2026,CUST00636,Mansoura,Desk,Furniture,Completed,12,7918,0
109637,25/01/2026,CUST00637,Tanta,Headphones,Electronics,Completed,1,1944,5
109638,10/08/2026,CUST00638,Aswan,Monitor,Electronics,Completed,2,10028,10
109639,23/03/2026,CUST00639,Luxor,Printer,Office Equipment,Completed,3,7480,15
109640,08/10/2026,CUST00640,Port Said,Notebook Pack,Stationery,Completed,4,216,20
109641,21/05/2026,CUST00641,Cairo,Laptop,Electronics,Completed,5,25935,0
109642,06/12/2026,CUST00642,Giza,Smartphone,Electronics,Completed,6,13340,5
109643,19/07/2026,CUST00643,Alexandria,Wireless Mouse,Accessories,Completed,7,418.5,10
109644,04/02/2026,CUST00644,Mansoura,Keyboard,Accessories,Completed,8,799,15
109645,17/09/2026,CUST00645,Tanta,Office Chair,Furniture,Completed,9,4940,20
109646,02/04/2026,CUST00646,Aswan,Desk,Furniture,Completed,10,7104,0
109647,15/11/2026,CUST00647,Luxor,Headphones,Electronics,Completed,11,1746,5
109648,28/06/2026,CUST00648,Port Said,Monitor,Electronics,Completed,12,9016,10
109649,13/01/2026,CUST00649,Cairo,Printer,Office Equipment,Completed,1,6732,15
109650,26/08/2026,CUST00650,Giza,Notebook Pack,Stationery,Completed,2,240,20
109651,11/03/2026,CUST00651,Alexandria,Laptop,Electronics,Completed,3,28785,0
109652,24/10/2026,CUST00652,Mansoura,Smartphone,Electronics,Completed,4,14790,5
109653,09/05/2026,CUST00653,Tanta, wireless mouse ,Accessories,Completed,5,463.5,10
109654,22/12/2026,CUST00654,Aswan,Keyboard,Accessories,Completed,6,884,15
109655,07/07/2026,CUST00655,Luxor,Office Chair,Furniture,Completed,7,5460,20
109656,20/02/2026,CUST00656,Port Said,Desk,Furniture,Completed,8,7844,0
109657,05/09/2026,CUST00657,Cairo,Headphones,Electronics,Completed,9,1926,5
109658,18/04/2026,CUST00658,Giza,Monitor,Electronics,Completed,10,9936,10
109659,03/11/2026,CUST00659,Alexandria,Printer,Office Equipment,Completed,11,7412,15
109660,16/06/2026,CUST00660,Mansoura,Notebook Pack,Stationery,Completed,12,264,20
109661,01/01/2026,CUST00661,Tanta,Laptop,Electronics,Completed,1,25650,0
109662,14/08/2026,CUST00662,Aswan,Smartphone,Electronics,Completed,2,13195,5
109663,27/03/2026,CUST00663,Luxor,Wireless Mouse,Accessories,Completed,3,414,10
109664,12/10/2026,CUST00664,Port Said,Keyboard,Accessories,Completed,4,790.5,15
109665,25/05/2026,CUST00665,Cairo,Office Chair,Furniture,Completed,5,4888,20
109666,10/12/2026,CUST00666,Giza,Desk,Furniture,Completed,6,7030,0
109667,23/07/2026,CUST00667,Alexandria,Headphones,Electronics,Completed,7,1728,5
109668,08/02/2026,CUST00668,Mansoura,Monitor,Electronics,Completed,8,8924,10
109669,21/09/2026,CUST00669,Tanta,Printer,Office Equipment,Completed,9,6664,15
109670,06/04/2026,CUST00670,Aswan,Notebook Pack,Stationery,Completed,10,237.6,20
109671,19/11/2026,CUST00671,Luxor,Laptop,Electronics,Completed,11,28500,0
109672,04/06/2026,CUST00672,Port Said,Smartphone,Electronics,Completed,12,14645,5
109673,17/01/2026,CUST00673,Cairo,Wireless Mouse,Accessories,Completed,1,459,10
109674,02/08/2026,CUST00674,Giza,Keyboard,Accessories,Completed,2,875.5,15
109675,15/03/2026,CUST00675,Alexandria,Office Chair,Furniture,Completed,3,5408,20
109676,28/10/2026,CUST00676,Mansoura,Desk,Furniture,Completed,4,7770,0
109677,13/05/2026,CUST00677,Tanta,Headphones,Electronics,Completed,5,1908,5
109678,26/12/2026,CUST00678,Aswan,Monitor,Electronics,Completed,6,9844,10
109679,11/07/2026,CUST00679,Luxor,Printer,Office Equipment,Completed,7,7344,15
109680,24/02/2026,CUST00680,Port Said,Notebook Pack,Stationery,Completed,8,261.6,20
109681,09/09/2026,CUST00681,Cairo,Laptop,Electronics,Completed,9,31350,0
109682,22/04/2026,CUST00682,Giza,Smartphone,Electronics,Completed,10,13050,5
109683,07/11/2026,CUST00683,Alexandria,Wireless Mouse,Accessories,Completed,11,409.5,10
109684,20/06/2026,CUST00684,Mansoura,Keyboard,Accessories,Completed,12,782,15
109685,05/01/2026,CUST00685,Tanta,Office Chair,Furniture,Completed,1,4836,20
109686,18/08/2026,CUST00686,Aswan,Desk,furniture,Completed,2,6956,0
109687,03/03/2026,CUST00687,Luxor,Headphones,Electronics,Completed,3,1710,5
109688,16/10/2026,CUST00688,Port Said,Monitor,Electronics,Completed,4,8832,10
109689,01/05/2026,CUST00689,Cairo,Printer,Office Equipment, completed ,5,6596,15
109690,14/12/2026,CUST00690,Giza,Notebook Pack,Stationery,Completed,6,235.2,20
109691,27/07/2026,CUST00691,Alexandria,Laptop,Electronics,Completed,7,28215,0
109692,12/02/2026,CUST00692,Mansoura,Smartphone,Electronics,Completed,8,14500,5
109693,25/09/2026,CUST00693,Tanta,Wireless Mouse,Accessories,Completed,9,454.5,10
109694,10/04/2026,CUST00694,Aswan,Keyboard,Accessories,Completed,10,867,15
109695,23/11/2026,CUST00695,Luxor,Office Chair,Furniture,Completed,11,5356,20
109696,08/06/2026,CUST00696,Port Said,Desk,Furniture,Completed,12,7696,0
109697,21/01/2026,CUST00697,Cairo,Headphones,Electronics,Completed,1,1890,5
109698,06/08/2026,CUST00698,Giza,Monitor,Electronics,Completed,2,9752,10
109699,19/03/2026,CUST00699,Alexandria,Printer,Office Equipment,Completed,3,7276,15
109700,04/10/2026,CUST00700,Mansoura,Notebook Pack,Stationery,Completed,4,259.2,20
100001,31/02/2026,CUST00001,  , laptop ,electronics, completed ,1,25650,0
100002,14/08/2025,,Giza,Smartphone,Electronics,Completed,2,13195,5
100003,27/03/2025,CUST00003,Alexandria,Wireless Mouse,Accessories,Completed,0,414,10
100004,12/10/2025,CUST00004,Mansoura,Keyboard,Accessories,Completed,4,-25,15
100005,25/05/2025,CUST00005,Tanta,Office Chair,Furniture,Completed,5,4888,150
100006,31/02/2026,CUST00006,Aswan,Desk,Furniture,Completed,6,7030,0
100007,23/07/2025,,Luxor,Headphones,Electronics,Completed,7,1728,5
100008,08/02/2025,CUST00008,Port Said,Monitor,Electronics,Completed,0,8924,10
100009,21/09/2025,CUST00009,Cairo,Printer,Office Equipment,Completed,9,-25,15
100010,06/04/2025,CUST00010,Giza,Notebook Pack,Stationery,Completed,10,237.6,150
100011,31/02/2026,CUST00011,Alexandria,Laptop,Electronics,Completed,11,28500,0
100012,04/06/2025,,Mansoura,Smartphone,Electronics,Completed,12,14645,5
100013,17/01/2025,CUST00013,Tanta,Wireless Mouse,Accessories,Completed,0,459,10
100014,02/08/2025,CUST00014,Aswan,Keyboard,Accessories,Completed,2,-25,15
100015,15/03/2025,CUST00015,Luxor,Office Chair,Furniture,Completed,3,5408,150
100016,31/02/2026,CUST00016,Port Said,Desk,Furniture,Completed,4,7770,0
100017,13/05/2025,,Cairo,Headphones,Electronics,Completed,5,1908,5
100018,26/12/2025,CUST00018,Giza,Monitor,Electronics,Completed,0,9844,10
100019,11/07/2025,CUST00019,Alexandria,Printer,Office Equipment,Completed,7,-25,15
100020,24/02/2025,CUST00020,Mansoura,Notebook Pack,Stationery,Completed,8,261.6,150
100021,31/02/2026,CUST00021,Tanta,Laptop,Electronics,Completed,9,31350,0
100022,22/04/2025,,Aswan,Smartphone,Electronics,Completed,10,13050,5
100023,07/11/2025,CUST00023,Luxor,Wireless Mouse,Accessories,Completed,0,409.5,10
100024,20/06/2025,CUST00024,Port Said,Keyboard,Accessories,Completed,12,-25,15
100025,05/01/2025,CUST00025,Cairo,Office Chair,Furniture,Completed,1,4836,150
100026,31/02/2026,CUST00026,Giza,Desk,Furniture,Completed,2,6956,0
100027,03/03/2025,,Alexandria,Headphones,Electronics,Completed,3,1710,5
100028,16/10/2025,CUST00028,Mansoura,Monitor,Electronics,Completed,0,8832,10
100029,01/05/2025,CUST00029,Tanta,Printer,Office Equipment,Completed,5,-25,15
100030,14/12/2025,CUST00030,Aswan,Notebook Pack,Stationery,Completed,6,235.2,150
100031,31/02/2026,CUST00031,Luxor,Laptop,Electronics,Completed,7,28215,0
100032,12/02/2025,,Port Said,Smartphone,Electronics,Completed,8,14500,5
100033,25/09/2025,CUST00033,Cairo,Wireless Mouse,Accessories,Completed,0,454.5,10
100034,10/04/2025,CUST00034,Giza,Keyboard,Accessories,Completed,10,-25,15
100035,23/11/2025,CUST00035,Alexandria,Office Chair,Furniture,Completed,11,5356,150
100036,31/02/2026,CUST00036,Mansoura,Desk,Furniture,Completed,12,7696,0
100037,21/01/2025,,Tanta,Headphones,Electronics,Completed,1,1890,5
100038,06/08/2025,CUST00038,Aswan,Monitor,Electronics,Completed,0,9752,10
100039,19/03/2025,CUST00039,Luxor,Printer,Office Equipment,Completed,3,-25,15
100040,04/10/2025,CUST00040,Port Said,Notebook Pack,Stationery,Completed,4,259.2,150
100041,31/02/2026,CUST00041,Cairo,Laptop,Electronics,Completed,5,31065,0
100042,02/12/2025,,Giza,Smartphone,Electronics,Completed,6,15950,5
100043,15/07/2025,CUST00043,Alexandria,Wireless Mouse,Accessories,Completed,0,405,10
100044,28/02/2025,CUST00044,Mansoura,Keyboard,Accessories,Completed,8,-25,15
100045,13/09/2025,CUST00045,Tanta,Office Chair,Furniture,Completed,9,4784,150
100046,31/02/2026,CUST00046,Aswan,Desk,Furniture,Completed,10,6882,0
100047,11/11/2025,,Luxor,Headphones,Electronics,Completed,11,1692,5
100048,24/06/2025,CUST00048,Port Said,Monitor,Electronics,Completed,0,8740,10
100049,09/01/2025,CUST00049,Cairo,Printer,Office Equipment,Completed,1,-25,15
100050,22/08/2025,CUST00050,Giza,Notebook Pack,Stationery,Completed,2,232.8,150
100051,31/02/2026,CUST00051,Alexandria,Laptop,Electronics,Completed,3,27930,0
100052,20/10/2025,,Mansoura,Smartphone,Electronics,Completed,4,14355,5
100053,05/05/2025,CUST00053,Tanta,Wireless Mouse,Accessories,Completed,0,450,10
100054,18/12/2025,CUST00054,Aswan,Keyboard,Accessories,Completed,6,-25,15
100055,03/07/2025,CUST00055,Luxor,Office Chair,Furniture,Completed,7,5304,150
100056,31/02/2026,CUST00056,Port Said,Desk,Furniture,Completed,8,7622,0
100057,01/09/2025,,Cairo,Headphones,Electronics,Completed,9,1872,5
100058,14/04/2025,CUST00058,Giza,Monitor,Electronics,Completed,0,9660,10
100059,27/11/2025,CUST00059,Alexandria,Printer,Office Equipment,Completed,11,-25,15
100060,12/06/2025,CUST00060,Mansoura,Notebook Pack,Stationery,Completed,12,256.8,150
100061,31/02/2026,CUST00061,Tanta,Laptop,Electronics,Completed,1,30780,0
100062,10/08/2025,,Aswan,Smartphone,Electronics,Completed,2,15805,5
100063,23/03/2025,CUST00063,Luxor,Wireless Mouse,Accessories,Completed,0,495,10
100064,08/10/2025,CUST00064,Port Said,Keyboard,Accessories,Completed,4,-25,15
100065,21/05/2025,CUST00065,Cairo,Office Chair,Furniture,Completed,5,4732,150
100066,31/02/2026,CUST00066,Giza,Desk,Furniture,Completed,6,6808,0
100067,19/07/2025,,Alexandria,Headphones,Electronics,Completed,7,1674,5
100068,04/02/2025,CUST00068,Mansoura,Monitor,Electronics,Completed,0,8648,10
100069,17/09/2025,CUST00069,Tanta,Printer,Office Equipment,Completed,9,-25,15
100070,02/04/2025,CUST00070,Aswan,Notebook Pack,Stationery,Completed,10,230.4,150
100071,31/02/2026,CUST00071,Luxor,Laptop,Electronics,Completed,11,27645,0
100072,28/06/2025,,Port Said,Smartphone,Electronics,Completed,12,14210,5
100073,13/01/2025,CUST00073,Cairo,Wireless Mouse,Accessories,Completed,0,445.5,10
100074,26/08/2025,CUST00074,Giza,Keyboard,Accessories,Completed,2,-25,15
100075,11/03/2025,CUST00075,Alexandria,Office Chair,Furniture,Completed,3,5252,150
100076,31/02/2026,CUST00076,Mansoura,Desk,Furniture,Completed,4,7548,0
100077,09/05/2025,,Tanta,Headphones,Electronics,Completed,5,1854,5
100078,22/12/2025,CUST00078,Aswan,Monitor,Electronics,Completed,0,9568,10
100079,07/07/2025,CUST00079,Luxor,Printer,Office Equipment,Completed,7,-25,15
100080,20/02/2025,CUST00080,Port Said,Notebook Pack,Stationery,Completed,8,254.4,150
100081,31/02/2026,CUST00081,Cairo,Laptop,Electronics,Completed,9,30495,0
100082,18/04/2025,,Giza,Smartphone,Electronics,Completed,10,15660,5
100083,03/11/2025,CUST00083,Alexandria,Wireless Mouse,Accessories,Completed,0,490.5,10
100084,16/06/2025,CUST00084,Mansoura,Keyboard,Accessories,Completed,12,-25,15
100085,01/01/2025,CUST00085,Tanta,Office Chair,Furniture,Completed,1,4680,150
100086,31/02/2026,CUST00086,Aswan,Desk,Furniture,Completed,2,6734,0
100087,27/03/2025,,Luxor,Headphones,Electronics,Completed,3,1656,5
100088,12/10/2025,CUST00088,Port Said,Monitor,Electronics,Completed,0,8556,10
100089,25/05/2025,CUST00089,Cairo,Printer,Office Equipment,Completed,5,-25,15
100090,10/12/2025,CUST00090,Giza,Notebook Pack,Stationery,Completed,6,228,150
100091,31/02/2026,CUST00091,Alexandria,Laptop,Electronics,Completed,7,27360,0
100092,08/02/2025,,Mansoura,Smartphone,Electronics,Completed,8,14065,5
100093,21/09/2025,CUST00093,Tanta,Wireless Mouse,Accessories,Completed,0,441,10
100094,06/04/2025,CUST00094,Aswan,Keyboard,Accessories,Completed,10,-25,15
100095,19/11/2025,CUST00095,Luxor,Office Chair,Furniture,Completed,11,5200,150
100096,31/02/2026,CUST00096,Port Said,Desk,Furniture,Completed,12,7474,0
100097,17/01/2025,,Cairo,Headphones,Electronics,Completed,1,1836,5
100098,02/08/2025,CUST00098,,Monitor,Electronics,Completed,0,9476,10
100099,15/03/2025,CUST00099,Alexandria,Printer,Office Equipment,Completed,3,-25,15
100100,28/10/2025,CUST00100,Mansoura,Notebook Pack,Stationery,Completed,4,252,150
100101,31/02/2026,CUST00101,Tanta,Laptop,Electronics,Completed,5,30210,0
100102,26/12/2025,,Aswan,Smartphone,Electronics,Completed,6,15515,5
100103,11/07/2025,CUST00103,Luxor,Wireless Mouse,Accessories,Completed,0,486,10
100104,24/02/2025,CUST00104,Port Said,Keyboard,Accessories,Completed,8,-25,15
100105,09/09/2025,CUST00105,Cairo,Office Chair,Furniture,Completed,9,5720,150
100106,31/02/2026,CUST00106,Giza,Desk,Furniture,Completed,10,6660,0
100107,07/11/2025,,Alexandria,Headphones,Electronics,Completed,11,1638,5
100108,20/06/2025,CUST00108,Mansoura,Monitor,Electronics,Completed,0,8464,10
100109,05/01/2025,CUST00109,Tanta,Printer,Office Equipment,Completed,1,-25,15
100110,18/08/2025,CUST00110,Aswan,Notebook Pack,Stationery,Completed,2,225.6,150
100111,31/02/2026,CUST00111,Luxor,Laptop,Electronics,Completed,3,27075,0
100112,16/10/2025,,Port Said,Smartphone,Electronics,Completed,4,13920,5
100113,01/05/2025,CUST00113,Cairo,Wireless Mouse,Accessories,Completed,0,436.5,10
100114,14/12/2025,CUST00114, Giza ,Keyboard,Accessories,Completed,6,-25,15
100115,27/07/2025,CUST00115,Alexandria,Office Chair,Furniture,Completed,7,5148,150
100116,31/02/2026,CUST00116,Mansoura,Desk,Furniture,Completed,8,7400,0
100117,25/09/2025,,Tanta,Headphones,Electronics,Completed,9,1818,5
100118,10/04/2025,CUST00118,Aswan,Monitor,Electronics,Completed,0,9384,10
100119,23/11/2025,CUST00119,Luxor,Printer,Office Equipment,Completed,11,-25,15
100120,08/06/2025,CUST00120,Port Said,Notebook Pack,Stationery,Completed,12,249.6,150
100121,31/02/2026,CUST00121,Cairo,Laptop,Electronics,Completed,1,29925,0
100122,06/08/2025,,Giza,Smartphone,Electronics,Completed,2,15370,5
100123,19/03/2025,CUST00123,Alexandria,Wireless Mouse,Accessories,Completed,0,481.5,10
100124,04/10/2025,CUST00124,Mansoura,Keyboard,Accessories,Completed,4,-25,15
100125,17/05/2025,CUST00125,Tanta,Office Chair,Furniture,Completed,5,5668,150
100126,31/02/2026,CUST00126,Aswan,Desk,Furniture,Completed,6,8140,0
100127,15/07/2025,,Luxor,Headphones,Electronics,Completed,7,1620,5
100128,28/02/2025,CUST00128,Port Said, monitor ,Electronics,Completed,0,8372,10
100129,13/09/2025,CUST00129,Cairo,Printer,Office Equipment,Completed,9,-25,15
100130,26/04/2025,CUST00130,Giza,Notebook Pack,Stationery,Completed,10,223.2,150
100131,31/02/2026,CUST00131,Alexandria,Laptop,Electronics,Completed,11,26790,0
100132,24/06/2025,,Mansoura,Smartphone,Electronics,Completed,12,13775,5
100133,09/01/2025,CUST00133,Tanta,Wireless Mouse,Accessories,Completed,0,432,10
100134,22/08/2025,CUST00134,Aswan,Keyboard,Accessories,Completed,2,-25,15
100135,07/03/2025,CUST00135,Luxor,Office Chair,Furniture,Completed,3,5096,150
100136,31/02/2026,CUST00136,Port Said,Desk,Furniture,Completed,4,7326,0
100137,05/05/2025,,Cairo,Headphones,Electronics,Completed,5,1800,5
100138,18/12/2025,CUST00138,Giza,Monitor,Electronics,Completed,0,9292,10
100139,03/07/2025,CUST00139,Alexandria,Printer,Office Equipment,Completed,7,-25,15
100140,16/02/2025,CUST00140,Mansoura,Notebook Pack,Stationery,Completed,8,247.2,150
100141,31/02/2026,CUST00141,Tanta,Laptop,Electronics,Completed,9,29640,0
100142,14/04/2025,,Aswan,Smartphone,Electronics,Completed,10,15225,5
100143,27/11/2025,CUST00143,Luxor,Wireless Mouse,Accessories,Completed,0,477,10
100144,12/06/2025,CUST00144,Port Said,Keyboard,Accessories,Completed,12,-25,15
100145,25/01/2025,CUST00145,Cairo,Office Chair,Furniture,Completed,1,5616,150
100146,31/02/2026,CUST00146,Giza,Desk,Furniture,Completed,2,8066,0
100147,23/03/2025,,Alexandria,Headphones,Electronics,Completed,3,1980,5
100148,08/10/2025,CUST00148,Mansoura,Monitor,Electronics,Completed,0,8280,10
100149,21/05/2025,CUST00149,Tanta,Printer,Office Equipment,Completed,5,-25,15
100150,06/12/2025,CUST00150,Aswan,Notebook Pack,stationery,Completed,6,220.8,150
100151,31/02/2026,CUST00151,Luxor,Laptop,Electronics,Completed,7,26505,0
100152,04/02/2025,,Port Said,Smartphone,Electronics,Completed,8,13630,5
100153,17/09/2025,CUST00153,Cairo,Wireless Mouse,Accessories,Completed,0,427.5,10
100154,02/04/2025,CUST00154,Giza,Keyboard,Accessories,Completed,10,-25,15
100155,15/11/2025,CUST00155,Alexandria,Office Chair,Furniture,Completed,11,5044,150
100156,31/02/2026,CUST00156,Mansoura,Desk,Furniture,Completed,12,7252,0
100157,13/01/2025,,Tanta,Headphones,Electronics,Completed,1,1782,5
100158,26/08/2025,CUST00158,Aswan,Monitor,Electronics,Completed,0,9200,10
100159,11/03/2025,CUST00159,Luxor,Printer,Office Equipment,Completed,3,-25,15
100160,24/10/2025,CUST00160,Port Said,Notebook Pack,Stationery,Completed,4,244.8,150
100161,31/02/2026,CUST00161,Cairo,Laptop,Electronics,Completed,5,29355,0
100162,22/12/2025,,Giza,Smartphone,Electronics,Completed,6,15080,5
100163,07/07/2025,CUST00163,Alexandria,Wireless Mouse,Accessories,Completed,0,472.5,10
100164,20/02/2025,CUST00164,Mansoura,Keyboard,Accessories,Completed,8,-25,15
100165,05/09/2025,CUST00165,Tanta,Office Chair,Furniture,Completed,9,5564,150
100166,31/02/2026,CUST00166,Aswan,Desk,Furniture,Completed,10,7992,0
100167,03/11/2025,,Luxor,Headphones,Electronics,Completed,11,1962,5
100168,16/06/2025,CUST00168,Port Said,Monitor,Electronics,Completed,0,10120,10
100169,01/01/2025,CUST00169,Cairo,Printer,Office Equipment,Completed,1,-25,15
100170,14/08/2025,CUST00170,Giza,Notebook Pack,Stationery,Completed,2,218.4,150
100171,31/02/2026,CUST00171,Alexandria,Laptop,Electronics,Completed,3,26220,0
100172,12/10/2025,,Mansoura,Smartphone,Electronics,Completed,4,13485,5
100173,25/05/2025,CUST00173,Tanta,Wireless Mouse,Accessories,Completed,0,423,10
100174,10/12/2025,CUST00174,Aswan,Keyboard,Accessories, completed ,6,-25,15
100175,23/07/2025,CUST00175,Luxor,Office Chair,Furniture,Completed,7,4992,150
100176,31/02/2026,CUST00176,Port Said,Desk,Furniture,Completed,8,7178,0
100177,21/09/2025,,Cairo,Headphones,Electronics,Completed,9,1764,5
100178,06/04/2025,CUST00178,Giza,Monitor,Electronics,Completed,0,9108,10
100179,19/11/2025,CUST00179,Alexandria,Printer,Office Equipment,Completed,11,-25,15
100180,04/06/2025,CUST00180,Mansoura,Notebook Pack,Stationery,Completed,12,242.4,150
100181,31/02/2026,CUST00181,Tanta,Laptop,Electronics,Completed,1,29070,0
100182,02/08/2025,,Aswan,Smartphone,Electronics,Completed,2,14935,5
100183,15/03/2025,CUST00183,Luxor,Wireless Mouse,Accessories,Completed,0,468,10
100184,28/10/2025,CUST00184,Port Said,Keyboard,Accessories,Completed,4,-25,15
100185,13/05/2025,CUST00185,Cairo,Office Chair,Furniture,Completed,5,5512,150
100186,31/02/2026,CUST00186,Giza,Desk,Furniture,Completed,6,7918,0
100187,11/07/2025,,Alexandria,Headphones,Electronics,Completed,7,1944,5
100188,24/02/2025,CUST00188,Mansoura,Monitor,Electronics,Completed,0,10028,10
100189,09/09/2025,CUST00189,Tanta,Printer,Office Equipment,Completed,9,-25,15
100190,22/04/2025,CUST00190,Aswan,Notebook Pack,Stationery,Completed,10,216,150
100191,31/02/2026,CUST00191,Luxor,Laptop,Electronics,Completed,11,25935,0
100192,20/06/2025,,Port Said,Smartphone,Electronics,Completed,12,13340,5
100193,05/01/2025,CUST00193,Cairo,Wireless Mouse,Accessories,Completed,0,418.5,10
100194,18/08/2025,CUST00194,Giza,Keyboard,Accessories,Completed,2,-25,15
100195,03/03/2025,CUST00195,,Office Chair,Furniture,Completed,3,4940,150
100196,31/02/2026,CUST00196,Mansoura,Desk,Furniture,Completed,4,7104,0
100197,01/05/2025,,Tanta,Headphones,Electronics,Completed,5,1746,5
100198,14/12/2025,CUST00198,Aswan,Monitor,Electronics,Completed,0,9016,10
100199,27/07/2025,CUST00199,Luxor,Printer,Office Equipment,Completed,7,-25,15
100200,12/02/2025,CUST00200,Port Said,Notebook Pack,Stationery,Completed,8,240,150
100201,31/02/2026,CUST00201,Cairo,Laptop,Electronics,Completed,9,28785,0
100202,10/04/2025,,Giza,Smartphone,Electronics,Completed,10,14790,5
100203,23/11/2025,CUST00203,Alexandria,Wireless Mouse,Accessories,Completed,0,463.5,10
100204,08/06/2025,CUST00204,Mansoura,Keyboard,Accessories,Completed,12,-25,15
100205,21/01/2025,CUST00205,Tanta,Office Chair,Furniture,Completed,1,5460,150
100206,31/02/2026,CUST00206,Aswan,Desk,Furniture,Completed,2,7844,0
100207,19/03/2025,,Luxor,Headphones,Electronics,Completed,3,1926,5
100208,04/10/2025,CUST00208,Port Said,Monitor,Electronics,Completed,0,9936,10
100209,17/05/2025,CUST00209,Cairo,Printer,Office Equipment,Completed,5,-25,15
100210,02/12/2025,CUST00210,Giza,Notebook Pack,Stationery,Completed,6,264,150
100211,31/02/2026,CUST00211,Alexandria,Laptop,Electronics,Completed,7,25650,0
100212,28/02/2025,,Mansoura,Smartphone,Electronics,Completed,8,13195,5
100213,13/09/2025,CUST00213,Tanta,Wireless Mouse,Accessories,Completed,0,414,10
100214,26/04/2025,CUST00214,Aswan,Keyboard,Accessories,Completed,10,-25,15
100215,11/11/2025,CUST00215,Luxor,Office Chair,Furniture,Completed,11,4888,150
100216,31/02/2026,CUST00216,Port Said,Desk,Furniture,Completed,12,7030,0
100217,09/01/2025,,Cairo,Headphones,Electronics,Completed,1,1728,5
100218,22/08/2025,CUST00218,Giza,Monitor,Electronics,Completed,0,8924,10
100219,07/03/2025,CUST00219,Alexandria,Printer,Office Equipment,Completed,3,-25,15
100220,20/10/2025,CUST00220,Mansoura,Notebook Pack,Stationery,Completed,4,237.6,150
100221,31/02/2026,CUST00221,Tanta,Laptop,Electronics,Completed,5,28500,0
100222,18/12/2025,,Aswan,Smartphone,Electronics,Completed,6,14645,5
100223,03/07/2025,CUST00223,Luxor,Wireless Mouse,Accessories,Completed,0,459,10
100224,16/02/2025,CUST00224,Port Said,Keyboard,Accessories,Completed,8,-25,15
100225,01/09/2025,CUST00225,Cairo,Office Chair,Furniture,Completed,9,5408,150
100226,31/02/2026,CUST00226,Giza,Desk,Furniture,Completed,10,7770,0
100227,27/11/2025,, Alexandria ,Headphones,Electronics,Completed,11,1908,5
100228,12/06/2025,CUST00228,Mansoura,Monitor,Electronics,Completed,0,9844,10
100229,25/01/2025,CUST00229,Tanta,Printer,Office Equipment,Completed,1,-25,15
100230,10/08/2025,CUST00230,Aswan,Notebook Pack,Stationery,Completed,2,261.6,150
100231,31/02/2026,CUST00231,Luxor,Laptop,Electronics,Completed,3,31350,0
100232,08/10/2025,,Port Said,Smartphone,Electronics,Completed,4,13050,5
100233,21/05/2025,CUST00233,Cairo,Wireless Mouse,Accessories,Completed,0,409.5,10
100234,06/12/2025,CUST00234,Giza,Keyboard,Accessories,Completed,6,-25,15
100235,19/07/2025,CUST00235,Alexandria,Office Chair,Furniture,Completed,7,4836,150
100236,31/02/2026,CUST00236,Mansoura,Desk,Furniture,Completed,8,6956,0
100237,17/09/2025,,Tanta,Headphones,Electronics,Completed,9,1710,5
100238,02/04/2025,CUST00238,Aswan,Monitor,Electronics,Completed,0,8832,10
100239,15/11/2025,CUST00239,Luxor,Printer,Office Equipment,Completed,11,-25,15
100240,28/06/2025,CUST00240,Port Said,Notebook Pack,Stationery,Completed,12,235.2,150
100241,31/02/2026,CUST00241,Cairo,Laptop,Electronics,Completed,1,28215,0
100242,26/08/2025,,Giza,Smartphone,Electronics,Completed,2,14500,5
100243,11/03/2025,CUST00243,Alexandria,Wireless Mouse,Accessories,Completed,0,454.5,10
100244,24/10/2025,CUST00244,Mansoura,Keyboard,Accessories,Completed,4,-25,15
100245,09/05/2025,CUST00245,Tanta,Office Chair,Furniture,Completed,5,5356,150
100246,31/02/2026,CUST00246,Aswan,Desk,Furniture,Completed,6,7696,0
100247,07/07/2025,,Luxor,Headphones,Electronics,Completed,7,1890,5
100248,20/02/2025,CUST00248,Port Said,Monitor,Electronics,Completed,0,9752,10
100249,05/09/2025,CUST00249,Cairo,Printer,Office Equipment,Completed,9,-25,15
100250,18/04/2025,CUST00250,Giza,Notebook Pack,Stationery,Completed,10,259.2,150
100251,03/11/2025,CUST00251,Alexandria,Laptop,Electronics,Pending,11,31065,0
100252,16/06/2025,CUST00252,Mansoura,Smartphone,Electronics,Cancelled,12,15950,5
100253,01/01/2025,CUST00253,Tanta,Wireless Mouse,Accessories,Pending,1,405,10
100254,14/08/2025,CUST00254,Aswan,Keyboard,Accessories,Cancelled,2,773.5,15
100255,27/03/2025,CUST00255,Luxor, office chair ,Furniture,Pending,3,4784,20
100256,12/10/2025,CUST00256,Port Said,Desk,Furniture,Cancelled,4,6882,0
100257,25/05/2025,CUST00257,Cairo,Headphones,Electronics,Pending,5,1692,5
100258,10/12/2025,CUST00258,Giza,Monitor,Electronics,Cancelled,6,8740,10
100259,23/07/2025,CUST00259,Alexandria,Printer,Office Equipment,Pending,7,6528,15
100260,08/02/2025,CUST00260,Mansoura,Notebook Pack,Stationery,Cancelled,8,232.8,20
100261,21/09/2025,CUST00261,Tanta,Laptop,Electronics,Pending,9,27930,0
100262,06/04/2025,CUST00262,Aswan,Smartphone,Electronics,Cancelled,10,14355,5
100263,19/11/2025,CUST00263,Luxor,Wireless Mouse,Accessories,Pending,11,450,10
100264,04/06/2025,CUST00264,Port Said,Keyboard,Accessories,Cancelled,12,858.5,15
100265,17/01/2025,CUST00265,Cairo,Office Chair,Furniture,Pending,1,5304,20
100266,02/08/2025,CUST00266,Giza,Desk,Furniture,Cancelled,2,7622,0
100267,15/03/2025,CUST00267,Alexandria,Headphones,Electronics,Pending,3,1872,5
100268,28/10/2025,CUST00268,Mansoura,Monitor,Electronics,Cancelled,4,9660,10
100269,13/05/2025,CUST00269,Tanta,Printer,Office Equipment,Pending,5,7208,15
100270,26/12/2025,CUST00270,Aswan,Notebook Pack,Stationery,Cancelled,6,256.8,20
100271,11/07/2025,CUST00271,Luxor,Laptop,Electronics,Pending,7,30780,0
100272,24/02/2025,CUST00272,Port Said,Smartphone,Electronics,Cancelled,8,15805,5
100273,09/09/2025,CUST00273,Cairo,Wireless Mouse,Accessories,Pending,9,495,10
100274,22/04/2025,CUST00274,Giza,Keyboard,Accessories,Cancelled,10,765,15
100275,07/11/2025,CUST00275,Alexandria,Office Chair,Furniture,Pending,11,4732,20
100276,20/06/2025,CUST00276,Mansoura,Desk,Furniture,Cancelled,12,6808,0
100277,05/01/2025,CUST00277,Tanta,Headphones,Electronics,Pending,1,1674,5
100278,18/08/2025,CUST00278,Aswan,Monitor,Electronics,Cancelled,2,8648,10
100279,03/03/2025,CUST00279,Luxor,Printer,Office Equipment,Pending,3,6460,15
100280,16/10/2025,CUST00280,Port Said,Notebook Pack,Stationery,Cancelled,4,230.4,20
100281,01/05/2025,CUST00281,Cairo,Laptop,Electronics,Pending,5,27645,0
100282,14/12/2025,CUST00282,Giza,Smartphone,Electronics,Cancelled,6,14210,5
100283,27/07/2025,CUST00283,Alexandria,Wireless Mouse,Accessories,Pending,7,445.5,10
100284,12/02/2025,CUST00284,Mansoura,Keyboard,Accessories,Cancelled,8,850,15
100285,25/09/2025,CUST00285,Tanta,Office Chair,Furniture,Pending,9,5252,20
100286,10/04/2025,CUST00286,Aswan,Desk,Furniture,Cancelled,10,7548,0
100287,23/11/2025,CUST00287,Luxor,Headphones,Electronics,Pending,11,1854,5
100288,08/06/2025,CUST00288,Port Said,Monitor,Electronics,Cancelled,12,9568,10
100289,21/01/2025,CUST00289,Cairo,Printer,Office Equipment,Pending,1,7140,15
100290,06/08/2025,CUST00290,Giza,Notebook Pack,Stationery,Cancelled,2,254.4,20
100291,19/03/2025,CUST00291,Alexandria,Laptop,Electronics,Pending,3,30495,0
100292,04/10/2025,CUST00292,,Smartphone,Electronics,Cancelled,4,15660,5
100293,17/05/2025,CUST00293,Tanta,Wireless Mouse,Accessories,Pending,5,490.5,10
100294,02/12/2025,CUST00294,Aswan,Keyboard,Accessories,Cancelled,6,935,15
100295,15/07/2025,CUST00295,Luxor,Office Chair,Furniture,Pending,7,4680,20
100296,28/02/2025,CUST00296,Port Said,Desk,Furniture,Cancelled,8,6734,0
100297,13/09/2025,CUST00297,Cairo,Headphones,Electronics,Pending,9,1656,5
100298,26/04/2025,CUST00298,Giza,Monitor,Electronics,Cancelled,10,8556,10
100299,11/11/2025,CUST00299,Alexandria,Printer,office equipment,Pending,11,6392,15
100300,24/06/2025,CUST00300,Mansoura,Notebook Pack,Stationery,Cancelled,12,228,20
