order_id,order_date,customer_id,city,region,product,category,quantity,unit_price,discount_pct,gross_amount,net_amount,order_month,order_size
101001,2026-05-09,CUST01001,Cairo,Greater Cairo,Laptop,Electronics,5,29355.0,0,146775.0,146775.0,2026-05,Large
101002,2026-12-22,CUST01002,Giza,Greater Cairo,Smartphone,Electronics,6,15080.0,5,90480.0,85956.0,2026-12,Large
101003,2026-07-07,CUST01003,Alexandria,Coastal,Wireless Mouse,Accessories,7,472.5,10,3307.5,2976.75,2026-07,Medium
101004,2026-02-20,CUST01004,Mansoura,Delta,Keyboard,Accessories,8,901.0,15,7208.0,6126.8,2026-02,Medium
101005,2026-09-05,CUST01005,Tanta,Unknown,Office Chair,Furniture,9,5564.0,20,50076.0,40060.8,2026-09,Large
101006,2026-04-18,CUST01006,Aswan,Unknown,Desk,Furniture,10,7992.0,0,79920.0,79920.0,2026-04,Large
101007,2026-11-03,CUST01007,Luxor,Unknown,Headphones,Electronics,11,1962.0,5,21582.0,20502.9,2026-11,Large
101008,2026-06-16,CUST01008,Port Said,Unknown,Monitor,Electronics,12,10120.0,10,121440.0,109296.0,2026-06,Large
101009,2026-01-01,CUST01009,Cairo,Greater Cairo,Printer,Office Equipment,1,6120.0,15,6120.0,5202.0,2026-01,Medium
101010,2026-08-14,CUST01010,Giza,Greater Cairo,Notebook Pack,Stationery,2,218.4,20,436.8,349.44,2026-08,Small
101011,2026-03-27,CUST01011,Alexandria,Coastal,Laptop,Electronics,3,26220.0,0,78660.0,78660.0,2026-03,Large
101012,2026-10-12,CUST01012,Mansoura,Delta,Smartphone,Electronics,4,13485.0,5,53940.0,51243.0,2026-10,Large
101013,2026-05-25,CUST01013,Tanta,Unknown,Wireless Mouse,Accessories,5,423.0,10,2115.0,1903.5,2026-05,Medium
101014,2026-12-10,CUST01014,Aswan,Unknown,Keyboard,Accessories,6,807.5,15,4845.0,4118.25,2026-12,Medium
101015,2026-07-23,CUST01015,Luxor,Unknown,Office Chair,Furniture,7,4992.0,20,34944.0,27955.2,2026-07,Large
101016,2026-02-08,CUST01016,Port Said,Unknown,Desk,Furniture,8,7178.0,0,57424.0,57424.0,2026-02,Large
101017,2026-09-21,CUST01017,Cairo,Greater Cairo,Headphones,Electronics,9,1764.0,5,15876.0,15082.2,2026-09,Large
101018,2026-04-06,CUST01018,Giza,Greater Cairo,Monitor,Electronics,10,9108.0,10,91080.0,81972.0,2026-04,Large
101019,2026-11-19,CUST01019,Alexandria,Coastal,Printer,Office Equipment,11,6800.0,15,74800.0,63580.0,2026-11,Large
101020,2026-06-04,CUST01020,Mansoura,Delta,Notebook Pack,Stationery,12,242.4,20,2908.8,2327.04,2026-06,Medium
101021,2026-01-17,CUST01021,Tanta,Unknown,Laptop,Electronics,1,29070.0,0,29070.0,29070.0,2026-01,Large
101022,2026-08-02,CUST01022,Aswan,Unknown,Smartphone,Electronics,2,14935.0,5,29870.0,28376.5,2026-08,Large
101023,2026-03-15,CUST01023,Luxor,Unknown,Wireless Mouse,Accessories,3,468.0,10,1404.0,1263.6,2026-03,Medium
101024,2026-10-28,CUST01024,Port Said,Unknown,Keyboard,Accessories,4,892.5,15,3570.0,3034.5,2026-10,Medium
101025,2026-05-13,CUST01025,Cairo,Greater Cairo,Office Chair,Furniture,5,5512.0,20,27560.0,22048.0,2026-05,Large
101026,2026-12-26,CUST01026,Giza,Greater Cairo,Desk,Furniture,6,7918.0,0,47508.0,47508.0,2026-12,Large
101027,2026-07-11,CUST01027,Alexandria,Coastal,Headphones,Electronics,7,1944.0,5,13608.0,12927.6,2026-07,Large
101028,2026-02-24,CUST01028,Mansoura,Delta,Monitor,Electronics,8,10028.0,10,80224.0,72201.6,2026-02,Large
101029,2026-09-09,CUST01029,Tanta,Unknown,Printer,Office Equipment,9,7480.0,15,67320.0,57222.0,2026-09,Large
101030,2026-04-22,CUST01030,Aswan,Unknown,Notebook Pack,Stationery,10,216.0,20,2160.0,1728.0,2026-04,Medium
101031,2026-11-07,CUST01031,Luxor,Unknown,Laptop,Electronics,11,25935.0,0,285285.0,285285.0,2026-11,Large
101032,2026-06-20,CUST01032,Port Said,Unknown,Smartphone,Electronics,12,13340.0,5,160080.0,152076.0,2026-06,Large
101033,2026-01-05,CUST01033,Cairo,Greater Cairo,Wireless Mouse,Accessories,1,418.5,10,418.5,376.65,2026-01,Small
101034,2026-08-18,CUST01034,Giza,Greater Cairo,Keyboard,Accessories,2,799.0,15,1598.0,1358.3,2026-08,Medium
101035,2026-03-03,CUST01035,Alexandria,Coastal,Office Chair,Furniture,3,4940.0,20,14820.0,11856.0,2026-03,Large
101036,2026-10-16,CUST01036,Mansoura,Delta,Desk,Furniture,4,7104.0,0,28416.0,28416.0,2026-10,Large
101037,2026-05-01,CUST01037,Tanta,Unknown,Headphones,Electronics,5,1746.0,5,8730.0,8293.5,2026-05,Medium
101038,2026-12-14,CUST01038,Aswan,Unknown,Monitor,Electronics,6,9016.0,10,54096.0,48686.4,2026-12,Large
101039,2026-07-27,CUST01039,Luxor,Unknown,Printer,Office Equipment,7,6732.0,15,47124.0,40055.4,2026-07,Large
101040,2026-02-12,CUST01040,Port Said,Unknown,Notebook Pack,Stationery,8,240.0,20,1920.0,1536.0,2026-02,Medium
101041,2026-09-25,CUST01041,Cairo,Greater Cairo,Laptop,Electronics,9,28785.0,0,259065.0,259065.0,2026-09,Large
101042,2026-04-10,CUST01042,Giza,Greater Cairo,Smartphone,Electronics,10,14790.0,5,147900.0,140505.0,2026-04,Large
101043,2026-11-23,CUST01043,Alexandria,Coastal,Wireless Mouse,Accessories,11,463.5,10,5098.5,4588.65,2026-11,Medium
101044,2026-06-08,CUST01044,Mansoura,Delta,Keyboard,Accessories,12,884.0,15,10608.0,9016.8,2026-06,Medium
101045,2026-01-21,CUST01045,Tanta,Unknown,Office Chair,Furniture,1,5460.0,20,5460.0,4368.0,2026-01,Medium
101046,2026-08-06,CUST01046,Aswan,Unknown,Desk,Furniture,2,7844.0,0,15688.0,15688.0,2026-08,Large
101047,2026-03-19,CUST01047,Luxor,Unknown,Headphones,Electronics,3,1926.0,5,5778.0,5489.1,2026-03,Medium
101048,2026-10-04,CUST01048,Port Said,Unknown,Monitor,Electronics,4,9936.0,10,39744.0,35769.6,2026-10,Large
101049,2026-05-17,CUST01049,Cairo,Greater Cairo,Printer,Office Equipment,5,7412.0,15,37060.0,31501.0,2026-05,Large
101050,2026-12-02,CUST01050,Giza,Greater Cairo,Notebook Pack,Stationery,6,264.0,20,1584.0,1267.2,2026-12,Medium
101051,2026-07-15,CUST01051,Alexandria,Coastal,Laptop,Electronics,7,25650.0,0,179550.0,179550.0,2026-07,Large
101052,2026-02-28,CUST01052,Mansoura,Delta,Smartphone,Electronics,8,13195.0,5,105560.0,100282.0,2026-02,Large
101053,2026-09-13,CUST01053,Tanta,Unknown,Wireless Mouse,Accessories,9,414.0,10,3726.0,3353.4,2026-09,Medium
101054,2026-04-26,CUST01054,Aswan,Unknown,Keyboard,Accessories,10,790.5,15,7905.0,6719.25,2026-04,Medium
101055,2026-11-11,CUST01055,Luxor,Unknown,Office Chair,Furniture,11,4888.0,20,53768.0,43014.4,2026-11,Large
101056,2026-06-24,CUST01056,Port Said,Unknown,Desk,Furniture,12,7030.0,0,84360.0,84360.0,2026-06,Large
101057,2026-01-09,CUST01057,Cairo,Greater Cairo,Headphones,Electronics,1,1728.0,5,1728.0,1641.6,2026-01,Medium
101058,2026-08-22,CUST01058,Giza,Greater Cairo,Monitor,Electronics,2,8924.0,10,17848.0,16063.2,2026-08,Large
101059,2026-03-07,CUST01059,Alexandria,Coastal,Printer,Office Equipment,3,6664.0,15,19992.0,16993.2,2026-03,Large
101060,2026-10-20,CUST01060,Mansoura,Delta,Notebook Pack,Stationery,4,237.6,20,950.4,760.32,2026-10,Small
101061,2026-05-05,CUST01061,Tanta,Unknown,Laptop,Electronics,5,28500.0,0,142500.0,142500.0,2026-05,Large
101062,2026-12-18,CUST01062,Aswan,Unknown,Smartphone,Electronics,6,14645.0,5,87870.0,83476.5,2026-12,Large
101063,2026-07-03,CUST01063,Luxor,Unknown,Wireless Mouse,Accessories,7,459.0,10,3213.0,2891.7,2026-07,Medium
101064,2026-02-16,CUST01064,Port Said,Unknown,Keyboard,Accessories,8,875.5,15,7004.0,5953.4,2026-02,Medium
101065,2026-09-01,CUST01065,Cairo,Greater Cairo,Office Chair,Furniture,9,5408.0,20,48672.0,38937.6,2026-09,Large
101066,2026-04-14,CUST01066,Giza,Greater Cairo,Desk,Furniture,10,7770.0,0,77700.0,77700.0,2026-04,Large
101067,2026-11-27,CUST01067,Alexandria,Coastal,Headphones,Electronics,11,1908.0,5,20988.0,19938.6,2026-11,Large
101068,2026-06-12,CUST01068,Unknown,Unknown,Monitor,Electronics,12,9844.0,10,118128.0,106315.2,2026-06,Large
101069,2026-01-25,CUST01069,Tanta,Unknown,Printer,Office Equipment,1,7344.0,15,7344.0,6242.4,2026-01,Medium
101070,2026-08-10,CUST01070,Aswan,Unknown,Notebook Pack,Stationery,2,261.6,20,523.2,418.56,2026-08,Small
101071,2026-03-23,CUST01071,Luxor,Unknown,Laptop,Electronics,3,31350.0,0,94050.0,94050.0,2026-03,Large
101072,2026-10-08,CUST01072,Port Said,Unknown,Smartphone,Electronics,4,13050.0,5,52200.0,49590.0,2026-10,Large
101073,2026-05-21,CUST01073,Cairo,Greater Cairo,Wireless Mouse,Accessories,5,409.5,10,2047.5,1842.75,2026-05,Medium
101074,2026-12-06,CUST01074,Giza,Greater Cairo,Keyboard,Accessories,6,782.0,15,4692.0,3988.2,2026-12,Medium
101075,2026-07-19,CUST01075,Alexandria,Coastal,Office Chair,Furniture,7,4836.0,20,33852.0,27081.6,2026-07,Large
101076,2026-02-04,CUST01076,Mansoura,Delta,Desk,Furniture,8,6956.0,0,55648.0,55648.0,2026-02,Large
101077,2026-09-17,CUST01077,Tanta,Unknown,Headphones,Electronics,9,1710.0,5,15390.0,14620.5,2026-09,Large
101078,2026-04-02,CUST01078,Aswan,Unknown,Monitor,Electronics,10,8832.0,10,88320.0,79488.0,2026-04,Large
101079,2026-11-15,CUST01079,Luxor,Unknown,Printer,Office Equipment,11,6596.0,15,72556.0,61672.6,2026-11,Large
101080,2026-06-28,CUST01080,Port Said,Unknown,Notebook Pack,Stationery,12,235.2,20,2822.4,2257.92,2026-06,Medium
101081,2025-01-13,CUST01081,Cairo,Greater Cairo,Laptop,Electronics,1,28215.0,0,28215.0,28215.0,2025-01,Large
101082,2025-08-26,CUST01082,Giza,Greater Cairo,Smartphone,Electronics,2,14500.0,5,29000.0,27550.0,2025-08,Large
101083,2025-03-11,CUST01083,Alexandria,Coastal,Wireless Mouse,Accessories,3,454.5,10,1363.5,1227.15,2025-03,Medium
101084,2025-10-24,CUST01084,Mansoura,Delta,Keyboard,Accessories,4,867.0,15,3468.0,2947.8,2025-10,Medium
101085,2025-05-09,CUST01085,Tanta,Unknown,Office Chair,Furniture,5,5356.0,20,26780.0,21424.0,2025-05,Large
101086,2025-12-22,CUST01086,Aswan,Unknown,Desk,Furniture,6,7696.0,0,46176.0,46176.0,2025-12,Large
101087,2025-07-07,CUST01087,Luxor,Unknown,Headphones,Electronics,7,1890.0,0,13230.0,13230.0,2025-07,Large
101088,2025-02-20,CUST01088,Port Said,Unknown,Monitor,Electronics,8,9752.0,10,78016.0,70214.4,2025-02,Large
101089,2025-09-05,CUST01089,Cairo,Greater Cairo,Printer,Office Equipment,9,7276.0,15,65484.0,55661.4,2025-09,Large
101090,2025-04-18,CUST01090,Giza,Greater Cairo,Notebook Pack,Stationery,10,259.2,20,2592.0,2073.6,2025-04,Medium
101091,2025-11-03,CUST01091,Alexandria,Coastal,Laptop,Electronics,11,31065.0,0,341715.0,341715.0,2025-11,Large
101092,2025-06-16,CUST01092,Mansoura,Delta,Smartphone,Electronics,12,15950.0,5,191400.0,181830.0,2025-06,Large
101093,2025-01-01,CUST01093,Tanta,Unknown,Wireless Mouse,Accessories,1,405.0,10,405.0,364.5,2025-01,Small
101094,2025-08-14,CUST01094,Aswan,Unknown,Keyboard,Accessories,2,773.5,15,1547.0,1314.95,2025-08,Medium
101095,2025-03-27,CUST01095,Luxor,Unknown,Office Chair,Furniture,3,4784.0,20,14352.0,11481.6,2025-03,Large
101096,2025-10-12,CUST01096,Port Said,Unknown,Desk,Furniture,4,6882.0,0,27528.0,27528.0,2025-10,Large
101097,2025-05-25,CUST01097,Cairo,Greater Cairo,Headphones,Electronics,5,1692.0,5,8460.0,8037.0,2025-05,Medium
101098,2025-12-10,CUST01098,Giza,Greater Cairo,Monitor,Electronics,6,8740.0,10,52440.0,47196.0,2025-12,Large
101099,2025-07-23,CUST01099,Alexandria,Coastal,Printer,Office Equipment,7,6528.0,15,45696.0,38841.6,2025-07,Large
101100,2025-02-08,CUST01100,Mansoura,Delta,Notebook Pack,Stationery,8,232.8,20,1862.4,1489.92,2025-02,Medium
101101,2025-09-21,CUST01101,Tanta,Unknown,Laptop,Electronics,9,27930.0,0,251370.0,251370.0,2025-09,Large
101102,2025-04-06,CUST01102,Aswan,Unknown,Smartphone,Electronics,10,14355.0,5,143550.0,136372.5,2025-04,Large
101103,2025-11-19,CUST01103,Luxor,Unknown,Wireless Mouse,Accessories,11,450.0,10,4950.0,4455.0,2025-11,Medium
101104,2025-06-04,CUST01104,Port Said,Unknown,Keyboard,Accessories,12,858.5,15,10302.0,8756.7,2025-06,Medium
101105,2025-01-17,CUST01105,Cairo,Greater Cairo,Office Chair,Furniture,1,5304.0,20,5304.0,4243.2,2025-01,Medium
101106,2025-08-02,CUST01106,Giza,Greater Cairo,Desk,Furniture,2,7622.0,0,15244.0,15244.0,2025-08,Large
101107,2025-03-15,CUST01107,Alexandria,Coastal,Headphones,Electronics,3,1872.0,5,5616.0,5335.2,2025-03,Medium
101108,2025-10-28,CUST01108,Mansoura,Delta,Monitor,Electronics,4,9660.0,10,38640.0,34776.0,2025-10,Large
101109,2025-05-13,CUST01109,Tanta,Unknown,Printer,Office Equipment,5,7208.0,15,36040.0,30634.0,2025-05,Large
101110,2025-12-26,CUST01110,Aswan,Unknown,Notebook Pack,Stationery,6,256.8,20,1540.8,1232.64,2025-12,Medium
101111,2025-07-11,CUST01111,Luxor,Unknown,Laptop,Electronics,7,30780.0,0,215460.0,215460.0,2025-07,Large
101112,2025-02-24,CUST01112,Port Said,Unknown,Smartphone,Electronics,8,15805.0,5,126440.0,120118.0,2025-02,Large
101113,2025-09-09,CUST01113,Cairo,Greater Cairo,Wireless Mouse,Accessories,9,495.0,10,4455.0,4009.5,2025-09,Medium
101114,2025-04-22,CUST01114,Giza,Greater Cairo,Keyboard,Accessories,10,765.0,15,7650.0,6502.5,2025-04,Medium
101115,2025-11-07,CUST01115,Alexandria,Coastal,Office Chair,Furniture,11,4732.0,20,52052.0,41641.6,2025-11,Large
101116,2025-06-20,CUST01116,Mansoura,Delta,Desk,Furniture,12,6808.0,0,81696.0,81696.0,2025-06,Large
101117,2025-01-05,CUST01117,Tanta,Unknown,Headphones,Electronics,1,1674.0,5,1674.0,1590.3,2025-01,Medium
101118,2025-08-18,CUST01118,Aswan,Unknown,Monitor,Electronics,2,8648.0,10,17296.0,15566.4,2025-08,Large
101119,2025-03-03,CUST01119,Luxor,Unknown,Printer,Office Equipment,3,6460.0,15,19380.0,16473.0,2025-03,Large
101120,2025-10-16,CUST01120,Port Said,Unknown,Notebook Pack,Stationery,4,230.4,20,921.6,737.28,2025-10,Small
101121,2025-05-01,CUST01121,Cairo,Greater Cairo,Laptop,Electronics,5,27645.0,0,138225.0,138225.0,2025-05,Large
101122,2025-12-14,CUST01122,Giza,Greater Cairo,Smartphone,Electronics,6,14210.0,5,85260.0,80997.0,2025-12,Large
101123,2025-07-27,CUST01123,Alexandria,Coastal,Wireless Mouse,Accessories,7,445.5,10,3118.5,2806.65,2025-07,Medium
101124,2025-02-12,CUST01124,Mansoura,Delta,Keyboard,Accessories,8,850.0,15,6800.0,5780.0,2025-02,Medium
101125,2025-09-25,CUST01125,Tanta,Unknown,Office Chair,Furniture,9,5252.0,20,47268.0,37814.4,2025-09,Large
101126,2025-04-10,CUST01126,Aswan,Unknown,Desk,Furniture,10,7548.0,0,75480.0,75480.0,2025-04,Large
101127,2025-11-23,CUST01127,Luxor,Unknown,Headphones,Electronics,11,1854.0,5,20394.0,19374.3,2025-11,Large
101128,2025-06-08,CUST01128,Port Said,Unknown,Monitor,Electronics,12,9568.0,10,114816.0,103334.4,2025-06,Large
101129,2025-01-21,CUST01129,Cairo,Greater Cairo,Printer,Office Equipment,1,7140.0,15,7140.0,6069.0,2025-01,Medium
101130,2025-08-06,CUST01130,Giza,Greater Cairo,Notebook Pack,Stationery,2,254.4,20,508.8,407.04,2025-08,Small
101131,2025-03-19,CUST01131,Alexandria,Coastal,Laptop,Electronics,3,30495.0,0,91485.0,91485.0,2025-03,Large
101132,2025-10-04,CUST01132,Mansoura,Delta,Smartphone,Electronics,4,15660.0,5,62640.0,59508.0,2025-10,Large
101133,2025-05-17,CUST01133,Tanta,Unknown,Wireless Mouse,Accessories,5,490.5,10,2452.5,2207.25,2025-05,Medium
101134,2025-12-02,CUST01134,Aswan,Unknown,Keyboard,Accessories,6,935.0,15,5610.0,4768.5,2025-12,Medium
101135,2025-07-15,CUST01135,Luxor,Unknown,Office Chair,Furniture,7,4680.0,20,32760.0,26208.0,2025-07,Large
101136,2025-02-28,CUST01136,Port Said,Unknown,Desk,Furniture,8,6734.0,0,53872.0,53872.0,2025-02,Large
101137,2025-09-13,CUST01137,Cairo,Greater Cairo,Headphones,Electronics,9,1656.0,5,14904.0,14158.8,2025-09,Large
101138,2025-04-26,CUST01138,Giza,Greater Cairo,Monitor,Electronics,10,8556.0,10,85560.0,77004.0,2025-04,Large
101139,2025-11-11,CUST01139,Alexandria,Coastal,Printer,Office Equipment,11,6392.0,15,70312.0,59765.2,2025-11,Large
101140,2025-06-24,CUST01140,Mansoura,Delta,Notebook Pack,Stationery,12,228.0,20,2736.0,2188.8,2025-06,Medium
101141,2025-01-09,CUST01141,Tanta,Unknown,Laptop,Electronics,1,27360.0,0,27360.0,27360.0,2025-01,Large
101142,2025-08-22,CUST01142,Aswan,Unknown,Smartphone,Electronics,2,14065.0,5,28130.0,26723.5,2025-08,Large
101143,2025-03-07,CUST01143,Luxor,Unknown,Wireless Mouse,Accessories,3,441.0,10,1323.0,1190.7,2025-03,Medium
101144,2025-10-20,CUST01144,Port Said,Unknown,Keyboard,Accessories,4,841.5,15,3366.0,2861.1,2025-10,Medium
101145,2025-05-05,CUST01145,Cairo,Greater Cairo,Office Chair,Furniture,5,5200.0,20,26000.0,20800.0,2025-05,Large
101146,2025-12-18,CUST01146,Giza,Greater Cairo,Desk,Furniture,6,7474.0,0,44844.0,44844.0,2025-12,Large
101147,2025-07-03,CUST01147,Alexandria,Coastal,Headphones,Electronics,7,1836.0,5,12852.0,12209.4,2025-07,Large
101148,2025-02-16,CUST01148,Mansoura,Delta,Monitor,Electronics,8,9476.0,10,75808.0,68227.2,2025-02,Large
101149,2025-09-01,CUST01149,Tanta,Unknown,Printer,Office Equipment,9,7072.0,15,63648.0,54100.8,2025-09,Large
101150,2025-04-14,CUST01150,Aswan,Unknown,Notebook Pack,Stationery,10,252.0,20,2520.0,2016.0,2025-04,Medium
101151,2025-11-27,CUST01151,Luxor,Unknown,Laptop,Electronics,11,30210.0,0,332310.0,332310.0,2025-11,Large
101152,2025-06-12,CUST01152,Port Said,Unknown,Smartphone,Electronics,12,15515.0,5,186180.0,176871.0,2025-06,Large
101153,2025-01-25,CUST01153,Cairo,Greater Cairo,Wireless Mouse,Accessories,1,486.0,10,486.0,437.4,2025-01,Small
101154,2025-08-10,CUST01154,Giza,Greater Cairo,Keyboard,Accessories,2,926.5,15,1853.0,1575.05,2025-08,Medium
101155,2025-03-23,CUST01155,Alexandria,Coastal,Office Chair,Furniture,3,5720.0,20,17160.0,13728.0,2025-03,Large
101156,2025-10-08,CUST01156,Mansoura,Delta,Desk,Furniture,4,6660.0,0,26640.0,26640.0,2025-10,Large
101157,2025-05-21,CUST01157,Tanta,Unknown,Headphones,Electronics,5,1638.0,5,8190.0,7780.5,2025-05,Medium
101158,2025-12-06,CUST01158,Aswan,Unknown,Monitor,Electronics,6,8464.0,10,50784.0,45705.6,2025-12,Large
101159,2025-07-19,CUST01159,Luxor,Unknown,Printer,Office Equipment,7,6324.0,15,44268.0,37627.8,2025-07,Large
101160,2025-02-04,CUST01160,Port Said,Unknown,Notebook Pack,Stationery,8,225.6,20,1804.8,1443.84,2025-02,Medium
101161,2025-09-17,CUST01161,Cairo,Greater Cairo,Laptop,Electronics,9,27075.0,0,243675.0,243675.0,2025-09,Large
101162,2025-04-02,CUST01162,Giza,Greater Cairo,Smartphone,Electronics,10,13920.0,5,139200.0,132240.0,2025-04,Large
101163,2025-11-15,CUST01163,Alexandria,Coastal,Wireless Mouse,Accessories,11,436.5,10,4801.5,4321.35,2025-11,Medium
101164,2025-06-28,CUST01164,Mansoura,Delta,Keyboard,Accessories,12,833.0,15,9996.0,8496.6,2025-06,Medium
101165,2025-01-13,CUST01165,Unknown,Unknown,Office Chair,Furniture,1,5148.0,20,5148.0,4118.4,2025-01,Medium
101166,2025-08-26,CUST01166,Aswan,Unknown,Desk,Furniture,2,7400.0,0,14800.0,14800.0,2025-08,Large
101167,2025-03-11,CUST01167,Luxor,Unknown,Headphones,Electronics,3,1818.0,5,5454.0,5181.3,2025-03,Medium
101168,2025-10-24,CUST01168,Port Said,Unknown,Monitor,Electronics,4,9384.0,10,37536.0,33782.4,2025-10,Large
101169,2025-05-09,CUST01169,Cairo,Greater Cairo,Printer,Office Equipment,5,7004.0,15,35020.0,29767.0,2025-05,Large
101170,2025-12-22,CUST01170,Giza,Greater Cairo,Notebook Pack,Stationery,6,249.6,20,1497.6,1198.08,2025-12,Medium
101171,2025-07-07,CUST01171,Alexandria,Coastal,Laptop,Electronics,7,29925.0,0,209475.0,209475.0,2025-07,Large
101172,2025-02-20,CUST01172,Mansoura,Delta,Smartphone,Electronics,8,15370.0,5,122960.0,116812.0,2025-02,Large
101173,2025-09-05,CUST01173,Tanta,Unknown,Wireless Mouse,Accessories,9,481.5,10,4333.5,3900.15,2025-09,Medium
101174,2025-04-18,CUST01174,Aswan,Unknown,Keyboard,Accessories,10,918.0,15,9180.0,7803.0,2025-04,Medium
101175,2025-11-03,CUST01175,Luxor,Unknown,Office Chair,Furniture,11,5668.0,20,62348.0,49878.4,2025-11,Large
101176,2025-06-16,CUST01176,Port Said,Unknown,Desk,Furniture,12,8140.0,0,97680.0,97680.0,2025-06,Large
101177,2025-01-01,CUST01177,Cairo,Greater Cairo,Headphones,Electronics,1,1620.0,5,1620.0,1539.0,2025-01,Medium
101178,2025-08-14,CUST01178,Giza,Greater Cairo,Monitor,Electronics,2,8372.0,10,16744.0,15069.6,2025-08,Large
101179,2025-03-27,CUST01179,Alexandria,Coastal,Printer,Office Equipment,3,6256.0,15,18768.0,15952.8,2025-03,Large
101180,2025-10-12,CUST01180,Mansoura,Delta,Notebook Pack,Stationery,4,223.2,20,892.8,714.24,2025-10,Small
101181,2025-05-25,CUST01181,Tanta,Unknown,Laptop,Electronics,5,26790.0,0,133950.0,133950.0,2025-05,Large
101182,2025-12-10,CUST01182,Aswan,Unknown,Smartphone,Electronics,6,13775.0,5,82650.0,78517.5,2025-12,Large
101183,2025-07-23,CUST01183,Luxor,Unknown,Wireless Mouse,Accessories,7,432.0,10,3024.0,2721.6,2025-07,Medium
101184,2025-02-08,CUST01184,Port Said,Unknown,Keyboard,Accessories,8,824.5,15,6596.0,5606.6,2025-02,Medium
101185,2025-09-21,CUST01185,Cairo,Greater Cairo,Office Chair,Furniture,9,5096.0,20,45864.0,36691.2,2025-09,Large
101186,2025-04-06,CUST01186,Giza,Greater Cairo,Desk,Furniture,10,7326.0,0,73260.0,73260.0,2025-04,Large
101187,2025-11-19,CUST01187,Alexandria,Coastal,Headphones,Electronics,11,1800.0,5,19800.0,18810.0,2025-11,Large
101188,2025-06-04,CUST01188,Mansoura,Delta,Monitor,Electronics,12,9292.0,10,111504.0,100353.6,2025-06,Large
101189,2025-01-17,CUST01189,Tanta,Unknown,Printer,Office Equipment,1,6936.0,15,6936.0,5895.6,2025-01,Medium
101190,2025-08-02,CUST01190,Aswan,Unknown,Notebook Pack,Stationery,2,247.2,20,494.4,395.52,2025-08,Small
101191,2025-03-15,CUST01191,Luxor,Unknown,Laptop,Electronics,3,29640.0,0,88920.0,88920.0,2025-03,Large
101192,2025-10-28,CUST01192,Port Said,Unknown,Smartphone,Electronics,4,15225.0,5,60900.0,57855.0,2025-10,Large
101193,2025-05-13,CUST01193,Cairo,Greater Cairo,Wireless Mouse,Accessories,5,477.0,10,2385.0,2146.5,2025-05,Medium
101194,2025-12-26,CUST01194,Giza,Greater Cairo,Keyboard,Accessories,6,909.5,15,5457.0,4638.45,2025-12,Medium
101195,2025-07-11,CUST01195,Alexandria,Coastal,Office Chair,Furniture,7,5616.0,20,39312.0,31449.6,2025-07,Large
101196,2025-02-24,CUST01196,Mansoura,Delta,Desk,Furniture,8,8066.0,0,64528.0,64528.0,2025-02,Large
101197,2025-09-09,CUST01197,Tanta,Unknown,Headphones,Electronics,9,1980.0,5,17820.0,16929.0,2025-09,Large
101198,2025-04-22,CUST01198,Aswan,Unknown,Monitor,Electronics,10,8280.0,10,82800.0,74520.0,2025-04,Large
101199,2025-11-07,CUST01199,Luxor,Unknown,Printer,Office Equipment,11,6188.0,15,68068.0,57857.8,2025-11,Large
101200,2025-06-20,CUST01200,Port Said,Unknown,Notebook Pack,Stationery,12,220.8,20,2649.6,2119.68,2025-06,Medium
101201,2025-01-05,CUST01201,Cairo,Greater Cairo,Laptop,Electronics,1,26505.0,0,26505.0,26505.0,2025-01,Large
101202,2025-08-18,CUST01202,Giza,Greater Cairo,Smartphone,Electronics,2,13630.0,5,27260.0,25897.0,2025-08,Large
101203,2025-03-03,CUST01203,Alexandria,Coastal,Wireless Mouse,Accessories,3,427.5,10,1282.5,1154.25,2025-03,Medium
101204,2025-10-16,CUST01204,Mansoura,Delta,Keyboard,Accessories,4,816.0,15,3264.0,2774.4,2025-10,Medium
101205,2025-05-01,CUST01205,Tanta,Unknown,Office Chair,Furniture,5,5044.0,20,25220.0,20176.0,2025-05,Large
101206,2025-12-14,CUST01206,Aswan,Unknown,Desk,Furniture,6,7252.0,0,43512.0,43512.0,2025-12,Large
101207,2025-07-27,CUST01207,Luxor,Unknown,Headphones,Electronics,7,1782.0,5,12474.0,11850.3,2025-07,Large
101208,2025-02-12,CUST01208,Port Said,Unknown,Monitor,Electronics,8,9200.0,10,73600.0,66240.0,2025-02,Large
101209,2025-09-25,CUST01209,Cairo,Greater Cairo,Printer,Office Equipment,9,6868.0,15,61812.0,52540.2,2025-09,Large
101210,2025-04-10,CUST01210,Giza,Greater Cairo,Notebook Pack,Stationery,10,244.8,20,2448.0,1958.4,2025-04,Medium
101211,2025-11-23,CUST01211,Alexandria,Coastal,Laptop,Electronics,11,29355.0,0,322905.0,322905.0,2025-11,Large
101212,2025-06-08,CUST01212,Mansoura,Delta,Smartphone,Electronics,12,15080.0,5,180960.0,171912.0,2025-06,Large
101213,2025-01-21,CUST01213,Tanta,Unknown,Wireless Mouse,Accessories,1,472.5,10,472.5,425.25,2025-01,Small
101214,2025-08-06,CUST01214,Aswan,Unknown,Keyboard,Accessories,2,901.0,15,1802.0,1531.7,2025-08,Medium
101215,2025-03-19,CUST01215,Luxor,Unknown,Office Chair,Furniture,3,5564.0,20,16692.0,13353.6,2025-03,Large
101216,2025-10-04,CUST01216,Port Said,Unknown,Desk,Furniture,4,7992.0,0,31968.0,31968.0,2025-10,Large
101217,2025-05-17,CUST01217,Cairo,Greater Cairo,Headphones,Electronics,5,1962.0,5,9810.0,9319.5,2025-05,Medium
101218,2025-12-02,CUST01218,Giza,Greater Cairo,Monitor,Electronics,6,10120.0,10,60720.0,54648.0,2025-12,Large
101219,2025-07-15,CUST01219,Alexandria,Coastal,Printer,Office Equipment,7,6120.0,15,42840.0,36414.0,2025-07,Large
101220,2025-02-28,CUST01220,Mansoura,Delta,Notebook Pack,Stationery,8,218.4,20,1747.2,1397.76,2025-02,Medium
101221,2025-09-13,CUST01221,Tanta,Unknown,Laptop,Electronics,9,26220.0,0,235980.0,235980.0,2025-09,Large
101222,2025-04-26,CUST01222,Aswan,Unknown,Smartphone,Electronics,10,13485.0,5,134850.0,128107.5,2025-04,Large
101223,2025-11-11,CUST01223,Luxor,Unknown,Wireless Mouse,Accessories,11,423.0,10,4653.0,4187.7,2025-11,Medium
101224,2025-06-24,CUST01224,Port Said,Unknown,Keyboard,Accessories,12,807.5,15,9690.0,8236.5,2025-06,Medium
101225,2025-01-09,CUST01225,Cairo,Greater Cairo,Office Chair,Furniture,1,4992.0,20,4992.0,3993.6,2025-01,Medium
101226,2025-08-22,CUST01226,Giza,Greater Cairo,Desk,Furniture,2,7178.0,0,14356.0,14356.0,2025-08,Large
101227,2025-03-07,CUST01227,Alexandria,Coastal,Headphones,Electronics,3,1764.0,5,5292.0,5027.4,2025-03,Medium
101228,2025-10-20,CUST01228,Mansoura,Delta,Monitor,Electronics,4,9108.0,10,36432.0,32788.8,2025-10,Large
101229,2025-05-05,CUST01229,Tanta,Unknown,Printer,Office Equipment,5,6800.0,15,34000.0,28900.0,2025-05,Large
101230,2025-12-18,CUST01230,Aswan,Unknown,Notebook Pack,Stationery,6,242.4,20,1454.4,1163.52,2025-12,Medium
101231,2025-07-03,CUST01231,Luxor,Unknown,Laptop,Electronics,7,29070.0,0,203490.0,203490.0,2025-07,Large
101232,2025-02-16,CUST01232,Port Said,Unknown,Smartphone,Electronics,8,14935.0,5,119480.0,113506.0,2025-02,Large
101233,2025-09-01,CUST01233,Cairo,Greater Cairo,Wireless Mouse,Accessories,9,468.0,10,4212.0,3790.8,2025-09,Medium
101234,2025-04-14,CUST01234,Giza,Greater Cairo,Keyboard,Accessories,10,892.5,15,8925.0,7586.25,2025-04,Medium
101235,2025-11-27,CUST01235,Alexandria,Coastal,Office Chair,Furniture,11,5512.0,20,60632.0,48505.6,2025-11,Large
101236,2025-06-12,CUST01236,Mansoura,Delta,Desk,Furniture,12,7918.0,0,95016.0,95016.0,2025-06,Large
101237,2025-01-25,CUST01237,Tanta,Unknown,Headphones,Electronics,1,1944.0,5,1944.0,1846.8,2025-01,Medium
101238,2025-08-10,CUST01238,Aswan,Unknown,Monitor,Electronics,2,10028.0,10,20056.0,18050.4,2025-08,Large
101239,2025-03-23,CUST01239,Luxor,Unknown,Printer,Office Equipment,3,7480.0,15,22440.0,19074.0,2025-03,Large
101240,2025-10-08,CUST01240,Port Said,Unknown,Notebook Pack,Stationery,4,216.0,20,864.0,691.2,2025-10,Small
101241,2025-05-21,CUST01241,Cairo,Greater Cairo,Laptop,Electronics,5,25935.0,0,129675.0,129675.0,2025-05,Large
101242,2025-12-06,CUST01242,Giza,Greater Cairo,Smartphone,Electronics,6,13340.0,5,80040.0,76038.0,2025-12,Large
101243,2025-07-19,CUST01243,Alexandria,Coastal,Wireless Mouse,Accessories,7,418.5,10,2929.5,2636.55,2025-07,Medium
101244,2025-02-04,CUST01244,Mansoura,Delta,Keyboard,Accessories,8,799.0,15,6392.0,5433.2,2025-02,Medium
101245,2025-09-17,CUST01245,Tanta,Unknown,Office Chair,Furniture,9,4940.0,20,44460.0,35568.0,2025-09,Large
101246,2025-04-02,CUST01246,Aswan,Unknown,Desk,Furniture,10,7104.0,0,71040.0,71040.0,2025-04,Large
101247,2025-11-15,CUST01247,Luxor,Unknown,Headphones,Electronics,11,1746.0,5,19206.0,18245.7,2025-11,Large
101248,2025-06-28,CUST01248,Port Said,Unknown,Monitor,Electronics,12,9016.0,10,108192.0,97372.8,2025-06,Large
101249,2025-01-13,CUST01249,Cairo,Greater Cairo,Printer,Office Equipment,1,6732.0,15,6732.0,5722.2,2025-01,Medium
101250,2025-08-26,CUST01250,Giza,Greater Cairo,Notebook Pack,Stationery,2,240.0,20,480.0,384.0,2025-08,Small
101251,2025-03-11,CUST01251,Alexandria,Coastal,Laptop,Electronics,3,28785.0,0,86355.0,86355.0,2025-03,Large
101252,2025-10-24,CUST01252,Mansoura,Delta,Smartphone,Electronics,4,14790.0,5,59160.0,56202.0,2025-10,Large
101253,2025-05-09,CUST01253,Tanta,Unknown,Wireless Mouse,Accessories,5,463.5,10,2317.5,2085.75,2025-05,Medium
101254,2025-12-22,CUST01254,Aswan,Unknown,Keyboard,Accessories,6,884.0,15,5304.0,4508.4,2025-12,Medium
101255,2025-07-07,CUST01255,Luxor,Unknown,Office Chair,Furniture,7,5460.0,20,38220.0,30576.0,2025-07,Large
101256,2025-02-20,CUST01256,Port Said,Unknown,Desk,Furniture,8,7844.0,0,62752.0,62752.0,2025-02,Large
101257,2025-09-05,CUST01257,Cairo,Greater Cairo,Headphones,Electronics,9,1926.0,5,17334.0,16467.3,2025-09,Large
101258,2025-04-18,CUST01258,Giza,Greater Cairo,Monitor,Electronics,10,9936.0,10,99360.0,89424.0,2025-04,Large
101259,2025-11-03,CUST01259,Alexandria,Coastal,Printer,Office Equipment,11,7412.0,15,81532.0,69302.2,2025-11,Large
101260,2025-06-16,CUST01260,Mansoura,Delta,Notebook Pack,Stationery,12,264.0,20,3168.0,2534.4,2025-06,Medium
101261,2025-01-01,CUST01261,Tanta,Unknown,Laptop,Electronics,1,25650.0,0,25650.0,25650.0,2025-01,Large
101262,2025-08-14,CUST01262,Unknown,Unknown,Smartphone,Electronics,2,13195.0,5,26390.0,25070.5,2025-08,Large
101263,2025-03-27,CUST01263,Luxor,Unknown,Wireless Mouse,Accessories,3,414.0,10,1242.0,1117.8,2025-03,Medium
101264,2025-10-12,CUST01264,Port Said,Unknown,Keyboard,Accessories,4,790.5,15,3162.0,2687.7,2025-10,Medium
101265,2025-05-25,CUST01265,Cairo,Greater Cairo,Office Chair,Furniture,5,4888.0,20,24440.0,19552.0,2025-05,Large
101266,2025-12-10,CUST01266,Giza,Greater Cairo,Desk,Furniture,6,7030.0,0,42180.0,42180.0,2025-12,Large
101267,2025-07-23,CUST01267,Alexandria,Coastal,Headphones,Electronics,7,1728.0,5,12096.0,11491.2,2025-07,Large
101268,2025-02-08,CUST01268,Mansoura,Delta,Monitor,Electronics,8,8924.0,0,71392.0,71392.0,2025-02,Large
101269,2025-09-21,CUST01269,Tanta,Unknown,Printer,Office Equipment,9,6664.0,15,59976.0,50979.6,2025-09,Large
101270,2025-04-06,CUST01270,Aswan,Unknown,Notebook Pack,Stationery,10,237.6,20,2376.0,1900.8,2025-04,Medium
101271,2025-11-19,CUST01271,Luxor,Unknown,Laptop,Electronics,11,28500.0,0,313500.0,313500.0,2025-11,Large
101272,2025-06-04,CUST01272,Port Said,Unknown,Smartphone,Electronics,12,14645.0,5,175740.0,166953.0,2025-06,Large
101273,2025-01-17,CUST01273,Cairo,Greater Cairo,Wireless Mouse,Accessories,1,459.0,10,459.0,413.1,2025-01,Small
101274,2025-08-02,CUST01274,Giza,Greater Cairo,Keyboard,Accessories,2,875.5,15,1751.0,1488.35,2025-08,Medium
101275,2025-03-15,CUST01275,Alexandria,Coastal,Office Chair,Furniture,3,5408.0,20,16224.0,12979.2,2025-03,Large
101276,2025-10-28,CUST01276,Mansoura,Delta,Desk,Furniture,4,7770.0,0,31080.0,31080.0,2025-10,Large
101277,2025-05-13,CUST01277,Tanta,Unknown,Headphones,Electronics,5,1908.0,5,9540.0,9063.0,2025-05,Medium
101278,2025-12-26,CUST01278,Aswan,Unknown,Monitor,Electronics,6,9844.0,10,59064.0,53157.6,2025-12,Large
101279,2025-07-11,CUST01279,Luxor,Unknown,Printer,Office Equipment,7,7344.0,15,51408.0,43696.8,2025-07,Large
101280,2025-02-24,CUST01280,Port Said,Unknown,Notebook Pack,Stationery,8,261.6,20,2092.8,1674.24,2025-02,Medium
101281,2025-09-09,CUST01281,Cairo,Greater Cairo,Laptop,Electronics,9,31350.0,0,282150.0,282150.0,2025-09,Large
101282,2025-04-22,CUST01282,Giza,Greater Cairo,Smartphone,Electronics,10,13050.0,5,130500.0,123975.0,2025-04,Large
101283,2025-11-07,CUST01283,Alexandria,Coastal,Wireless Mouse,Accessories,11,409.5,10,4504.5,4054.05,2025-11,Medium
101284,2025-06-20,CUST01284,Mansoura,Delta,Keyboard,Accessories,12,782.0,15,9384.0,7976.4,2025-06,Medium
101285,2025-01-05,CUST01285,Tanta,Unknown,Office Chair,Furniture,1,4836.0,20,4836.0,3868.8,2025-01,Medium
101286,2025-08-18,CUST01286,Aswan,Unknown,Desk,Furniture,2,6956.0,0,13912.0,13912.0,2025-08,Large
101287,2025-03-03,CUST01287,Luxor,Unknown,Headphones,Electronics,3,1710.0,5,5130.0,4873.5,2025-03,Medium
101288,2025-10-16,CUST01288,Port Said,Unknown,Monitor,Electronics,4,8832.0,10,35328.0,31795.2,2025-10,Large
101289,2025-05-01,CUST01289,Cairo,Greater Cairo,Printer,Office Equipment,5,6596.0,15,32980.0,28033.0,2025-05,Large
101290,2025-12-14,CUST01290,Giza,Greater Cairo,Notebook Pack,Stationery,6,235.2,20,1411.2,1128.96,2025-12,Medium
101291,2025-07-27,CUST01291,Alexandria,Coastal,Laptop,Electronics,7,28215.0,0,197505.0,197505.0,2025-07,Large
101292,2025-02-12,CUST01292,Mansoura,Delta,Smartphone,Electronics,8,14500.0,5,116000.0,110200.0,2025-02,Large
101293,2025-09-25,CUST01293,Tanta,Unknown,Wireless Mouse,Accessories,9,454.5,10,4090.5,3681.45,2025-09,Medium
101294,2025-04-10,CUST01294,Aswan,Unknown,Keyboard,Accessories,10,867.0,15,8670.0,7369.5,2025-04,Medium
101295,2025-11-23,CUST01295,Luxor,Unknown,Office Chair,Furniture,11,5356.0,20,58916.0,47132.8,2025-11,Large
101296,2025-06-08,CUST01296,Port Said,Unknown,Desk,Furniture,12,7696.0,0,92352.0,92352.0,2025-06,Large
101297,2025-01-21,CUST01297,Cairo,Greater Cairo,Headphones,Electronics,1,1890.0,5,1890.0,1795.5,2025-01,Medium
101298,2025-08-06,CUST01298,Giza,Greater Cairo,Monitor,Electronics,2,9752.0,10,19504.0,17553.6,2025-08,Large
101299,2025-03-19,CUST01299,Alexandria,Coastal,Printer,Office Equipment,3,7276.0,15,21828.0,18553.8,2025-03,Large
101300,2025-10-04,CUST01300,Mansoura,Delta,Notebook Pack,Stationery,4,259.2,20,1036.8,829.44,2025-10,Small
101301,2025-05-17,CUST01301,Tanta,Unknown,Laptop,Electronics,5,31065.0,0,155325.0,155325.0,2025-05,Large
101302,2025-12-02,CUST01302,Aswan,Unknown,Smartphone,Electronics,6,15950.0,5,95700.0,90915.0,2025-12,Large
101303,2025-07-15,CUST01303,Luxor,Unknown,Wireless Mouse,Accessories,7,405.0,10,2835.0,2551.5,2025-07,Medium
101304,2025-02-28,CUST01304,Port Said,Unknown,Keyboard,Accessories,8,773.5,15,6188.0,5259.8,2025-02,Medium
101305,2025-09-13,CUST01305,Cairo,Greater Cairo,Office Chair,Furniture,9,4784.0,20,43056.0,34444.8,2025-09,Large
101306,2025-04-26,CUST01306,Giza,Greater Cairo,Desk,Furniture,10,6882.0,0,68820.0,68820.0,2025-04,Large
101307,2025-11-11,CUST01307,Alexandria,Coastal,Headphones,Electronics,11,1692.0,5,18612.0,17681.4,2025-11,Large
101308,2025-06-24,CUST01308,Mansoura,Delta,Monitor,Electronics,12,8740.0,10,104880.0,94392.0,2025-06,Large
101309,2025-01-09,CUST01309,Tanta,Unknown,Printer,Office Equipment,1,6528.0,15,6528.0,5548.8,2025-01,Medium
101310,2025-08-22,CUST01310,Aswan,Unknown,Notebook Pack,Stationery,2,232.8,20,465.6,372.48,2025-08,Small
101311,2025-03-07,CUST01311,Luxor,Unknown,Laptop,Electronics,3,27930.0,0,83790.0,83790.0,2025-03,Large
101312,2025-10-20,CUST01312,Port Said,Unknown,Smartphone,Electronics,4,14355.0,5,57420.0,54549.0,2025-10,Large
101313,2025-05-05,CUST01313,Cairo,Greater Cairo,Wireless Mouse,Accessories,5,450.0,10,2250.0,2025.0,2025-05,Medium
101314,2025-12-18,CUST01314,Giza,Greater Cairo,Keyboard,Accessories,6,858.5,15,5151.0,4378.35,2025-12,Medium
101315,2025-07-03,CUST01315,Alexandria,Coastal,Office Chair,Furniture,7,5304.0,20,37128.0,29702.4,2025-07,Large
101316,2025-02-16,CUST01316,Mansoura,Delta,Desk,Furniture,8,7622.0,0,60976.0,60976.0,2025-02,Large
101317,2025-09-01,CUST01317,Tanta,Unknown,Headphones,Electronics,9,1872.0,5,16848.0,16005.6,2025-09,Large
101318,2025-04-14,CUST01318,Aswan,Unknown,Monitor,Electronics,10,9660.0,10,96600.0,86940.0,2025-04,Large
101319,2025-11-27,CUST01319,Luxor,Unknown,Printer,Office Equipment,11,7208.0,15,79288.0,67394.8,2025-11,Large
101320,2025-06-12,CUST01320,Port Said,Unknown,Notebook Pack,Stationery,12,256.8,20,3081.6,2465.28,2025-06,Medium
101321,2025-01-25,CUST01321,Cairo,Greater Cairo,Laptop,Electronics,1,30780.0,0,30780.0,30780.0,2025-01,Large
101322,2025-08-10,CUST01322,Giza,Greater Cairo,Smartphone,Electronics,2,15805.0,5,31610.0,30029.5,2025-08,Large
101323,2025-03-23,CUST01323,Alexandria,Coastal,Wireless Mouse,Accessories,3,495.0,10,1485.0,1336.5,2025-03,Medium
101324,2025-10-08,CUST01324,Mansoura,Delta,Keyboard,Accessories,4,765.0,15,3060.0,2601.0,2025-10,Medium
101325,2025-05-21,CUST01325,Tanta,Unknown,Office Chair,Furniture,5,4732.0,20,23660.0,18928.0,2025-05,Large
101326,2025-12-06,CUST01326,Aswan,Unknown,Desk,Furniture,6,6808.0,0,40848.0,40848.0,2025-12,Large
101327,2025-07-19,CUST01327,Luxor,Unknown,Headphones,Electronics,7,1674.0,5,11718.0,11132.1,2025-07,Large
101328,2025-02-04,CUST01328,Port Said,Unknown,Monitor,Electronics,8,8648.0,10,69184.0,62265.6,2025-02,Large
101329,2025-09-17,CUST01329,Cairo,Greater Cairo,Printer,Office Equipment,9,6460.0,15,58140.0,49419.0,2025-09,Large
101330,2025-04-02,CUST01330,Giza,Greater Cairo,Notebook Pack,Stationery,10,230.4,20,2304.0,1843.2,2025-04,Medium
101331,2025-11-15,CUST01331,Alexandria,Coastal,Laptop,Electronics,11,27645.0,0,304095.0,304095.0,2025-11,Large
101332,2025-06-28,CUST01332,Mansoura,Delta,Smartphone,Electronics,12,14210.0,5,170520.0,161994.0,2025-06,Large
101333,2025-01-13,CUST01333,Tanta,Unknown,Wireless Mouse,Accessories,1,445.5,10,445.5,400.95,2025-01,Small
101334,2025-08-26,CUST01334,Aswan,Unknown,Keyboard,Accessories,2,850.0,15,1700.0,1445.0,2025-08,Medium
101335,2025-03-11,CUST01335,Luxor,Unknown,Office Chair,Furniture,3,5252.0,20,15756.0,12604.8,2025-03,Large
101336,2025-10-24,CUST01336,Port Said,Unknown,Desk,Furniture,4,7548.0,0,30192.0,30192.0,2025-10,Large
101337,2025-05-09,CUST01337,Cairo,Greater Cairo,Headphones,Electronics,5,1854.0,5,9270.0,8806.5,2025-05,Medium
101338,2025-12-22,CUST01338,Giza,Greater Cairo,Monitor,Electronics,6,9568.0,10,57408.0,51667.2,2025-12,Large
101339,2025-07-07,CUST01339,Alexandria,Coastal,Printer,Office Equipment,7,7140.0,15,49980.0,42483.0,2025-07,Large
101340,2025-02-20,CUST01340,Mansoura,Delta,Notebook Pack,Stationery,8,254.4,20,2035.2,1628.16,2025-02,Medium
101341,2025-09-05,CUST01341,Tanta,Unknown,Laptop,Electronics,9,30495.0,0,274455.0,274455.0,2025-09,Large
101342,2025-04-18,CUST01342,Aswan,Unknown,Smartphone,Electronics,10,15660.0,5,156600.0,148770.0,2025-04,Large
101343,2025-11-03,CUST01343,Luxor,Unknown,Wireless Mouse,Accessories,11,490.5,10,5395.5,4855.95,2025-11,Medium
101344,2025-06-16,CUST01344,Port Said,Unknown,Keyboard,Accessories,12,935.0,15,11220.0,9537.0,2025-06,Medium
101345,2025-01-01,CUST01345,Cairo,Greater Cairo,Office Chair,Furniture,1,4680.0,20,4680.0,3744.0,2025-01,Medium
101346,2025-08-14,CUST01346,Giza,Greater Cairo,Desk,Furniture,2,6734.0,0,13468.0,13468.0,2025-08,Large
101347,2025-03-27,CUST01347,Alexandria,Coastal,Headphones,Electronics,3,1656.0,5,4968.0,4719.6,2025-03,Medium
101348,2025-10-12,CUST01348,Mansoura,Delta,Monitor,Electronics,4,8556.0,10,34224.0,30801.6,2025-10,Large
101349,2025-05-25,CUST01349,Tanta,Unknown,Printer,Office Equipment,5,6392.0,15,31960.0,27166.0,2025-05,Large
101350,2025-12-10,CUST01350,Aswan,Unknown,Notebook Pack,Stationery,6,228.0,20,1368.0,1094.4,2025-12,Medium
101351,2025-07-23,CUST01351,Luxor,Unknown,Laptop,Electronics,7,27360.0,0,191520.0,191520.0,2025-07,Large
101352,2025-02-08,CUST01352,Port Said,Unknown,Smartphone,Electronics,8,14065.0,5,112520.0,106894.0,2025-02,Large
101353,2025-09-21,CUST01353,Cairo,Greater Cairo,Wireless Mouse,Accessories,9,441.0,10,3969.0,3572.1,2025-09,Medium
101354,2025-04-06,CUST01354,Giza,Greater Cairo,Keyboard,Accessories,10,841.5,15,8415.0,7152.75,2025-04,Medium
101355,2025-11-19,CUST01355,Alexandria,Coastal,Office Chair,Furniture,11,5200.0,20,57200.0,45760.0,2025-11,Large
101356,2025-06-04,CUST01356,Mansoura,Delta,Desk,Furniture,12,7474.0,0,89688.0,89688.0,2025-06,Large
101357,2025-01-17,CUST01357,Tanta,Unknown,Headphones,Electronics,1,1836.0,5,1836.0,1744.2,2025-01,Medium
101358,2025-08-02,CUST01358,Aswan,Unknown,Monitor,Electronics,2,9476.0,10,18952.0,17056.8,2025-08,Large
101359,2025-03-15,CUST01359,Unknown,Unknown,Printer,Office Equipment,3,7072.0,15,21216.0,18033.6,2025-03,Large
101360,2025-10-28,CUST01360,Port Said,Unknown,Notebook Pack,Stationery,4,252.0,20,1008.0,806.4,2025-10,Small
101361,2025-05-13,CUST01361,Cairo,Greater Cairo,Laptop,Electronics,5,30210.0,0,151050.0,151050.0,2025-05,Large
101362,2025-12-26,CUST01362,Giza,Greater Cairo,Smartphone,Electronics,6,15515.0,5,93090.0,88435.5,2025-12,Large
101363,2025-07-11,CUST01363,Alexandria,Coastal,Wireless Mouse,Accessories,7,486.0,10,3402.0,3061.8,2025-07,Medium
101364,2025-02-24,CUST01364,Mansoura,Delta,Keyboard,Accessories,8,926.5,15,7412.0,6300.2,2025-02,Medium
101365,2025-09-09,CUST01365,Tanta,Unknown,Office Chair,Furniture,9,5720.0,20,51480.0,41184.0,2025-09,Large
101366,2025-04-22,CUST01366,Aswan,Unknown,Desk,Furniture,10,6660.0,0,66600.0,66600.0,2025-04,Large
101367,2025-11-07,CUST01367,Luxor,Unknown,Headphones,Electronics,11,1638.0,5,18018.0,17117.1,2025-11,Large
101368,2025-06-20,CUST01368,Port Said,Unknown,Monitor,Electronics,12,8464.0,10,101568.0,91411.2,2025-06,Large
101369,2025-01-05,CUST01369,Cairo,Greater Cairo,Printer,Office Equipment,1,6324.0,15,6324.0,5375.4,2025-01,Medium
101370,2025-08-18,CUST01370,Giza,Greater Cairo,Notebook Pack,Stationery,2,225.6,20,451.2,360.96,2025-08,Small
101371,2025-03-03,CUST01371,Alexandria,Coastal,Laptop,Electronics,3,27075.0,0,81225.0,81225.0,2025-03,Large
101372,2025-10-16,CUST01372,Mansoura,Delta,Smartphone,Electronics,4,13920.0,5,55680.0,52896.0,2025-10,Large
101373,2025-05-01,CUST01373,Tanta,Unknown,Wireless Mouse,Accessories,5,436.5,10,2182.5,1964.25,2025-05,Medium
101374,2025-12-14,CUST01374,Aswan,Unknown,Keyboard,Accessories,6,833.0,15,4998.0,4248.3,2025-12,Medium
101375,2025-07-27,CUST01375,Luxor,Unknown,Office Chair,Furniture,7,5148.0,20,36036.0,28828.8,2025-07,Large
101376,2025-02-12,CUST01376,Port Said,Unknown,Desk,Furniture,8,7400.0,0,59200.0,59200.0,2025-02,Large
101377,2025-09-25,CUST01377,Cairo,Greater Cairo,Headphones,Electronics,9,1818.0,5,16362.0,15543.9,2025-09,Large
101378,2025-04-10,CUST01378,Giza,Greater Cairo,Monitor,Electronics,10,9384.0,10,93840.0,84456.0,2025-04,Large
101379,2025-11-23,CUST01379,Alexandria,Coastal,Printer,Office Equipment,11,7004.0,15,77044.0,65487.4,2025-11,Large
101380,2025-06-08,CUST01380,Mansoura,Delta,Notebook Pack,Stationery,12,249.6,20,2995.2,2396.16,2025-06,Medium
101381,2025-01-21,CUST01381,Tanta,Unknown,Laptop,Electronics,1,29925.0,0,29925.0,29925.0,2025-01,Large
101382,2025-08-06,CUST01382,Aswan,Unknown,Smartphone,Electronics,2,15370.0,5,30740.0,29203.0,2025-08,Large
101383,2025-03-19,CUST01383,Luxor,Unknown,Wireless Mouse,Accessories,3,481.5,10,1444.5,1300.05,2025-03,Medium
101384,2025-10-04,CUST01384,Port Said,Unknown,Keyboard,Accessories,4,918.0,15,3672.0,3121.2,2025-10,Medium
101385,2025-05-17,CUST01385,Cairo,Greater Cairo,Office Chair,Furniture,5,5668.0,20,28340.0,22672.0,2025-05,Large
101386,2025-12-02,CUST01386,Giza,Greater Cairo,Desk,Furniture,6,8140.0,0,48840.0,48840.0,2025-12,Large
101387,2025-07-15,CUST01387,Alexandria,Coastal,Headphones,Electronics,7,1620.0,5,11340.0,10773.0,2025-07,Large
101388,2025-02-28,CUST01388,Mansoura,Delta,Monitor,Electronics,8,8372.0,10,66976.0,60278.4,2025-02,Large
101389,2025-09-13,CUST01389,Tanta,Unknown,Printer,Office Equipment,9,6256.0,15,56304.0,47858.4,2025-09,Large
101390,2025-04-26,CUST01390,Aswan,Unknown,Notebook Pack,Stationery,10,223.2,20,2232.0,1785.6,2025-04,Medium
101391,2025-11-11,CUST01391,Luxor,Unknown,Laptop,Electronics,11,26790.0,0,294690.0,294690.0,2025-11,Large
101392,2025-06-24,CUST01392,Port Said,Unknown,Smartphone,Electronics,12,13775.0,5,165300.0,157035.0,2025-06,Large
101393,2025-01-09,CUST01393,Cairo,Greater Cairo,Wireless Mouse,Accessories,1,432.0,10,432.0,388.8,2025-01,Small
101394,2025-08-22,CUST01394,Giza,Greater Cairo,Keyboard,Accessories,2,824.5,15,1649.0,1401.65,2025-08,Medium
101395,2025-03-07,CUST01395,Alexandria,Coastal,Office Chair,Furniture,3,5096.0,20,15288.0,12230.4,2025-03,Large
101396,2025-10-20,CUST01396,Mansoura,Delta,Desk,Furniture,4,7326.0,0,29304.0,29304.0,2025-10,Large
101397,2025-05-05,CUST01397,Tanta,Unknown,Headphones,Electronics,5,1800.0,5,9000.0,8550.0,2025-05,Medium
101398,2025-12-18,CUST01398,Aswan,Unknown,Monitor,Electronics,6,9292.0,10,55752.0,50176.8,2025-12,Large
101399,2025-07-03,CUST01399,Luxor,Unknown,Printer,Office Equipment,7,6936.0,15,48552.0,41269.2,2025-07,Large
101400,2025-02-16,CUST01400,Port Said,Unknown,Notebook Pack,Stationery,8,247.2,20,1977.6,1582.08,2025-02,Medium
101401,2025-09-01,CUST01401,Cairo,Greater Cairo,Laptop,Electronics,9,29640.0,0,266760.0,266760.0,2025-09,Large
101402,2025-04-14,CUST01402,Giza,Greater Cairo,Smartphone,Electronics,10,15225.0,5,152250.0,144637.5,2025-04,Large
101403,2025-11-27,CUST01403,Alexandria,Coastal,Wireless Mouse,Accessories,11,477.0,10,5247.0,4722.3,2025-11,Medium
101404,2025-06-12,CUST01404,Mansoura,Delta,Keyboard,Accessories,12,909.5,15,10914.0,9276.9,2025-06,Medium
101405,2025-01-25,CUST01405,Tanta,Unknown,Office Chair,Furniture,1,5616.0,20,5616.0,4492.8,2025-01,Medium
101406,2025-08-10,CUST01406,Aswan,Unknown,Desk,Furniture,2,8066.0,0,16132.0,16132.0,2025-08,Large
101407,2025-03-23,CUST01407,Luxor,Unknown,Headphones,Electronics,3,1980.0,5,5940.0,5643.0,2025-03,Medium
101408,2025-10-08,CUST01408,Port Said,Unknown,Monitor,Electronics,4,8280.0,10,33120.0,29808.0,2025-10,Large
101409,2025-05-21,CUST01409,Cairo,Greater Cairo,Printer,Office Equipment,5,6188.0,15,30940.0,26299.0,2025-05,Large
101410,2025-12-06,CUST01410,Giza,Greater Cairo,Notebook Pack,Stationery,6,220.8,20,1324.8,1059.84,2025-12,Medium
101411,2025-07-19,CUST01411,Alexandria,Coastal,Laptop,Electronics,7,26505.0,0,185535.0,185535.0,2025-07,Large
101412,2025-02-04,CUST01412,Mansoura,Delta,Smartphone,Electronics,8,13630.0,5,109040.0,103588.0,2025-02,Large
101413,2025-09-17,CUST01413,Tanta,Unknown,Wireless Mouse,Accessories,9,427.5,10,3847.5,3462.75,2025-09,Medium
101414,2025-04-02,CUST01414,Aswan,Unknown,Keyboard,Accessories,10,816.0,15,8160.0,6936.0,2025-04,Medium
101415,2025-11-15,CUST01415,Luxor,Unknown,Office Chair,Furniture,11,5044.0,20,55484.0,44387.2,2025-11,Large
101416,2025-06-28,CUST01416,Port Said,Unknown,Desk,Furniture,12,7252.0,0,87024.0,87024.0,2025-06,Large
101417,2025-01-13,CUST01417,Cairo,Greater Cairo,Headphones,Electronics,1,1782.0,5,1782.0,1692.9,2025-01,Medium
101418,2025-08-26,CUST01418,Giza,Greater Cairo,Monitor,Electronics,2,9200.0,10,18400.0,16560.0,2025-08,Large
101419,2025-03-11,CUST01419,Alexandria,Coastal,Printer,Office Equipment,3,6868.0,15,20604.0,17513.4,2025-03,Large
101420,2025-10-24,CUST01420,Mansoura,Delta,Notebook Pack,Stationery,4,244.8,20,979.2,783.36,2025-10,Small
101421,2025-05-09,CUST01421,Tanta,Unknown,Laptop,Electronics,5,29355.0,0,146775.0,146775.0,2025-05,Large
101422,2025-12-22,CUST01422,Aswan,Unknown,Smartphone,Electronics,6,15080.0,5,90480.0,85956.0,2025-12,Large
101423,2025-07-07,CUST01423,Luxor,Unknown,Wireless Mouse,Accessories,7,472.5,10,3307.5,2976.75,2025-07,Medium
101424,2025-02-20,CUST01424,Port Said,Unknown,Keyboard,Accessories,8,901.0,15,7208.0,6126.8,2025-02,Medium
101425,2025-09-05,CUST01425,Cairo,Greater Cairo,Office Chair,Furniture,9,5564.0,20,50076.0,40060.8,2025-09,Large
101426,2025-04-18,CUST01426,Giza,Greater Cairo,Desk,Furniture,10,7992.0,0,79920.0,79920.0,2025-04,Large
101427,2025-11-03,CUST01427,Alexandria,Coastal,Headphones,Electronics,11,1962.0,5,21582.0,20502.9,2025-11,Large
101428,2025-06-16,CUST01428,Mansoura,Delta,Monitor,Electronics,12,10120.0,10,121440.0,109296.0,2025-06,Large
101429,2025-01-01,CUST01429,Tanta,Unknown,Printer,Office Equipment,1,6120.0,15,6120.0,5202.0,2025-01,Medium
101430,2025-08-14,CUST01430,Aswan,Unknown,Notebook Pack,Stationery,2,218.4,20,436.8,349.44,2025-08,Small
101431,2025-03-27,CUST01431,Luxor,Unknown,Laptop,Electronics,3,26220.0,0,78660.0,78660.0,2025-03,Large
101432,2025-10-12,CUST01432,Port Said,Unknown,Smartphone,Electronics,4,13485.0,5,53940.0,51243.0,2025-10,Large
101433,2025-05-25,CUST01433,Cairo,Greater Cairo,Wireless Mouse,Accessories,5,423.0,10,2115.0,1903.5,2025-05,Medium
101434,2025-12-10,CUST01434,Giza,Greater Cairo,Keyboard,Accessories,6,807.5,15,4845.0,4118.25,2025-12,Medium
101435,2025-07-23,CUST01435,Alexandria,Coastal,Office Chair,Furniture,7,4992.0,20,34944.0,27955.2,2025-07,Large
101436,2025-02-08,CUST01436,Mansoura,Delta,Desk,Furniture,8,7178.0,0,57424.0,57424.0,2025-02,Large
101437,2025-09-21,CUST01437,Tanta,Unknown,Headphones,Electronics,9,1764.0,5,15876.0,15082.2,2025-09,Large
101438,2025-04-06,CUST01438,Aswan,Unknown,Monitor,Electronics,10,9108.0,10,91080.0,81972.0,2025-04,Large
101439,2025-11-19,CUST01439,Luxor,Unknown,Printer,Office Equipment,11,6800.0,15,74800.0,63580.0,2025-11,Large
101440,2025-06-04,CUST01440,Port Said,Unknown,Notebook Pack,Stationery,12,242.4,20,2908.8,2327.04,2025-06,Medium
101441,2025-01-17,CUST01441,Cairo,Greater Cairo,Laptop,Electronics,1,29070.0,0,29070.0,29070.0,2025-01,Large
101442,2025-08-02,CUST01442,Giza,Greater Cairo,Smartphone,Electronics,2,14935.0,5,29870.0,28376.5,2025-08,Large
101443,2025-03-15,CUST01443,Alexandria,Coastal,Wireless Mouse,Accessories,3,468.0,10,1404.0,1263.6,2025-03,Medium
101444,2025-10-28,CUST01444,Mansoura,Delta,Keyboard,Accessories,4,892.5,15,3570.0,3034.5,2025-10,Medium
101445,2025-05-13,CUST01445,Tanta,Unknown,Office Chair,Furniture,5,5512.0,20,27560.0,22048.0,2025-05,Large
101446,2026-12-26,CUST01446,Aswan,Unknown,Desk,Furniture,6,7918.0,0,47508.0,47508.0,2026-12,Large
101447,2026-07-11,CUST01447,Luxor,Unknown,Headphones,Electronics,7,1944.0,5,13608.0,12927.6,2026-07,Large
101448,2026-02-24,CUST01448,Port Said,Unknown,Monitor,Electronics,8,10028.0,10,80224.0,72201.6,2026-02,Large
101449,2026-09-09,CUST01449,Cairo,Greater Cairo,Printer,Office Equipment,9,7480.0,0,67320.0,67320.0,2026-09,Large
101450,2026-04-22,CUST01450,Giza,Greater Cairo,Notebook Pack,Stationery,10,216.0,20,2160.0,1728.0,2026-04,Medium
101451,2026-11-07,CUST01451,Alexandria,Coastal,Laptop,Electronics,11,25935.0,0,285285.0,285285.0,2026-11,Large
101452,2026-06-20,CUST01452,Mansoura,Delta,Smartphone,Electronics,12,13340.0,5,160080.0,152076.0,2026-06,Large
101453,2026-01-05,CUST01453,Tanta,Unknown,Wireless Mouse,Accessories,1,418.5,10,418.5,376.65,2026-01,Small
101454,2026-08-18,CUST01454,Aswan,Unknown,Keyboard,Accessories,2,799.0,15,1598.0,1358.3,2026-08,Medium
101455,2026-03-03,CUST01455,Luxor,Unknown,Office Chair,Furniture,3,4940.0,20,14820.0,11856.0,2026-03,Large
101456,2026-10-16,CUST01456,Unknown,Unknown,Desk,Furniture,4,7104.0,0,28416.0,28416.0,2026-10,Large
101457,2026-05-01,CUST01457,Cairo,Greater Cairo,Headphones,Electronics,5,1746.0,5,8730.0,8293.5,2026-05,Medium
101458,2026-12-14,CUST01458,Giza,Greater Cairo,Monitor,Electronics,6,9016.0,10,54096.0,48686.4,2026-12,Large
101459,2026-07-27,CUST01459,Alexandria,Coastal,Printer,Office Equipment,7,6732.0,15,47124.0,40055.4,2026-07,Large
101460,2026-02-12,CUST01460,Mansoura,Delta,Notebook Pack,Stationery,8,240.0,20,1920.0,1536.0,2026-02,Medium
101461,2026-09-25,CUST01461,Tanta,Unknown,Laptop,Electronics,9,28785.0,0,259065.0,259065.0,2026-09,Large
101462,2026-04-10,CUST01462,Aswan,Unknown,Smartphone,Electronics,10,14790.0,5,147900.0,140505.0,2026-04,Large
101463,2026-11-23,CUST01463,Luxor,Unknown,Wireless Mouse,Accessories,11,463.5,10,5098.5,4588.65,2026-11,Medium
101464,2026-06-08,CUST01464,Port Said,Unknown,Keyboard,Accessories,12,884.0,15,10608.0,9016.8,2026-06,Medium
101465,2026-01-21,CUST01465,Cairo,Greater Cairo,Office Chair,Furniture,1,5460.0,20,5460.0,4368.0,2026-01,Medium
101466,2026-08-06,CUST01466,Giza,Greater Cairo,Desk,Furniture,2,7844.0,0,15688.0,15688.0,2026-08,Large
101467,2026-03-19,CUST01467,Alexandria,Coastal,Headphones,Electronics,3,1926.0,5,5778.0,5489.1,2026-03,Medium
101468,2026-10-04,CUST01468,Mansoura,Delta,Monitor,Electronics,4,9936.0,10,39744.0,35769.6,2026-10,Large
101469,2026-05-17,CUST01469,Tanta,Unknown,Printer,Office Equipment,5,7412.0,15,37060.0,31501.0,2026-05,Large
101470,2026-12-02,CUST01470,Aswan,Unknown,Notebook Pack,Stationery,6,264.0,20,1584.0,1267.2,2026-12,Medium
101471,2026-07-15,CUST01471,Luxor,Unknown,Laptop,Electronics,7,25650.0,0,179550.0,179550.0,2026-07,Large
101472,2026-02-28,CUST01472,Port Said,Unknown,Smartphone,Electronics,8,13195.0,5,105560.0,100282.0,2026-02,Large
101473,2026-09-13,CUST01473,Cairo,Greater Cairo,Wireless Mouse,Accessories,9,414.0,10,3726.0,3353.4,2026-09,Medium
101474,2026-04-26,CUST01474,Giza,Greater Cairo,Keyboard,Accessories,10,790.5,15,7905.0,6719.25,2026-04,Medium
101475,2026-11-11,CUST01475,Alexandria,Coastal,Office Chair,Furniture,11,4888.0,20,53768.0,43014.4,2026-11,Large
101476,2026-06-24,CUST01476,Mansoura,Delta,Desk,Furniture,12,7030.0,0,84360.0,84360.0,2026-06,Large
101477,2026-01-09,CUST01477,Tanta,Unknown,Headphones,Electronics,1,1728.0,5,1728.0,1641.6,2026-01,Medium
101478,2026-08-22,CUST01478,Aswan,Unknown,Monitor,Electronics,2,8924.0,10,17848.0,16063.2,2026-08,Large
101479,2026-03-07,CUST01479,Luxor,Unknown,Printer,Office Equipment,3,6664.0,15,19992.0,16993.2,2026-03,Large
101480,2026-10-20,CUST01480,Port Said,Unknown,Notebook Pack,Stationery,4,237.6,20,950.4,760.32,2026-10,Small
101481,2026-05-05,CUST01481,Cairo,Greater Cairo,Laptop,Electronics,5,28500.0,0,142500.0,142500.0,2026-05,Large
101482,2026-12-18,CUST01482,Giza,Greater Cairo,Smartphone,Electronics,6,14645.0,5,87870.0,83476.5,2026-12,Large
101483,2026-07-03,CUST01483,Alexandria,Coastal,Wireless Mouse,Accessories,7,459.0,10,3213.0,2891.7,2026-07,Medium
101484,2026-02-16,CUST01484,Mansoura,Delta,Keyboard,Accessories,8,875.5,15,7004.0,5953.4,2026-02,Medium
101485,2026-09-01,CUST01485,Tanta,Unknown,Office Chair,Furniture,9,5408.0,20,48672.0,38937.6,2026-09,Large
101486,2026-04-14,CUST01486,Aswan,Unknown,Desk,Furniture,10,7770.0,0,77700.0,77700.0,2026-04,Large
101487,2026-11-27,CUST01487,Luxor,Unknown,Headphones,Electronics,11,1908.0,5,20988.0,19938.6,2026-11,Large
101488,2026-06-12,CUST01488,Port Said,Unknown,Monitor,Electronics,12,9844.0,10,118128.0,106315.2,2026-06,Large
101489,2026-01-25,CUST01489,Cairo,Greater Cairo,Printer,Office Equipment,1,7344.0,15,7344.0,6242.4,2026-01,Medium
101490,2026-08-10,CUST01490,Giza,Greater Cairo,Notebook Pack,Stationery,2,261.6,20,523.2,418.56,2026-08,Small
101491,2026-03-23,CUST01491,Alexandria,Coastal,Laptop,Electronics,3,31350.0,0,94050.0,94050.0,2026-03,Large
101492,2026-10-08,CUST01492,Mansoura,Delta,Smartphone,Electronics,4,13050.0,5,52200.0,49590.0,2026-10,Large
101493,2026-05-21,CUST01493,Tanta,Unknown,Wireless Mouse,Accessories,5,409.5,10,2047.5,1842.75,2026-05,Medium
101494,2026-12-06,CUST01494,Aswan,Unknown,Keyboard,Accessories,6,782.0,15,4692.0,3988.2,2026-12,Medium
101495,2026-07-19,CUST01495,Luxor,Unknown,Office Chair,Furniture,7,4836.0,20,33852.0,27081.6,2026-07,Large
101496,2026-02-04,CUST01496,Port Said,Unknown,Desk,Furniture,8,6956.0,0,55648.0,55648.0,2026-02,Large
101497,2026-09-17,CUST01497,Cairo,Greater Cairo,Headphones,Electronics,9,1710.0,5,15390.0,14620.5,2026-09,Large
101498,2026-04-02,CUST01498,Giza,Greater Cairo,Monitor,Electronics,10,8832.0,10,88320.0,79488.0,2026-04,Large
101499,2026-11-15,CUST01499,Alexandria,Coastal,Printer,Office Equipment,11,6596.0,15,72556.0,61672.6,2026-11,Large
101500,2026-06-28,CUST01500,Mansoura,Delta,Notebook Pack,Stationery,12,235.2,20,2822.4,2257.92,2026-06,Medium
101501,2026-01-13,CUST01501,Tanta,Unknown,Laptop,Electronics,1,28215.0,0,28215.0,28215.0,2026-01,Large
101502,2026-08-26,CUST01502,Aswan,Unknown,Smartphone,Electronics,2,14500.0,5,29000.0,27550.0,2026-08,Large
101503,2026-03-11,CUST01503,Luxor,Unknown,Wireless Mouse,Accessories,3,454.5,10,1363.5,1227.15,2026-03,Medium
101504,2026-10-24,CUST01504,Port Said,Unknown,Keyboard,Accessories,4,867.0,15,3468.0,2947.8,2026-10,Medium
101505,2026-05-09,CUST01505,Cairo,Greater Cairo,Office Chair,Furniture,5,5356.0,20,26780.0,21424.0,2026-05,Large
101506,2026-12-22,CUST01506,Giza,Greater Cairo,Desk,Furniture,6,7696.0,0,46176.0,46176.0,2026-12,Large
101507,2026-07-07,CUST01507,Alexandria,Coastal,Headphones,Electronics,7,1890.0,5,13230.0,12568.5,2026-07,Large
101508,2026-02-20,CUST01508,Mansoura,Delta,Monitor,Electronics,8,9752.0,10,78016.0,70214.4,2026-02,Large
101509,2026-09-05,CUST01509,Tanta,Unknown,Printer,Office Equipment,9,7276.0,15,65484.0,55661.4,2026-09,Large
101510,2026-04-18,CUST01510,Aswan,Unknown,Notebook Pack,Stationery,10,259.2,20,2592.0,2073.6,2026-04,Medium
101511,2026-11-03,CUST01511,Luxor,Unknown,Laptop,Electronics,11,31065.0,0,341715.0,341715.0,2026-11,Large
101512,2026-06-16,CUST01512,Port Said,Unknown,Smartphone,Electronics,12,15950.0,5,191400.0,181830.0,2026-06,Large
101513,2026-01-01,CUST01513,Cairo,Greater Cairo,Wireless Mouse,Accessories,1,405.0,10,405.0,364.5,2026-01,Small
101514,2026-08-14,CUST01514,Giza,Greater Cairo,Keyboard,Accessories,2,773.5,15,1547.0,1314.95,2026-08,Medium
101515,2026-03-27,CUST01515,Alexandria,Coastal,Office Chair,Furniture,3,4784.0,20,14352.0,11481.6,2026-03,Large
101516,2026-10-12,CUST01516,Mansoura,Delta,Desk,Furniture,4,6882.0,0,27528.0,27528.0,2026-10,Large
101517,2026-05-25,CUST01517,Tanta,Unknown,Headphones,Electronics,5,1692.0,5,8460.0,8037.0,2026-05,Medium
101518,2026-12-10,CUST01518,Aswan,Unknown,Monitor,Electronics,6,8740.0,10,52440.0,47196.0,2026-12,Large
101519,2026-07-23,CUST01519,Luxor,Unknown,Printer,Office Equipment,7,6528.0,15,45696.0,38841.6,2026-07,Large
101520,2026-02-08,CUST01520,Port Said,Unknown,Notebook Pack,Stationery,8,232.8,20,1862.4,1489.92,2026-02,Medium
101521,2026-09-21,CUST01521,Cairo,Greater Cairo,Laptop,Electronics,9,27930.0,0,251370.0,251370.0,2026-09,Large
101522,2026-04-06,CUST01522,Giza,Greater Cairo,Smartphone,Electronics,10,14355.0,5,143550.0,136372.5,2026-04,Large
101523,2026-11-19,CUST01523,Alexandria,Coastal,Wireless Mouse,Accessories,11,450.0,10,4950.0,4455.0,2026-11,Medium
101524,2026-06-04,CUST01524,Mansoura,Delta,Keyboard,Accessories,12,858.5,15,10302.0,8756.7,2026-06,Medium
101525,2026-01-17,CUST01525,Tanta,Unknown,Office Chair,Furniture,1,5304.0,20,5304.0,4243.2,2026-01,Medium
101526,2026-08-02,CUST01526,Aswan,Unknown,Desk,Furniture,2,7622.0,0,15244.0,15244.0,2026-08,Large
101527,2026-03-15,CUST01527,Luxor,Unknown,Headphones,Electronics,3,1872.0,5,5616.0,5335.2,2026-03,Medium
101528,2026-10-28,CUST01528,Port Said,Unknown,Monitor,Electronics,4,9660.0,10,38640.0,34776.0,2026-10,Large
101529,2026-05-13,CUST01529,Cairo,Greater Cairo,Printer,Office Equipment,5,7208.0,15,36040.0,30634.0,2026-05,Large
101530,2026-12-26,CUST01530,Giza,Greater Cairo,Notebook Pack,Stationery,6,256.8,20,1540.8,1232.64,2026-12,Medium
101531,2026-07-11,CUST01531,Alexandria,Coastal,Laptop,Electronics,7,30780.0,0,215460.0,215460.0,2026-07,Large
101532,2026-02-24,CUST01532,Mansoura,Delta,Smartphone,Electronics,8,15805.0,5,126440.0,120118.0,2026-02,Large
101533,2026-09-09,CUST01533,Tanta,Unknown,Wireless Mouse,Accessories,9,495.0,10,4455.0,4009.5,2026-09,Medium
101534,2026-04-22,CUST01534,Aswan,Unknown,Keyboard,Accessories,10,765.0,15,7650.0,6502.5,2026-04,Medium
101535,2026-11-07,CUST01535,Luxor,Unknown,Office Chair,Furniture,11,4732.0,20,52052.0,41641.6,2026-11,Large
101536,2026-06-20,CUST01536,Port Said,Unknown,Desk,Furniture,12,6808.0,0,81696.0,81696.0,2026-06,Large
101537,2026-01-05,CUST01537,Cairo,Greater Cairo,Headphones,Electronics,1,1674.0,5,1674.0,1590.3,2026-01,Medium
101538,2026-08-18,CUST01538,Giza,Greater Cairo,Monitor,Electronics,2,8648.0,10,17296.0,15566.4,2026-08,Large
101539,2026-03-03,CUST01539,Alexandria,Coastal,Printer,Office Equipment,3,6460.0,15,19380.0,16473.0,2026-03,Large
101540,2026-10-16,CUST01540,Mansoura,Delta,Notebook Pack,Stationery,4,230.4,20,921.6,737.28,2026-10,Small
101541,2026-05-01,CUST01541,Tanta,Unknown,Laptop,Electronics,5,27645.0,0,138225.0,138225.0,2026-05,Large
101542,2026-12-14,CUST01542,Aswan,Unknown,Smartphone,Electronics,6,14210.0,5,85260.0,80997.0,2026-12,Large
101543,2026-07-27,CUST01543,Luxor,Unknown,Wireless Mouse,Accessories,7,445.5,10,3118.5,2806.65,2026-07,Medium
101544,2026-02-12,CUST01544,Port Said,Unknown,Keyboard,Accessories,8,850.0,15,6800.0,5780.0,2026-02,Medium
101545,2026-09-25,CUST01545,Cairo,Greater Cairo,Office Chair,Furniture,9,5252.0,20,47268.0,37814.4,2026-09,Large
101546,2026-04-10,CUST01546,Giza,Greater Cairo,Desk,Furniture,10,7548.0,0,75480.0,75480.0,2026-04,Large
101547,2026-11-23,CUST01547,Alexandria,Coastal,Headphones,Electronics,11,1854.0,5,20394.0,19374.3,2026-11,Large
101548,2026-06-08,CUST01548,Mansoura,Delta,Monitor,Electronics,12,9568.0,10,114816.0,103334.4,2026-06,Large
101549,2026-01-21,CUST01549,Tanta,Unknown,Printer,Office Equipment,1,7140.0,15,7140.0,6069.0,2026-01,Medium
101550,2026-08-06,CUST01550,Aswan,Unknown,Notebook Pack,Stationery,2,254.4,20,508.8,407.04,2026-08,Small
101551,2026-03-19,CUST01551,Luxor,Unknown,Laptop,Electronics,3,30495.0,0,91485.0,91485.0,2026-03,Large
101552,2026-10-04,CUST01552,Port Said,Unknown,Smartphone,Electronics,4,15660.0,5,62640.0,59508.0,2026-10,Large
101553,2026-05-17,CUST01553,Unknown,Unknown,Wireless Mouse,Accessories,5,490.5,10,2452.5,2207.25,2026-05,Medium
101554,2026-12-02,CUST01554,Giza,Greater Cairo,Keyboard,Accessories,6,935.0,15,5610.0,4768.5,2026-12,Medium
101555,2026-07-15,CUST01555,Alexandria,Coastal,Office Chair,Furniture,7,4680.0,20,32760.0,26208.0,2026-07,Large
101556,2026-02-28,CUST01556,Mansoura,Delta,Desk,Furniture,8,6734.0,0,53872.0,53872.0,2026-02,Large
101557,2026-09-13,CUST01557,Tanta,Unknown,Headphones,Electronics,9,1656.0,5,14904.0,14158.8,2026-09,Large
101558,2026-04-26,CUST01558,Aswan,Unknown,Monitor,Electronics,10,8556.0,10,85560.0,77004.0,2026-04,Large
101559,2026-11-11,CUST01559,Luxor,Unknown,Printer,Office Equipment,11,6392.0,15,70312.0,59765.2,2026-11,Large
101560,2026-06-24,CUST01560,Port Said,Unknown,Notebook Pack,Stationery,12,228.0,20,2736.0,2188.8,2026-06,Medium
101561,2026-01-09,CUST01561,Cairo,Greater Cairo,Laptop,Electronics,1,27360.0,0,27360.0,27360.0,2026-01,Large
101562,2026-08-22,CUST01562,Giza,Greater Cairo,Smartphone,Electronics,2,14065.0,5,28130.0,26723.5,2026-08,Large
101563,2026-03-07,CUST01563,Alexandria,Coastal,Wireless Mouse,Accessories,3,441.0,10,1323.0,1190.7,2026-03,Medium
101564,2026-10-20,CUST01564,Mansoura,Delta,Keyboard,Accessories,4,841.5,15,3366.0,2861.1,2026-10,Medium
101565,2026-05-05,CUST01565,Tanta,Unknown,Office Chair,Furniture,5,5200.0,20,26000.0,20800.0,2026-05,Large
101566,2026-12-18,CUST01566,Aswan,Unknown,Desk,Furniture,6,7474.0,0,44844.0,44844.0,2026-12,Large
101567,2026-07-03,CUST01567,Luxor,Unknown,Headphones,Electronics,7,1836.0,5,12852.0,12209.4,2026-07,Large
101568,2026-02-16,CUST01568,Port Said,Unknown,Monitor,Electronics,8,9476.0,10,75808.0,68227.2,2026-02,Large
101569,2026-09-01,CUST01569,Cairo,Greater Cairo,Printer,Office Equipment,9,7072.0,15,63648.0,54100.8,2026-09,Large
101570,2026-04-14,CUST01570,Giza,Greater Cairo,Notebook Pack,Stationery,10,252.0,20,2520.0,2016.0,2026-04,Medium
101571,2026-11-27,CUST01571,Alexandria,Coastal,Laptop,Electronics,11,30210.0,0,332310.0,332310.0,2026-11,Large
101572,2026-06-12,CUST01572,Mansoura,Delta,Smartphone,Electronics,12,15515.0,5,186180.0,176871.0,2026-06,Large
101573,2026-01-25,CUST01573,Tanta,Unknown,Wireless Mouse,Accessories,1,486.0,10,486.0,437.4,2026-01,Small
101574,2026-08-10,CUST01574,Aswan,Unknown,Keyboard,Accessories,2,926.5,15,1853.0,1575.05,2026-08,Medium
101575,2026-03-23,CUST01575,Luxor,Unknown,Office Chair,Furniture,3,5720.0,20,17160.0,13728.0,2026-03,Large
101576,2026-10-08,CUST01576,Port Said,Unknown,Desk,Furniture,4,6660.0,0,26640.0,26640.0,2026-10,Large
101577,2026-05-21,CUST01577,Cairo,Greater Cairo,Headphones,Electronics,5,1638.0,5,8190.0,7780.5,2026-05,Medium
101578,2026-12-06,CUST01578,Giza,Greater Cairo,Monitor,Electronics,6,8464.0,10,50784.0,45705.6,2026-12,Large
101579,2026-07-19,CUST01579,Alexandria,Coastal,Printer,Office Equipment,7,6324.0,15,44268.0,37627.8,2026-07,Large
101580,2026-02-04,CUST01580,Mansoura,Delta,Notebook Pack,Stationery,8,225.6,20,1804.8,1443.84,2026-02,Medium
101581,2026-09-17,CUST01581,Tanta,Unknown,Laptop,Electronics,9,27075.0,0,243675.0,243675.0,2026-09,Large
101582,2026-04-02,CUST01582,Aswan,Unknown,Smartphone,Electronics,10,13920.0,5,139200.0,132240.0,2026-04,Large
101583,2026-11-15,CUST01583,Luxor,Unknown,Wireless Mouse,Accessories,11,436.5,10,4801.5,4321.35,2026-11,Medium
101584,2026-06-28,CUST01584,Port Said,Unknown,Keyboard,Accessories,12,833.0,15,9996.0,8496.6,2026-06,Medium
101585,2026-01-13,CUST01585,Cairo,Greater Cairo,Office Chair,Furniture,1,5148.0,20,5148.0,4118.4,2026-01,Medium
101586,2026-08-26,CUST01586,Giza,Greater Cairo,Desk,Furniture,2,7400.0,0,14800.0,14800.0,2026-08,Large
101587,2026-03-11,CUST01587,Alexandria,Coastal,Headphones,Electronics,3,1818.0,5,5454.0,5181.3,2026-03,Medium
101588,2026-10-24,CUST01588,Mansoura,Delta,Monitor,Electronics,4,9384.0,10,37536.0,33782.4,2026-10,Large
101589,2026-05-09,CUST01589,Tanta,Unknown,Printer,Office Equipment,5,7004.0,15,35020.0,29767.0,2026-05,Large
101590,2026-12-22,CUST01590,Aswan,Unknown,Notebook Pack,Stationery,6,249.6,20,1497.6,1198.08,2026-12,Medium
101591,2026-07-07,CUST01591,Luxor,Unknown,Laptop,Electronics,7,29925.0,0,209475.0,209475.0,2026-07,Large
101592,2026-02-20,CUST01592,Port Said,Unknown,Smartphone,Electronics,8,15370.0,5,122960.0,116812.0,2026-02,Large
101593,2026-09-05,CUST01593,Cairo,Greater Cairo,Wireless Mouse,Accessories,9,481.5,10,4333.5,3900.15,2026-09,Medium
101594,2026-04-18,CUST01594,Giza,Greater Cairo,Keyboard,Accessories,10,918.0,15,9180.0,7803.0,2026-04,Medium
101595,2026-11-03,CUST01595,Alexandria,Coastal,Office Chair,Furniture,11,5668.0,20,62348.0,49878.4,2026-11,Large
101596,2026-06-16,CUST01596,Mansoura,Delta,Desk,Furniture,12,8140.0,0,97680.0,97680.0,2026-06,Large
101597,2026-01-01,CUST01597,Tanta,Unknown,Headphones,Electronics,1,1620.0,5,1620.0,1539.0,2026-01,Medium
101598,2026-08-14,CUST01598,Aswan,Unknown,Monitor,Electronics,2,8372.0,10,16744.0,15069.6,2026-08,Large
101599,2026-03-27,CUST01599,Luxor,Unknown,Printer,Office Equipment,3,6256.0,15,18768.0,15952.8,2026-03,Large
101600,2026-10-12,CUST01600,Port Said,Unknown,Notebook Pack,Stationery,4,223.2,20,892.8,714.24,2026-10,Small
101601,2026-05-25,CUST01601,Cairo,Greater Cairo,Laptop,Electronics,5,26790.0,0,133950.0,133950.0,2026-05,Large
101602,2026-12-10,CUST01602,Giza,Greater Cairo,Smartphone,Electronics,6,13775.0,5,82650.0,78517.5,2026-12,Large
101603,2026-07-23,CUST01603,Alexandria,Coastal,Wireless Mouse,Accessories,7,432.0,10,3024.0,2721.6,2026-07,Medium
101604,2026-02-08,CUST01604,Mansoura,Delta,Keyboard,Accessories,8,824.5,15,6596.0,5606.6,2026-02,Medium
101605,2026-09-21,CUST01605,Tanta,Unknown,Office Chair,Furniture,9,5096.0,20,45864.0,36691.2,2026-09,Large
101606,2026-04-06,CUST01606,Aswan,Unknown,Desk,Furniture,10,7326.0,0,73260.0,73260.0,2026-04,Large
101607,2026-11-19,CUST01607,Luxor,Unknown,Headphones,Electronics,11,1800.0,5,19800.0,18810.0,2026-11,Large
101608,2026-06-04,CUST01608,Port Said,Unknown,Monitor,Electronics,12,9292.0,10,111504.0,100353.6,2026-06,Large
101609,2026-01-17,CUST01609,Cairo,Greater Cairo,Printer,Office Equipment,1,6936.0,15,6936.0,5895.6,2026-01,Medium
101610,2026-08-02,CUST01610,Giza,Greater Cairo,Notebook Pack,Stationery,2,247.2,20,494.4,395.52,2026-08,Small
101611,2026-03-15,CUST01611,Alexandria,Coastal,Laptop,Electronics,3,29640.0,0,88920.0,88920.0,2026-03,Large
101612,2026-10-28,CUST01612,Mansoura,Delta,Smartphone,Electronics,4,15225.0,5,60900.0,57855.0,2026-10,Large
101613,2026-05-13,CUST01613,Tanta,Unknown,Wireless Mouse,Accessories,5,477.0,10,2385.0,2146.5,2026-05,Medium
101614,2026-12-26,CUST01614,Aswan,Unknown,Keyboard,Accessories,6,909.5,15,5457.0,4638.45,2026-12,Medium
101615,2026-07-11,CUST01615,Luxor,Unknown,Office Chair,Furniture,7,5616.0,20,39312.0,31449.6,2026-07,Large
101616,2026-02-24,CUST01616,Port Said,Unknown,Desk,Furniture,8,8066.0,0,64528.0,64528.0,2026-02,Large
101617,2026-09-09,CUST01617,Cairo,Greater Cairo,Headphones,Electronics,9,1980.0,5,17820.0,16929.0,2026-09,Large
101618,2026-04-22,CUST01618,Giza,Greater Cairo,Monitor,Electronics,10,8280.0,10,82800.0,74520.0,2026-04,Large
101619,2026-11-07,CUST01619,Alexandria,Coastal,Printer,Office Equipment,11,6188.0,15,68068.0,57857.8,2026-11,Large
101620,2026-06-20,CUST01620,Mansoura,Delta,Notebook Pack,Stationery,12,220.8,20,2649.6,2119.68,2026-06,Medium
101621,2025-01-05,CUST01621,Tanta,Unknown,Laptop,Electronics,1,26505.0,0,26505.0,26505.0,2025-01,Large
101622,2025-08-18,CUST01622,Aswan,Unknown,Smartphone,Electronics,2,13630.0,5,27260.0,25897.0,2025-08,Large
101623,2025-03-03,CUST01623,Luxor,Unknown,Wireless Mouse,Accessories,3,427.5,10,1282.5,1154.25,2025-03,Medium
101624,2025-10-16,CUST01624,Port Said,Unknown,Keyboard,Accessories,4,816.0,15,3264.0,2774.4,2025-10,Medium
101625,2025-05-01,CUST01625,Cairo,Greater Cairo,Office Chair,Furniture,5,5044.0,20,25220.0,20176.0,2025-05,Large
101626,2025-12-14,CUST01626,Giza,Greater Cairo,Desk,Furniture,6,7252.0,0,43512.0,43512.0,2025-12,Large
101627,2025-07-27,CUST01627,Alexandria,Coastal,Headphones,Electronics,7,1782.0,5,12474.0,11850.3,2025-07,Large
101628,2025-02-12,CUST01628,Mansoura,Delta,Monitor,Electronics,8,9200.0,10,73600.0,66240.0,2025-02,Large
101629,2025-09-25,CUST01629,Tanta,Unknown,Printer,Office Equipment,9,6868.0,15,61812.0,52540.2,2025-09,Large
101630,2025-04-10,CUST01630,Aswan,Unknown,Notebook Pack,Stationery,10,244.8,0,2448.0,2448.0,2025-04,Medium
101631,2025-11-23,CUST01631,Luxor,Unknown,Laptop,Electronics,11,29355.0,0,322905.0,322905.0,2025-11,Large
101632,2025-06-08,CUST01632,Port Said,Unknown,Smartphone,Electronics,12,15080.0,5,180960.0,171912.0,2025-06,Large
101633,2025-01-21,CUST01633,Cairo,Greater Cairo,Wireless Mouse,Accessories,1,472.5,10,472.5,425.25,2025-01,Small
101634,2025-08-06,CUST01634,Giza,Greater Cairo,Keyboard,Accessories,2,901.0,15,1802.0,1531.7,2025-08,Medium
101635,2025-03-19,CUST01635,Alexandria,Coastal,Office Chair,Furniture,3,5564.0,20,16692.0,13353.6,2025-03,Large
101636,2025-10-04,CUST01636,Mansoura,Delta,Desk,Furniture,4,7992.0,0,31968.0,31968.0,2025-10,Large
101637,2025-05-17,CUST01637,Tanta,Unknown,Headphones,Electronics,5,1962.0,5,9810.0,9319.5,2025-05,Medium
101638,2025-12-02,CUST01638,Aswan,Unknown,Monitor,Electronics,6,10120.0,10,60720.0,54648.0,2025-12,Large
101639,2025-07-15,CUST01639,Luxor,Unknown,Printer,Office Equipment,7,6120.0,15,42840.0,36414.0,2025-07,Large
101640,2025-02-28,CUST01640,Port Said,Unknown,Notebook Pack,Stationery,8,218.4,20,1747.2,1397.76,2025-02,Medium
101641,2025-09-13,CUST01641,Cairo,Greater Cairo,Laptop,Electronics,9,26220.0,0,235980.0,235980.0,2025-09,Large
101642,2025-04-26,CUST01642,Giza,Greater Cairo,Smartphone,Electronics,10,13485.0,5,134850.0,128107.5,2025-04,Large
101643,2025-11-11,CUST01643,Alexandria,Coastal,Wireless Mouse,Accessories,11,423.0,10,4653.0,4187.7,2025-11,Medium
101644,2025-06-24,CUST01644,Mansoura,Delta,Keyboard,Accessories,12,807.5,15,9690.0,8236.5,2025-06,Medium
101645,2025-01-09,CUST01645,Tanta,Unknown,Office Chair,Furniture,1,4992.0,20,4992.0,3993.6,2025-01,Medium
101646,2025-08-22,CUST01646,Aswan,Unknown,Desk,Furniture,2,7178.0,0,14356.0,14356.0,2025-08,Large
101647,2025-03-07,CUST01647,Luxor,Unknown,Headphones,Electronics,3,1764.0,5,5292.0,5027.4,2025-03,Medium
101648,2025-10-20,CUST01648,Port Said,Unknown,Monitor,Electronics,4,9108.0,10,36432.0,32788.8,2025-10,Large
101649,2025-05-05,CUST01649,Cairo,Greater Cairo,Printer,Office Equipment,5,6800.0,15,34000.0,28900.0,2025-05,Large
101650,2025-12-18,CUST01650,Unknown,Unknown,Notebook Pack,Stationery,6,242.4,20,1454.4,1163.52,2025-12,Medium
101651,2025-07-03,CUST01651,Alexandria,Coastal,Laptop,Electronics,7,29070.0,0,203490.0,203490.0,2025-07,Large
101652,2025-02-16,CUST01652,Mansoura,Delta,Smartphone,Electronics,8,14935.0,5,119480.0,113506.0,2025-02,Large
101653,2025-09-01,CUST01653,Tanta,Unknown,Wireless Mouse,Accessories,9,468.0,10,4212.0,3790.8,2025-09,Medium
101654,2025-04-14,CUST01654,Aswan,Unknown,Keyboard,Accessories,10,892.5,15,8925.0,7586.25,2025-04,Medium
101655,2025-11-27,CUST01655,Luxor,Unknown,Office Chair,Furniture,11,5512.0,20,60632.0,48505.6,2025-11,Large
101656,2025-06-12,CUST01656,Port Said,Unknown,Desk,Furniture,12,7918.0,0,95016.0,95016.0,2025-06,Large
101657,2025-01-25,CUST01657,Cairo,Greater Cairo,Headphones,Electronics,1,1944.0,5,1944.0,1846.8,2025-01,Medium
101658,2025-08-10,CUST01658,Giza,Greater Cairo,Monitor,Electronics,2,10028.0,10,20056.0,18050.4,2025-08,Large
101659,2025-03-23,CUST01659,Alexandria,Coastal,Printer,Office Equipment,3,7480.0,15,22440.0,19074.0,2025-03,Large
101660,2025-10-08,CUST01660,Mansoura,Delta,Notebook Pack,Stationery,4,216.0,20,864.0,691.2,2025-10,Small
101661,2025-05-21,CUST01661,Tanta,Unknown,Laptop,Electronics,5,25935.0,0,129675.0,129675.0,2025-05,Large
101662,2025-12-06,CUST01662,Aswan,Unknown,Smartphone,Electronics,6,13340.0,5,80040.0,76038.0,2025-12,Large
101663,2025-07-19,CUST01663,Luxor,Unknown,Wireless Mouse,Accessories,7,418.5,10,2929.5,2636.55,2025-07,Medium
101664,2025-02-04,CUST01664,Port Said,Unknown,Keyboard,Accessories,8,799.0,15,6392.0,5433.2,2025-02,Medium
101665,2025-09-17,CUST01665,Cairo,Greater Cairo,Office Chair,Furniture,9,4940.0,20,44460.0,35568.0,2025-09,Large
101666,2025-04-02,CUST01666,Giza,Greater Cairo,Desk,Furniture,10,7104.0,0,71040.0,71040.0,2025-04,Large
101667,2025-11-15,CUST01667,Alexandria,Coastal,Headphones,Electronics,11,1746.0,5,19206.0,18245.7,2025-11,Large
101668,2025-06-28,CUST01668,Mansoura,Delta,Monitor,Electronics,12,9016.0,10,108192.0,97372.8,2025-06,Large
101669,2025-01-13,CUST01669,Tanta,Unknown,Printer,Office Equipment,1,6732.0,15,6732.0,5722.2,2025-01,Medium
101670,2025-08-26,CUST01670,Aswan,Unknown,Notebook Pack,Stationery,2,240.0,20,480.0,384.0,2025-08,Small
101671,2025-03-11,CUST01671,Luxor,Unknown,Laptop,Electronics,3,28785.0,0,86355.0,86355.0,2025-03,Large
101672,2025-10-24,CUST01672,Port Said,Unknown,Smartphone,Electronics,4,14790.0,5,59160.0,56202.0,2025-10,Large
101673,2025-05-09,CUST01673,Cairo,Greater Cairo,Wireless Mouse,Accessories,5,463.5,10,2317.5,2085.75,2025-05,Medium
101674,2025-12-22,CUST01674,Giza,Greater Cairo,Keyboard,Accessories,6,884.0,15,5304.0,4508.4,2025-12,Medium
101675,2025-07-07,CUST01675,Alexandria,Coastal,Office Chair,Furniture,7,5460.0,20,38220.0,30576.0,2025-07,Large
101676,2025-02-20,CUST01676,Mansoura,Delta,Desk,Furniture,8,7844.0,0,62752.0,62752.0,2025-02,Large
101677,2025-09-05,CUST01677,Tanta,Unknown,Headphones,Electronics,9,1926.0,5,17334.0,16467.3,2025-09,Large
101678,2025-04-18,CUST01678,Aswan,Unknown,Monitor,Electronics,10,9936.0,10,99360.0,89424.0,2025-04,Large
101679,2025-11-03,CUST01679,Luxor,Unknown,Printer,Office Equipment,11,7412.0,15,81532.0,69302.2,2025-11,Large
101680,2025-06-16,CUST01680,Port Said,Unknown,Notebook Pack,Stationery,12,264.0,20,3168.0,2534.4,2025-06,Medium
101681,2025-01-01,CUST01681,Cairo,Greater Cairo,Laptop,Electronics,1,25650.0,0,25650.0,25650.0,2025-01,Large
101682,2025-08-14,CUST01682,Giza,Greater Cairo,Smartphone,Electronics,2,13195.0,5,26390.0,25070.5,2025-08,Large
101683,2025-03-27,CUST01683,Alexandria,Coastal,Wireless Mouse,Accessories,3,414.0,10,1242.0,1117.8,2025-03,Medium
101684,2025-10-12,CUST01684,Mansoura,Delta,Keyboard,Accessories,4,790.5,15,3162.0,2687.7,2025-10,Medium
101685,2025-05-25,CUST01685,Tanta,Unknown,Office Chair,Furniture,5,4888.0,20,24440.0,19552.0,2025-05,Large
101686,2025-12-10,CUST01686,Aswan,Unknown,Desk,Furniture,6,7030.0,0,42180.0,42180.0,2025-12,Large
101687,2025-07-23,CUST01687,Luxor,Unknown,Headphones,Electronics,7,1728.0,5,12096.0,11491.2,2025-07,Large
101688,2025-02-08,CUST01688,Port Said,Unknown,Monitor,Electronics,8,8924.0,10,71392.0,64252.8,2025-02,Large
101689,2025-09-21,CUST01689,Cairo,Greater Cairo,Printer,Office Equipment,9,6664.0,15,59976.0,50979.6,2025-09,Large
101690,2025-04-06,CUST01690,Giza,Greater Cairo,Notebook Pack,Stationery,10,237.6,20,2376.0,1900.8,2025-04,Medium
101691,2025-11-19,CUST01691,Alexandria,Coastal,Laptop,Electronics,11,28500.0,0,313500.0,313500.0,2025-11,Large
101692,2025-06-04,CUST01692,Mansoura,Delta,Smartphone,Electronics,12,14645.0,5,175740.0,166953.0,2025-06,Large
101693,2025-01-17,CUST01693,Tanta,Unknown,Wireless Mouse,Accessories,1,459.0,10,459.0,413.1,2025-01,Small
101694,2025-08-02,CUST01694,Aswan,Unknown,Keyboard,Accessories,2,875.5,15,1751.0,1488.35,2025-08,Medium
101695,2025-03-15,CUST01695,Luxor,Unknown,Office Chair,Furniture,3,5408.0,20,16224.0,12979.2,2025-03,Large
101696,2025-10-28,CUST01696,Port Said,Unknown,Desk,Furniture,4,7770.0,0,31080.0,31080.0,2025-10,Large
101697,2025-05-13,CUST01697,Cairo,Greater Cairo,Headphones,Electronics,5,1908.0,5,9540.0,9063.0,2025-05,Medium
101698,2025-12-26,CUST01698,Giza,Greater Cairo,Monitor,Electronics,6,9844.0,10,59064.0,53157.6,2025-12,Large
101699,2025-07-11,CUST01699,Alexandria,Coastal,Printer,Office Equipment,7,7344.0,15,51408.0,43696.8,2025-07,Large
101700,2025-02-24,CUST01700,Mansoura,Delta,Notebook Pack,Stationery,8,261.6,20,2092.8,1674.24,2025-02,Medium
101701,2025-09-09,CUST01701,Tanta,Unknown,Laptop,Electronics,9,31350.0,0,282150.0,282150.0,2025-09,Large
101702,2025-04-22,CUST01702,Aswan,Unknown,Smartphone,Electronics,10,13050.0,5,130500.0,123975.0,2025-04,Large
101703,2025-11-07,CUST01703,Luxor,Unknown,Wireless Mouse,Accessories,11,409.5,10,4504.5,4054.05,2025-11,Medium
101704,2025-06-20,CUST01704,Port Said,Unknown,Keyboard,Accessories,12,782.0,15,9384.0,7976.4,2025-06,Medium
101705,2025-01-05,CUST01705,Cairo,Greater Cairo,Office Chair,Furniture,1,4836.0,20,4836.0,3868.8,2025-01,Medium
101706,2025-08-18,CUST01706,Giza,Greater Cairo,Desk,Furniture,2,6956.0,0,13912.0,13912.0,2025-08,Large
101707,2025-03-03,CUST01707,Alexandria,Coastal,Headphones,Electronics,3,1710.0,5,5130.0,4873.5,2025-03,Medium
101708,2025-10-16,CUST01708,Mansoura,Delta,Monitor,Electronics,4,8832.0,10,35328.0,31795.2,2025-10,Large
101709,2025-05-01,CUST01709,Tanta,Unknown,Printer,Office Equipment,5,6596.0,15,32980.0,28033.0,2025-05,Large
101710,2025-12-14,CUST01710,Aswan,Unknown,Notebook Pack,Stationery,6,235.2,20,1411.2,1128.96,2025-12,Medium
101711,2025-07-27,CUST01711,Luxor,Unknown,Laptop,Electronics,7,28215.0,0,197505.0,197505.0,2025-07,Large
101712,2025-02-12,CUST01712,Port Said,Unknown,Smartphone,Electronics,8,14500.0,5,116000.0,110200.0,2025-02,Large
101713,2025-09-25,CUST01713,Cairo,Greater Cairo,Wireless Mouse,Accessories,9,454.5,10,4090.5,3681.45,2025-09,Medium
101714,2025-04-10,CUST01714,Giza,Greater Cairo,Keyboard,Accessories,10,867.0,15,8670.0,7369.5,2025-04,Medium
101715,2025-11-23,CUST01715,Alexandria,Coastal,Office Chair,Furniture,11,5356.0,20,58916.0,47132.8,2025-11,Large
101716,2025-06-08,CUST01716,Mansoura,Delta,Desk,Furniture,12,7696.0,0,92352.0,92352.0,2025-06,Large
101717,2025-01-21,CUST01717,Tanta,Unknown,Headphones,Electronics,1,1890.0,5,1890.0,1795.5,2025-01,Medium
101718,2025-08-06,CUST01718,Aswan,Unknown,Monitor,Electronics,2,9752.0,10,19504.0,17553.6,2025-08,Large
101719,2025-03-19,CUST01719,Luxor,Unknown,Printer,Office Equipment,3,7276.0,15,21828.0,18553.8,2025-03,Large
101720,2025-10-04,CUST01720,Port Said,Unknown,Notebook Pack,Stationery,4,259.2,20,1036.8,829.44,2025-10,Small
101721,2025-05-17,CUST01721,Cairo,Greater Cairo,Laptop,Electronics,5,31065.0,0,155325.0,155325.0,2025-05,Large
101722,2025-12-02,CUST01722,Giza,Greater Cairo,Smartphone,Electronics,6,15950.0,5,95700.0,90915.0,2025-12,Large
101723,2025-07-15,CUST01723,Alexandria,Coastal,Wireless Mouse,Accessories,7,405.0,10,2835.0,2551.5,2025-07,Medium
101724,2025-02-28,CUST01724,Mansoura,Delta,Keyboard,Accessories,8,773.5,15,6188.0,5259.8,2025-02,Medium
101725,2025-09-13,CUST01725,Tanta,Unknown,Office Chair,Furniture,9,4784.0,20,43056.0,34444.8,2025-09,Large
101726,2025-04-26,CUST01726,Aswan,Unknown,Desk,Furniture,10,6882.0,0,68820.0,68820.0,2025-04,Large
101727,2025-11-11,CUST01727,Luxor,Unknown,Headphones,Electronics,11,1692.0,5,18612.0,17681.4,2025-11,Large
101728,2025-06-24,CUST01728,Port Said,Unknown,Monitor,Electronics,12,8740.0,10,104880.0,94392.0,2025-06,Large
101729,2025-01-09,CUST01729,Cairo,Greater Cairo,Printer,Office Equipment,1,6528.0,15,6528.0,5548.8,2025-01,Medium
101730,2025-08-22,CUST01730,Giza,Greater Cairo,Notebook Pack,Stationery,2,232.8,20,465.6,372.48,2025-08,Small
101731,2025-03-07,CUST01731,Alexandria,Coastal,Laptop,Electronics,3,27930.0,0,83790.0,83790.0,2025-03,Large
101732,2025-10-20,CUST01732,Mansoura,Delta,Smartphone,Electronics,4,14355.0,5,57420.0,54549.0,2025-10,Large
101733,2025-05-05,CUST01733,Tanta,Unknown,Wireless Mouse,Accessories,5,450.0,10,2250.0,2025.0,2025-05,Medium
101734,2025-12-18,CUST01734,Aswan,Unknown,Keyboard,Accessories,6,858.5,15,5151.0,4378.35,2025-12,Medium
101735,2025-07-03,CUST01735,Luxor,Unknown,Office Chair,Furniture,7,5304.0,20,37128.0,29702.4,2025-07,Large
101736,2025-02-16,CUST01736,Port Said,Unknown,Desk,Furniture,8,7622.0,0,60976.0,60976.0,2025-02,Large
101737,2025-09-01,CUST01737,Cairo,Greater Cairo,Headphones,Electronics,9,1872.0,5,16848.0,16005.6,2025-09,Large
101738,2025-04-14,CUST01738,Giza,Greater Cairo,Monitor,Electronics,10,9660.0,10,96600.0,86940.0,2025-04,Large
101739,2025-11-27,CUST01739,Alexandria,Coastal,Printer,Office Equipment,11,7208.0,15,79288.0,67394.8,2025-11,Large
101740,2025-06-12,CUST01740,Mansoura,Delta,Notebook Pack,Stationery,12,256.8,20,3081.6,2465.28,2025-06,Medium
101741,2025-01-25,CUST01741,Tanta,Unknown,Laptop,Electronics,1,30780.0,0,30780.0,30780.0,2025-01,Large
101742,2025-08-10,CUST01742,Aswan,Unknown,Smartphone,Electronics,2,15805.0,5,31610.0,30029.5,2025-08,Large
101743,2025-03-23,CUST01743,Luxor,Unknown,Wireless Mouse,Accessories,3,495.0,10,1485.0,1336.5,2025-03,Medium
101744,2025-10-08,CUST01744,Port Said,Unknown,Keyboard,Accessories,4,765.0,15,3060.0,2601.0,2025-10,Medium
101745,2025-05-21,CUST01745,Cairo,Greater Cairo,Office Chair,Furniture,5,4732.0,20,23660.0,18928.0,2025-05,Large
101746,2025-12-06,CUST01746,Giza,Greater Cairo,Desk,Furniture,6,6808.0,0,40848.0,40848.0,2025-12,Large
101747,2025-07-19,CUST01747,Unknown,Unknown,Headphones,Electronics,7,1674.0,5,11718.0,11132.1,2025-07,Large
101748,2025-02-04,CUST01748,Mansoura,Delta,Monitor,Electronics,8,8648.0,10,69184.0,62265.6,2025-02,Large
101749,2025-09-17,CUST01749,Tanta,Unknown,Printer,Office Equipment,9,6460.0,15,58140.0,49419.0,2025-09,Large
101750,2025-04-02,CUST01750,Aswan,Unknown,Notebook Pack,Stationery,10,230.4,20,2304.0,1843.2,2025-04,Medium
101751,2025-11-15,CUST01751,Luxor,Unknown,Laptop,Electronics,11,27645.0,0,304095.0,304095.0,2025-11,Large
101752,2025-06-28,CUST01752,Port Said,Unknown,Smartphone,Electronics,12,14210.0,5,170520.0,161994.0,2025-06,Large
101753,2025-01-13,CUST01753,Cairo,Greater Cairo,Wireless Mouse,Accessories,1,445.5,10,445.5,400.95,2025-01,Small
101754,2025-08-26,CUST01754,Giza,Greater Cairo,Keyboard,Accessories,2,850.0,15,1700.0,1445.0,2025-08,Medium
101755,2025-03-11,CUST01755,Alexandria,Coastal,Office Chair,Furniture,3,5252.0,20,15756.0,12604.8,2025-03,Large
101756,2025-10-24,CUST01756,Mansoura,Delta,Desk,Furniture,4,7548.0,0,30192.0,30192.0,2025-10,Large
101757,2025-05-09,CUST01757,Tanta,Unknown,Headphones,Electronics,5,1854.0,5,9270.0,8806.5,2025-05,Medium
101758,2025-12-22,CUST01758,Aswan,Unknown,Monitor,Electronics,6,9568.0,10,57408.0,51667.2,2025-12,Large
101759,2025-07-07,CUST01759,Luxor,Unknown,Printer,Office Equipment,7,7140.0,15,49980.0,42483.0,2025-07,Large
101760,2025-02-20,CUST01760,Port Said,Unknown,Notebook Pack,Stationery,8,254.4,20,2035.2,1628.16,2025-02,Medium
101761,2025-09-05,CUST01761,Cairo,Greater Cairo,Laptop,Electronics,9,30495.0,0,274455.0,274455.0,2025-09,Large
101762,2025-04-18,CUST01762,Giza,Greater Cairo,Smartphone,Electronics,10,15660.0,5,156600.0,148770.0,2025-04,Large
101763,2025-11-03,CUST01763,Alexandria,Coastal,Wireless Mouse,Accessories,11,490.5,10,5395.5,4855.95,2025-11,Medium
101764,2025-06-16,CUST01764,Mansoura,Delta,Keyboard,Accessories,12,935.0,15,11220.0,9537.0,2025-06,Medium
101765,2025-01-01,CUST01765,Tanta,Unknown,Office Chair,Furniture,1,4680.0,20,4680.0,3744.0,2025-01,Medium
101766,2025-08-14,CUST01766,Aswan,Unknown,Desk,Furniture,2,6734.0,0,13468.0,13468.0,2025-08,Large
101767,2025-03-27,CUST01767,Luxor,Unknown,Headphones,Electronics,3,1656.0,5,4968.0,4719.6,2025-03,Medium
101768,2025-10-12,CUST01768,Port Said,Unknown,Monitor,Electronics,4,8556.0,10,34224.0,30801.6,2025-10,Large
101769,2025-05-25,CUST01769,Cairo,Greater Cairo,Printer,Office Equipment,5,6392.0,15,31960.0,27166.0,2025-05,Large
101770,2025-12-10,CUST01770,Giza,Greater Cairo,Notebook Pack,Stationery,6,228.0,20,1368.0,1094.4,2025-12,Medium
101771,2025-07-23,CUST01771,Alexandria,Coastal,Laptop,Electronics,7,27360.0,0,191520.0,191520.0,2025-07,Large
101772,2025-02-08,CUST01772,Mansoura,Delta,Smartphone,Electronics,8,14065.0,5,112520.0,106894.0,2025-02,Large
101773,2025-09-21,CUST01773,Tanta,Unknown,Wireless Mouse,Accessories,9,441.0,10,3969.0,3572.1,2025-09,Medium
101774,2025-04-06,CUST01774,Aswan,Unknown,Keyboard,Accessories,10,841.5,15,8415.0,7152.75,2025-04,Medium
101775,2025-11-19,CUST01775,Luxor,Unknown,Office Chair,Furniture,11,5200.0,20,57200.0,45760.0,2025-11,Large
101776,2025-06-04,CUST01776,Port Said,Unknown,Desk,Furniture,12,7474.0,0,89688.0,89688.0,2025-06,Large
101777,2025-01-17,CUST01777,Cairo,Greater Cairo,Headphones,Electronics,1,1836.0,5,1836.0,1744.2,2025-01,Medium
101778,2025-08-02,CUST01778,Giza,Greater Cairo,Monitor,Electronics,2,9476.0,10,18952.0,17056.8,2025-08,Large
101779,2025-03-15,CUST01779,Alexandria,Coastal,Printer,Office Equipment,3,7072.0,15,21216.0,18033.6,2025-03,Large
101780,2025-10-28,CUST01780,Mansoura,Delta,Notebook Pack,Stationery,4,252.0,20,1008.0,806.4,2025-10,Small
101781,2025-05-13,CUST01781,Tanta,Unknown,Laptop,Electronics,5,30210.0,0,151050.0,151050.0,2025-05,Large
101782,2025-12-26,CUST01782,Aswan,Unknown,Smartphone,Electronics,6,15515.0,5,93090.0,88435.5,2025-12,Large
101783,2025-07-11,CUST01783,Luxor,Unknown,Wireless Mouse,Accessories,7,486.0,10,3402.0,3061.8,2025-07,Medium
101784,2025-02-24,CUST01784,Port Said,Unknown,Keyboard,Accessories,8,926.5,15,7412.0,6300.2,2025-02,Medium
101785,2025-09-09,CUST01785,Cairo,Greater Cairo,Office Chair,Furniture,9,5720.0,20,51480.0,41184.0,2025-09,Large
101786,2025-04-22,CUST01786,Giza,Greater Cairo,Desk,Furniture,10,6660.0,0,66600.0,66600.0,2025-04,Large
101787,2025-11-07,CUST01787,Alexandria,Coastal,Headphones,Electronics,11,1638.0,5,18018.0,17117.1,2025-11,Large
101788,2025-06-20,CUST01788,Mansoura,Delta,Monitor,Electronics,12,8464.0,10,101568.0,91411.2,2025-06,Large
101789,2025-01-05,CUST01789,Tanta,Unknown,Printer,Office Equipment,1,6324.0,15,6324.0,5375.4,2025-01,Medium
101790,2025-08-18,CUST01790,Aswan,Unknown,Notebook Pack,Stationery,2,225.6,20,451.2,360.96,2025-08,Small
101791,2025-03-03,CUST01791,Luxor,Unknown,Laptop,Electronics,3,27075.0,0,81225.0,81225.0,2025-03,Large
101792,2025-10-16,CUST01792,Port Said,Unknown,Smartphone,Electronics,4,13920.0,5,55680.0,52896.0,2025-10,Large
101793,2025-05-01,CUST01793,Cairo,Greater Cairo,Wireless Mouse,Accessories,5,436.5,10,2182.5,1964.25,2025-05,Medium
101794,2025-12-14,CUST01794,Giza,Greater Cairo,Keyboard,Accessories,6,833.0,15,4998.0,4248.3,2025-12,Medium
101795,2025-07-27,CUST01795,Alexandria,Coastal,Office Chair,Furniture,7,5148.0,20,36036.0,28828.8,2025-07,Large
101796,2025-02-12,CUST01796,Mansoura,Delta,Desk,Furniture,8,7400.0,0,59200.0,59200.0,2025-02,Large
101797,2025-09-25,CUST01797,Tanta,Unknown,Headphones,Electronics,9,1818.0,5,16362.0,15543.9,2025-09,Large
101798,2025-04-10,CUST01798,Aswan,Unknown,Monitor,Electronics,10,9384.0,10,93840.0,84456.0,2025-04,Large
101799,2025-11-23,CUST01799,Luxor,Unknown,Printer,Office Equipment,11,7004.0,15,77044.0,65487.4,2025-11,Large
101800,2025-06-08,CUST01800,Port Said,Unknown,Notebook Pack,Stationery,12,249.6,20,2995.2,2396.16,2025-06,Medium
101801,2025-01-21,CUST00001,Cairo,Greater Cairo,Laptop,Electronics,1,29925.0,0,29925.0,29925.0,2025-01,Large
101802,2025-08-06,CUST00002,Giza,Greater Cairo,Smartphone,Electronics,2,15370.0,5,30740.0,29203.0,2025-08,Large
101803,2025-03-19,CUST00003,Alexandria,Coastal,Wireless Mouse,Accessories,3,481.5,10,1444.5,1300.05,2025-03,Medium
101804,2025-10-04,CUST00004,Mansoura,Delta,Keyboard,Accessories,4,918.0,15,3672.0,3121.2,2025-10,Medium
101805,2025-05-17,CUST00005,Tanta,Unknown,Office Chair,Furniture,5,5668.0,20,28340.0,22672.0,2025-05,Large
101806,2025-12-02,CUST00006,Aswan,Unknown,Desk,Furniture,6,8140.0,0,48840.0,48840.0,2025-12,Large
101807,2025-07-15,CUST00007,Luxor,Unknown,Headphones,Electronics,7,1620.0,5,11340.0,10773.0,2025-07,Large
101808,2025-02-28,CUST00008,Port Said,Unknown,Monitor,Electronics,8,8372.0,10,66976.0,60278.4,2025-02,Large
101809,2025-09-13,CUST00009,Cairo,Greater Cairo,Printer,Office Equipment,9,6256.0,15,56304.0,47858.4,2025-09,Large
101810,2025-04-26,CUST00010,Giza,Greater Cairo,Notebook Pack,Stationery,10,223.2,20,2232.0,1785.6,2025-04,Medium
101811,2025-11-11,CUST00011,Alexandria,Coastal,Laptop,Electronics,11,26790.0,0,294690.0,294690.0,2025-11,Large
101812,2025-06-24,CUST00012,Mansoura,Delta,Smartphone,Electronics,12,13775.0,5,165300.0,157035.0,2025-06,Large
101813,2025-01-09,CUST00013,Tanta,Unknown,Wireless Mouse,Accessories,1,432.0,10,432.0,388.8,2025-01,Small
101814,2025-08-22,CUST00014,Aswan,Unknown,Keyboard,Accessories,2,824.5,15,1649.0,1401.65,2025-08,Medium
101815,2025-03-07,CUST00015,Luxor,Unknown,Office Chair,Furniture,3,5096.0,20,15288.0,12230.4,2025-03,Large
101816,2025-10-20,CUST00016,Port Said,Unknown,Desk,Furniture,4,7326.0,0,29304.0,29304.0,2025-10,Large
101817,2025-05-05,CUST00017,Cairo,Greater Cairo,Headphones,Electronics,5,1800.0,5,9000.0,8550.0,2025-05,Medium
101818,2025-12-18,CUST00018,Giza,Greater Cairo,Monitor,Electronics,6,9292.0,10,55752.0,50176.8,2025-12,Large
101819,2025-07-03,CUST00019,Alexandria,Coastal,Printer,Office Equipment,7,6936.0,15,48552.0,41269.2,2025-07,Large
101820,2025-02-16,CUST00020,Mansoura,Delta,Notebook Pack,Stationery,8,247.2,20,1977.6,1582.08,2025-02,Medium
101821,2025-09-01,CUST00021,Tanta,Unknown,Laptop,Electronics,9,29640.0,0,266760.0,266760.0,2025-09,Large
101822,2025-04-14,CUST00022,Aswan,Unknown,Smartphone,Electronics,10,15225.0,5,152250.0,144637.5,2025-04,Large
101823,2025-11-27,CUST00023,Luxor,Unknown,Wireless Mouse,Accessories,11,477.0,10,5247.0,4722.3,2025-11,Medium
101824,2025-06-12,CUST00024,Port Said,Unknown,Keyboard,Accessories,12,909.5,15,10914.0,9276.9,2025-06,Medium
101825,2025-01-25,CUST00025,Cairo,Greater Cairo,Office Chair,Furniture,1,5616.0,20,5616.0,4492.8,2025-01,Medium
101826,2025-08-10,CUST00026,Giza,Greater Cairo,Desk,Furniture,2,8066.0,0,16132.0,16132.0,2025-08,Large
101827,2025-03-23,CUST00027,Alexandria,Coastal,Headphones,Electronics,3,1980.0,5,5940.0,5643.0,2025-03,Medium
101828,2025-10-08,CUST00028,Mansoura,Delta,Monitor,Electronics,4,8280.0,10,33120.0,29808.0,2025-10,Large
101829,2025-05-21,CUST00029,Tanta,Unknown,Printer,Office Equipment,5,6188.0,15,30940.0,26299.0,2025-05,Large
101830,2025-12-06,CUST00030,Aswan,Unknown,Notebook Pack,Stationery,6,220.8,20,1324.8,1059.84,2025-12,Medium
101831,2025-07-19,CUST00031,Luxor,Unknown,Laptop,Electronics,7,26505.0,0,185535.0,185535.0,2025-07,Large
101832,2025-02-04,CUST00032,Port Said,Unknown,Smartphone,Electronics,8,13630.0,5,109040.0,103588.0,2025-02,Large
101833,2025-09-17,CUST00033,Cairo,Greater Cairo,Wireless Mouse,Accessories,9,427.5,10,3847.5,3462.75,2025-09,Medium
101834,2025-04-02,CUST00034,Giza,Greater Cairo,Keyboard,Accessories,10,816.0,15,8160.0,6936.0,2025-04,Medium
101835,2025-11-15,CUST00035,Alexandria,Coastal,Office Chair,Furniture,11,5044.0,20,55484.0,44387.2,2025-11,Large
101836,2025-06-28,CUST00036,Mansoura,Delta,Desk,Furniture,12,7252.0,0,87024.0,87024.0,2025-06,Large
101837,2025-01-13,CUST00037,Tanta,Unknown,Headphones,Electronics,1,1782.0,5,1782.0,1692.9,2025-01,Medium
101838,2025-08-26,CUST00038,Aswan,Unknown,Monitor,Electronics,2,9200.0,10,18400.0,16560.0,2025-08,Large
101839,2025-03-11,CUST00039,Luxor,Unknown,Printer,Office Equipment,3,6868.0,15,20604.0,17513.4,2025-03,Large
101840,2025-10-24,CUST00040,Port Said,Unknown,Notebook Pack,Stationery,4,244.8,20,979.2,783.36,2025-10,Small
101841,2025-05-09,CUST00041,Cairo,Greater Cairo,Laptop,Electronics,5,29355.0,0,146775.0,146775.0,2025-05,Large
101842,2025-12-22,CUST00042,Giza,Greater Cairo,Smartphone,Electronics,6,15080.0,5,90480.0,85956.0,2025-12,Large
101843,2025-07-07,CUST00043,Alexandria,Coastal,Wireless Mouse,Accessories,7,472.5,10,3307.5,2976.75,2025-07,Medium
101844,2025-02-20,CUST00044,Unknown,Unknown,Keyboard,Accessories,8,901.0,15,7208.0,6126.8,2025-02,Medium
101845,2025-09-05,CUST00045,Tanta,Unknown,Office Chair,Furniture,9,5564.0,20,50076.0,40060.8,2025-09,Large
101846,2025-04-18,CUST00046,Aswan,Unknown,Desk,Furniture,10,7992.0,0,79920.0,79920.0,2025-04,Large
101847,2025-11-03,CUST00047,Luxor,Unknown,Headphones,Electronics,11,1962.0,5,21582.0,20502.9,2025-11,Large
101848,2025-06-16,CUST00048,Port Said,Unknown,Monitor,Electronics,12,10120.0,10,121440.0,109296.0,2025-06,Large
101849,2025-01-01,CUST00049,Cairo,Greater Cairo,Printer,Office Equipment,1,6120.0,15,6120.0,5202.0,2025-01,Medium
101850,2025-08-14,CUST00050,Giza,Greater Cairo,Notebook Pack,Stationery,2,218.4,20,436.8,349.44,2025-08,Small
101851,2025-03-27,CUST00051,Alexandria,Coastal,Laptop,Electronics,3,26220.0,0,78660.0,78660.0,2025-03,Large
101852,2025-10-12,CUST00052,Mansoura,Delta,Smartphone,Electronics,4,13485.0,5,53940.0,51243.0,2025-10,Large
101853,2025-05-25,CUST00053,Tanta,Unknown,Wireless Mouse,Accessories,5,423.0,10,2115.0,1903.5,2025-05,Medium
101854,2025-12-10,CUST00054,Aswan,Unknown,Keyboard,Accessories,6,807.5,15,4845.0,4118.25,2025-12,Medium
101855,2025-07-23,CUST00055,Luxor,Unknown,Office Chair,Furniture,7,4992.0,20,34944.0,27955.2,2025-07,Large
101856,2025-02-08,CUST00056,Port Said,Unknown,Desk,Furniture,8,7178.0,0,57424.0,57424.0,2025-02,Large
101857,2025-09-21,CUST00057,Cairo,Greater Cairo,Headphones,Electronics,9,1764.0,5,15876.0,15082.2,2025-09,Large
101858,2025-04-06,CUST00058,Giza,Greater Cairo,Monitor,Electronics,10,9108.0,10,91080.0,81972.0,2025-04,Large
101859,2025-11-19,CUST00059,Alexandria,Coastal,Printer,Office Equipment,11,6800.0,15,74800.0,63580.0,2025-11,Large
101860,2025-06-04,CUST00060,Mansoura,Delta,Notebook Pack,Stationery,12,242.4,20,2908.8,2327.04,2025-06,Medium
101861,2025-01-17,CUST00061,Tanta,Unknown,Laptop,Electronics,1,29070.0,0,29070.0,29070.0,2025-01,Large
101862,2025-08-02,CUST00062,Aswan,Unknown,Smartphone,Electronics,2,14935.0,5,29870.0,28376.5,2025-08,Large
101863,2025-03-15,CUST00063,Luxor,Unknown,Wireless Mouse,Accessories,3,468.0,10,1404.0,1263.6,2025-03,Medium
101864,2025-10-28,CUST00064,Port Said,Unknown,Keyboard,Accessories,4,892.5,15,3570.0,3034.5,2025-10,Medium
101865,2025-05-13,CUST00065,Cairo,Greater Cairo,Office Chair,Furniture,5,5512.0,20,27560.0,22048.0,2025-05,Large
101866,2025-12-26,CUST00066,Giza,Greater Cairo,Desk,Furniture,6,7918.0,0,47508.0,47508.0,2025-12,Large
101867,2025-07-11,CUST00067,Alexandria,Coastal,Headphones,Electronics,7,1944.0,5,13608.0,12927.6,2025-07,Large
101868,2025-02-24,CUST00068,Mansoura,Delta,Monitor,Electronics,8,10028.0,10,80224.0,72201.6,2025-02,Large
101869,2025-09-09,CUST00069,Tanta,Unknown,Printer,Office Equipment,9,7480.0,15,67320.0,57222.0,2025-09,Large
101870,2025-04-22,CUST00070,Aswan,Unknown,Notebook Pack,Stationery,10,216.0,20,2160.0,1728.0,2025-04,Medium
101871,2025-11-07,CUST00071,Luxor,Unknown,Laptop,Electronics,11,25935.0,0,285285.0,285285.0,2025-11,Large
101872,2025-06-20,CUST00072,Port Said,Unknown,Smartphone,Electronics,12,13340.0,5,160080.0,152076.0,2025-06,Large
101873,2025-01-05,CUST00073,Cairo,Greater Cairo,Wireless Mouse,Accessories,1,418.5,10,418.5,376.65,2025-01,Small
101874,2025-08-18,CUST00074,Giza,Greater Cairo,Keyboard,Accessories,2,799.0,15,1598.0,1358.3,2025-08,Medium
101875,2025-03-03,CUST00075,Alexandria,Coastal,Office Chair,Furniture,3,4940.0,20,14820.0,11856.0,2025-03,Large
101876,2025-10-16,CUST00076,Mansoura,Delta,Desk,Furniture,4,7104.0,0,28416.0,28416.0,2025-10,Large
101877,2025-05-01,CUST00077,Tanta,Unknown,Headphones,Electronics,5,1746.0,5,8730.0,8293.5,2025-05,Medium
101878,2025-12-14,CUST00078,Aswan,Unknown,Monitor,Electronics,6,9016.0,10,54096.0,48686.4,2025-12,Large
101879,2025-07-27,CUST00079,Luxor,Unknown,Printer,Office Equipment,7,6732.0,15,47124.0,40055.4,2025-07,Large
101880,2025-02-12,CUST00080,Port Said,Unknown,Notebook Pack,Stationery,8,240.0,20,1920.0,1536.0,2025-02,Medium
101881,2025-09-25,CUST00081,Cairo,Greater Cairo,Laptop,Electronics,9,28785.0,0,259065.0,259065.0,2025-09,Large
101882,2025-04-10,CUST00082,Giza,Greater Cairo,Smartphone,Electronics,10,14790.0,5,147900.0,140505.0,2025-04,Large
101883,2025-11-23,CUST00083,Alexandria,Coastal,Wireless Mouse,Accessories,11,463.5,10,5098.5,4588.65,2025-11,Medium
101884,2025-06-08,CUST00084,Mansoura,Delta,Keyboard,Accessories,12,884.0,15,10608.0,9016.8,2025-06,Medium
101885,2025-01-21,CUST00085,Tanta,Unknown,Office Chair,Furniture,1,5460.0,20,5460.0,4368.0,2025-01,Medium
101886,2025-08-06,CUST00086,Aswan,Unknown,Desk,Furniture,2,7844.0,0,15688.0,15688.0,2025-08,Large
101887,2025-03-19,CUST00087,Luxor,Unknown,Headphones,Electronics,3,1926.0,5,5778.0,5489.1,2025-03,Medium
101888,2025-10-04,CUST00088,Port Said,Unknown,Monitor,Electronics,4,9936.0,10,39744.0,35769.6,2025-10,Large
101889,2025-05-17,CUST00089,Cairo,Greater Cairo,Printer,Office Equipment,5,7412.0,15,37060.0,31501.0,2025-05,Large
101890,2025-12-02,CUST00090,Giza,Greater Cairo,Notebook Pack,Stationery,6,264.0,20,1584.0,1267.2,2025-12,Medium
101891,2025-07-15,CUST00091,Alexandria,Coastal,Laptop,Electronics,7,25650.0,0,179550.0,179550.0,2025-07,Large
101892,2025-02-28,CUST00092,Mansoura,Delta,Smartphone,Electronics,8,13195.0,5,105560.0,100282.0,2025-02,Large
101893,2025-09-13,CUST00093,Tanta,Unknown,Wireless Mouse,Accessories,9,414.0,10,3726.0,3353.4,2025-09,Medium
101894,2025-04-26,CUST00094,Aswan,Unknown,Keyboard,Accessories,10,790.5,15,7905.0,6719.25,2025-04,Medium
101895,2025-11-11,CUST00095,Luxor,Unknown,Office Chair,Furniture,11,4888.0,20,53768.0,43014.4,2025-11,Large
101896,2025-06-24,CUST00096,Port Said,Unknown,Desk,Furniture,12,7030.0,0,84360.0,84360.0,2025-06,Large
101897,2025-01-09,CUST00097,Cairo,Greater Cairo,Headphones,Electronics,1,1728.0,5,1728.0,1641.6,2025-01,Medium
101898,2025-08-22,CUST00098,Giza,Greater Cairo,Monitor,Electronics,2,8924.0,10,17848.0,16063.2,2025-08,Large
101899,2025-03-07,CUST00099,Alexandria,Coastal,Printer,Office Equipment,3,6664.0,15,19992.0,16993.2,2025-03,Large
101900,2025-10-20,CUST00100,Mansoura,Delta,Notebook Pack,Stationery,4,237.6,20,950.4,760.32,2025-10,Small
101901,2025-05-05,CUST00101,Tanta,Unknown,Laptop,Electronics,5,28500.0,0,142500.0,142500.0,2025-05,Large
101902,2025-12-18,CUST00102,Aswan,Unknown,Smartphone,Electronics,6,14645.0,5,87870.0,83476.5,2025-12,Large
101903,2025-07-03,CUST00103,Luxor,Unknown,Wireless Mouse,Accessories,7,459.0,10,3213.0,2891.7,2025-07,Medium
101904,2025-02-16,CUST00104,Port Said,Unknown,Keyboard,Accessories,8,875.5,15,7004.0,5953.4,2025-02,Medium
101905,2025-09-01,CUST00105,Cairo,Greater Cairo,Office Chair,Furniture,9,5408.0,20,48672.0,38937.6,2025-09,Large
101906,2025-04-14,CUST00106,Giza,Greater Cairo,Desk,Furniture,10,7770.0,0,77700.0,77700.0,2025-04,Large
101907,2025-11-27,CUST00107,Alexandria,Coastal,Headphones,Electronics,11,1908.0,5,20988.0,19938.6,2025-11,Large
101908,2025-06-12,CUST00108,Mansoura,Delta,Monitor,Electronics,12,9844.0,10,118128.0,106315.2,2025-06,Large
101909,2025-01-25,CUST00109,Tanta,Unknown,Printer,Office Equipment,1,7344.0,15,7344.0,6242.4,2025-01,Medium
101910,2025-08-10,CUST00110,Aswan,Unknown,Notebook Pack,Stationery,2,261.6,20,523.2,418.56,2025-08,Small
101911,2025-03-23,CUST00111,Luxor,Unknown,Laptop,Electronics,3,31350.0,0,94050.0,94050.0,2025-03,Large
101912,2025-10-08,CUST00112,Port Said,Unknown,Smartphone,Electronics,4,13050.0,5,52200.0,49590.0,2025-10,Large
101913,2025-05-21,CUST00113,Cairo,Greater Cairo,Wireless Mouse,Accessories,5,409.5,10,2047.5,1842.75,2025-05,Medium
101914,2025-12-06,CUST00114,Giza,Greater Cairo,Keyboard,Accessories,6,782.0,15,4692.0,3988.2,2025-12,Medium
101915,2025-07-19,CUST00115,Alexandria,Coastal,Office Chair,Furniture,7,4836.0,20,33852.0,27081.6,2025-07,Large
101916,2025-02-04,CUST00116,Mansoura,Delta,Desk,Furniture,8,6956.0,0,55648.0,55648.0,2025-02,Large
101917,2025-09-17,CUST00117,Tanta,Unknown,Headphones,Electronics,9,1710.0,5,15390.0,14620.5,2025-09,Large
101918,2025-04-02,CUST00118,Aswan,Unknown,Monitor,Electronics,10,8832.0,10,88320.0,79488.0,2025-04,Large
101919,2025-11-15,CUST00119,Luxor,Unknown,Printer,Office Equipment,11,6596.0,15,72556.0,61672.6,2025-11,Large
101920,2025-06-28,CUST00120,Port Said,Unknown,Notebook Pack,Stationery,12,235.2,20,2822.4,2257.92,2025-06,Medium
101921,2025-01-13,CUST00121,Cairo,Greater Cairo,Laptop,Electronics,1,28215.0,0,28215.0,28215.0,2025-01,Large
101922,2025-08-26,CUST00122,Giza,Greater Cairo,Smartphone,Electronics,2,14500.0,5,29000.0,27550.0,2025-08,Large
101923,2025-03-11,CUST00123,Alexandria,Coastal,Wireless Mouse,Accessories,3,454.5,10,1363.5,1227.15,2025-03,Medium
101924,2025-10-24,CUST00124,Mansoura,Delta,Keyboard,Accessories,4,867.0,15,3468.0,2947.8,2025-10,Medium
101925,2025-05-09,CUST00125,Tanta,Unknown,Office Chair,Furniture,5,5356.0,20,26780.0,21424.0,2025-05,Large
101926,2025-12-22,CUST00126,Aswan,Unknown,Desk,Furniture,6,7696.0,0,46176.0,46176.0,2025-12,Large
101927,2025-07-07,CUST00127,Luxor,Unknown,Headphones,Electronics,7,1890.0,5,13230.0,12568.5,2025-07,Large
101928,2025-02-20,CUST00128,Port Said,Unknown,Monitor,Electronics,8,9752.0,10,78016.0,70214.4,2025-02,Large
101929,2025-09-05,CUST00129,Cairo,Greater Cairo,Printer,Office Equipment,9,7276.0,15,65484.0,55661.4,2025-09,Large
101930,2025-04-18,CUST00130,Giza,Greater Cairo,Notebook Pack,Stationery,10,259.2,20,2592.0,2073.6,2025-04,Medium
101931,2025-11-03,CUST00131,Alexandria,Coastal,Laptop,Electronics,11,31065.0,0,341715.0,341715.0,2025-11,Large
101932,2025-06-16,CUST00132,Mansoura,Delta,Smartphone,Electronics,12,15950.0,5,191400.0,181830.0,2025-06,Large
101933,2025-01-01,CUST00133,Tanta,Unknown,Wireless Mouse,Accessories,1,405.0,10,405.0,364.5,2025-01,Small
101934,2025-08-14,CUST00134,Aswan,Unknown,Keyboard,Accessories,2,773.5,15,1547.0,1314.95,2025-08,Medium
101935,2025-03-27,CUST00135,Luxor,Unknown,Office Chair,Furniture,3,4784.0,20,14352.0,11481.6,2025-03,Large
101936,2025-10-12,CUST00136,Port Said,Unknown,Desk,Furniture,4,6882.0,0,27528.0,27528.0,2025-10,Large
101937,2025-05-25,CUST00137,Cairo,Greater Cairo,Headphones,Electronics,5,1692.0,5,8460.0,8037.0,2025-05,Medium
101938,2025-12-10,CUST00138,Giza,Greater Cairo,Monitor,Electronics,6,8740.0,10,52440.0,47196.0,2025-12,Large
101939,2025-07-23,CUST00139,Alexandria,Coastal,Printer,Office Equipment,7,6528.0,15,45696.0,38841.6,2025-07,Large
101940,2025-02-08,CUST00140,Mansoura,Delta,Notebook Pack,Stationery,8,232.8,20,1862.4,1489.92,2025-02,Medium
101941,2025-09-21,CUST00141,Unknown,Unknown,Laptop,Electronics,9,27930.0,0,251370.0,251370.0,2025-09,Large
101942,2025-04-06,CUST00142,Aswan,Unknown,Smartphone,Electronics,10,14355.0,5,143550.0,136372.5,2025-04,Large
101943,2025-11-19,CUST00143,Luxor,Unknown,Wireless Mouse,Accessories,11,450.0,10,4950.0,4455.0,2025-11,Medium
101944,2025-06-04,CUST00144,Port Said,Unknown,Keyboard,Accessories,12,858.5,15,10302.0,8756.7,2025-06,Medium
101945,2025-01-17,CUST00145,Cairo,Greater Cairo,Office Chair,Furniture,1,5304.0,20,5304.0,4243.2,2025-01,Medium
101946,2025-08-02,CUST00146,Giza,Greater Cairo,Desk,Furniture,2,7622.0,0,15244.0,15244.0,2025-08,Large
101947,2025-03-15,CUST00147,Alexandria,Coastal,Headphones,Electronics,3,1872.0,5,5616.0,5335.2,2025-03,Medium
101948,2025-10-28,CUST00148,Mansoura,Delta,Monitor,Electronics,4,9660.0,10,38640.0,34776.0,2025-10,Large
101949,2025-05-13,CUST00149,Tanta,Unknown,Printer,Office Equipment,5,7208.0,15,36040.0,30634.0,2025-05,Large
101950,2025-12-26,CUST00150,Aswan,Unknown,Notebook Pack,Stationery,6,256.8,20,1540.8,1232.64,2025-12,Medium
101951,2025-07-11,CUST00151,Luxor,Unknown,Laptop,Electronics,7,30780.0,0,215460.0,215460.0,2025-07,Large
101952,2025-02-24,CUST00152,Port Said,Unknown,Smartphone,Electronics,8,15805.0,5,126440.0,120118.0,2025-02,Large
101953,2025-09-09,CUST00153,Cairo,Greater Cairo,Wireless Mouse,Accessories,9,495.0,10,4455.0,4009.5,2025-09,Medium
101954,2025-04-22,CUST00154,Giza,Greater Cairo,Keyboard,Accessories,10,765.0,15,7650.0,6502.5,2025-04,Medium
101955,2025-11-07,CUST00155,Alexandria,Coastal,Office Chair,Furniture,11,4732.0,20,52052.0,41641.6,2025-11,Large
101956,2025-06-20,CUST00156,Mansoura,Delta,Desk,Furniture,12,6808.0,0,81696.0,81696.0,2025-06,Large
101957,2025-01-05,CUST00157,Tanta,Unknown,Headphones,Electronics,1,1674.0,5,1674.0,1590.3,2025-01,Medium
101958,2025-08-18,CUST00158,Aswan,Unknown,Monitor,Electronics,2,8648.0,10,17296.0,15566.4,2025-08,Large
101959,2025-03-03,CUST00159,Luxor,Unknown,Printer,Office Equipment,3,6460.0,15,19380.0,16473.0,2025-03,Large
101960,2025-10-16,CUST00160,Port Said,Unknown,Notebook Pack,Stationery,4,230.4,20,921.6,737.28,2025-10,Small
101961,2025-05-01,CUST00161,Cairo,Greater Cairo,Laptop,Electronics,5,27645.0,0,138225.0,138225.0,2025-05,Large
101962,2025-12-14,CUST00162,Giza,Greater Cairo,Smartphone,Electronics,6,14210.0,5,85260.0,80997.0,2025-12,Large
101963,2025-07-27,CUST00163,Alexandria,Coastal,Wireless Mouse,Accessories,7,445.5,10,3118.5,2806.65,2025-07,Medium
101964,2025-02-12,CUST00164,Mansoura,Delta,Keyboard,Accessories,8,850.0,15,6800.0,5780.0,2025-02,Medium
101965,2025-09-25,CUST00165,Tanta,Unknown,Office Chair,Furniture,9,5252.0,20,47268.0,37814.4,2025-09,Large
101966,2025-04-10,CUST00166,Aswan,Unknown,Desk,Furniture,10,7548.0,0,75480.0,75480.0,2025-04,Large
101967,2025-11-23,CUST00167,Luxor,Unknown,Headphones,Electronics,11,1854.0,5,20394.0,19374.3,2025-11,Large
101968,2025-06-08,CUST00168,Port Said,Unknown,Monitor,Electronics,12,9568.0,10,114816.0,103334.4,2025-06,Large
101969,2025-01-21,CUST00169,Cairo,Greater Cairo,Printer,Office Equipment,1,7140.0,15,7140.0,6069.0,2025-01,Medium
101970,2025-08-06,CUST00170,Giza,Greater Cairo,Notebook Pack,Stationery,2,254.4,20,508.8,407.04,2025-08,Small
101971,2025-03-19,CUST00171,Alexandria,Coastal,Laptop,Electronics,3,30495.0,0,91485.0,91485.0,2025-03,Large
101972,2025-10-04,CUST00172,Mansoura,Delta,Smartphone,Electronics,4,15660.0,5,62640.0,59508.0,2025-10,Large
101973,2025-05-17,CUST00173,Tanta,Unknown,Wireless Mouse,Accessories,5,490.5,10,2452.5,2207.25,2025-05,Medium
101974,2025-12-02,CUST00174,Aswan,Unknown,Keyboard,Accessories,6,935.0,15,5610.0,4768.5,2025-12,Medium
101975,2025-07-15,CUST00175,Luxor,Unknown,Office Chair,Furniture,7,4680.0,20,32760.0,26208.0,2025-07,Large
101976,2025-02-28,CUST00176,Port Said,Unknown,Desk,Furniture,8,6734.0,0,53872.0,53872.0,2025-02,Large
101977,2025-09-13,CUST00177,Cairo,Greater Cairo,Headphones,Electronics,9,1656.0,5,14904.0,14158.8,2025-09,Large
101978,2025-04-26,CUST00178,Giza,Greater Cairo,Monitor,Electronics,10,8556.0,10,85560.0,77004.0,2025-04,Large
101979,2025-11-11,CUST00179,Alexandria,Coastal,Printer,Office Equipment,11,6392.0,15,70312.0,59765.2,2025-11,Large
101980,2025-06-24,CUST00180,Mansoura,Delta,Notebook Pack,Stationery,12,228.0,20,2736.0,2188.8,2025-06,Medium
101981,2025-01-09,CUST00181,Tanta,Unknown,Laptop,Electronics,1,27360.0,0,27360.0,27360.0,2025-01,Large
101982,2025-08-22,CUST00182,Aswan,Unknown,Smartphone,Electronics,2,14065.0,5,28130.0,26723.5,2025-08,Large
101983,2025-03-07,CUST00183,Luxor,Unknown,Wireless Mouse,Accessories,3,441.0,10,1323.0,1190.7,2025-03,Medium
101984,2025-10-20,CUST00184,Port Said,Unknown,Keyboard,Accessories,4,841.5,15,3366.0,2861.1,2025-10,Medium
101985,2025-05-05,CUST00185,Cairo,Greater Cairo,Office Chair,Furniture,5,5200.0,20,26000.0,20800.0,2025-05,Large
101986,2026-12-18,CUST00186,Giza,Greater Cairo,Desk,Furniture,6,7474.0,0,44844.0,44844.0,2026-12,Large
101987,2026-07-03,CUST00187,Alexandria,Coastal,Headphones,Electronics,7,1836.0,5,12852.0,12209.4,2026-07,Large
101988,2026-02-16,CUST00188,Mansoura,Delta,Monitor,Electronics,8,9476.0,10,75808.0,68227.2,2026-02,Large
101989,2026-09-01,CUST00189,Tanta,Unknown,Printer,Office Equipment,9,7072.0,15,63648.0,54100.8,2026-09,Large
101990,2026-04-14,CUST00190,Aswan,Unknown,Notebook Pack,Stationery,10,252.0,20,2520.0,2016.0,2026-04,Medium
101991,2026-11-27,CUST00191,Luxor,Unknown,Laptop,Electronics,11,30210.0,0,332310.0,332310.0,2026-11,Large
101992,2026-06-12,CUST00192,Port Said,Unknown,Smartphone,Electronics,12,15515.0,0,186180.0,186180.0,2026-06,Large
101993,2026-01-25,CUST00193,Cairo,Greater Cairo,Wireless Mouse,Accessories,1,486.0,10,486.0,437.4,2026-01,Small
101994,2026-08-10,CUST00194,Giza,Greater Cairo,Keyboard,Accessories,2,926.5,15,1853.0,1575.05,2026-08,Medium
101995,2026-03-23,CUST00195,Alexandria,Coastal,Office Chair,Furniture,3,5720.0,20,17160.0,13728.0,2026-03,Large
101996,2026-10-08,CUST00196,Mansoura,Delta,Desk,Furniture,4,6660.0,0,26640.0,26640.0,2026-10,Large
101997,2026-05-21,CUST00197,Tanta,Unknown,Headphones,Electronics,5,1638.0,5,8190.0,7780.5,2026-05,Medium
101998,2026-12-06,CUST00198,Aswan,Unknown,Monitor,Electronics,6,8464.0,10,50784.0,45705.6,2026-12,Large
101999,2026-07-19,CUST00199,Luxor,Unknown,Printer,Office Equipment,7,6324.0,15,44268.0,37627.8,2026-07,Large
102000,2026-02-04,CUST00200,Port Said,Unknown,Notebook Pack,Stationery,8,225.6,20,1804.8,1443.84,2026-02,Medium
102001,2026-09-17,CUST00201,Cairo,Greater Cairo,Laptop,Electronics,9,27075.0,0,243675.0,243675.0,2026-09,Large
102002,2026-04-02,CUST00202,Giza,Greater Cairo,Smartphone,Electronics,10,13920.0,5,139200.0,132240.0,2026-04,Large
102003,2026-11-15,CUST00203,Alexandria,Coastal,Wireless Mouse,Accessories,11,436.5,10,4801.5,4321.35,2026-11,Medium
102004,2026-06-28,CUST00204,Mansoura,Delta,Keyboard,Accessories,12,833.0,15,9996.0,8496.6,2026-06,Medium
102005,2026-01-13,CUST00205,Tanta,Unknown,Office Chair,Furniture,1,5148.0,20,5148.0,4118.4,2026-01,Medium
102006,2026-08-26,CUST00206,Aswan,Unknown,Desk,Furniture,2,7400.0,0,14800.0,14800.0,2026-08,Large
102007,2026-03-11,CUST00207,Luxor,Unknown,Headphones,Electronics,3,1818.0,5,5454.0,5181.3,2026-03,Medium
102008,2026-10-24,CUST00208,Port Said,Unknown,Monitor,Electronics,4,9384.0,10,37536.0,33782.4,2026-10,Large
102009,2026-05-09,CUST00209,Cairo,Greater Cairo,Printer,Office Equipment,5,7004.0,15,35020.0,29767.0,2026-05,Large
102010,2026-12-22,CUST00210,Giza,Greater Cairo,Notebook Pack,Stationery,6,249.6,20,1497.6,1198.08,2026-12,Medium
102011,2026-07-07,CUST00211,Alexandria,Coastal,Laptop,Electronics,7,29925.0,0,209475.0,209475.0,2026-07,Large
102012,2026-02-20,CUST00212,Mansoura,Delta,Smartphone,Electronics,8,15370.0,5,122960.0,116812.0,2026-02,Large
102013,2026-09-05,CUST00213,Tanta,Unknown,Wireless Mouse,Accessories,9,481.5,10,4333.5,3900.15,2026-09,Medium
102014,2026-04-18,CUST00214,Aswan,Unknown,Keyboard,Accessories,10,918.0,15,9180.0,7803.0,2026-04,Medium
102015,2026-11-03,CUST00215,Luxor,Unknown,Office Chair,Furniture,11,5668.0,20,62348.0,49878.4,2026-11,Large
102016,2026-06-16,CUST00216,Port Said,Unknown,Desk,Furniture,12,8140.0,0,97680.0,97680.0,2026-06,Large
102017,2026-01-01,CUST00217,Cairo,Greater Cairo,Headphones,Electronics,1,1620.0,5,1620.0,1539.0,2026-01,Medium
102018,2026-08-14,CUST00218,Giza,Greater Cairo,Monitor,Electronics,2,8372.0,10,16744.0,15069.6,2026-08,Large
102019,2026-03-27,CUST00219,Alexandria,Coastal,Printer,Office Equipment,3,6256.0,15,18768.0,15952.8,2026-03,Large
102020,2026-10-12,CUST00220,Mansoura,Delta,Notebook Pack,Stationery,4,223.2,20,892.8,714.24,2026-10,Small
102021,2026-05-25,CUST00221,Tanta,Unknown,Laptop,Electronics,5,26790.0,0,133950.0,133950.0,2026-05,Large
102022,2026-12-10,CUST00222,Aswan,Unknown,Smartphone,Electronics,6,13775.0,5,82650.0,78517.5,2026-12,Large
102023,2026-07-23,CUST00223,Luxor,Unknown,Wireless Mouse,Accessories,7,432.0,10,3024.0,2721.6,2026-07,Medium
102024,2026-02-08,CUST00224,Port Said,Unknown,Keyboard,Accessories,8,824.5,15,6596.0,5606.6,2026-02,Medium
102025,2026-09-21,CUST00225,Cairo,Greater Cairo,Office Chair,Furniture,9,5096.0,20,45864.0,36691.2,2026-09,Large
102026,2026-04-06,CUST00226,Giza,Greater Cairo,Desk,Furniture,10,7326.0,0,73260.0,73260.0,2026-04,Large
102027,2026-11-19,CUST00227,Alexandria,Coastal,Headphones,Electronics,11,1800.0,5,19800.0,18810.0,2026-11,Large
102028,2026-06-04,CUST00228,Mansoura,Delta,Monitor,Electronics,12,9292.0,10,111504.0,100353.6,2026-06,Large
102029,2026-01-17,CUST00229,Tanta,Unknown,Printer,Office Equipment,1,6936.0,15,6936.0,5895.6,2026-01,Medium
102030,2026-08-02,CUST00230,Aswan,Unknown,Notebook Pack,Stationery,2,247.2,20,494.4,395.52,2026-08,Small
102031,2026-03-15,CUST00231,Luxor,Unknown,Laptop,Electronics,3,29640.0,0,88920.0,88920.0,2026-03,Large
102032,2026-10-28,CUST00232,Port Said,Unknown,Smartphone,Electronics,4,15225.0,5,60900.0,57855.0,2026-10,Large
102033,2026-05-13,CUST00233,Cairo,Greater Cairo,Wireless Mouse,Accessories,5,477.0,10,2385.0,2146.5,2026-05,Medium
102034,2026-12-26,CUST00234,Giza,Greater Cairo,Keyboard,Accessories,6,909.5,15,5457.0,4638.45,2026-12,Medium
102035,2026-07-11,CUST00235,Alexandria,Coastal,Office Chair,Furniture,7,5616.0,20,39312.0,31449.6,2026-07,Large
102036,2026-02-24,CUST00236,Mansoura,Delta,Desk,Furniture,8,8066.0,0,64528.0,64528.0,2026-02,Large
102037,2026-09-09,CUST00237,Tanta,Unknown,Headphones,Electronics,9,1980.0,5,17820.0,16929.0,2026-09,Large
102038,2026-04-22,CUST00238,Unknown,Unknown,Monitor,Electronics,10,8280.0,10,82800.0,74520.0,2026-04,Large
102039,2026-11-07,CUST00239,Luxor,Unknown,Printer,Office Equipment,11,6188.0,15,68068.0,57857.8,2026-11,Large
102040,2026-06-20,CUST00240,Port Said,Unknown,Notebook Pack,Stationery,12,220.8,20,2649.6,2119.68,2026-06,Medium
102041,2026-01-05,CUST00241,Cairo,Greater Cairo,Laptop,Electronics,1,26505.0,0,26505.0,26505.0,2026-01,Large
102042,2026-08-18,CUST00242,Giza,Greater Cairo,Smartphone,Electronics,2,13630.0,5,27260.0,25897.0,2026-08,Large
102043,2026-03-03,CUST00243,Alexandria,Coastal,Wireless Mouse,Accessories,3,427.5,10,1282.5,1154.25,2026-03,Medium
102044,2026-10-16,CUST00244,Mansoura,Delta,Keyboard,Accessories,4,816.0,15,3264.0,2774.4,2026-10,Medium
102045,2026-05-01,CUST00245,Tanta,Unknown,Office Chair,Furniture,5,5044.0,20,25220.0,20176.0,2026-05,Large
102046,2026-12-14,CUST00246,Aswan,Unknown,Desk,Furniture,6,7252.0,0,43512.0,43512.0,2026-12,Large
102047,2026-07-27,CUST00247,Luxor,Unknown,Headphones,Electronics,7,1782.0,5,12474.0,11850.3,2026-07,Large
102048,2026-02-12,CUST00248,Port Said,Unknown,Monitor,Electronics,8,9200.0,10,73600.0,66240.0,2026-02,Large
102049,2026-09-25,CUST00249,Cairo,Greater Cairo,Printer,Office Equipment,9,6868.0,15,61812.0,52540.2,2026-09,Large
102050,2026-04-10,CUST00250,Giza,Greater Cairo,Notebook Pack,Stationery,10,244.8,20,2448.0,1958.4,2026-04,Medium
102051,2026-11-23,CUST00251,Alexandria,Coastal,Laptop,Electronics,11,29355.0,0,322905.0,322905.0,2026-11,Large
102052,2026-06-08,CUST00252,Mansoura,Delta,Smartphone,Electronics,12,15080.0,5,180960.0,171912.0,2026-06,Large
102053,2026-01-21,CUST00253,Tanta,Unknown,Wireless Mouse,Accessories,1,472.5,10,472.5,425.25,2026-01,Small
102054,2026-08-06,CUST00254,Aswan,Unknown,Keyboard,Accessories,2,901.0,15,1802.0,1531.7,2026-08,Medium
102055,2026-03-19,CUST00255,Luxor,Unknown,Office Chair,Furniture,3,5564.0,20,16692.0,13353.6,2026-03,Large
102056,2026-10-04,CUST00256,Port Said,Unknown,Desk,Furniture,4,7992.0,0,31968.0,31968.0,2026-10,Large
102057,2026-05-17,CUST00257,Cairo,Greater Cairo,Headphones,Electronics,5,1962.0,5,9810.0,9319.5,2026-05,Medium
102058,2026-12-02,CUST00258,Giza,Greater Cairo,Monitor,Electronics,6,10120.0,10,60720.0,54648.0,2026-12,Large
102059,2026-07-15,CUST00259,Alexandria,Coastal,Printer,Office Equipment,7,6120.0,15,42840.0,36414.0,2026-07,Large
102060,2026-02-28,CUST00260,Mansoura,Delta,Notebook Pack,Stationery,8,218.4,20,1747.2,1397.76,2026-02,Medium
102061,2026-09-13,CUST00261,Tanta,Unknown,Laptop,Electronics,9,26220.0,0,235980.0,235980.0,2026-09,Large
102062,2026-04-26,CUST00262,Aswan,Unknown,Smartphone,Electronics,10,13485.0,5,134850.0,128107.5,2026-04,Large
102063,2026-11-11,CUST00263,Luxor,Unknown,Wireless Mouse,Accessories,11,423.0,10,4653.0,4187.7,2026-11,Medium
102064,2026-06-24,CUST00264,Port Said,Unknown,Keyboard,Accessories,12,807.5,15,9690.0,8236.5,2026-06,Medium
102065,2026-01-09,CUST00265,Cairo,Greater Cairo,Office Chair,Furniture,1,4992.0,20,4992.0,3993.6,2026-01,Medium
102066,2026-08-22,CUST00266,Giza,Greater Cairo,Desk,Furniture,2,7178.0,0,14356.0,14356.0,2026-08,Large
102067,2026-03-07,CUST00267,Alexandria,Coastal,Headphones,Electronics,3,1764.0,5,5292.0,5027.4,2026-03,Medium
102068,2026-10-20,CUST00268,Mansoura,Delta,Monitor,Electronics,4,9108.0,10,36432.0,32788.8,2026-10,Large
102069,2026-05-05,CUST00269,Tanta,Unknown,Printer,Office Equipment,5,6800.0,15,34000.0,28900.0,2026-05,Large
102070,2026-12-18,CUST00270,Aswan,Unknown,Notebook Pack,Stationery,6,242.4,20,1454.4,1163.52,2026-12,Medium
102071,2026-07-03,CUST00271,Luxor,Unknown,Laptop,Electronics,7,29070.0,0,203490.0,203490.0,2026-07,Large
102072,2026-02-16,CUST00272,Port Said,Unknown,Smartphone,Electronics,8,14935.0,5,119480.0,113506.0,2026-02,Large
102073,2026-09-01,CUST00273,Cairo,Greater Cairo,Wireless Mouse,Accessories,9,468.0,10,4212.0,3790.8,2026-09,Medium
102074,2026-04-14,CUST00274,Giza,Greater Cairo,Keyboard,Accessories,10,892.5,15,8925.0,7586.25,2026-04,Medium
102075,2026-11-27,CUST00275,Alexandria,Coastal,Office Chair,Furniture,11,5512.0,20,60632.0,48505.6,2026-11,Large
102076,2026-06-12,CUST00276,Mansoura,Delta,Desk,Furniture,12,7918.0,0,95016.0,95016.0,2026-06,Large
102077,2026-01-25,CUST00277,Tanta,Unknown,Headphones,Electronics,1,1944.0,5,1944.0,1846.8,2026-01,Medium
102078,2026-08-10,CUST00278,Aswan,Unknown,Monitor,Electronics,2,10028.0,10,20056.0,18050.4,2026-08,Large
102079,2026-03-23,CUST00279,Luxor,Unknown,Printer,Office Equipment,3,7480.0,15,22440.0,19074.0,2026-03,Large
102080,2026-10-08,CUST00280,Port Said,Unknown,Notebook Pack,Stationery,4,216.0,20,864.0,691.2,2026-10,Small
102081,2026-05-21,CUST00281,Cairo,Greater Cairo,Laptop,Electronics,5,25935.0,0,129675.0,129675.0,2026-05,Large
102082,2026-12-06,CUST00282,Giza,Greater Cairo,Smartphone,Electronics,6,13340.0,5,80040.0,76038.0,2026-12,Large
102083,2026-07-19,CUST00283,Alexandria,Coastal,Wireless Mouse,Accessories,7,418.5,10,2929.5,2636.55,2026-07,Medium
102084,2026-02-04,CUST00284,Mansoura,Delta,Keyboard,Accessories,8,799.0,15,6392.0,5433.2,2026-02,Medium
102085,2026-09-17,CUST00285,Tanta,Unknown,Office Chair,Furniture,9,4940.0,20,44460.0,35568.0,2026-09,Large
102086,2026-04-02,CUST00286,Aswan,Unknown,Desk,Furniture,10,7104.0,0,71040.0,71040.0,2026-04,Large
102087,2026-11-15,CUST00287,Luxor,Unknown,Headphones,Electronics,11,1746.0,5,19206.0,18245.7,2026-11,Large
102088,2026-06-28,CUST00288,Port Said,Unknown,Monitor,Electronics,12,9016.0,10,108192.0,97372.8,2026-06,Large
102089,2026-01-13,CUST00289,Cairo,Greater Cairo,Printer,Office Equipment,1,6732.0,15,6732.0,5722.2,2026-01,Medium
102090,2026-08-26,CUST00290,Giza,Greater Cairo,Notebook Pack,Stationery,2,240.0,20,480.0,384.0,2026-08,Small
102091,2026-03-11,CUST00291,Alexandria,Coastal,Laptop,Electronics,3,28785.0,0,86355.0,86355.0,2026-03,Large
102092,2026-10-24,CUST00292,Mansoura,Delta,Smartphone,Electronics,4,14790.0,5,59160.0,56202.0,2026-10,Large
102093,2026-05-09,CUST00293,Tanta,Unknown,Wireless Mouse,Accessories,5,463.5,10,2317.5,2085.75,2026-05,Medium
102094,2026-12-22,CUST00294,Aswan,Unknown,Keyboard,Accessories,6,884.0,15,5304.0,4508.4,2026-12,Medium
102095,2026-07-07,CUST00295,Luxor,Unknown,Office Chair,Furniture,7,5460.0,20,38220.0,30576.0,2026-07,Large
102096,2026-02-20,CUST00296,Port Said,Unknown,Desk,Furniture,8,7844.0,0,62752.0,62752.0,2026-02,Large
102097,2026-09-05,CUST00297,Cairo,Greater Cairo,Headphones,Electronics,9,1926.0,5,17334.0,16467.3,2026-09,Large
102098,2026-04-18,CUST00298,Giza,Greater Cairo,Monitor,Electronics,10,9936.0,10,99360.0,89424.0,2026-04,Large
102099,2026-11-03,CUST00299,Alexandria,Coastal,Printer,Office Equipment,11,7412.0,15,81532.0,69302.2,2026-11,Large
102100,2026-06-16,CUST00300,Mansoura,Delta,Notebook Pack,Stationery,12,264.0,20,3168.0,2534.4,2026-06,Medium
102101,2026-01-01,CUST00301,Tanta,Unknown,Laptop,Electronics,1,25650.0,0,25650.0,25650.0,2026-01,Large
102102,2026-08-14,CUST00302,Aswan,Unknown,Smartphone,Electronics,2,13195.0,5,26390.0,25070.5,2026-08,Large
102103,2026-03-27,CUST00303,Luxor,Unknown,Wireless Mouse,Accessories,3,414.0,10,1242.0,1117.8,2026-03,Medium
102104,2026-10-12,CUST00304,Port Said,Unknown,Keyboard,Accessories,4,790.5,15,3162.0,2687.7,2026-10,Medium
102105,2026-05-25,CUST00305,Cairo,Greater Cairo,Office Chair,Furniture,5,4888.0,20,24440.0,19552.0,2026-05,Large
102106,2026-12-10,CUST00306,Giza,Greater Cairo,Desk,Furniture,6,7030.0,0,42180.0,42180.0,2026-12,Large
102107,2026-07-23,CUST00307,Alexandria,Coastal,Headphones,Electronics,7,1728.0,5,12096.0,11491.2,2026-07,Large
102108,2026-02-08,CUST00308,Mansoura,Delta,Monitor,Electronics,8,8924.0,10,71392.0,64252.8,2026-02,Large
102109,2026-09-21,CUST00309,Tanta,Unknown,Printer,Office Equipment,9,6664.0,15,59976.0,50979.6,2026-09,Large
102110,2026-04-06,CUST00310,Aswan,Unknown,Notebook Pack,Stationery,10,237.6,20,2376.0,1900.8,2026-04,Medium
102111,2026-11-19,CUST00311,Luxor,Unknown,Laptop,Electronics,11,28500.0,0,313500.0,313500.0,2026-11,Large
102112,2026-06-04,CUST00312,Port Said,Unknown,Smartphone,Electronics,12,14645.0,5,175740.0,166953.0,2026-06,Large
102113,2026-01-17,CUST00313,Cairo,Greater Cairo,Wireless Mouse,Accessories,1,459.0,10,459.0,413.1,2026-01,Small
102114,2026-08-02,CUST00314,Giza,Greater Cairo,Keyboard,Accessories,2,875.5,15,1751.0,1488.35,2026-08,Medium
102115,2026-03-15,CUST00315,Alexandria,Coastal,Office Chair,Furniture,3,5408.0,20,16224.0,12979.2,2026-03,Large
102116,2026-10-28,CUST00316,Mansoura,Delta,Desk,Furniture,4,7770.0,0,31080.0,31080.0,2026-10,Large
102117,2026-05-13,CUST00317,Tanta,Unknown,Headphones,Electronics,5,1908.0,5,9540.0,9063.0,2026-05,Medium
102118,2026-12-26,CUST00318,Aswan,Unknown,Monitor,Electronics,6,9844.0,10,59064.0,53157.6,2026-12,Large
102119,2026-07-11,CUST00319,Luxor,Unknown,Printer,Office Equipment,7,7344.0,15,51408.0,43696.8,2026-07,Large
102120,2026-02-24,CUST00320,Port Said,Unknown,Notebook Pack,Stationery,8,261.6,20,2092.8,1674.24,2026-02,Medium
102121,2026-09-09,CUST00321,Cairo,Greater Cairo,Laptop,Electronics,9,31350.0,0,282150.0,282150.0,2026-09,Large
102122,2026-04-22,CUST00322,Giza,Greater Cairo,Smartphone,Electronics,10,13050.0,5,130500.0,123975.0,2026-04,Large
102123,2026-11-07,CUST00323,Alexandria,Coastal,Wireless Mouse,Accessories,11,409.5,10,4504.5,4054.05,2026-11,Medium
102124,2026-06-20,CUST00324,Mansoura,Delta,Keyboard,Accessories,12,782.0,15,9384.0,7976.4,2026-06,Medium
102125,2026-01-05,CUST00325,Tanta,Unknown,Office Chair,Furniture,1,4836.0,20,4836.0,3868.8,2026-01,Medium
102126,2026-08-18,CUST00326,Aswan,Unknown,Desk,Furniture,2,6956.0,0,13912.0,13912.0,2026-08,Large
102127,2026-03-03,CUST00327,Luxor,Unknown,Headphones,Electronics,3,1710.0,5,5130.0,4873.5,2026-03,Medium
102128,2026-10-16,CUST00328,Port Said,Unknown,Monitor,Electronics,4,8832.0,10,35328.0,31795.2,2026-10,Large
102129,2026-05-01,CUST00329,Cairo,Greater Cairo,Printer,Office Equipment,5,6596.0,15,32980.0,28033.0,2026-05,Large
102130,2026-12-14,CUST00330,Giza,Greater Cairo,Notebook Pack,Stationery,6,235.2,20,1411.2,1128.96,2026-12,Medium
102131,2026-07-27,CUST00331,Alexandria,Coastal,Laptop,Electronics,7,28215.0,0,197505.0,197505.0,2026-07,Large
102132,2026-02-12,CUST00332,Mansoura,Delta,Smartphone,Electronics,8,14500.0,5,116000.0,110200.0,2026-02,Large
102133,2026-09-25,CUST00333,Tanta,Unknown,Wireless Mouse,Accessories,9,454.5,10,4090.5,3681.45,2026-09,Medium
102134,2026-04-10,CUST00334,Aswan,Unknown,Keyboard,Accessories,10,867.0,15,8670.0,7369.5,2026-04,Medium
102135,2026-11-23,CUST00335,Unknown,Unknown,Office Chair,Furniture,11,5356.0,20,58916.0,47132.8,2026-11,Large
102136,2026-06-08,CUST00336,Port Said,Unknown,Desk,Furniture,12,7696.0,0,92352.0,92352.0,2026-06,Large
102137,2026-01-21,CUST00337,Cairo,Greater Cairo,Headphones,Electronics,1,1890.0,5,1890.0,1795.5,2026-01,Medium
102138,2026-08-06,CUST00338,Giza,Greater Cairo,Monitor,Electronics,2,9752.0,10,19504.0,17553.6,2026-08,Large
102139,2026-03-19,CUST00339,Alexandria,Coastal,Printer,Office Equipment,3,7276.0,15,21828.0,18553.8,2026-03,Large
102140,2026-10-04,CUST00340,Mansoura,Delta,Notebook Pack,Stationery,4,259.2,20,1036.8,829.44,2026-10,Small
102141,2026-05-17,CUST00341,Tanta,Unknown,Laptop,Electronics,5,31065.0,0,155325.0,155325.0,2026-05,Large
102142,2026-12-02,CUST00342,Aswan,Unknown,Smartphone,Electronics,6,15950.0,5,95700.0,90915.0,2026-12,Large
102143,2026-07-15,CUST00343,Luxor,Unknown,Wireless Mouse,Accessories,7,405.0,10,2835.0,2551.5,2026-07,Medium
102144,2026-02-28,CUST00344,Port Said,Unknown,Keyboard,Accessories,8,773.5,15,6188.0,5259.8,2026-02,Medium
102145,2026-09-13,CUST00345,Cairo,Greater Cairo,Office Chair,Furniture,9,4784.0,20,43056.0,34444.8,2026-09,Large
102146,2026-04-26,CUST00346,Giza,Greater Cairo,Desk,Furniture,10,6882.0,0,68820.0,68820.0,2026-04,Large
102147,2026-11-11,CUST00347,Alexandria,Coastal,Headphones,Electronics,11,1692.0,5,18612.0,17681.4,2026-11,Large
102148,2026-06-24,CUST00348,Mansoura,Delta,Monitor,Electronics,12,8740.0,10,104880.0,94392.0,2026-06,Large
102149,2026-01-09,CUST00349,Tanta,Unknown,Printer,Office Equipment,1,6528.0,15,6528.0,5548.8,2026-01,Medium
102150,2026-08-22,CUST00350,Aswan,Unknown,Notebook Pack,Stationery,2,232.8,20,465.6,372.48,2026-08,Small
102151,2026-03-07,CUST00351,Luxor,Unknown,Laptop,Electronics,3,27930.0,0,83790.0,83790.0,2026-03,Large
102152,2026-10-20,CUST00352,Port Said,Unknown,Smartphone,Electronics,4,14355.0,5,57420.0,54549.0,2026-10,Large
102153,2026-05-05,CUST00353,Cairo,Greater Cairo,Wireless Mouse,Accessories,5,450.0,10,2250.0,2025.0,2026-05,Medium
102154,2026-12-18,CUST00354,Giza,Greater Cairo,Keyboard,Accessories,6,858.5,15,5151.0,4378.35,2026-12,Medium
102155,2026-07-03,CUST00355,Alexandria,Coastal,Office Chair,Furniture,7,5304.0,20,37128.0,29702.4,2026-07,Large
102156,2026-02-16,CUST00356,Mansoura,Delta,Desk,Furniture,8,7622.0,0,60976.0,60976.0,2026-02,Large
102157,2026-09-01,CUST00357,Tanta,Unknown,Headphones,Electronics,9,1872.0,5,16848.0,16005.6,2026-09,Large
102158,2026-04-14,CUST00358,Aswan,Unknown,Monitor,Electronics,10,9660.0,10,96600.0,86940.0,2026-04,Large
102159,2026-11-27,CUST00359,Luxor,Unknown,Printer,Office Equipment,11,7208.0,15,79288.0,67394.8,2026-11,Large
102160,2026-06-12,CUST00360,Port Said,Unknown,Notebook Pack,Stationery,12,256.8,20,3081.6,2465.28,2026-06,Medium
102161,2025-01-25,CUST00361,Cairo,Greater Cairo,Laptop,Electronics,1,30780.0,0,30780.0,30780.0,2025-01,Large
102162,2025-08-10,CUST00362,Giza,Greater Cairo,Smartphone,Electronics,2,15805.0,5,31610.0,30029.5,2025-08,Large
102163,2025-03-23,CUST00363,Alexandria,Coastal,Wireless Mouse,Accessories,3,495.0,10,1485.0,1336.5,2025-03,Medium
102164,2025-10-08,CUST00364,Mansoura,Delta,Keyboard,Accessories,4,765.0,15,3060.0,2601.0,2025-10,Medium
102165,2025-05-21,CUST00365,Tanta,Unknown,Office Chair,Furniture,5,4732.0,20,23660.0,18928.0,2025-05,Large
102166,2025-12-06,CUST00366,Aswan,Unknown,Desk,Furniture,6,6808.0,0,40848.0,40848.0,2025-12,Large
102167,2025-07-19,CUST00367,Luxor,Unknown,Headphones,Electronics,7,1674.0,5,11718.0,11132.1,2025-07,Large
102168,2025-02-04,CUST00368,Port Said,Unknown,Monitor,Electronics,8,8648.0,10,69184.0,62265.6,2025-02,Large
102169,2025-09-17,CUST00369,Cairo,Greater Cairo,Printer,Office Equipment,9,6460.0,15,58140.0,49419.0,2025-09,Large
102170,2025-04-02,CUST00370,Giza,Greater Cairo,Notebook Pack,Stationery,10,230.4,20,2304.0,1843.2,2025-04,Medium
102171,2025-11-15,CUST00371,Alexandria,Coastal,Laptop,Electronics,11,27645.0,0,304095.0,304095.0,2025-11,Large
102172,2025-06-28,CUST00372,Mansoura,Delta,Smartphone,Electronics,12,14210.0,5,170520.0,161994.0,2025-06,Large
102173,2025-01-13,CUST00373,Tanta,Unknown,Wireless Mouse,Accessories,1,445.5,0,445.5,445.5,2025-01,Small
102174,2025-08-26,CUST00374,Aswan,Unknown,Keyboard,Accessories,2,850.0,15,1700.0,1445.0,2025-08,Medium
102175,2025-03-11,CUST00375,Luxor,Unknown,Office Chair,Furniture,3,5252.0,20,15756.0,12604.8,2025-03,Large
102176,2025-10-24,CUST00376,Port Said,Unknown,Desk,Furniture,4,7548.0,0,30192.0,30192.0,2025-10,Large
102177,2025-05-09,CUST00377,Cairo,Greater Cairo,Headphones,Electronics,5,1854.0,5,9270.0,8806.5,2025-05,Medium
102178,2025-12-22,CUST00378,Giza,Greater Cairo,Monitor,Electronics,6,9568.0,10,57408.0,51667.2,2025-12,Large
102179,2025-07-07,CUST00379,Alexandria,Coastal,Printer,Office Equipment,7,7140.0,15,49980.0,42483.0,2025-07,Large
102180,2025-02-20,CUST00380,Mansoura,Delta,Notebook Pack,Stationery,8,254.4,20,2035.2,1628.16,2025-02,Medium
102181,2025-09-05,CUST00381,Tanta,Unknown,Laptop,Electronics,9,30495.0,0,274455.0,274455.0,2025-09,Large
102182,2025-04-18,CUST00382,Aswan,Unknown,Smartphone,Electronics,10,15660.0,5,156600.0,148770.0,2025-04,Large
102183,2025-11-03,CUST00383,Luxor,Unknown,Wireless Mouse,Accessories,11,490.5,10,5395.5,4855.95,2025-11,Medium
102184,2025-06-16,CUST00384,Port Said,Unknown,Keyboard,Accessories,12,935.0,15,11220.0,9537.0,2025-06,Medium
102185,2025-01-01,CUST00385,Cairo,Greater Cairo,Office Chair,Furniture,1,4680.0,20,4680.0,3744.0,2025-01,Medium
102186,2025-08-14,CUST00386,Giza,Greater Cairo,Desk,Furniture,2,6734.0,0,13468.0,13468.0,2025-08,Large
102187,2025-03-27,CUST00387,Alexandria,Coastal,Headphones,Electronics,3,1656.0,5,4968.0,4719.6,2025-03,Medium
102188,2025-10-12,CUST00388,Mansoura,Delta,Monitor,Electronics,4,8556.0,10,34224.0,30801.6,2025-10,Large
102189,2025-05-25,CUST00389,Tanta,Unknown,Printer,Office Equipment,5,6392.0,15,31960.0,27166.0,2025-05,Large
102190,2025-12-10,CUST00390,Aswan,Unknown,Notebook Pack,Stationery,6,228.0,20,1368.0,1094.4,2025-12,Medium
102191,2025-07-23,CUST00391,Luxor,Unknown,Laptop,Electronics,7,27360.0,0,191520.0,191520.0,2025-07,Large
102192,2025-02-08,CUST00392,Port Said,Unknown,Smartphone,Electronics,8,14065.0,5,112520.0,106894.0,2025-02,Large
102193,2025-09-21,CUST00393,Cairo,Greater Cairo,Wireless Mouse,Accessories,9,441.0,10,3969.0,3572.1,2025-09,Medium
102194,2025-04-06,CUST00394,Giza,Greater Cairo,Keyboard,Accessories,10,841.5,15,8415.0,7152.75,2025-04,Medium
102195,2025-11-19,CUST00395,Alexandria,Coastal,Office Chair,Furniture,11,5200.0,20,57200.0,45760.0,2025-11,Large
102196,2025-06-04,CUST00396,Mansoura,Delta,Desk,Furniture,12,7474.0,0,89688.0,89688.0,2025-06,Large
102197,2025-01-17,CUST00397,Tanta,Unknown,Headphones,Electronics,1,1836.0,5,1836.0,1744.2,2025-01,Medium
102198,2025-08-02,CUST00398,Aswan,Unknown,Monitor,Electronics,2,9476.0,10,18952.0,17056.8,2025-08,Large
102199,2025-03-15,CUST00399,Luxor,Unknown,Printer,Office Equipment,3,7072.0,15,21216.0,18033.6,2025-03,Large
102200,2025-10-28,CUST00400,Port Said,Unknown,Notebook Pack,Stationery,4,252.0,20,1008.0,806.4,2025-10,Small
102201,2025-05-13,CUST00401,Cairo,Greater Cairo,Laptop,Electronics,5,30210.0,0,151050.0,151050.0,2025-05,Large
102202,2025-12-26,CUST00402,Giza,Greater Cairo,Smartphone,Electronics,6,15515.0,5,93090.0,88435.5,2025-12,Large
102203,2025-07-11,CUST00403,Alexandria,Coastal,Wireless Mouse,Accessories,7,486.0,10,3402.0,3061.8,2025-07,Medium
102204,2025-02-24,CUST00404,Mansoura,Delta,Keyboard,Accessories,8,926.5,15,7412.0,6300.2,2025-02,Medium
102205,2025-09-09,CUST00405,Tanta,Unknown,Office Chair,Furniture,9,5720.0,20,51480.0,41184.0,2025-09,Large
102206,2025-04-22,CUST00406,Aswan,Unknown,Desk,Furniture,10,6660.0,0,66600.0,66600.0,2025-04,Large
102207,2025-11-07,CUST00407,Luxor,Unknown,Headphones,Electronics,11,1638.0,5,18018.0,17117.1,2025-11,Large
102208,2025-06-20,CUST00408,Port Said,Unknown,Monitor,Electronics,12,8464.0,10,101568.0,91411.2,2025-06,Large
102209,2025-01-05,CUST00409,Cairo,Greater Cairo,Printer,Office Equipment,1,6324.0,15,6324.0,5375.4,2025-01,Medium
102210,2025-08-18,CUST00410,Giza,Greater Cairo,Notebook Pack,Stationery,2,225.6,20,451.2,360.96,2025-08,Small
102211,2025-03-03,CUST00411,Alexandria,Coastal,Laptop,Electronics,3,27075.0,0,81225.0,81225.0,2025-03,Large
102212,2025-10-16,CUST00412,Mansoura,Delta,Smartphone,Electronics,4,13920.0,5,55680.0,52896.0,2025-10,Large
102213,2025-05-01,CUST00413,Tanta,Unknown,Wireless Mouse,Accessories,5,436.5,10,2182.5,1964.25,2025-05,Medium
102214,2025-12-14,CUST00414,Aswan,Unknown,Keyboard,Accessories,6,833.0,15,4998.0,4248.3,2025-12,Medium
102215,2025-07-27,CUST00415,Luxor,Unknown,Office Chair,Furniture,7,5148.0,20,36036.0,28828.8,2025-07,Large
102216,2025-02-12,CUST00416,Port Said,Unknown,Desk,Furniture,8,7400.0,0,59200.0,59200.0,2025-02,Large
102217,2025-09-25,CUST00417,Cairo,Greater Cairo,Headphones,Electronics,9,1818.0,5,16362.0,15543.9,2025-09,Large
102218,2025-04-10,CUST00418,Giza,Greater Cairo,Monitor,Electronics,10,9384.0,10,93840.0,84456.0,2025-04,Large
102219,2025-11-23,CUST00419,Alexandria,Coastal,Printer,Office Equipment,11,7004.0,15,77044.0,65487.4,2025-11,Large
102220,2025-06-08,CUST00420,Mansoura,Delta,Notebook Pack,Stationery,12,249.6,20,2995.2,2396.16,2025-06,Medium
102221,2025-01-21,CUST00421,Tanta,Unknown,Laptop,Electronics,1,29925.0,0,29925.0,29925.0,2025-01,Large
102222,2025-08-06,CUST00422,Aswan,Unknown,Smartphone,Electronics,2,15370.0,5,30740.0,29203.0,2025-08,Large
102223,2025-03-19,CUST00423,Luxor,Unknown,Wireless Mouse,Accessories,3,481.5,10,1444.5,1300.05,2025-03,Medium
102224,2025-10-04,CUST00424,Port Said,Unknown,Keyboard,Accessories,4,918.0,15,3672.0,3121.2,2025-10,Medium
102225,2025-05-17,CUST00425,Cairo,Greater Cairo,Office Chair,Furniture,5,5668.0,20,28340.0,22672.0,2025-05,Large
102226,2025-12-02,CUST00426,Giza,Greater Cairo,Desk,Furniture,6,8140.0,0,48840.0,48840.0,2025-12,Large
102227,2025-07-15,CUST00427,Alexandria,Coastal,Headphones,Electronics,7,1620.0,5,11340.0,10773.0,2025-07,Large
102228,2025-02-28,CUST00428,Mansoura,Delta,Monitor,Electronics,8,8372.0,10,66976.0,60278.4,2025-02,Large
102229,2025-09-13,CUST00429,Tanta,Unknown,Printer,Office Equipment,9,6256.0,15,56304.0,47858.4,2025-09,Large
102230,2025-04-26,CUST00430,Aswan,Unknown,Notebook Pack,Stationery,10,223.2,20,2232.0,1785.6,2025-04,Medium
102231,2025-11-11,CUST00431,Luxor,Unknown,Laptop,Electronics,11,26790.0,0,294690.0,294690.0,2025-11,Large
102232,2025-06-24,CUST00432,Unknown,Unknown,Smartphone,Electronics,12,13775.0,5,165300.0,157035.0,2025-06,Large
102233,2025-01-09,CUST00433,Cairo,Greater Cairo,Wireless Mouse,Accessories,1,432.0,10,432.0,388.8,2025-01,Small
102234,2025-08-22,CUST00434,Giza,Greater Cairo,Keyboard,Accessories,2,824.5,15,1649.0,1401.65,2025-08,Medium
102235,2025-03-07,CUST00435,Alexandria,Coastal,Office Chair,Furniture,3,5096.0,20,15288.0,12230.4,2025-03,Large
102236,2025-10-20,CUST00436,Mansoura,Delta,Desk,Furniture,4,7326.0,0,29304.0,29304.0,2025-10,Large
102237,2025-05-05,CUST00437,Tanta,Unknown,Headphones,Electronics,5,1800.0,5,9000.0,8550.0,2025-05,Medium
102238,2025-12-18,CUST00438,Aswan,Unknown,Monitor,Electronics,6,9292.0,10,55752.0,50176.8,2025-12,Large
102239,2025-07-03,CUST00439,Luxor,Unknown,Printer,Office Equipment,7,6936.0,15,48552.0,41269.2,2025-07,Large
102240,2025-02-16,CUST00440,Port Said,Unknown,Notebook Pack,Stationery,8,247.2,20,1977.6,1582.08,2025-02,Medium
102241,2025-09-01,CUST00441,Cairo,Greater Cairo,Laptop,Electronics,9,29640.0,0,266760.0,266760.0,2025-09,Large
102242,2025-04-14,CUST00442,Giza,Greater Cairo,Smartphone,Electronics,10,15225.0,5,152250.0,144637.5,2025-04,Large
102243,2025-11-27,CUST00443,Alexandria,Coastal,Wireless Mouse,Accessories,11,477.0,10,5247.0,4722.3,2025-11,Medium
102244,2025-06-12,CUST00444,Mansoura,Delta,Keyboard,Accessories,12,909.5,15,10914.0,9276.9,2025-06,Medium
102245,2025-01-25,CUST00445,Tanta,Unknown,Office Chair,Furniture,1,5616.0,20,5616.0,4492.8,2025-01,Medium
102246,2025-08-10,CUST00446,Aswan,Unknown,Desk,Furniture,2,8066.0,0,16132.0,16132.0,2025-08,Large
102247,2025-03-23,CUST00447,Luxor,Unknown,Headphones,Electronics,3,1980.0,5,5940.0,5643.0,2025-03,Medium
102248,2025-10-08,CUST00448,Port Said,Unknown,Monitor,Electronics,4,8280.0,10,33120.0,29808.0,2025-10,Large
102249,2025-05-21,CUST00449,Cairo,Greater Cairo,Printer,Office Equipment,5,6188.0,15,30940.0,26299.0,2025-05,Large
102250,2025-12-06,CUST00450,Giza,Greater Cairo,Notebook Pack,Stationery,6,220.8,20,1324.8,1059.84,2025-12,Medium
102251,2025-07-19,CUST00451,Alexandria,Coastal,Laptop,Electronics,7,26505.0,0,185535.0,185535.0,2025-07,Large
102252,2025-02-04,CUST00452,Mansoura,Delta,Smartphone,Electronics,8,13630.0,5,109040.0,103588.0,2025-02,Large
102253,2025-09-17,CUST00453,Tanta,Unknown,Wireless Mouse,Accessories,9,427.5,10,3847.5,3462.75,2025-09,Medium
102254,2025-04-02,CUST00454,Aswan,Unknown,Keyboard,Accessories,10,816.0,15,8160.0,6936.0,2025-04,Medium
102255,2025-11-15,CUST00455,Luxor,Unknown,Office Chair,Furniture,11,5044.0,20,55484.0,44387.2,2025-11,Large
102256,2025-06-28,CUST00456,Port Said,Unknown,Desk,Furniture,12,7252.0,0,87024.0,87024.0,2025-06,Large
102257,2025-01-13,CUST00457,Cairo,Greater Cairo,Headphones,Electronics,1,1782.0,5,1782.0,1692.9,2025-01,Medium
102258,2025-08-26,CUST00458,Giza,Greater Cairo,Monitor,Electronics,2,9200.0,10,18400.0,16560.0,2025-08,Large
102259,2025-03-11,CUST00459,Alexandria,Coastal,Printer,Office Equipment,3,6868.0,15,20604.0,17513.4,2025-03,Large
102260,2025-10-24,CUST00460,Mansoura,Delta,Notebook Pack,Stationery,4,244.8,20,979.2,783.36,2025-10,Small
102261,2025-05-09,CUST00461,Tanta,Unknown,Laptop,Electronics,5,29355.0,0,146775.0,146775.0,2025-05,Large
102262,2025-12-22,CUST00462,Aswan,Unknown,Smartphone,Electronics,6,15080.0,5,90480.0,85956.0,2025-12,Large
102263,2025-07-07,CUST00463,Luxor,Unknown,Wireless Mouse,Accessories,7,472.5,10,3307.5,2976.75,2025-07,Medium
102264,2025-02-20,CUST00464,Port Said,Unknown,Keyboard,Accessories,8,901.0,15,7208.0,6126.8,2025-02,Medium
102265,2025-09-05,CUST00465,Cairo,Greater Cairo,Office Chair,Furniture,9,5564.0,20,50076.0,40060.8,2025-09,Large
102266,2025-04-18,CUST00466,Giza,Greater Cairo,Desk,Furniture,10,7992.0,0,79920.0,79920.0,2025-04,Large
102267,2025-11-03,CUST00467,Alexandria,Coastal,Headphones,Electronics,11,1962.0,5,21582.0,20502.9,2025-11,Large
102268,2025-06-16,CUST00468,Mansoura,Delta,Monitor,Electronics,12,10120.0,10,121440.0,109296.0,2025-06,Large
102269,2025-01-01,CUST00469,Tanta,Unknown,Printer,Office Equipment,1,6120.0,15,6120.0,5202.0,2025-01,Medium
102270,2025-08-14,CUST00470,Aswan,Unknown,Notebook Pack,Stationery,2,218.4,20,436.8,349.44,2025-08,Small
102271,2025-03-27,CUST00471,Luxor,Unknown,Laptop,Electronics,3,26220.0,0,78660.0,78660.0,2025-03,Large
102272,2025-10-12,CUST00472,Port Said,Unknown,Smartphone,Electronics,4,13485.0,5,53940.0,51243.0,2025-10,Large
102273,2025-05-25,CUST00473,Cairo,Greater Cairo,Wireless Mouse,Accessories,5,423.0,10,2115.0,1903.5,2025-05,Medium
102274,2025-12-10,CUST00474,Giza,Greater Cairo,Keyboard,Accessories,6,807.5,15,4845.0,4118.25,2025-12,Medium
102275,2025-07-23,CUST00475,Alexandria,Coastal,Office Chair,Furniture,7,4992.0,20,34944.0,27955.2,2025-07,Large
102276,2025-02-08,CUST00476,Mansoura,Delta,Desk,Furniture,8,7178.0,0,57424.0,57424.0,2025-02,Large
102277,2025-09-21,CUST00477,Tanta,Unknown,Headphones,Electronics,9,1764.0,5,15876.0,15082.2,2025-09,Large
102278,2025-04-06,CUST00478,Aswan,Unknown,Monitor,Electronics,10,9108.0,10,91080.0,81972.0,2025-04,Large
102279,2025-11-19,CUST00479,Luxor,Unknown,Printer,Office Equipment,11,6800.0,15,74800.0,63580.0,2025-11,Large
102280,2025-06-04,CUST00480,Port Said,Unknown,Notebook Pack,Stationery,12,242.4,20,2908.8,2327.04,2025-06,Medium
102281,2025-01-17,CUST00481,Cairo,Greater Cairo,Laptop,Electronics,1,29070.0,0,29070.0,29070.0,2025-01,Large
102282,2025-08-02,CUST00482,Giza,Greater Cairo,Smartphone,Electronics,2,14935.0,5,29870.0,28376.5,2025-08,Large
102283,2025-03-15,CUST00483,Alexandria,Coastal,Wireless Mouse,Accessories,3,468.0,10,1404.0,1263.6,2025-03,Medium
102284,2025-10-28,CUST00484,Mansoura,Delta,Keyboard,Accessories,4,892.5,15,3570.0,3034.5,2025-10,Medium
102285,2025-05-13,CUST00485,Tanta,Unknown,Office Chair,Furniture,5,5512.0,20,27560.0,22048.0,2025-05,Large
102286,2025-12-26,CUST00486,Aswan,Unknown,Desk,Furniture,6,7918.0,0,47508.0,47508.0,2025-12,Large
102287,2025-07-11,CUST00487,Luxor,Unknown,Headphones,Electronics,7,1944.0,5,13608.0,12927.6,2025-07,Large
102288,2025-02-24,CUST00488,Port Said,Unknown,Monitor,Electronics,8,10028.0,10,80224.0,72201.6,2025-02,Large
102289,2025-09-09,CUST00489,Cairo,Greater Cairo,Printer,Office Equipment,9,7480.0,15,67320.0,57222.0,2025-09,Large
102290,2025-04-22,CUST00490,Giza,Greater Cairo,Notebook Pack,Stationery,10,216.0,20,2160.0,1728.0,2025-04,Medium
102291,2025-11-07,CUST00491,Alexandria,Coastal,Laptop,Electronics,11,25935.0,0,285285.0,285285.0,2025-11,Large
102292,2025-06-20,CUST00492,Mansoura,Delta,Smartphone,Electronics,12,13340.0,5,160080.0,152076.0,2025-06,Large
102293,2025-01-05,CUST00493,Tanta,Unknown,Wireless Mouse,Accessories,1,418.5,10,418.5,376.65,2025-01,Small
102294,2025-08-18,CUST00494,Aswan,Unknown,Keyboard,Accessories,2,799.0,15,1598.0,1358.3,2025-08,Medium
102295,2025-03-03,CUST00495,Luxor,Unknown,Office Chair,Furniture,3,4940.0,20,14820.0,11856.0,2025-03,Large
102296,2025-10-16,CUST00496,Port Said,Unknown,Desk,Furniture,4,7104.0,0,28416.0,28416.0,2025-10,Large
102297,2025-05-01,CUST00497,Cairo,Greater Cairo,Headphones,Electronics,5,1746.0,5,8730.0,8293.5,2025-05,Medium
102298,2025-12-14,CUST00498,Giza,Greater Cairo,Monitor,Electronics,6,9016.0,10,54096.0,48686.4,2025-12,Large
102299,2025-07-27,CUST00499,Alexandria,Coastal,Printer,Office Equipment,7,6732.0,15,47124.0,40055.4,2025-07,Large
102300,2025-02-12,CUST00500,Mansoura,Delta,Notebook Pack,Stationery,8,240.0,20,1920.0,1536.0,2025-02,Medium
102301,2025-09-25,CUST00501,Tanta,Unknown,Laptop,Electronics,9,28785.0,0,259065.0,259065.0,2025-09,Large
102302,2025-04-10,CUST00502,Aswan,Unknown,Smartphone,Electronics,10,14790.0,5,147900.0,140505.0,2025-04,Large
102303,2025-11-23,CUST00503,Luxor,Unknown,Wireless Mouse,Accessories,11,463.5,10,5098.5,4588.65,2025-11,Medium
102304,2025-06-08,CUST00504,Port Said,Unknown,Keyboard,Accessories,12,884.0,15,10608.0,9016.8,2025-06,Medium
102305,2025-01-21,CUST00505,Cairo,Greater Cairo,Office Chair,Furniture,1,5460.0,20,5460.0,4368.0,2025-01,Medium
102306,2025-08-06,CUST00506,Giza,Greater Cairo,Desk,Furniture,2,7844.0,0,15688.0,15688.0,2025-08,Large
102307,2025-03-19,CUST00507,Alexandria,Coastal,Headphones,Electronics,3,1926.0,5,5778.0,5489.1,2025-03,Medium
102308,2025-10-04,CUST00508,Mansoura,Delta,Monitor,Electronics,4,9936.0,10,39744.0,35769.6,2025-10,Large
102309,2025-05-17,CUST00509,Tanta,Unknown,Printer,Office Equipment,5,7412.0,15,37060.0,31501.0,2025-05,Large
102310,2025-12-02,CUST00510,Aswan,Unknown,Notebook Pack,Stationery,6,264.0,20,1584.0,1267.2,2025-12,Medium
102311,2025-07-15,CUST00511,Luxor,Unknown,Laptop,Electronics,7,25650.0,0,179550.0,179550.0,2025-07,Large
102312,2025-02-28,CUST00512,Port Said,Unknown,Smartphone,Electronics,8,13195.0,5,105560.0,100282.0,2025-02,Large
102313,2025-09-13,CUST00513,Cairo,Greater Cairo,Wireless Mouse,Accessories,9,414.0,10,3726.0,3353.4,2025-09,Medium
102314,2025-04-26,CUST00514,Giza,Greater Cairo,Keyboard,Accessories,10,790.5,15,7905.0,6719.25,2025-04,Medium
102315,2025-11-11,CUST00515,Alexandria,Coastal,Office Chair,Furniture,11,4888.0,20,53768.0,43014.4,2025-11,Large
102316,2025-06-24,CUST00516,Mansoura,Delta,Desk,Furniture,12,7030.0,0,84360.0,84360.0,2025-06,Large
102317,2025-01-09,CUST00517,Tanta,Unknown,Headphones,Electronics,1,1728.0,5,1728.0,1641.6,2025-01,Medium
102318,2025-08-22,CUST00518,Aswan,Unknown,Monitor,Electronics,2,8924.0,10,17848.0,16063.2,2025-08,Large
102319,2025-03-07,CUST00519,Luxor,Unknown,Printer,Office Equipment,3,6664.0,15,19992.0,16993.2,2025-03,Large
102320,2025-10-20,CUST00520,Port Said,Unknown,Notebook Pack,Stationery,4,237.6,20,950.4,760.32,2025-10,Small
102321,2025-05-05,CUST00521,Cairo,Greater Cairo,Laptop,Electronics,5,28500.0,0,142500.0,142500.0,2025-05,Large
102322,2025-12-18,CUST00522,Giza,Greater Cairo,Smartphone,Electronics,6,14645.0,5,87870.0,83476.5,2025-12,Large
102323,2025-07-03,CUST00523,Alexandria,Coastal,Wireless Mouse,Accessories,7,459.0,10,3213.0,2891.7,2025-07,Medium
102324,2025-02-16,CUST00524,Mansoura,Delta,Keyboard,Accessories,8,875.5,15,7004.0,5953.4,2025-02,Medium
102325,2025-09-01,CUST00525,Tanta,Unknown,Office Chair,Furniture,9,5408.0,20,48672.0,38937.6,2025-09,Large
102326,2025-04-14,CUST00526,Aswan,Unknown,Desk,Furniture,10,7770.0,0,77700.0,77700.0,2025-04,Large
102327,2025-11-27,CUST00527,Luxor,Unknown,Headphones,Electronics,11,1908.0,5,20988.0,19938.6,2025-11,Large
102328,2025-06-12,CUST00528,Port Said,Unknown,Monitor,Electronics,12,9844.0,10,118128.0,106315.2,2025-06,Large
102329,2025-01-25,CUST00529,Unknown,Unknown,Printer,Office Equipment,1,7344.0,15,7344.0,6242.4,2025-01,Medium
102330,2025-08-10,CUST00530,Giza,Greater Cairo,Notebook Pack,Stationery,2,261.6,20,523.2,418.56,2025-08,Small
102331,2025-03-23,CUST00531,Alexandria,Coastal,Laptop,Electronics,3,31350.0,0,94050.0,94050.0,2025-03,Large
102332,2025-10-08,CUST00532,Mansoura,Delta,Smartphone,Electronics,4,13050.0,5,52200.0,49590.0,2025-10,Large
102333,2025-05-21,CUST00533,Tanta,Unknown,Wireless Mouse,Accessories,5,409.5,10,2047.5,1842.75,2025-05,Medium
102334,2025-12-06,CUST00534,Aswan,Unknown,Keyboard,Accessories,6,782.0,15,4692.0,3988.2,2025-12,Medium
102335,2025-07-19,CUST00535,Luxor,Unknown,Office Chair,Furniture,7,4836.0,20,33852.0,27081.6,2025-07,Large
102336,2025-02-04,CUST00536,Port Said,Unknown,Desk,Furniture,8,6956.0,0,55648.0,55648.0,2025-02,Large
102337,2025-09-17,CUST00537,Cairo,Greater Cairo,Headphones,Electronics,9,1710.0,5,15390.0,14620.5,2025-09,Large
102338,2025-04-02,CUST00538,Giza,Greater Cairo,Monitor,Electronics,10,8832.0,10,88320.0,79488.0,2025-04,Large
102339,2025-11-15,CUST00539,Alexandria,Coastal,Printer,Office Equipment,11,6596.0,15,72556.0,61672.6,2025-11,Large
102340,2025-06-28,CUST00540,Mansoura,Delta,Notebook Pack,Stationery,12,235.2,20,2822.4,2257.92,2025-06,Medium
102341,2025-01-13,CUST00541,Tanta,Unknown,Laptop,Electronics,1,28215.0,0,28215.0,28215.0,2025-01,Large
102342,2025-08-26,CUST00542,Aswan,Unknown,Smartphone,Electronics,2,14500.0,5,29000.0,27550.0,2025-08,Large
102343,2025-03-11,CUST00543,Luxor,Unknown,Wireless Mouse,Accessories,3,454.5,10,1363.5,1227.15,2025-03,Medium
102344,2025-10-24,CUST00544,Port Said,Unknown,Keyboard,Accessories,4,867.0,15,3468.0,2947.8,2025-10,Medium
102345,2025-05-09,CUST00545,Cairo,Greater Cairo,Office Chair,Furniture,5,5356.0,20,26780.0,21424.0,2025-05,Large
102346,2025-12-22,CUST00546,Giza,Greater Cairo,Desk,Furniture,6,7696.0,0,46176.0,46176.0,2025-12,Large
102347,2025-07-07,CUST00547,Alexandria,Coastal,Headphones,Electronics,7,1890.0,5,13230.0,12568.5,2025-07,Large
102348,2025-02-20,CUST00548,Mansoura,Delta,Monitor,Electronics,8,9752.0,10,78016.0,70214.4,2025-02,Large
102349,2025-09-05,CUST00549,Tanta,Unknown,Printer,Office Equipment,9,7276.0,15,65484.0,55661.4,2025-09,Large
102350,2025-04-18,CUST00550,Aswan,Unknown,Notebook Pack,Stationery,10,259.2,20,2592.0,2073.6,2025-04,Medium
102351,2025-11-03,CUST00551,Luxor,Unknown,Laptop,Electronics,11,31065.0,0,341715.0,341715.0,2025-11,Large
102352,2025-06-16,CUST00552,Port Said,Unknown,Smartphone,Electronics,12,15950.0,5,191400.0,181830.0,2025-06,Large
102353,2025-01-01,CUST00553,Cairo,Greater Cairo,Wireless Mouse,Accessories,1,405.0,10,405.0,364.5,2025-01,Small
102354,2025-08-14,CUST00554,Giza,Greater Cairo,Keyboard,Accessories,2,773.5,0,1547.0,1547.0,2025-08,Medium
102355,2025-03-27,CUST00555,Alexandria,Coastal,Office Chair,Furniture,3,4784.0,20,14352.0,11481.6,2025-03,Large
102356,2025-10-12,CUST00556,Mansoura,Delta,Desk,Furniture,4,6882.0,0,27528.0,27528.0,2025-10,Large
102357,2025-05-25,CUST00557,Tanta,Unknown,Headphones,Electronics,5,1692.0,5,8460.0,8037.0,2025-05,Medium
102358,2025-12-10,CUST00558,Aswan,Unknown,Monitor,Electronics,6,8740.0,10,52440.0,47196.0,2025-12,Large
102359,2025-07-23,CUST00559,Luxor,Unknown,Printer,Office Equipment,7,6528.0,15,45696.0,38841.6,2025-07,Large
102360,2025-02-08,CUST00560,Port Said,Unknown,Notebook Pack,Stationery,8,232.8,20,1862.4,1489.92,2025-02,Medium
102361,2025-09-21,CUST00561,Cairo,Greater Cairo,Laptop,Electronics,9,27930.0,0,251370.0,251370.0,2025-09,Large
102362,2025-04-06,CUST00562,Giza,Greater Cairo,Smartphone,Electronics,10,14355.0,5,143550.0,136372.5,2025-04,Large
102363,2025-11-19,CUST00563,Alexandria,Coastal,Wireless Mouse,Accessories,11,450.0,10,4950.0,4455.0,2025-11,Medium
102364,2025-06-04,CUST00564,Mansoura,Delta,Keyboard,Accessories,12,858.5,15,10302.0,8756.7,2025-06,Medium
102365,2025-01-17,CUST00565,Tanta,Unknown,Office Chair,Furniture,1,5304.0,20,5304.0,4243.2,2025-01,Medium
102366,2025-08-02,CUST00566,Aswan,Unknown,Desk,Furniture,2,7622.0,0,15244.0,15244.0,2025-08,Large
102367,2025-03-15,CUST00567,Luxor,Unknown,Headphones,Electronics,3,1872.0,5,5616.0,5335.2,2025-03,Medium
102368,2025-10-28,CUST00568,Port Said,Unknown,Monitor,Electronics,4,9660.0,10,38640.0,34776.0,2025-10,Large
102369,2025-05-13,CUST00569,Cairo,Greater Cairo,Printer,Office Equipment,5,7208.0,15,36040.0,30634.0,2025-05,Large
102370,2025-12-26,CUST00570,Giza,Greater Cairo,Notebook Pack,Stationery,6,256.8,20,1540.8,1232.64,2025-12,Medium
102371,2025-07-11,CUST00571,Alexandria,Coastal,Laptop,Electronics,7,30780.0,0,215460.0,215460.0,2025-07,Large
102372,2025-02-24,CUST00572,Mansoura,Delta,Smartphone,Electronics,8,15805.0,5,126440.0,120118.0,2025-02,Large
102373,2025-09-09,CUST00573,Tanta,Unknown,Wireless Mouse,Accessories,9,495.0,10,4455.0,4009.5,2025-09,Medium
102374,2025-04-22,CUST00574,Aswan,Unknown,Keyboard,Accessories,10,765.0,15,7650.0,6502.5,2025-04,Medium
102375,2025-11-07,CUST00575,Luxor,Unknown,Office Chair,Furniture,11,4732.0,20,52052.0,41641.6,2025-11,Large
102376,2025-06-20,CUST00576,Port Said,Unknown,Desk,Furniture,12,6808.0,0,81696.0,81696.0,2025-06,Large
102377,2025-01-05,CUST00577,Cairo,Greater Cairo,Headphones,Electronics,1,1674.0,5,1674.0,1590.3,2025-01,Medium
102378,2025-08-18,CUST00578,Giza,Greater Cairo,Monitor,Electronics,2,8648.0,10,17296.0,15566.4,2025-08,Large
102379,2025-03-03,CUST00579,Alexandria,Coastal,Printer,Office Equipment,3,6460.0,15,19380.0,16473.0,2025-03,Large
102380,2025-10-16,CUST00580,Mansoura,Delta,Notebook Pack,Stationery,4,230.4,20,921.6,737.28,2025-10,Small
102381,2025-05-01,CUST00581,Tanta,Unknown,Laptop,Electronics,5,27645.0,0,138225.0,138225.0,2025-05,Large
102382,2025-12-14,CUST00582,Aswan,Unknown,Smartphone,Electronics,6,14210.0,5,85260.0,80997.0,2025-12,Large
102383,2025-07-27,CUST00583,Luxor,Unknown,Wireless Mouse,Accessories,7,445.5,10,3118.5,2806.65,2025-07,Medium
102384,2025-02-12,CUST00584,Port Said,Unknown,Keyboard,Accessories,8,850.0,15,6800.0,5780.0,2025-02,Medium
102385,2025-09-25,CUST00585,Cairo,Greater Cairo,Office Chair,Furniture,9,5252.0,20,47268.0,37814.4,2025-09,Large
102386,2025-04-10,CUST00586,Giza,Greater Cairo,Desk,Furniture,10,7548.0,0,75480.0,75480.0,2025-04,Large
102387,2025-11-23,CUST00587,Alexandria,Coastal,Headphones,Electronics,11,1854.0,5,20394.0,19374.3,2025-11,Large
102388,2025-06-08,CUST00588,Mansoura,Delta,Monitor,Electronics,12,9568.0,10,114816.0,103334.4,2025-06,Large
102389,2025-01-21,CUST00589,Tanta,Unknown,Printer,Office Equipment,1,7140.0,15,7140.0,6069.0,2025-01,Medium
102390,2025-08-06,CUST00590,Aswan,Unknown,Notebook Pack,Stationery,2,254.4,20,508.8,407.04,2025-08,Small
102391,2025-03-19,CUST00591,Luxor,Unknown,Laptop,Electronics,3,30495.0,0,91485.0,91485.0,2025-03,Large
102392,2025-10-04,CUST00592,Port Said,Unknown,Smartphone,Electronics,4,15660.0,5,62640.0,59508.0,2025-10,Large
102393,2025-05-17,CUST00593,Cairo,Greater Cairo,Wireless Mouse,Accessories,5,490.5,10,2452.5,2207.25,2025-05,Medium
102394,2025-12-02,CUST00594,Giza,Greater Cairo,Keyboard,Accessories,6,935.0,15,5610.0,4768.5,2025-12,Medium
102395,2025-07-15,CUST00595,Alexandria,Coastal,Office Chair,Furniture,7,4680.0,20,32760.0,26208.0,2025-07,Large
102396,2025-02-28,CUST00596,Mansoura,Delta,Desk,Furniture,8,6734.0,0,53872.0,53872.0,2025-02,Large
102397,2025-09-13,CUST00597,Tanta,Unknown,Headphones,Electronics,9,1656.0,5,14904.0,14158.8,2025-09,Large
102398,2025-04-26,CUST00598,Aswan,Unknown,Monitor,Electronics,10,8556.0,10,85560.0,77004.0,2025-04,Large
102399,2025-11-11,CUST00599,Luxor,Unknown,Printer,Office Equipment,11,6392.0,15,70312.0,59765.2,2025-11,Large
102400,2025-06-24,CUST00600,Port Said,Unknown,Notebook Pack,Stationery,12,228.0,20,2736.0,2188.8,2025-06,Medium
102401,2025-01-09,CUST00601,Cairo,Greater Cairo,Laptop,Electronics,1,27360.0,0,27360.0,27360.0,2025-01,Large
102402,2025-08-22,CUST00602,Giza,Greater Cairo,Smartphone,Electronics,2,14065.0,5,28130.0,26723.5,2025-08,Large
102403,2025-03-07,CUST00603,Alexandria,Coastal,Wireless Mouse,Accessories,3,441.0,10,1323.0,1190.7,2025-03,Medium
102404,2025-10-20,CUST00604,Mansoura,Delta,Keyboard,Accessories,4,841.5,15,3366.0,2861.1,2025-10,Medium
102405,2025-05-05,CUST00605,Tanta,Unknown,Office Chair,Furniture,5,5200.0,20,26000.0,20800.0,2025-05,Large
102406,2025-12-18,CUST00606,Aswan,Unknown,Desk,Furniture,6,7474.0,0,44844.0,44844.0,2025-12,Large
102407,2025-07-03,CUST00607,Luxor,Unknown,Headphones,Electronics,7,1836.0,5,12852.0,12209.4,2025-07,Large
102408,2025-02-16,CUST00608,Port Said,Unknown,Monitor,Electronics,8,9476.0,10,75808.0,68227.2,2025-02,Large
102409,2025-09-01,CUST00609,Cairo,Greater Cairo,Printer,Office Equipment,9,7072.0,15,63648.0,54100.8,2025-09,Large
102410,2025-04-14,CUST00610,Giza,Greater Cairo,Notebook Pack,Stationery,10,252.0,20,2520.0,2016.0,2025-04,Medium
102411,2025-11-27,CUST00611,Alexandria,Coastal,Laptop,Electronics,11,30210.0,0,332310.0,332310.0,2025-11,Large
102412,2025-06-12,CUST00612,Mansoura,Delta,Smartphone,Electronics,12,15515.0,5,186180.0,176871.0,2025-06,Large
102413,2025-01-25,CUST00613,Tanta,Unknown,Wireless Mouse,Accessories,1,486.0,10,486.0,437.4,2025-01,Small
102414,2025-08-10,CUST00614,Aswan,Unknown,Keyboard,Accessories,2,926.5,15,1853.0,1575.05,2025-08,Medium
102415,2025-03-23,CUST00615,Luxor,Unknown,Office Chair,Furniture,3,5720.0,20,17160.0,13728.0,2025-03,Large
102416,2025-10-08,CUST00616,Port Said,Unknown,Desk,Furniture,4,6660.0,0,26640.0,26640.0,2025-10,Large
102417,2025-05-21,CUST00617,Cairo,Greater Cairo,Headphones,Electronics,5,1638.0,5,8190.0,7780.5,2025-05,Medium
102418,2025-12-06,CUST00618,Giza,Greater Cairo,Monitor,Electronics,6,8464.0,10,50784.0,45705.6,2025-12,Large
102419,2025-07-19,CUST00619,Alexandria,Coastal,Printer,Office Equipment,7,6324.0,15,44268.0,37627.8,2025-07,Large
102420,2025-02-04,CUST00620,Mansoura,Delta,Notebook Pack,Stationery,8,225.6,20,1804.8,1443.84,2025-02,Medium
102421,2025-09-17,CUST00621,Tanta,Unknown,Laptop,Electronics,9,27075.0,0,243675.0,243675.0,2025-09,Large
102422,2025-04-02,CUST00622,Aswan,Unknown,Smartphone,Electronics,10,13920.0,5,139200.0,132240.0,2025-04,Large
102423,2025-11-15,CUST00623,Luxor,Unknown,Wireless Mouse,Accessories,11,436.5,10,4801.5,4321.35,2025-11,Medium
102424,2025-06-28,CUST00624,Port Said,Unknown,Keyboard,Accessories,12,833.0,15,9996.0,8496.6,2025-06,Medium
102425,2025-01-13,CUST00625,Cairo,Greater Cairo,Office Chair,Furniture,1,5148.0,20,5148.0,4118.4,2025-01,Medium
102426,2025-08-26,CUST00626,Unknown,Unknown,Desk,Furniture,2,7400.0,0,14800.0,14800.0,2025-08,Large
102427,2025-03-11,CUST00627,Alexandria,Coastal,Headphones,Electronics,3,1818.0,5,5454.0,5181.3,2025-03,Medium
102428,2025-10-24,CUST00628,Mansoura,Delta,Monitor,Electronics,4,9384.0,10,37536.0,33782.4,2025-10,Large
102429,2025-05-09,CUST00629,Tanta,Unknown,Printer,Office Equipment,5,7004.0,15,35020.0,29767.0,2025-05,Large
102430,2025-12-22,CUST00630,Aswan,Unknown,Notebook Pack,Stationery,6,249.6,20,1497.6,1198.08,2025-12,Medium
102431,2025-07-07,CUST00631,Luxor,Unknown,Laptop,Electronics,7,29925.0,0,209475.0,209475.0,2025-07,Large
102432,2025-02-20,CUST00632,Port Said,Unknown,Smartphone,Electronics,8,15370.0,5,122960.0,116812.0,2025-02,Large
102433,2025-09-05,CUST00633,Cairo,Greater Cairo,Wireless Mouse,Accessories,9,481.5,10,4333.5,3900.15,2025-09,Medium
102434,2025-04-18,CUST00634,Giza,Greater Cairo,Keyboard,Accessories,10,918.0,15,9180.0,7803.0,2025-04,Medium
102435,2025-11-03,CUST00635,Alexandria,Coastal,Office Chair,Furniture,11,5668.0,20,62348.0,49878.4,2025-11,Large
102436,2025-06-16,CUST00636,Mansoura,Delta,Desk,Furniture,12,8140.0,0,97680.0,97680.0,2025-06,Large
102437,2025-01-01,CUST00637,Tanta,Unknown,Headphones,Electronics,1,1620.0,5,1620.0,1539.0,2025-01,Medium
102438,2025-08-14,CUST00638,Aswan,Unknown,Monitor,Electronics,2,8372.0,10,16744.0,15069.6,2025-08,Large
102439,2025-03-27,CUST00639,Luxor,Unknown,Printer,Office Equipment,3,6256.0,15,18768.0,15952.8,2025-03,Large
102440,2025-10-12,CUST00640,Port Said,Unknown,Notebook Pack,Stationery,4,223.2,20,892.8,714.24,2025-10,Small
102441,2025-05-25,CUST00641,Cairo,Greater Cairo,Laptop,Electronics,5,26790.0,0,133950.0,133950.0,2025-05,Large
102442,2025-12-10,CUST00642,Giza,Greater Cairo,Smartphone,Electronics,6,13775.0,5,82650.0,78517.5,2025-12,Large
102443,2025-07-23,CUST00643,Alexandria,Coastal,Wireless Mouse,Accessories,7,432.0,10,3024.0,2721.6,2025-07,Medium
102444,2025-02-08,CUST00644,Mansoura,Delta,Keyboard,Accessories,8,824.5,15,6596.0,5606.6,2025-02,Medium
102445,2025-09-21,CUST00645,Tanta,Unknown,Office Chair,Furniture,9,5096.0,20,45864.0,36691.2,2025-09,Large
102446,2025-04-06,CUST00646,Aswan,Unknown,Desk,Furniture,10,7326.0,0,73260.0,73260.0,2025-04,Large
102447,2025-11-19,CUST00647,Luxor,Unknown,Headphones,Electronics,11,1800.0,5,19800.0,18810.0,2025-11,Large
102448,2025-06-04,CUST00648,Port Said,Unknown,Monitor,Electronics,12,9292.0,10,111504.0,100353.6,2025-06,Large
102449,2025-01-17,CUST00649,Cairo,Greater Cairo,Printer,Office Equipment,1,6936.0,15,6936.0,5895.6,2025-01,Medium
102450,2025-08-02,CUST00650,Giza,Greater Cairo,Notebook Pack,Stationery,2,247.2,20,494.4,395.52,2025-08,Small
102451,2025-03-15,CUST00651,Alexandria,Coastal,Laptop,Electronics,3,29640.0,0,88920.0,88920.0,2025-03,Large
102452,2025-10-28,CUST00652,Mansoura,Delta,Smartphone,Electronics,4,15225.0,5,60900.0,57855.0,2025-10,Large
102453,2025-05-13,CUST00653,Tanta,Unknown,Wireless Mouse,Accessories,5,477.0,10,2385.0,2146.5,2025-05,Medium
102454,2025-12-26,CUST00654,Aswan,Unknown,Keyboard,Accessories,6,909.5,15,5457.0,4638.45,2025-12,Medium
102455,2025-07-11,CUST00655,Luxor,Unknown,Office Chair,Furniture,7,5616.0,20,39312.0,31449.6,2025-07,Large
102456,2025-02-24,CUST00656,Port Said,Unknown,Desk,Furniture,8,8066.0,0,64528.0,64528.0,2025-02,Large
102457,2025-09-09,CUST00657,Cairo,Greater Cairo,Headphones,Electronics,9,1980.0,5,17820.0,16929.0,2025-09,Large
102458,2025-04-22,CUST00658,Giza,Greater Cairo,Monitor,Electronics,10,8280.0,10,82800.0,74520.0,2025-04,Large
102459,2025-11-07,CUST00659,Alexandria,Coastal,Printer,Office Equipment,11,6188.0,15,68068.0,57857.8,2025-11,Large
102460,2025-06-20,CUST00660,Mansoura,Delta,Notebook Pack,Stationery,12,220.8,20,2649.6,2119.68,2025-06,Medium
102461,2025-01-05,CUST00661,Tanta,Unknown,Laptop,Electronics,1,26505.0,0,26505.0,26505.0,2025-01,Large
102462,2025-08-18,CUST00662,Aswan,Unknown,Smartphone,Electronics,2,13630.0,5,27260.0,25897.0,2025-08,Large
102463,2025-03-03,CUST00663,Luxor,Unknown,Wireless Mouse,Accessories,3,427.5,10,1282.5,1154.25,2025-03,Medium
102464,2025-10-16,CUST00664,Port Said,Unknown,Keyboard,Accessories,4,816.0,15,3264.0,2774.4,2025-10,Medium
102465,2025-05-01,CUST00665,Cairo,Greater Cairo,Office Chair,Furniture,5,5044.0,20,25220.0,20176.0,2025-05,Large
102466,2025-12-14,CUST00666,Giza,Greater Cairo,Desk,Furniture,6,7252.0,0,43512.0,43512.0,2025-12,Large
102467,2025-07-27,CUST00667,Alexandria,Coastal,Headphones,Electronics,7,1782.0,5,12474.0,11850.3,2025-07,Large
102468,2025-02-12,CUST00668,Mansoura,Delta,Monitor,Electronics,8,9200.0,10,73600.0,66240.0,2025-02,Large
102469,2025-09-25,CUST00669,Tanta,Unknown,Printer,Office Equipment,9,6868.0,15,61812.0,52540.2,2025-09,Large
102470,2025-04-10,CUST00670,Aswan,Unknown,Notebook Pack,Stationery,10,244.8,20,2448.0,1958.4,2025-04,Medium
102471,2025-11-23,CUST00671,Luxor,Unknown,Laptop,Electronics,11,29355.0,0,322905.0,322905.0,2025-11,Large
102472,2025-06-08,CUST00672,Port Said,Unknown,Smartphone,Electronics,12,15080.0,5,180960.0,171912.0,2025-06,Large
102473,2025-01-21,CUST00673,Cairo,Greater Cairo,Wireless Mouse,Accessories,1,472.5,10,472.5,425.25,2025-01,Small
102474,2025-08-06,CUST00674,Giza,Greater Cairo,Keyboard,Accessories,2,901.0,15,1802.0,1531.7,2025-08,Medium
102475,2025-03-19,CUST00675,Alexandria,Coastal,Office Chair,Furniture,3,5564.0,20,16692.0,13353.6,2025-03,Large
102476,2025-10-04,CUST00676,Mansoura,Delta,Desk,Furniture,4,7992.0,0,31968.0,31968.0,2025-10,Large
102477,2025-05-17,CUST00677,Tanta,Unknown,Headphones,Electronics,5,1962.0,5,9810.0,9319.5,2025-05,Medium
102478,2025-12-02,CUST00678,Aswan,Unknown,Monitor,Electronics,6,10120.0,10,60720.0,54648.0,2025-12,Large
102479,2025-07-15,CUST00679,Luxor,Unknown,Printer,Office Equipment,7,6120.0,15,42840.0,36414.0,2025-07,Large
102480,2025-02-28,CUST00680,Port Said,Unknown,Notebook Pack,Stationery,8,218.4,20,1747.2,1397.76,2025-02,Medium
102481,2025-09-13,CUST00681,Cairo,Greater Cairo,Laptop,Electronics,9,26220.0,0,235980.0,235980.0,2025-09,Large
102482,2025-04-26,CUST00682,Giza,Greater Cairo,Smartphone,Electronics,10,13485.0,5,134850.0,128107.5,2025-04,Large
102483,2025-11-11,CUST00683,Alexandria,Coastal,Wireless Mouse,Accessories,11,423.0,10,4653.0,4187.7,2025-11,Medium
102484,2025-06-24,CUST00684,Mansoura,Delta,Keyboard,Accessories,12,807.5,15,9690.0,8236.5,2025-06,Medium
102485,2025-01-09,CUST00685,Tanta,Unknown,Office Chair,Furniture,1,4992.0,20,4992.0,3993.6,2025-01,Medium
102486,2025-08-22,CUST00686,Aswan,Unknown,Desk,Furniture,2,7178.0,0,14356.0,14356.0,2025-08,Large
102487,2025-03-07,CUST00687,Luxor,Unknown,Headphones,Electronics,3,1764.0,5,5292.0,5027.4,2025-03,Medium
102488,2025-10-20,CUST00688,Port Said,Unknown,Monitor,Electronics,4,9108.0,10,36432.0,32788.8,2025-10,Large
102489,2025-05-05,CUST00689,Cairo,Greater Cairo,Printer,Office Equipment,5,6800.0,15,34000.0,28900.0,2025-05,Large
102490,2025-12-18,CUST00690,Giza,Greater Cairo,Notebook Pack,Stationery,6,242.4,20,1454.4,1163.52,2025-12,Medium
102491,2025-07-03,CUST00691,Alexandria,Coastal,Laptop,Electronics,7,29070.0,0,203490.0,203490.0,2025-07,Large
102492,2025-02-16,CUST00692,Mansoura,Delta,Smartphone,Electronics,8,14935.0,5,119480.0,113506.0,2025-02,Large
102493,2025-09-01,CUST00693,Tanta,Unknown,Wireless Mouse,Accessories,9,468.0,10,4212.0,3790.8,2025-09,Medium
102494,2025-04-14,CUST00694,Aswan,Unknown,Keyboard,Accessories,10,892.5,15,8925.0,7586.25,2025-04,Medium
102495,2025-11-27,CUST00695,Luxor,Unknown,Office Chair,Furniture,11,5512.0,20,60632.0,48505.6,2025-11,Large
102496,2025-06-12,CUST00696,Port Said,Unknown,Desk,Furniture,12,7918.0,0,95016.0,95016.0,2025-06,Large
102497,2025-01-25,CUST00697,Cairo,Greater Cairo,Headphones,Electronics,1,1944.0,5,1944.0,1846.8,2025-01,Medium
102498,2025-08-10,CUST00698,Giza,Greater Cairo,Monitor,Electronics,2,10028.0,10,20056.0,18050.4,2025-08,Large
102499,2025-03-23,CUST00699,Alexandria,Coastal,Printer,Office Equipment,3,7480.0,15,22440.0,19074.0,2025-03,Large
102500,2025-10-08,CUST00700,Mansoura,Delta,Notebook Pack,Stationery,4,216.0,20,864.0,691.2,2025-10,Small
102501,2025-05-21,CUST00701,Tanta,Unknown,Laptop,Electronics,5,25935.0,0,129675.0,129675.0,2025-05,Large
102502,2025-12-06,CUST00702,Aswan,Unknown,Smartphone,Electronics,6,13340.0,5,80040.0,76038.0,2025-12,Large
102503,2025-07-19,CUST00703,Luxor,Unknown,Wireless Mouse,Accessories,7,418.5,10,2929.5,2636.55,2025-07,Medium
102504,2025-02-04,CUST00704,Port Said,Unknown,Keyboard,Accessories,8,799.0,15,6392.0,5433.2,2025-02,Medium
102505,2025-09-17,CUST00705,Cairo,Greater Cairo,Office Chair,Furniture,9,4940.0,20,44460.0,35568.0,2025-09,Large
102506,2025-04-02,CUST00706,Giza,Greater Cairo,Desk,Furniture,10,7104.0,0,71040.0,71040.0,2025-04,Large
102507,2025-11-15,CUST00707,Alexandria,Coastal,Headphones,Electronics,11,1746.0,5,19206.0,18245.7,2025-11,Large
102508,2025-06-28,CUST00708,Mansoura,Delta,Monitor,Electronics,12,9016.0,10,108192.0,97372.8,2025-06,Large
102509,2025-01-13,CUST00709,Tanta,Unknown,Printer,Office Equipment,1,6732.0,15,6732.0,5722.2,2025-01,Medium
102510,2025-08-26,CUST00710,Aswan,Unknown,Notebook Pack,Stationery,2,240.0,20,480.0,384.0,2025-08,Small
102511,2025-03-11,CUST00711,Luxor,Unknown,Laptop,Electronics,3,28785.0,0,86355.0,86355.0,2025-03,Large
102512,2025-10-24,CUST00712,Port Said,Unknown,Smartphone,Electronics,4,14790.0,5,59160.0,56202.0,2025-10,Large
102513,2025-05-09,CUST00713,Cairo,Greater Cairo,Wireless Mouse,Accessories,5,463.5,10,2317.5,2085.75,2025-05,Medium
102514,2025-12-22,CUST00714,Giza,Greater Cairo,Keyboard,Accessories,6,884.0,15,5304.0,4508.4,2025-12,Medium
102515,2025-07-07,CUST00715,Alexandria,Coastal,Office Chair,Furniture,7,5460.0,20,38220.0,30576.0,2025-07,Large
102516,2025-02-20,CUST00716,Mansoura,Delta,Desk,Furniture,8,7844.0,0,62752.0,62752.0,2025-02,Large
102517,2025-09-05,CUST00717,Tanta,Unknown,Headphones,Electronics,9,1926.0,5,17334.0,16467.3,2025-09,Large
102518,2025-04-18,CUST00718,Aswan,Unknown,Monitor,Electronics,10,9936.0,10,99360.0,89424.0,2025-04,Large
102519,2025-11-03,CUST00719,Luxor,Unknown,Printer,Office Equipment,11,7412.0,15,81532.0,69302.2,2025-11,Large
102520,2025-06-16,CUST00720,Port Said,Unknown,Notebook Pack,Stationery,12,264.0,20,3168.0,2534.4,2025-06,Medium
102521,2025-01-01,CUST00721,Cairo,Greater Cairo,Laptop,Electronics,1,25650.0,0,25650.0,25650.0,2025-01,Large
102522,2025-08-14,CUST00722,Giza,Greater Cairo,Smartphone,Electronics,2,13195.0,5,26390.0,25070.5,2025-08,Large
102523,2025-03-27,CUST00723,Unknown,Unknown,Wireless Mouse,Accessories,3,414.0,10,1242.0,1117.8,2025-03,Medium
102524,2025-10-12,CUST00724,Mansoura,Delta,Keyboard,Accessories,4,790.5,15,3162.0,2687.7,2025-10,Medium
102525,2025-05-25,CUST00725,Tanta,Unknown,Office Chair,Furniture,5,4888.0,20,24440.0,19552.0,2025-05,Large
102526,2026-12-10,CUST00726,Aswan,Unknown,Desk,Furniture,6,7030.0,0,42180.0,42180.0,2026-12,Large
102527,2026-07-23,CUST00727,Luxor,Unknown,Headphones,Electronics,7,1728.0,5,12096.0,11491.2,2026-07,Large
102528,2026-02-08,CUST00728,Port Said,Unknown,Monitor,Electronics,8,8924.0,10,71392.0,64252.8,2026-02,Large
102529,2026-09-21,CUST00729,Cairo,Greater Cairo,Printer,Office Equipment,9,6664.0,15,59976.0,50979.6,2026-09,Large
102530,2026-04-06,CUST00730,Giza,Greater Cairo,Notebook Pack,Stationery,10,237.6,20,2376.0,1900.8,2026-04,Medium
102531,2026-11-19,CUST00731,Alexandria,Coastal,Laptop,Electronics,11,28500.0,0,313500.0,313500.0,2026-11,Large
102532,2026-06-04,CUST00732,Mansoura,Delta,Smartphone,Electronics,12,14645.0,5,175740.0,166953.0,2026-06,Large
102533,2026-01-17,CUST00733,Tanta,Unknown,Wireless Mouse,Accessories,1,459.0,10,459.0,413.1,2026-01,Small
102534,2026-08-02,CUST00734,Aswan,Unknown,Keyboard,Accessories,2,875.5,15,1751.0,1488.35,2026-08,Medium
102535,2026-03-15,CUST00735,Luxor,Unknown,Office Chair,Furniture,3,5408.0,0,16224.0,16224.0,2026-03,Large
102536,2026-10-28,CUST00736,Port Said,Unknown,Desk,Furniture,4,7770.0,0,31080.0,31080.0,2026-10,Large
102537,2026-05-13,CUST00737,Cairo,Greater Cairo,Headphones,Electronics,5,1908.0,5,9540.0,9063.0,2026-05,Medium
102538,2026-12-26,CUST00738,Giza,Greater Cairo,Monitor,Electronics,6,9844.0,10,59064.0,53157.6,2026-12,Large
102539,2026-07-11,CUST00739,Alexandria,Coastal,Printer,Office Equipment,7,7344.0,15,51408.0,43696.8,2026-07,Large
102540,2026-02-24,CUST00740,Mansoura,Delta,Notebook Pack,Stationery,8,261.6,20,2092.8,1674.24,2026-02,Medium
102541,2026-09-09,CUST00741,Tanta,Unknown,Laptop,Electronics,9,31350.0,0,282150.0,282150.0,2026-09,Large
102542,2026-04-22,CUST00742,Aswan,Unknown,Smartphone,Electronics,10,13050.0,5,130500.0,123975.0,2026-04,Large
102543,2026-11-07,CUST00743,Luxor,Unknown,Wireless Mouse,Accessories,11,409.5,10,4504.5,4054.05,2026-11,Medium
102544,2026-06-20,CUST00744,Port Said,Unknown,Keyboard,Accessories,12,782.0,15,9384.0,7976.4,2026-06,Medium
102545,2026-01-05,CUST00745,Cairo,Greater Cairo,Office Chair,Furniture,1,4836.0,20,4836.0,3868.8,2026-01,Medium
102546,2026-08-18,CUST00746,Giza,Greater Cairo,Desk,Furniture,2,6956.0,0,13912.0,13912.0,2026-08,Large
102547,2026-03-03,CUST00747,Alexandria,Coastal,Headphones,Electronics,3,1710.0,5,5130.0,4873.5,2026-03,Medium
102548,2026-10-16,CUST00748,Mansoura,Delta,Monitor,Electronics,4,8832.0,10,35328.0,31795.2,2026-10,Large
102549,2026-05-01,CUST00749,Tanta,Unknown,Printer,Office Equipment,5,6596.0,15,32980.0,28033.0,2026-05,Large
102550,2026-12-14,CUST00750,Aswan,Unknown,Notebook Pack,Stationery,6,235.2,20,1411.2,1128.96,2026-12,Medium
102551,2026-07-27,CUST00751,Luxor,Unknown,Laptop,Electronics,7,28215.0,0,197505.0,197505.0,2026-07,Large
102552,2026-02-12,CUST00752,Port Said,Unknown,Smartphone,Electronics,8,14500.0,5,116000.0,110200.0,2026-02,Large
102553,2026-09-25,CUST00753,Cairo,Greater Cairo,Wireless Mouse,Accessories,9,454.5,10,4090.5,3681.45,2026-09,Medium
102554,2026-04-10,CUST00754,Giza,Greater Cairo,Keyboard,Accessories,10,867.0,15,8670.0,7369.5,2026-04,Medium
102555,2026-11-23,CUST00755,Alexandria,Coastal,Office Chair,Furniture,11,5356.0,20,58916.0,47132.8,2026-11,Large
102556,2026-06-08,CUST00756,Mansoura,Delta,Desk,Furniture,12,7696.0,0,92352.0,92352.0,2026-06,Large
102557,2026-01-21,CUST00757,Tanta,Unknown,Headphones,Electronics,1,1890.0,5,1890.0,1795.5,2026-01,Medium
102558,2026-08-06,CUST00758,Aswan,Unknown,Monitor,Electronics,2,9752.0,10,19504.0,17553.6,2026-08,Large
102559,2026-03-19,CUST00759,Luxor,Unknown,Printer,Office Equipment,3,7276.0,15,21828.0,18553.8,2026-03,Large
102560,2026-10-04,CUST00760,Port Said,Unknown,Notebook Pack,Stationery,4,259.2,20,1036.8,829.44,2026-10,Small
102561,2026-05-17,CUST00761,Cairo,Greater Cairo,Laptop,Electronics,5,31065.0,0,155325.0,155325.0,2026-05,Large
102562,2026-12-02,CUST00762,Giza,Greater Cairo,Smartphone,Electronics,6,15950.0,5,95700.0,90915.0,2026-12,Large
102563,2026-07-15,CUST00763,Alexandria,Coastal,Wireless Mouse,Accessories,7,405.0,10,2835.0,2551.5,2026-07,Medium
102564,2026-02-28,CUST00764,Mansoura,Delta,Keyboard,Accessories,8,773.5,15,6188.0,5259.8,2026-02,Medium
102565,2026-09-13,CUST00765,Tanta,Unknown,Office Chair,Furniture,9,4784.0,20,43056.0,34444.8,2026-09,Large
102566,2026-04-26,CUST00766,Aswan,Unknown,Desk,Furniture,10,6882.0,0,68820.0,68820.0,2026-04,Large
102567,2026-11-11,CUST00767,Luxor,Unknown,Headphones,Electronics,11,1692.0,5,18612.0,17681.4,2026-11,Large
102568,2026-06-24,CUST00768,Port Said,Unknown,Monitor,Electronics,12,8740.0,10,104880.0,94392.0,2026-06,Large
102569,2026-01-09,CUST00769,Cairo,Greater Cairo,Printer,Office Equipment,1,6528.0,15,6528.0,5548.8,2026-01,Medium
102570,2026-08-22,CUST00770,Giza,Greater Cairo,Notebook Pack,Stationery,2,232.8,20,465.6,372.48,2026-08,Small
102571,2026-03-07,CUST00771,Alexandria,Coastal,Laptop,Electronics,3,27930.0,0,83790.0,83790.0,2026-03,Large
102572,2026-10-20,CUST00772,Mansoura,Delta,Smartphone,Electronics,4,14355.0,5,57420.0,54549.0,2026-10,Large
102573,2026-05-05,CUST00773,Tanta,Unknown,Wireless Mouse,Accessories,5,450.0,10,2250.0,2025.0,2026-05,Medium
102574,2026-12-18,CUST00774,Aswan,Unknown,Keyboard,Accessories,6,858.5,15,5151.0,4378.35,2026-12,Medium
102575,2026-07-03,CUST00775,Luxor,Unknown,Office Chair,Furniture,7,5304.0,20,37128.0,29702.4,2026-07,Large
102576,2026-02-16,CUST00776,Port Said,Unknown,Desk,Furniture,8,7622.0,0,60976.0,60976.0,2026-02,Large
102577,2026-09-01,CUST00777,Cairo,Greater Cairo,Headphones,Electronics,9,1872.0,5,16848.0,16005.6,2026-09,Large
102578,2026-04-14,CUST00778,Giza,Greater Cairo,Monitor,Electronics,10,9660.0,10,96600.0,86940.0,2026-04,Large
102579,2026-11-27,CUST00779,Alexandria,Coastal,Printer,Office Equipment,11,7208.0,15,79288.0,67394.8,2026-11,Large
102580,2026-06-12,CUST00780,Mansoura,Delta,Notebook Pack,Stationery,12,256.8,20,3081.6,2465.28,2026-06,Medium
102581,2026-01-25,CUST00781,Tanta,Unknown,Laptop,Electronics,1,30780.0,0,30780.0,30780.0,2026-01,Large
102582,2026-08-10,CUST00782,Aswan,Unknown,Smartphone,Electronics,2,15805.0,5,31610.0,30029.5,2026-08,Large
102583,2026-03-23,CUST00783,Luxor,Unknown,Wireless Mouse,Accessories,3,495.0,10,1485.0,1336.5,2026-03,Medium
102584,2026-10-08,CUST00784,Port Said,Unknown,Keyboard,Accessories,4,765.0,15,3060.0,2601.0,2026-10,Medium
102585,2026-05-21,CUST00785,Cairo,Greater Cairo,Office Chair,Furniture,5,4732.0,20,23660.0,18928.0,2026-05,Large
102586,2026-12-06,CUST00786,Giza,Greater Cairo,Desk,Furniture,6,6808.0,0,40848.0,40848.0,2026-12,Large
102587,2026-07-19,CUST00787,Alexandria,Coastal,Headphones,Electronics,7,1674.0,5,11718.0,11132.1,2026-07,Large
102588,2026-02-04,CUST00788,Mansoura,Delta,Monitor,Electronics,8,8648.0,10,69184.0,62265.6,2026-02,Large
102589,2026-09-17,CUST00789,Tanta,Unknown,Printer,Office Equipment,9,6460.0,15,58140.0,49419.0,2026-09,Large
102590,2026-04-02,CUST00790,Aswan,Unknown,Notebook Pack,Stationery,10,230.4,20,2304.0,1843.2,2026-04,Medium
102591,2026-11-15,CUST00791,Luxor,Unknown,Laptop,Electronics,11,27645.0,0,304095.0,304095.0,2026-11,Large
102592,2026-06-28,CUST00792,Port Said,Unknown,Smartphone,Electronics,12,14210.0,5,170520.0,161994.0,2026-06,Large
102593,2026-01-13,CUST00793,Cairo,Greater Cairo,Wireless Mouse,Accessories,1,445.5,10,445.5,400.95,2026-01,Small
102594,2026-08-26,CUST00794,Giza,Greater Cairo,Keyboard,Accessories,2,850.0,15,1700.0,1445.0,2026-08,Medium
102595,2026-03-11,CUST00795,Alexandria,Coastal,Office Chair,Furniture,3,5252.0,20,15756.0,12604.8,2026-03,Large
102596,2026-10-24,CUST00796,Mansoura,Delta,Desk,Furniture,4,7548.0,0,30192.0,30192.0,2026-10,Large
102597,2026-05-09,CUST00797,Tanta,Unknown,Headphones,Electronics,5,1854.0,5,9270.0,8806.5,2026-05,Medium
102598,2026-12-22,CUST00798,Aswan,Unknown,Monitor,Electronics,6,9568.0,10,57408.0,51667.2,2026-12,Large
102599,2026-07-07,CUST00799,Luxor,Unknown,Printer,Office Equipment,7,7140.0,15,49980.0,42483.0,2026-07,Large
102600,2026-02-20,CUST00800,Port Said,Unknown,Notebook Pack,Stationery,8,254.4,20,2035.2,1628.16,2026-02,Medium
102601,2026-09-05,CUST00801,Cairo,Greater Cairo,Laptop,Electronics,9,30495.0,0,274455.0,274455.0,2026-09,Large
102602,2026-04-18,CUST00802,Giza,Greater Cairo,Smartphone,Electronics,10,15660.0,5,156600.0,148770.0,2026-04,Large
102603,2026-11-03,CUST00803,Alexandria,Coastal,Wireless Mouse,Accessories,11,490.5,10,5395.5,4855.95,2026-11,Medium
102604,2026-06-16,CUST00804,Mansoura,Delta,Keyboard,Accessories,12,935.0,15,11220.0,9537.0,2026-06,Medium
102605,2026-01-01,CUST00805,Tanta,Unknown,Office Chair,Furniture,1,4680.0,20,4680.0,3744.0,2026-01,Medium
102606,2026-08-14,CUST00806,Aswan,Unknown,Desk,Furniture,2,6734.0,0,13468.0,13468.0,2026-08,Large
102607,2026-03-27,CUST00807,Luxor,Unknown,Headphones,Electronics,3,1656.0,5,4968.0,4719.6,2026-03,Medium
102608,2026-10-12,CUST00808,Port Said,Unknown,Monitor,Electronics,4,8556.0,10,34224.0,30801.6,2026-10,Large
102609,2026-05-25,CUST00809,Cairo,Greater Cairo,Printer,Office Equipment,5,6392.0,15,31960.0,27166.0,2026-05,Large
102610,2026-12-10,CUST00810,Giza,Greater Cairo,Notebook Pack,Stationery,6,228.0,20,1368.0,1094.4,2026-12,Medium
102611,2026-07-23,CUST00811,Alexandria,Coastal,Laptop,Electronics,7,27360.0,0,191520.0,191520.0,2026-07,Large
102612,2026-02-08,CUST00812,Mansoura,Delta,Smartphone,Electronics,8,14065.0,5,112520.0,106894.0,2026-02,Large
102613,2026-09-21,CUST00813,Tanta,Unknown,Wireless Mouse,Accessories,9,441.0,10,3969.0,3572.1,2026-09,Medium
102614,2026-04-06,CUST00814,Aswan,Unknown,Keyboard,Accessories,10,841.5,15,8415.0,7152.75,2026-04,Medium
102615,2026-11-19,CUST00815,Luxor,Unknown,Office Chair,Furniture,11,5200.0,20,57200.0,45760.0,2026-11,Large
102616,2026-06-04,CUST00816,Port Said,Unknown,Desk,Furniture,12,7474.0,0,89688.0,89688.0,2026-06,Large
102617,2026-01-17,CUST00817,Cairo,Greater Cairo,Headphones,Electronics,1,1836.0,5,1836.0,1744.2,2026-01,Medium
102618,2026-08-02,CUST00818,Giza,Greater Cairo,Monitor,Electronics,2,9476.0,10,18952.0,17056.8,2026-08,Large
102619,2026-03-15,CUST00819,Alexandria,Coastal,Printer,Office Equipment,3,7072.0,15,21216.0,18033.6,2026-03,Large
102620,2026-10-28,CUST00820,Unknown,Unknown,Notebook Pack,Stationery,4,252.0,20,1008.0,806.4,2026-10,Small
102621,2026-05-13,CUST00821,Tanta,Unknown,Laptop,Electronics,5,30210.0,0,151050.0,151050.0,2026-05,Large
102622,2026-12-26,CUST00822,Aswan,Unknown,Smartphone,Electronics,6,15515.0,5,93090.0,88435.5,2026-12,Large
102623,2026-07-11,CUST00823,Luxor,Unknown,Wireless Mouse,Accessories,7,486.0,10,3402.0,3061.8,2026-07,Medium
102624,2026-02-24,CUST00824,Port Said,Unknown,Keyboard,Accessories,8,926.5,15,7412.0,6300.2,2026-02,Medium
102625,2026-09-09,CUST00825,Cairo,Greater Cairo,Office Chair,Furniture,9,5720.0,20,51480.0,41184.0,2026-09,Large
102626,2026-04-22,CUST00826,Giza,Greater Cairo,Desk,Furniture,10,6660.0,0,66600.0,66600.0,2026-04,Large
102627,2026-11-07,CUST00827,Alexandria,Coastal,Headphones,Electronics,11,1638.0,5,18018.0,17117.1,2026-11,Large
102628,2026-06-20,CUST00828,Mansoura,Delta,Monitor,Electronics,12,8464.0,10,101568.0,91411.2,2026-06,Large
102629,2026-01-05,CUST00829,Tanta,Unknown,Printer,Office Equipment,1,6324.0,15,6324.0,5375.4,2026-01,Medium
102630,2026-08-18,CUST00830,Aswan,Unknown,Notebook Pack,Stationery,2,225.6,20,451.2,360.96,2026-08,Small
102631,2026-03-03,CUST00831,Luxor,Unknown,Laptop,Electronics,3,27075.0,0,81225.0,81225.0,2026-03,Large
102632,2026-10-16,CUST00832,Port Said,Unknown,Smartphone,Electronics,4,13920.0,5,55680.0,52896.0,2026-10,Large
102633,2026-05-01,CUST00833,Cairo,Greater Cairo,Wireless Mouse,Accessories,5,436.5,10,2182.5,1964.25,2026-05,Medium
102634,2026-12-14,CUST00834,Giza,Greater Cairo,Keyboard,Accessories,6,833.0,15,4998.0,4248.3,2026-12,Medium
102635,2026-07-27,CUST00835,Alexandria,Coastal,Office Chair,Furniture,7,5148.0,20,36036.0,28828.8,2026-07,Large
102636,2026-02-12,CUST00836,Mansoura,Delta,Desk,Furniture,8,7400.0,0,59200.0,59200.0,2026-02,Large
102637,2026-09-25,CUST00837,Tanta,Unknown,Headphones,Electronics,9,1818.0,5,16362.0,15543.9,2026-09,Large
102638,2026-04-10,CUST00838,Aswan,Unknown,Monitor,Electronics,10,9384.0,10,93840.0,84456.0,2026-04,Large
102639,2026-11-23,CUST00839,Luxor,Unknown,Printer,Office Equipment,11,7004.0,15,77044.0,65487.4,2026-11,Large
102640,2026-06-08,CUST00840,Port Said,Unknown,Notebook Pack,Stationery,12,249.6,20,2995.2,2396.16,2026-06,Medium
102641,2026-01-21,CUST00841,Cairo,Greater Cairo,Laptop,Electronics,1,29925.0,0,29925.0,29925.0,2026-01,Large
102642,2026-08-06,CUST00842,Giza,Greater Cairo,Smartphone,Electronics,2,15370.0,5,30740.0,29203.0,2026-08,Large
102643,2026-03-19,CUST00843,Alexandria,Coastal,Wireless Mouse,Accessories,3,481.5,10,1444.5,1300.05,2026-03,Medium
102644,2026-10-04,CUST00844,Mansoura,Delta,Keyboard,Accessories,4,918.0,15,3672.0,3121.2,2026-10,Medium
102645,2026-05-17,CUST00845,Tanta,Unknown,Office Chair,Furniture,5,5668.0,20,28340.0,22672.0,2026-05,Large
102646,2026-12-02,CUST00846,Aswan,Unknown,Desk,Furniture,6,8140.0,0,48840.0,48840.0,2026-12,Large
102647,2026-07-15,CUST00847,Luxor,Unknown,Headphones,Electronics,7,1620.0,5,11340.0,10773.0,2026-07,Large
102648,2026-02-28,CUST00848,Port Said,Unknown,Monitor,Electronics,8,8372.0,10,66976.0,60278.4,2026-02,Large
102649,2026-09-13,CUST00849,Cairo,Greater Cairo,Printer,Office Equipment,9,6256.0,15,56304.0,47858.4,2026-09,Large
102650,2026-04-26,CUST00850,Giza,Greater Cairo,Notebook Pack,Stationery,10,223.2,20,2232.0,1785.6,2026-04,Medium
102651,2026-11-11,CUST00851,Alexandria,Coastal,Laptop,Electronics,11,26790.0,0,294690.0,294690.0,2026-11,Large
102652,2026-06-24,CUST00852,Mansoura,Delta,Smartphone,Electronics,12,13775.0,5,165300.0,157035.0,2026-06,Large
102653,2026-01-09,CUST00853,Tanta,Unknown,Wireless Mouse,Accessories,1,432.0,10,432.0,388.8,2026-01,Small
102654,2026-08-22,CUST00854,Aswan,Unknown,Keyboard,Accessories,2,824.5,15,1649.0,1401.65,2026-08,Medium
102655,2026-03-07,CUST00855,Luxor,Unknown,Office Chair,Furniture,3,5096.0,20,15288.0,12230.4,2026-03,Large
102656,2026-10-20,CUST00856,Port Said,Unknown,Desk,Furniture,4,7326.0,0,29304.0,29304.0,2026-10,Large
102657,2026-05-05,CUST00857,Cairo,Greater Cairo,Headphones,Electronics,5,1800.0,5,9000.0,8550.0,2026-05,Medium
102658,2026-12-18,CUST00858,Giza,Greater Cairo,Monitor,Electronics,6,9292.0,10,55752.0,50176.8,2026-12,Large
102659,2026-07-03,CUST00859,Alexandria,Coastal,Printer,Office Equipment,7,6936.0,15,48552.0,41269.2,2026-07,Large
102660,2026-02-16,CUST00860,Mansoura,Delta,Notebook Pack,Stationery,8,247.2,20,1977.6,1582.08,2026-02,Medium
102661,2026-09-01,CUST00861,Tanta,Unknown,Laptop,Electronics,9,29640.0,0,266760.0,266760.0,2026-09,Large
102662,2026-04-14,CUST00862,Aswan,Unknown,Smartphone,Electronics,10,15225.0,5,152250.0,144637.5,2026-04,Large
102663,2026-11-27,CUST00863,Luxor,Unknown,Wireless Mouse,Accessories,11,477.0,10,5247.0,4722.3,2026-11,Medium
102664,2026-06-12,CUST00864,Port Said,Unknown,Keyboard,Accessories,12,909.5,15,10914.0,9276.9,2026-06,Medium
102665,2026-01-25,CUST00865,Cairo,Greater Cairo,Office Chair,Furniture,1,5616.0,20,5616.0,4492.8,2026-01,Medium
102666,2026-08-10,CUST00866,Giza,Greater Cairo,Desk,Furniture,2,8066.0,0,16132.0,16132.0,2026-08,Large
102667,2026-03-23,CUST00867,Alexandria,Coastal,Headphones,Electronics,3,1980.0,5,5940.0,5643.0,2026-03,Medium
102668,2026-10-08,CUST00868,Mansoura,Delta,Monitor,Electronics,4,8280.0,10,33120.0,29808.0,2026-10,Large
102669,2026-05-21,CUST00869,Tanta,Unknown,Printer,Office Equipment,5,6188.0,15,30940.0,26299.0,2026-05,Large
102670,2026-12-06,CUST00870,Aswan,Unknown,Notebook Pack,Stationery,6,220.8,20,1324.8,1059.84,2026-12,Medium
102671,2026-07-19,CUST00871,Luxor,Unknown,Laptop,Electronics,7,26505.0,0,185535.0,185535.0,2026-07,Large
102672,2026-02-04,CUST00872,Port Said,Unknown,Smartphone,Electronics,8,13630.0,5,109040.0,103588.0,2026-02,Large
102673,2026-09-17,CUST00873,Cairo,Greater Cairo,Wireless Mouse,Accessories,9,427.5,10,3847.5,3462.75,2026-09,Medium
102674,2026-04-02,CUST00874,Giza,Greater Cairo,Keyboard,Accessories,10,816.0,15,8160.0,6936.0,2026-04,Medium
102675,2026-11-15,CUST00875,Alexandria,Coastal,Office Chair,Furniture,11,5044.0,20,55484.0,44387.2,2026-11,Large
102676,2026-06-28,CUST00876,Mansoura,Delta,Desk,Furniture,12,7252.0,0,87024.0,87024.0,2026-06,Large
102677,2026-01-13,CUST00877,Tanta,Unknown,Headphones,Electronics,1,1782.0,5,1782.0,1692.9,2026-01,Medium
102678,2026-08-26,CUST00878,Aswan,Unknown,Monitor,Electronics,2,9200.0,10,18400.0,16560.0,2026-08,Large
102679,2026-03-11,CUST00879,Luxor,Unknown,Printer,Office Equipment,3,6868.0,15,20604.0,17513.4,2026-03,Large
102680,2026-10-24,CUST00880,Port Said,Unknown,Notebook Pack,Stationery,4,244.8,20,979.2,783.36,2026-10,Small
102681,2026-05-09,CUST00881,Cairo,Greater Cairo,Laptop,Electronics,5,29355.0,0,146775.0,146775.0,2026-05,Large
102682,2026-12-22,CUST00882,Giza,Greater Cairo,Smartphone,Electronics,6,15080.0,5,90480.0,85956.0,2026-12,Large
102683,2026-07-07,CUST00883,Alexandria,Coastal,Wireless Mouse,Accessories,7,472.5,10,3307.5,2976.75,2026-07,Medium
102684,2026-02-20,CUST00884,Mansoura,Delta,Keyboard,Accessories,8,901.0,15,7208.0,6126.8,2026-02,Medium
102685,2026-09-05,CUST00885,Tanta,Unknown,Office Chair,Furniture,9,5564.0,20,50076.0,40060.8,2026-09,Large
102686,2026-04-18,CUST00886,Aswan,Unknown,Desk,Furniture,10,7992.0,0,79920.0,79920.0,2026-04,Large
102687,2026-11-03,CUST00887,Luxor,Unknown,Headphones,Electronics,11,1962.0,5,21582.0,20502.9,2026-11,Large
102688,2026-06-16,CUST00888,Port Said,Unknown,Monitor,Electronics,12,10120.0,10,121440.0,109296.0,2026-06,Large
102689,2026-01-01,CUST00889,Cairo,Greater Cairo,Printer,Office Equipment,1,6120.0,15,6120.0,5202.0,2026-01,Medium
102690,2026-08-14,CUST00890,Giza,Greater Cairo,Notebook Pack,Stationery,2,218.4,20,436.8,349.44,2026-08,Small
102691,2026-03-27,CUST00891,Alexandria,Coastal,Laptop,Electronics,3,26220.0,0,78660.0,78660.0,2026-03,Large
102692,2026-10-12,CUST00892,Mansoura,Delta,Smartphone,Electronics,4,13485.0,5,53940.0,51243.0,2026-10,Large
102693,2026-05-25,CUST00893,Tanta,Unknown,Wireless Mouse,Accessories,5,423.0,10,2115.0,1903.5,2026-05,Medium
102694,2026-12-10,CUST00894,Aswan,Unknown,Keyboard,Accessories,6,807.5,15,4845.0,4118.25,2026-12,Medium
102695,2026-07-23,CUST00895,Luxor,Unknown,Office Chair,Furniture,7,4992.0,20,34944.0,27955.2,2026-07,Large
102696,2026-02-08,CUST00896,Port Said,Unknown,Desk,Furniture,8,7178.0,0,57424.0,57424.0,2026-02,Large
102697,2026-09-21,CUST00897,Cairo,Greater Cairo,Headphones,Electronics,9,1764.0,5,15876.0,15082.2,2026-09,Large
102698,2026-04-06,CUST00898,Giza,Greater Cairo,Monitor,Electronics,10,9108.0,10,91080.0,81972.0,2026-04,Large
102699,2026-11-19,CUST00899,Alexandria,Coastal,Printer,Office Equipment,11,6800.0,15,74800.0,63580.0,2026-11,Large
102700,2026-06-04,CUST00900,Mansoura,Delta,Notebook Pack,Stationery,12,242.4,20,2908.8,2327.04,2026-06,Medium
102701,2025-01-17,CUST00901,Tanta,Unknown,Laptop,Electronics,1,29070.0,0,29070.0,29070.0,2025-01,Large
102702,2025-08-02,CUST00902,Aswan,Unknown,Smartphone,Electronics,2,14935.0,5,29870.0,28376.5,2025-08,Large
102703,2025-03-15,CUST00903,Luxor,Unknown,Wireless Mouse,Accessories,3,468.0,10,1404.0,1263.6,2025-03,Medium
102704,2025-10-28,CUST00904,Port Said,Unknown,Keyboard,Accessories,4,892.5,15,3570.0,3034.5,2025-10,Medium
102705,2025-05-13,CUST00905,Cairo,Greater Cairo,Office Chair,Furniture,5,5512.0,20,27560.0,22048.0,2025-05,Large
102706,2025-12-26,CUST00906,Giza,Greater Cairo,Desk,Furniture,6,7918.0,0,47508.0,47508.0,2025-12,Large
102707,2025-07-11,CUST00907,Alexandria,Coastal,Headphones,Electronics,7,1944.0,5,13608.0,12927.6,2025-07,Large
102708,2025-02-24,CUST00908,Mansoura,Delta,Monitor,Electronics,8,10028.0,10,80224.0,72201.6,2025-02,Large
102709,2025-09-09,CUST00909,Tanta,Unknown,Printer,Office Equipment,9,7480.0,15,67320.0,57222.0,2025-09,Large
102710,2025-04-22,CUST00910,Aswan,Unknown,Notebook Pack,Stationery,10,216.0,20,2160.0,1728.0,2025-04,Medium
102711,2025-11-07,CUST00911,Luxor,Unknown,Laptop,Electronics,11,25935.0,0,285285.0,285285.0,2025-11,Large
102712,2025-06-20,CUST00912,Port Said,Unknown,Smartphone,Electronics,12,13340.0,5,160080.0,152076.0,2025-06,Large
102713,2025-01-05,CUST00913,Cairo,Greater Cairo,Wireless Mouse,Accessories,1,418.5,10,418.5,376.65,2025-01,Small
102714,2025-08-18,CUST00914,Giza,Greater Cairo,Keyboard,Accessories,2,799.0,15,1598.0,1358.3,2025-08,Medium
102715,2025-03-03,CUST00915,Alexandria,Coastal,Office Chair,Furniture,3,4940.0,20,14820.0,11856.0,2025-03,Large
102716,2025-10-16,CUST00916,Mansoura,Delta,Desk,Furniture,4,7104.0,0,28416.0,28416.0,2025-10,Large
102717,2025-05-01,CUST00917,Unknown,Unknown,Headphones,Electronics,5,1746.0,5,8730.0,8293.5,2025-05,Medium
102718,2025-12-14,CUST00918,Aswan,Unknown,Monitor,Electronics,6,9016.0,10,54096.0,48686.4,2025-12,Large
102719,2025-07-27,CUST00919,Luxor,Unknown,Printer,Office Equipment,7,6732.0,15,47124.0,40055.4,2025-07,Large
102720,2025-02-12,CUST00920,Port Said,Unknown,Notebook Pack,Stationery,8,240.0,20,1920.0,1536.0,2025-02,Medium
102721,2025-09-25,CUST00921,Cairo,Greater Cairo,Laptop,Electronics,9,28785.0,0,259065.0,259065.0,2025-09,Large
102722,2025-04-10,CUST00922,Giza,Greater Cairo,Smartphone,Electronics,10,14790.0,5,147900.0,140505.0,2025-04,Large
102723,2025-11-23,CUST00923,Alexandria,Coastal,Wireless Mouse,Accessories,11,463.5,10,5098.5,4588.65,2025-11,Medium
102724,2025-06-08,CUST00924,Mansoura,Delta,Keyboard,Accessories,12,884.0,15,10608.0,9016.8,2025-06,Medium
102725,2025-01-21,CUST00925,Tanta,Unknown,Office Chair,Furniture,1,5460.0,20,5460.0,4368.0,2025-01,Medium
102726,2025-08-06,CUST00926,Aswan,Unknown,Desk,Furniture,2,7844.0,0,15688.0,15688.0,2025-08,Large
102727,2025-03-19,CUST00927,Luxor,Unknown,Headphones,Electronics,3,1926.0,5,5778.0,5489.1,2025-03,Medium
102728,2025-10-04,CUST00928,Port Said,Unknown,Monitor,Electronics,4,9936.0,10,39744.0,35769.6,2025-10,Large
102729,2025-05-17,CUST00929,Cairo,Greater Cairo,Printer,Office Equipment,5,7412.0,15,37060.0,31501.0,2025-05,Large
102730,2025-12-02,CUST00930,Giza,Greater Cairo,Notebook Pack,Stationery,6,264.0,20,1584.0,1267.2,2025-12,Medium
102731,2025-07-15,CUST00931,Alexandria,Coastal,Laptop,Electronics,7,25650.0,0,179550.0,179550.0,2025-07,Large
102732,2025-02-28,CUST00932,Mansoura,Delta,Smartphone,Electronics,8,13195.0,5,105560.0,100282.0,2025-02,Large
102733,2025-09-13,CUST00933,Tanta,Unknown,Wireless Mouse,Accessories,9,414.0,10,3726.0,3353.4,2025-09,Medium
102734,2025-04-26,CUST00934,Aswan,Unknown,Keyboard,Accessories,10,790.5,15,7905.0,6719.25,2025-04,Medium
102735,2025-11-11,CUST00935,Luxor,Unknown,Office Chair,Furniture,11,4888.0,20,53768.0,43014.4,2025-11,Large
102736,2025-06-24,CUST00936,Port Said,Unknown,Desk,Furniture,12,7030.0,0,84360.0,84360.0,2025-06,Large
102737,2025-01-09,CUST00937,Cairo,Greater Cairo,Headphones,Electronics,1,1728.0,5,1728.0,1641.6,2025-01,Medium
102738,2025-08-22,CUST00938,Giza,Greater Cairo,Monitor,Electronics,2,8924.0,10,17848.0,16063.2,2025-08,Large
102739,2025-03-07,CUST00939,Alexandria,Coastal,Printer,Office Equipment,3,6664.0,15,19992.0,16993.2,2025-03,Large
102740,2025-10-20,CUST00940,Mansoura,Delta,Notebook Pack,Stationery,4,237.6,20,950.4,760.32,2025-10,Small
102741,2025-05-05,CUST00941,Tanta,Unknown,Laptop,Electronics,5,28500.0,0,142500.0,142500.0,2025-05,Large
102742,2025-12-18,CUST00942,Aswan,Unknown,Smartphone,Electronics,6,14645.0,5,87870.0,83476.5,2025-12,Large
102743,2025-07-03,CUST00943,Luxor,Unknown,Wireless Mouse,Accessories,7,459.0,10,3213.0,2891.7,2025-07,Medium
102744,2025-02-16,CUST00944,Port Said,Unknown,Keyboard,Accessories,8,875.5,15,7004.0,5953.4,2025-02,Medium
102745,2025-09-01,CUST00945,Cairo,Greater Cairo,Office Chair,Furniture,9,5408.0,20,48672.0,38937.6,2025-09,Large
102746,2025-04-14,CUST00946,Giza,Greater Cairo,Desk,Furniture,10,7770.0,0,77700.0,77700.0,2025-04,Large
102747,2025-11-27,CUST00947,Alexandria,Coastal,Headphones,Electronics,11,1908.0,5,20988.0,19938.6,2025-11,Large
102748,2025-06-12,CUST00948,Mansoura,Delta,Monitor,Electronics,12,9844.0,10,118128.0,106315.2,2025-06,Large
102749,2025-01-25,CUST00949,Tanta,Unknown,Printer,Office Equipment,1,7344.0,15,7344.0,6242.4,2025-01,Medium
102750,2025-08-10,CUST00950,Aswan,Unknown,Notebook Pack,Stationery,2,261.6,20,523.2,418.56,2025-08,Small
102751,2025-03-23,CUST00951,Luxor,Unknown,Laptop,Electronics,3,31350.0,0,94050.0,94050.0,2025-03,Large
102752,2025-10-08,CUST00952,Port Said,Unknown,Smartphone,Electronics,4,13050.0,5,52200.0,49590.0,2025-10,Large
102753,2025-05-21,CUST00953,Cairo,Greater Cairo,Wireless Mouse,Accessories,5,409.5,10,2047.5,1842.75,2025-05,Medium
102754,2025-12-06,CUST00954,Giza,Greater Cairo,Keyboard,Accessories,6,782.0,15,4692.0,3988.2,2025-12,Medium
102755,2025-07-19,CUST00955,Alexandria,Coastal,Office Chair,Furniture,7,4836.0,20,33852.0,27081.6,2025-07,Large
102756,2025-02-04,CUST00956,Mansoura,Delta,Desk,Furniture,8,6956.0,0,55648.0,55648.0,2025-02,Large
102757,2025-09-17,CUST00957,Tanta,Unknown,Headphones,Electronics,9,1710.0,5,15390.0,14620.5,2025-09,Large
102758,2025-04-02,CUST00958,Aswan,Unknown,Monitor,Electronics,10,8832.0,10,88320.0,79488.0,2025-04,Large
102759,2025-11-15,CUST00959,Luxor,Unknown,Printer,Office Equipment,11,6596.0,15,72556.0,61672.6,2025-11,Large
102760,2025-06-28,CUST00960,Port Said,Unknown,Notebook Pack,Stationery,12,235.2,20,2822.4,2257.92,2025-06,Medium
102761,2025-01-13,CUST00961,Cairo,Greater Cairo,Laptop,Electronics,1,28215.0,0,28215.0,28215.0,2025-01,Large
102762,2025-08-26,CUST00962,Giza,Greater Cairo,Smartphone,Electronics,2,14500.0,5,29000.0,27550.0,2025-08,Large
102763,2025-03-11,CUST00963,Alexandria,Coastal,Wireless Mouse,Accessories,3,454.5,10,1363.5,1227.15,2025-03,Medium
102764,2025-10-24,CUST00964,Mansoura,Delta,Keyboard,Accessories,4,867.0,15,3468.0,2947.8,2025-10,Medium
102765,2025-05-09,CUST00965,Tanta,Unknown,Office Chair,Furniture,5,5356.0,20,26780.0,21424.0,2025-05,Large
102766,2025-12-22,CUST00966,Aswan,Unknown,Desk,Furniture,6,7696.0,0,46176.0,46176.0,2025-12,Large
102767,2025-07-07,CUST00967,Luxor,Unknown,Headphones,Electronics,7,1890.0,5,13230.0,12568.5,2025-07,Large
102768,2025-02-20,CUST00968,Port Said,Unknown,Monitor,Electronics,8,9752.0,10,78016.0,70214.4,2025-02,Large
102769,2025-09-05,CUST00969,Cairo,Greater Cairo,Printer,Office Equipment,9,7276.0,15,65484.0,55661.4,2025-09,Large
102770,2025-04-18,CUST00970,Giza,Greater Cairo,Notebook Pack,Stationery,10,259.2,20,2592.0,2073.6,2025-04,Medium
102771,2025-11-03,CUST00971,Alexandria,Coastal,Laptop,Electronics,11,31065.0,0,341715.0,341715.0,2025-11,Large
102772,2025-06-16,CUST00972,Mansoura,Delta,Smartphone,Electronics,12,15950.0,5,191400.0,181830.0,2025-06,Large
102773,2025-01-01,CUST00973,Tanta,Unknown,Wireless Mouse,Accessories,1,405.0,10,405.0,364.5,2025-01,Small
102774,2025-08-14,CUST00974,Aswan,Unknown,Keyboard,Accessories,2,773.5,15,1547.0,1314.95,2025-08,Medium
102775,2025-03-27,CUST00975,Luxor,Unknown,Office Chair,Furniture,3,4784.0,20,14352.0,11481.6,2025-03,Large
102776,2025-10-12,CUST00976,Port Said,Unknown,Desk,Furniture,4,6882.0,0,27528.0,27528.0,2025-10,Large
102777,2025-05-25,CUST00977,Cairo,Greater Cairo,Headphones,Electronics,5,1692.0,5,8460.0,8037.0,2025-05,Medium
102778,2025-12-10,CUST00978,Giza,Greater Cairo,Monitor,Electronics,6,8740.0,10,52440.0,47196.0,2025-12,Large
102779,2025-07-23,CUST00979,Alexandria,Coastal,Printer,Office Equipment,7,6528.0,15,45696.0,38841.6,2025-07,Large
102780,2025-02-08,CUST00980,Mansoura,Delta,Notebook Pack,Stationery,8,232.8,20,1862.4,1489.92,2025-02,Medium
102781,2025-09-21,CUST00981,Tanta,Unknown,Laptop,Electronics,9,27930.0,0,251370.0,251370.0,2025-09,Large
102782,2025-04-06,CUST00982,Aswan,Unknown,Smartphone,Electronics,10,14355.0,5,143550.0,136372.5,2025-04,Large
102783,2025-11-19,CUST00983,Luxor,Unknown,Wireless Mouse,Accessories,11,450.0,10,4950.0,4455.0,2025-11,Medium
102784,2025-06-04,CUST00984,Port Said,Unknown,Keyboard,Accessories,12,858.5,15,10302.0,8756.7,2025-06,Medium
102785,2025-01-17,CUST00985,Cairo,Greater Cairo,Office Chair,Furniture,1,5304.0,20,5304.0,4243.2,2025-01,Medium
102786,2025-08-02,CUST00986,Giza,Greater Cairo,Desk,Furniture,2,7622.0,0,15244.0,15244.0,2025-08,Large
102787,2025-03-15,CUST00987,Alexandria,Coastal,Headphones,Electronics,3,1872.0,5,5616.0,5335.2,2025-03,Medium
102788,2025-10-28,CUST00988,Mansoura,Delta,Monitor,Electronics,4,9660.0,10,38640.0,34776.0,2025-10,Large
102789,2025-05-13,CUST00989,Tanta,Unknown,Printer,Office Equipment,5,7208.0,15,36040.0,30634.0,2025-05,Large
102790,2025-12-26,CUST00990,Aswan,Unknown,Notebook Pack,Stationery,6,256.8,20,1540.8,1232.64,2025-12,Medium
102791,2025-07-11,CUST00991,Luxor,Unknown,Laptop,Electronics,7,30780.0,0,215460.0,215460.0,2025-07,Large
102792,2025-02-24,CUST00992,Port Said,Unknown,Smartphone,Electronics,8,15805.0,5,126440.0,120118.0,2025-02,Large
102793,2025-09-09,CUST00993,Cairo,Greater Cairo,Wireless Mouse,Accessories,9,495.0,10,4455.0,4009.5,2025-09,Medium
102794,2025-04-22,CUST00994,Giza,Greater Cairo,Keyboard,Accessories,10,765.0,15,7650.0,6502.5,2025-04,Medium
102795,2025-11-07,CUST00995,Alexandria,Coastal,Office Chair,Furniture,11,4732.0,20,52052.0,41641.6,2025-11,Large
102796,2025-06-20,CUST00996,Mansoura,Delta,Desk,Furniture,12,6808.0,0,81696.0,81696.0,2025-06,Large
102797,2025-01-05,CUST00997,Tanta,Unknown,Headphones,Electronics,1,1674.0,5,1674.0,1590.3,2025-01,Medium
102798,2025-08-18,CUST00998,Aswan,Unknown,Monitor,Electronics,2,8648.0,10,17296.0,15566.4,2025-08,Large
102799,2025-03-03,CUST00999,Luxor,Unknown,Printer,Office Equipment,3,6460.0,15,19380.0,16473.0,2025-03,Large
102800,2025-10-16,CUST01000,Port Said,Unknown,Notebook Pack,Stationery,4,230.4,20,921.6,737.28,2025-10,Small
102801,2025-05-01,CUST01001,Cairo,Greater Cairo,Laptop,Electronics,5,27645.0,0,138225.0,138225.0,2025-05,Large
102802,2025-12-14,CUST01002,Giza,Greater Cairo,Smartphone,Electronics,6,14210.0,5,85260.0,80997.0,2025-12,Large
102803,2025-07-27,CUST01003,Alexandria,Coastal,Wireless Mouse,Accessories,7,445.5,10,3118.5,2806.65,2025-07,Medium
102804,2025-02-12,CUST01004,Mansoura,Delta,Keyboard,Accessories,8,850.0,15,6800.0,5780.0,2025-02,Medium
102805,2025-09-25,CUST01005,Tanta,Unknown,Office Chair,Furniture,9,5252.0,20,47268.0,37814.4,2025-09,Large
102806,2025-04-10,CUST01006,Aswan,Unknown,Desk,Furniture,10,7548.0,0,75480.0,75480.0,2025-04,Large
102807,2025-11-23,CUST01007,Luxor,Unknown,Headphones,Electronics,11,1854.0,5,20394.0,19374.3,2025-11,Large
102808,2025-06-08,CUST01008,Port Said,Unknown,Monitor,Electronics,12,9568.0,10,114816.0,103334.4,2025-06,Large
102809,2025-01-21,CUST01009,Cairo,Greater Cairo,Printer,Office Equipment,1,7140.0,15,7140.0,6069.0,2025-01,Medium
102810,2025-08-06,CUST01010,Giza,Greater Cairo,Notebook Pack,Stationery,2,254.4,20,508.8,407.04,2025-08,Small
102811,2025-03-19,CUST01011,Alexandria,Coastal,Laptop,Electronics,3,30495.0,0,91485.0,91485.0,2025-03,Large
102812,2025-10-04,CUST01012,Mansoura,Delta,Smartphone,Electronics,4,15660.0,5,62640.0,59508.0,2025-10,Large
102813,2025-05-17,CUST01013,Tanta,Unknown,Wireless Mouse,Accessories,5,490.5,10,2452.5,2207.25,2025-05,Medium
102814,2025-12-02,CUST01014,Unknown,Unknown,Keyboard,Accessories,6,935.0,15,5610.0,4768.5,2025-12,Medium
102815,2025-07-15,CUST01015,Luxor,Unknown,Office Chair,Furniture,7,4680.0,20,32760.0,26208.0,2025-07,Large
102816,2025-02-28,CUST01016,Port Said,Unknown,Desk,Furniture,8,6734.0,0,53872.0,53872.0,2025-02,Large
102817,2025-09-13,CUST01017,Cairo,Greater Cairo,Headphones,Electronics,9,1656.0,5,14904.0,14158.8,2025-09,Large
102818,2025-04-26,CUST01018,Giza,Greater Cairo,Monitor,Electronics,10,8556.0,10,85560.0,77004.0,2025-04,Large
102819,2025-11-11,CUST01019,Alexandria,Coastal,Printer,Office Equipment,11,6392.0,15,70312.0,59765.2,2025-11,Large
102820,2025-06-24,CUST01020,Mansoura,Delta,Notebook Pack,Stationery,12,228.0,20,2736.0,2188.8,2025-06,Medium
102821,2025-01-09,CUST01021,Tanta,Unknown,Laptop,Electronics,1,27360.0,0,27360.0,27360.0,2025-01,Large
102822,2025-08-22,CUST01022,Aswan,Unknown,Smartphone,Electronics,2,14065.0,5,28130.0,26723.5,2025-08,Large
102823,2025-03-07,CUST01023,Luxor,Unknown,Wireless Mouse,Accessories,3,441.0,10,1323.0,1190.7,2025-03,Medium
102824,2025-10-20,CUST01024,Port Said,Unknown,Keyboard,Accessories,4,841.5,15,3366.0,2861.1,2025-10,Medium
102825,2025-05-05,CUST01025,Cairo,Greater Cairo,Office Chair,Furniture,5,5200.0,20,26000.0,20800.0,2025-05,Large
102826,2025-12-18,CUST01026,Giza,Greater Cairo,Desk,Furniture,6,7474.0,0,44844.0,44844.0,2025-12,Large
102827,2025-07-03,CUST01027,Alexandria,Coastal,Headphones,Electronics,7,1836.0,5,12852.0,12209.4,2025-07,Large
102828,2025-02-16,CUST01028,Mansoura,Delta,Monitor,Electronics,8,9476.0,10,75808.0,68227.2,2025-02,Large
102829,2025-09-01,CUST01029,Tanta,Unknown,Printer,Office Equipment,9,7072.0,15,63648.0,54100.8,2025-09,Large
102830,2025-04-14,CUST01030,Aswan,Unknown,Notebook Pack,Stationery,10,252.0,20,2520.0,2016.0,2025-04,Medium
102831,2025-11-27,CUST01031,Luxor,Unknown,Laptop,Electronics,11,30210.0,0,332310.0,332310.0,2025-11,Large
102832,2025-06-12,CUST01032,Port Said,Unknown,Smartphone,Electronics,12,15515.0,5,186180.0,176871.0,2025-06,Large
102833,2025-01-25,CUST01033,Cairo,Greater Cairo,Wireless Mouse,Accessories,1,486.0,10,486.0,437.4,2025-01,Small
102834,2025-08-10,CUST01034,Giza,Greater Cairo,Keyboard,Accessories,2,926.5,15,1853.0,1575.05,2025-08,Medium
102835,2025-03-23,CUST01035,Alexandria,Coastal,Office Chair,Furniture,3,5720.0,20,17160.0,13728.0,2025-03,Large
102836,2025-10-08,CUST01036,Mansoura,Delta,Desk,Furniture,4,6660.0,0,26640.0,26640.0,2025-10,Large
102837,2025-05-21,CUST01037,Tanta,Unknown,Headphones,Electronics,5,1638.0,5,8190.0,7780.5,2025-05,Medium
102838,2025-12-06,CUST01038,Aswan,Unknown,Monitor,Electronics,6,8464.0,10,50784.0,45705.6,2025-12,Large
102839,2025-07-19,CUST01039,Luxor,Unknown,Printer,Office Equipment,7,6324.0,15,44268.0,37627.8,2025-07,Large
102840,2025-02-04,CUST01040,Port Said,Unknown,Notebook Pack,Stationery,8,225.6,20,1804.8,1443.84,2025-02,Medium
102841,2025-09-17,CUST01041,Cairo,Greater Cairo,Laptop,Electronics,9,27075.0,0,243675.0,243675.0,2025-09,Large
102842,2025-04-02,CUST01042,Giza,Greater Cairo,Smartphone,Electronics,10,13920.0,5,139200.0,132240.0,2025-04,Large
102843,2025-11-15,CUST01043,Alexandria,Coastal,Wireless Mouse,Accessories,11,436.5,10,4801.5,4321.35,2025-11,Medium
102844,2025-06-28,CUST01044,Mansoura,Delta,Keyboard,Accessories,12,833.0,15,9996.0,8496.6,2025-06,Medium
102845,2025-01-13,CUST01045,Tanta,Unknown,Office Chair,Furniture,1,5148.0,20,5148.0,4118.4,2025-01,Medium
102846,2025-08-26,CUST01046,Aswan,Unknown,Desk,Furniture,2,7400.0,0,14800.0,14800.0,2025-08,Large
102847,2025-03-11,CUST01047,Luxor,Unknown,Headphones,Electronics,3,1818.0,5,5454.0,5181.3,2025-03,Medium
102848,2025-10-24,CUST01048,Port Said,Unknown,Monitor,Electronics,4,9384.0,10,37536.0,33782.4,2025-10,Large
102849,2025-05-09,CUST01049,Cairo,Greater Cairo,Printer,Office Equipment,5,7004.0,15,35020.0,29767.0,2025-05,Large
102850,2025-12-22,CUST01050,Giza,Greater Cairo,Notebook Pack,Stationery,6,249.6,20,1497.6,1198.08,2025-12,Medium
102851,2025-07-07,CUST01051,Alexandria,Coastal,Laptop,Electronics,7,29925.0,0,209475.0,209475.0,2025-07,Large
102852,2025-02-20,CUST01052,Mansoura,Delta,Smartphone,Electronics,8,15370.0,5,122960.0,116812.0,2025-02,Large
102853,2025-09-05,CUST01053,Tanta,Unknown,Wireless Mouse,Accessories,9,481.5,10,4333.5,3900.15,2025-09,Medium
102854,2025-04-18,CUST01054,Aswan,Unknown,Keyboard,Accessories,10,918.0,15,9180.0,7803.0,2025-04,Medium
102855,2025-11-03,CUST01055,Luxor,Unknown,Office Chair,Furniture,11,5668.0,20,62348.0,49878.4,2025-11,Large
102856,2025-06-16,CUST01056,Port Said,Unknown,Desk,Furniture,12,8140.0,0,97680.0,97680.0,2025-06,Large
102857,2025-01-01,CUST01057,Cairo,Greater Cairo,Headphones,Electronics,1,1620.0,5,1620.0,1539.0,2025-01,Medium
102858,2025-08-14,CUST01058,Giza,Greater Cairo,Monitor,Electronics,2,8372.0,10,16744.0,15069.6,2025-08,Large
102859,2025-03-27,CUST01059,Alexandria,Coastal,Printer,Office Equipment,3,6256.0,15,18768.0,15952.8,2025-03,Large
102860,2025-10-12,CUST01060,Mansoura,Delta,Notebook Pack,Stationery,4,223.2,20,892.8,714.24,2025-10,Small
102861,2025-05-25,CUST01061,Tanta,Unknown,Laptop,Electronics,5,26790.0,0,133950.0,133950.0,2025-05,Large
102862,2025-12-10,CUST01062,Aswan,Unknown,Smartphone,Electronics,6,13775.0,5,82650.0,78517.5,2025-12,Large
102863,2025-07-23,CUST01063,Luxor,Unknown,Wireless Mouse,Accessories,7,432.0,10,3024.0,2721.6,2025-07,Medium
102864,2025-02-08,CUST01064,Port Said,Unknown,Keyboard,Accessories,8,824.5,15,6596.0,5606.6,2025-02,Medium
102865,2025-09-21,CUST01065,Cairo,Greater Cairo,Office Chair,Furniture,9,5096.0,20,45864.0,36691.2,2025-09,Large
102866,2025-04-06,CUST01066,Giza,Greater Cairo,Desk,Furniture,10,7326.0,0,73260.0,73260.0,2025-04,Large
102867,2025-11-19,CUST01067,Alexandria,Coastal,Headphones,Electronics,11,1800.0,5,19800.0,18810.0,2025-11,Large
102868,2025-06-04,CUST01068,Mansoura,Delta,Monitor,Electronics,12,9292.0,10,111504.0,100353.6,2025-06,Large
102869,2025-01-17,CUST01069,Tanta,Unknown,Printer,Office Equipment,1,6936.0,15,6936.0,5895.6,2025-01,Medium
102870,2025-08-02,CUST01070,Aswan,Unknown,Notebook Pack,Stationery,2,247.2,20,494.4,395.52,2025-08,Small
102871,2025-03-15,CUST01071,Luxor,Unknown,Laptop,Electronics,3,29640.0,0,88920.0,88920.0,2025-03,Large
102872,2025-10-28,CUST01072,Port Said,Unknown,Smartphone,Electronics,4,15225.0,5,60900.0,57855.0,2025-10,Large
102873,2025-05-13,CUST01073,Cairo,Greater Cairo,Wireless Mouse,Accessories,5,477.0,10,2385.0,2146.5,2025-05,Medium
102874,2025-12-26,CUST01074,Giza,Greater Cairo,Keyboard,Accessories,6,909.5,15,5457.0,4638.45,2025-12,Medium
102875,2025-07-11,CUST01075,Alexandria,Coastal,Office Chair,Furniture,7,5616.0,20,39312.0,31449.6,2025-07,Large
102876,2025-02-24,CUST01076,Mansoura,Delta,Desk,Furniture,8,8066.0,0,64528.0,64528.0,2025-02,Large
102877,2025-09-09,CUST01077,Tanta,Unknown,Headphones,Electronics,9,1980.0,5,17820.0,16929.0,2025-09,Large
102878,2025-04-22,CUST01078,Aswan,Unknown,Monitor,Electronics,10,8280.0,10,82800.0,74520.0,2025-04,Large
102879,2025-11-07,CUST01079,Luxor,Unknown,Printer,Office Equipment,11,6188.0,15,68068.0,57857.8,2025-11,Large
102880,2025-06-20,CUST01080,Port Said,Unknown,Notebook Pack,Stationery,12,220.8,20,2649.6,2119.68,2025-06,Medium
102881,2025-01-05,CUST01081,Cairo,Greater Cairo,Laptop,Electronics,1,26505.0,0,26505.0,26505.0,2025-01,Large
102882,2025-08-18,CUST01082,Giza,Greater Cairo,Smartphone,Electronics,2,13630.0,5,27260.0,25897.0,2025-08,Large
102883,2025-03-03,CUST01083,Alexandria,Coastal,Wireless Mouse,Accessories,3,427.5,10,1282.5,1154.25,2025-03,Medium
102884,2025-10-16,CUST01084,Mansoura,Delta,Keyboard,Accessories,4,816.0,15,3264.0,2774.4,2025-10,Medium
102885,2025-05-01,CUST01085,Tanta,Unknown,Office Chair,Furniture,5,5044.0,20,25220.0,20176.0,2025-05,Large
102886,2025-12-14,CUST01086,Aswan,Unknown,Desk,Furniture,6,7252.0,0,43512.0,43512.0,2025-12,Large
102887,2025-07-27,CUST01087,Luxor,Unknown,Headphones,Electronics,7,1782.0,5,12474.0,11850.3,2025-07,Large
102888,2025-02-12,CUST01088,Port Said,Unknown,Monitor,Electronics,8,9200.0,10,73600.0,66240.0,2025-02,Large
102889,2025-09-25,CUST01089,Cairo,Greater Cairo,Printer,Office Equipment,9,6868.0,15,61812.0,52540.2,2025-09,Large
102890,2025-04-10,CUST01090,Giza,Greater Cairo,Notebook Pack,Stationery,10,244.8,20,2448.0,1958.4,2025-04,Medium
102891,2025-11-23,CUST01091,Alexandria,Coastal,Laptop,Electronics,11,29355.0,0,322905.0,322905.0,2025-11,Large
102892,2025-06-08,CUST01092,Mansoura,Delta,Smartphone,Electronics,12,15080.0,5,180960.0,171912.0,2025-06,Large
102893,2025-01-21,CUST01093,Tanta,Unknown,Wireless Mouse,Accessories,1,472.5,10,472.5,425.25,2025-01,Small
102894,2025-08-06,CUST01094,Aswan,Unknown,Keyboard,Accessories,2,901.0,15,1802.0,1531.7,2025-08,Medium
102895,2025-03-19,CUST01095,Luxor,Unknown,Office Chair,Furniture,3,5564.0,20,16692.0,13353.6,2025-03,Large
102896,2025-10-04,CUST01096,Port Said,Unknown,Desk,Furniture,4,7992.0,0,31968.0,31968.0,2025-10,Large
102897,2025-05-17,CUST01097,Cairo,Greater Cairo,Headphones,Electronics,5,1962.0,0,9810.0,9810.0,2025-05,Medium
102898,2025-12-02,CUST01098,Giza,Greater Cairo,Monitor,Electronics,6,10120.0,10,60720.0,54648.0,2025-12,Large
102899,2025-07-15,CUST01099,Alexandria,Coastal,Printer,Office Equipment,7,6120.0,15,42840.0,36414.0,2025-07,Large
102900,2025-02-28,CUST01100,Mansoura,Delta,Notebook Pack,Stationery,8,218.4,20,1747.2,1397.76,2025-02,Medium
102901,2025-09-13,CUST01101,Tanta,Unknown,Laptop,Electronics,9,26220.0,0,235980.0,235980.0,2025-09,Large
102902,2025-04-26,CUST01102,Aswan,Unknown,Smartphone,Electronics,10,13485.0,5,134850.0,128107.5,2025-04,Large
102903,2025-11-11,CUST01103,Luxor,Unknown,Wireless Mouse,Accessories,11,423.0,10,4653.0,4187.7,2025-11,Medium
102904,2025-06-24,CUST01104,Port Said,Unknown,Keyboard,Accessories,12,807.5,15,9690.0,8236.5,2025-06,Medium
102905,2025-01-09,CUST01105,Cairo,Greater Cairo,Office Chair,Furniture,1,4992.0,20,4992.0,3993.6,2025-01,Medium
102906,2025-08-22,CUST01106,Giza,Greater Cairo,Desk,Furniture,2,7178.0,0,14356.0,14356.0,2025-08,Large
102907,2025-03-07,CUST01107,Alexandria,Coastal,Headphones,Electronics,3,1764.0,5,5292.0,5027.4,2025-03,Medium
102908,2025-10-20,CUST01108,Mansoura,Delta,Monitor,Electronics,4,9108.0,10,36432.0,32788.8,2025-10,Large
102909,2025-05-05,CUST01109,Tanta,Unknown,Printer,Office Equipment,5,6800.0,15,34000.0,28900.0,2025-05,Large
102910,2025-12-18,CUST01110,Aswan,Unknown,Notebook Pack,Stationery,6,242.4,20,1454.4,1163.52,2025-12,Medium
102911,2025-07-03,CUST01111,Unknown,Unknown,Laptop,Electronics,7,29070.0,0,203490.0,203490.0,2025-07,Large
102912,2025-02-16,CUST01112,Port Said,Unknown,Smartphone,Electronics,8,14935.0,5,119480.0,113506.0,2025-02,Large
102913,2025-09-01,CUST01113,Cairo,Greater Cairo,Wireless Mouse,Accessories,9,468.0,10,4212.0,3790.8,2025-09,Medium
102914,2025-04-14,CUST01114,Giza,Greater Cairo,Keyboard,Accessories,10,892.5,15,8925.0,7586.25,2025-04,Medium
102915,2025-11-27,CUST01115,Alexandria,Coastal,Office Chair,Furniture,11,5512.0,20,60632.0,48505.6,2025-11,Large
102916,2025-06-12,CUST01116,Mansoura,Delta,Desk,Furniture,12,7918.0,0,95016.0,95016.0,2025-06,Large
102917,2025-01-25,CUST01117,Tanta,Unknown,Headphones,Electronics,1,1944.0,5,1944.0,1846.8,2025-01,Medium
102918,2025-08-10,CUST01118,Aswan,Unknown,Monitor,Electronics,2,10028.0,10,20056.0,18050.4,2025-08,Large
102919,2025-03-23,CUST01119,Luxor,Unknown,Printer,Office Equipment,3,7480.0,15,22440.0,19074.0,2025-03,Large
102920,2025-10-08,CUST01120,Port Said,Unknown,Notebook Pack,Stationery,4,216.0,20,864.0,691.2,2025-10,Small
102921,2025-05-21,CUST01121,Cairo,Greater Cairo,Laptop,Electronics,5,25935.0,0,129675.0,129675.0,2025-05,Large
102922,2025-12-06,CUST01122,Giza,Greater Cairo,Smartphone,Electronics,6,13340.0,5,80040.0,76038.0,2025-12,Large
102923,2025-07-19,CUST01123,Alexandria,Coastal,Wireless Mouse,Accessories,7,418.5,10,2929.5,2636.55,2025-07,Medium
102924,2025-02-04,CUST01124,Mansoura,Delta,Keyboard,Accessories,8,799.0,15,6392.0,5433.2,2025-02,Medium
102925,2025-09-17,CUST01125,Tanta,Unknown,Office Chair,Furniture,9,4940.0,20,44460.0,35568.0,2025-09,Large
102926,2025-04-02,CUST01126,Aswan,Unknown,Desk,Furniture,10,7104.0,0,71040.0,71040.0,2025-04,Large
102927,2025-11-15,CUST01127,Luxor,Unknown,Headphones,Electronics,11,1746.0,5,19206.0,18245.7,2025-11,Large
102928,2025-06-28,CUST01128,Port Said,Unknown,Monitor,Electronics,12,9016.0,10,108192.0,97372.8,2025-06,Large
102929,2025-01-13,CUST01129,Cairo,Greater Cairo,Printer,Office Equipment,1,6732.0,15,6732.0,5722.2,2025-01,Medium
102930,2025-08-26,CUST01130,Giza,Greater Cairo,Notebook Pack,Stationery,2,240.0,20,480.0,384.0,2025-08,Small
102931,2025-03-11,CUST01131,Alexandria,Coastal,Laptop,Electronics,3,28785.0,0,86355.0,86355.0,2025-03,Large
102932,2025-10-24,CUST01132,Mansoura,Delta,Smartphone,Electronics,4,14790.0,5,59160.0,56202.0,2025-10,Large
102933,2025-05-09,CUST01133,Tanta,Unknown,Wireless Mouse,Accessories,5,463.5,10,2317.5,2085.75,2025-05,Medium
102934,2025-12-22,CUST01134,Aswan,Unknown,Keyboard,Accessories,6,884.0,15,5304.0,4508.4,2025-12,Medium
102935,2025-07-07,CUST01135,Luxor,Unknown,Office Chair,Furniture,7,5460.0,20,38220.0,30576.0,2025-07,Large
102936,2025-02-20,CUST01136,Port Said,Unknown,Desk,Furniture,8,7844.0,0,62752.0,62752.0,2025-02,Large
102937,2025-09-05,CUST01137,Cairo,Greater Cairo,Headphones,Electronics,9,1926.0,5,17334.0,16467.3,2025-09,Large
102938,2025-04-18,CUST01138,Giza,Greater Cairo,Monitor,Electronics,10,9936.0,10,99360.0,89424.0,2025-04,Large
102939,2025-11-03,CUST01139,Alexandria,Coastal,Printer,Office Equipment,11,7412.0,15,81532.0,69302.2,2025-11,Large
102940,2025-06-16,CUST01140,Mansoura,Delta,Notebook Pack,Stationery,12,264.0,20,3168.0,2534.4,2025-06,Medium
102941,2025-01-01,CUST01141,Tanta,Unknown,Laptop,Electronics,1,25650.0,0,25650.0,25650.0,2025-01,Large
102942,2025-08-14,CUST01142,Aswan,Unknown,Smartphone,Electronics,2,13195.0,5,26390.0,25070.5,2025-08,Large
102943,2025-03-27,CUST01143,Luxor,Unknown,Wireless Mouse,Accessories,3,414.0,10,1242.0,1117.8,2025-03,Medium
102944,2025-10-12,CUST01144,Port Said,Unknown,Keyboard,Accessories,4,790.5,15,3162.0,2687.7,2025-10,Medium
102945,2025-05-25,CUST01145,Cairo,Greater Cairo,Office Chair,Furniture,5,4888.0,20,24440.0,19552.0,2025-05,Large
102946,2025-12-10,CUST01146,Giza,Greater Cairo,Desk,Furniture,6,7030.0,0,42180.0,42180.0,2025-12,Large
102947,2025-07-23,CUST01147,Alexandria,Coastal,Headphones,Electronics,7,1728.0,5,12096.0,11491.2,2025-07,Large
102948,2025-02-08,CUST01148,Mansoura,Delta,Monitor,Electronics,8,8924.0,10,71392.0,64252.8,2025-02,Large
102949,2025-09-21,CUST01149,Tanta,Unknown,Printer,Office Equipment,9,6664.0,15,59976.0,50979.6,2025-09,Large
102950,2025-04-06,CUST01150,Aswan,Unknown,Notebook Pack,Stationery,10,237.6,20,2376.0,1900.8,2025-04,Medium
102951,2025-11-19,CUST01151,Luxor,Unknown,Laptop,Electronics,11,28500.0,0,313500.0,313500.0,2025-11,Large
102952,2025-06-04,CUST01152,Port Said,Unknown,Smartphone,Electronics,12,14645.0,5,175740.0,166953.0,2025-06,Large
102953,2025-01-17,CUST01153,Cairo,Greater Cairo,Wireless Mouse,Accessories,1,459.0,10,459.0,413.1,2025-01,Small
102954,2025-08-02,CUST01154,Giza,Greater Cairo,Keyboard,Accessories,2,875.5,15,1751.0,1488.35,2025-08,Medium
102955,2025-03-15,CUST01155,Alexandria,Coastal,Office Chair,Furniture,3,5408.0,20,16224.0,12979.2,2025-03,Large
102956,2025-10-28,CUST01156,Mansoura,Delta,Desk,Furniture,4,7770.0,0,31080.0,31080.0,2025-10,Large
102957,2025-05-13,CUST01157,Tanta,Unknown,Headphones,Electronics,5,1908.0,5,9540.0,9063.0,2025-05,Medium
102958,2025-12-26,CUST01158,Aswan,Unknown,Monitor,Electronics,6,9844.0,10,59064.0,53157.6,2025-12,Large
102959,2025-07-11,CUST01159,Luxor,Unknown,Printer,Office Equipment,7,7344.0,15,51408.0,43696.8,2025-07,Large
102960,2025-02-24,CUST01160,Port Said,Unknown,Notebook Pack,Stationery,8,261.6,20,2092.8,1674.24,2025-02,Medium
102961,2025-09-09,CUST01161,Cairo,Greater Cairo,Laptop,Electronics,9,31350.0,0,282150.0,282150.0,2025-09,Large
102962,2025-04-22,CUST01162,Giza,Greater Cairo,Smartphone,Electronics,10,13050.0,5,130500.0,123975.0,2025-04,Large
102963,2025-11-07,CUST01163,Alexandria,Coastal,Wireless Mouse,Accessories,11,409.5,10,4504.5,4054.05,2025-11,Medium
102964,2025-06-20,CUST01164,Mansoura,Delta,Keyboard,Accessories,12,782.0,15,9384.0,7976.4,2025-06,Medium
102965,2025-01-05,CUST01165,Tanta,Unknown,Office Chair,Furniture,1,4836.0,20,4836.0,3868.8,2025-01,Medium
102966,2025-08-18,CUST01166,Aswan,Unknown,Desk,Furniture,2,6956.0,0,13912.0,13912.0,2025-08,Large
102967,2025-03-03,CUST01167,Luxor,Unknown,Headphones,Electronics,3,1710.0,5,5130.0,4873.5,2025-03,Medium
102968,2025-10-16,CUST01168,Port Said,Unknown,Monitor,Electronics,4,8832.0,10,35328.0,31795.2,2025-10,Large
102969,2025-05-01,CUST01169,Cairo,Greater Cairo,Printer,Office Equipment,5,6596.0,15,32980.0,28033.0,2025-05,Large
102970,2025-12-14,CUST01170,Giza,Greater Cairo,Notebook Pack,Stationery,6,235.2,20,1411.2,1128.96,2025-12,Medium
102971,2025-07-27,CUST01171,Alexandria,Coastal,Laptop,Electronics,7,28215.0,0,197505.0,197505.0,2025-07,Large
102972,2025-02-12,CUST01172,Mansoura,Delta,Smartphone,Electronics,8,14500.0,5,116000.0,110200.0,2025-02,Large
102973,2025-09-25,CUST01173,Tanta,Unknown,Wireless Mouse,Accessories,9,454.5,10,4090.5,3681.45,2025-09,Medium
102974,2025-04-10,CUST01174,Aswan,Unknown,Keyboard,Accessories,10,867.0,15,8670.0,7369.5,2025-04,Medium
102975,2025-11-23,CUST01175,Luxor,Unknown,Office Chair,Furniture,11,5356.0,20,58916.0,47132.8,2025-11,Large
102976,2025-06-08,CUST01176,Port Said,Unknown,Desk,Furniture,12,7696.0,0,92352.0,92352.0,2025-06,Large
102977,2025-01-21,CUST01177,Cairo,Greater Cairo,Headphones,Electronics,1,1890.0,5,1890.0,1795.5,2025-01,Medium
102978,2025-08-06,CUST01178,Giza,Greater Cairo,Monitor,Electronics,2,9752.0,10,19504.0,17553.6,2025-08,Large
102979,2025-03-19,CUST01179,Alexandria,Coastal,Printer,Office Equipment,3,7276.0,15,21828.0,18553.8,2025-03,Large
102980,2025-10-04,CUST01180,Mansoura,Delta,Notebook Pack,Stationery,4,259.2,20,1036.8,829.44,2025-10,Small
102981,2025-05-17,CUST01181,Tanta,Unknown,Laptop,Electronics,5,31065.0,0,155325.0,155325.0,2025-05,Large
102982,2025-12-02,CUST01182,Aswan,Unknown,Smartphone,Electronics,6,15950.0,5,95700.0,90915.0,2025-12,Large
102983,2025-07-15,CUST01183,Luxor,Unknown,Wireless Mouse,Accessories,7,405.0,10,2835.0,2551.5,2025-07,Medium
102984,2025-02-28,CUST01184,Port Said,Unknown,Keyboard,Accessories,8,773.5,15,6188.0,5259.8,2025-02,Medium
102985,2025-09-13,CUST01185,Cairo,Greater Cairo,Office Chair,Furniture,9,4784.0,20,43056.0,34444.8,2025-09,Large
102986,2025-04-26,CUST01186,Giza,Greater Cairo,Desk,Furniture,10,6882.0,0,68820.0,68820.0,2025-04,Large
102987,2025-11-11,CUST01187,Alexandria,Coastal,Headphones,Electronics,11,1692.0,5,18612.0,17681.4,2025-11,Large
102988,2025-06-24,CUST01188,Mansoura,Delta,Monitor,Electronics,12,8740.0,10,104880.0,94392.0,2025-06,Large
102989,2025-01-09,CUST01189,Tanta,Unknown,Printer,Office Equipment,1,6528.0,15,6528.0,5548.8,2025-01,Medium
102990,2025-08-22,CUST01190,Aswan,Unknown,Notebook Pack,Stationery,2,232.8,20,465.6,372.48,2025-08,Small
102991,2025-03-07,CUST01191,Luxor,Unknown,Laptop,Electronics,3,27930.0,0,83790.0,83790.0,2025-03,Large
102992,2025-10-20,CUST01192,Port Said,Unknown,Smartphone,Electronics,4,14355.0,5,57420.0,54549.0,2025-10,Large
102993,2025-05-05,CUST01193,Cairo,Greater Cairo,Wireless Mouse,Accessories,5,450.0,10,2250.0,2025.0,2025-05,Medium
102994,2025-12-18,CUST01194,Giza,Greater Cairo,Keyboard,Accessories,6,858.5,15,5151.0,4378.35,2025-12,Medium
102995,2025-07-03,CUST01195,Alexandria,Coastal,Office Chair,Furniture,7,5304.0,20,37128.0,29702.4,2025-07,Large
102996,2025-02-16,CUST01196,Mansoura,Delta,Desk,Furniture,8,7622.0,0,60976.0,60976.0,2025-02,Large
102997,2025-09-01,CUST01197,Tanta,Unknown,Headphones,Electronics,9,1872.0,5,16848.0,16005.6,2025-09,Large
102998,2025-04-14,CUST01198,Aswan,Unknown,Monitor,Electronics,10,9660.0,10,96600.0,86940.0,2025-04,Large
102999,2025-11-27,CUST01199,Luxor,Unknown,Printer,Office Equipment,11,7208.0,15,79288.0,67394.8,2025-11,Large
103000,2025-06-12,CUST01200,Port Said,Unknown,Notebook Pack,Stationery,12,256.8,20,3081.6,2465.28,2025-06,Medium
103001,2025-01-25,CUST01201,Cairo,Greater Cairo,Laptop,Electronics,1,30780.0,0,30780.0,30780.0,2025-01,Large
103002,2025-08-10,CUST01202,Giza,Greater Cairo,Smartphone,Electronics,2,15805.0,5,31610.0,30029.5,2025-08,Large
103003,2025-03-23,CUST01203,Alexandria,Coastal,Wireless Mouse,Accessories,3,495.0,10,1485.0,1336.5,2025-03,Medium
103004,2025-10-08,CUST01204,Mansoura,Delta,Keyboard,Accessories,4,765.0,15,3060.0,2601.0,2025-10,Medium
103005,2025-05-21,CUST01205,Tanta,Unknown,Office Chair,Furniture,5,4732.0,20,23660.0,18928.0,2025-05,Large
103006,2025-12-06,CUST01206,Aswan,Unknown,Desk,Furniture,6,6808.0,0,40848.0,40848.0,2025-12,Large
103007,2025-07-19,CUST01207,Luxor,Unknown,Headphones,Electronics,7,1674.0,5,11718.0,11132.1,2025-07,Large
103008,2025-02-04,CUST01208,Unknown,Unknown,Monitor,Electronics,8,8648.0,10,69184.0,62265.6,2025-02,Large
103009,2025-09-17,CUST01209,Cairo,Greater Cairo,Printer,Office Equipment,9,6460.0,15,58140.0,49419.0,2025-09,Large
103010,2025-04-02,CUST01210,Giza,Greater Cairo,Notebook Pack,Stationery,10,230.4,20,2304.0,1843.2,2025-04,Medium
103011,2025-11-15,CUST01211,Alexandria,Coastal,Laptop,Electronics,11,27645.0,0,304095.0,304095.0,2025-11,Large
103012,2025-06-28,CUST01212,Mansoura,Delta,Smartphone,Electronics,12,14210.0,5,170520.0,161994.0,2025-06,Large
103013,2025-01-13,CUST01213,Tanta,Unknown,Wireless Mouse,Accessories,1,445.5,10,445.5,400.95,2025-01,Small
103014,2025-08-26,CUST01214,Aswan,Unknown,Keyboard,Accessories,2,850.0,15,1700.0,1445.0,2025-08,Medium
103015,2025-03-11,CUST01215,Luxor,Unknown,Office Chair,Furniture,3,5252.0,20,15756.0,12604.8,2025-03,Large
103016,2025-10-24,CUST01216,Port Said,Unknown,Desk,Furniture,4,7548.0,0,30192.0,30192.0,2025-10,Large
103017,2025-05-09,CUST01217,Cairo,Greater Cairo,Headphones,Electronics,5,1854.0,5,9270.0,8806.5,2025-05,Medium
103018,2025-12-22,CUST01218,Giza,Greater Cairo,Monitor,Electronics,6,9568.0,10,57408.0,51667.2,2025-12,Large
103019,2025-07-07,CUST01219,Alexandria,Coastal,Printer,Office Equipment,7,7140.0,15,49980.0,42483.0,2025-07,Large
103020,2025-02-20,CUST01220,Mansoura,Delta,Notebook Pack,Stationery,8,254.4,20,2035.2,1628.16,2025-02,Medium
103021,2025-09-05,CUST01221,Tanta,Unknown,Laptop,Electronics,9,30495.0,0,274455.0,274455.0,2025-09,Large
103022,2025-04-18,CUST01222,Aswan,Unknown,Smartphone,Electronics,10,15660.0,5,156600.0,148770.0,2025-04,Large
103023,2025-11-03,CUST01223,Luxor,Unknown,Wireless Mouse,Accessories,11,490.5,10,5395.5,4855.95,2025-11,Medium
103024,2025-06-16,CUST01224,Port Said,Unknown,Keyboard,Accessories,12,935.0,15,11220.0,9537.0,2025-06,Medium
103025,2025-01-01,CUST01225,Cairo,Greater Cairo,Office Chair,Furniture,1,4680.0,20,4680.0,3744.0,2025-01,Medium
103026,2025-08-14,CUST01226,Giza,Greater Cairo,Desk,Furniture,2,6734.0,0,13468.0,13468.0,2025-08,Large
103027,2025-03-27,CUST01227,Alexandria,Coastal,Headphones,Electronics,3,1656.0,5,4968.0,4719.6,2025-03,Medium
103028,2025-10-12,CUST01228,Mansoura,Delta,Monitor,Electronics,4,8556.0,10,34224.0,30801.6,2025-10,Large
103029,2025-05-25,CUST01229,Tanta,Unknown,Printer,Office Equipment,5,6392.0,15,31960.0,27166.0,2025-05,Large
103030,2025-12-10,CUST01230,Aswan,Unknown,Notebook Pack,Stationery,6,228.0,20,1368.0,1094.4,2025-12,Medium
103031,2025-07-23,CUST01231,Luxor,Unknown,Laptop,Electronics,7,27360.0,0,191520.0,191520.0,2025-07,Large
103032,2025-02-08,CUST01232,Port Said,Unknown,Smartphone,Electronics,8,14065.0,5,112520.0,106894.0,2025-02,Large
103033,2025-09-21,CUST01233,Cairo,Greater Cairo,Wireless Mouse,Accessories,9,441.0,10,3969.0,3572.1,2025-09,Medium
103034,2025-04-06,CUST01234,Giza,Greater Cairo,Keyboard,Accessories,10,841.5,15,8415.0,7152.75,2025-04,Medium
103035,2025-11-19,CUST01235,Alexandria,Coastal,Office Chair,Furniture,11,5200.0,20,57200.0,45760.0,2025-11,Large
103036,2025-06-04,CUST01236,Mansoura,Delta,Desk,Furniture,12,7474.0,0,89688.0,89688.0,2025-06,Large
103037,2025-01-17,CUST01237,Tanta,Unknown,Headphones,Electronics,1,1836.0,5,1836.0,1744.2,2025-01,Medium
103038,2025-08-02,CUST01238,Aswan,Unknown,Monitor,Electronics,2,9476.0,10,18952.0,17056.8,2025-08,Large
103039,2025-03-15,CUST01239,Luxor,Unknown,Printer,Office Equipment,3,7072.0,15,21216.0,18033.6,2025-03,Large
103040,2025-10-28,CUST01240,Port Said,Unknown,Notebook Pack,Stationery,4,252.0,20,1008.0,806.4,2025-10,Small
103041,2025-05-13,CUST01241,Cairo,Greater Cairo,Laptop,Electronics,5,30210.0,0,151050.0,151050.0,2025-05,Large
103042,2025-12-26,CUST01242,Giza,Greater Cairo,Smartphone,Electronics,6,15515.0,5,93090.0,88435.5,2025-12,Large
103043,2025-07-11,CUST01243,Alexandria,Coastal,Wireless Mouse,Accessories,7,486.0,10,3402.0,3061.8,2025-07,Medium
103044,2025-02-24,CUST01244,Mansoura,Delta,Keyboard,Accessories,8,926.5,15,7412.0,6300.2,2025-02,Medium
103045,2025-09-09,CUST01245,Tanta,Unknown,Office Chair,Furniture,9,5720.0,20,51480.0,41184.0,2025-09,Large
103046,2025-04-22,CUST01246,Aswan,Unknown,Desk,Furniture,10,6660.0,0,66600.0,66600.0,2025-04,Large
103047,2025-11-07,CUST01247,Luxor,Unknown,Headphones,Electronics,11,1638.0,5,18018.0,17117.1,2025-11,Large
103048,2025-06-20,CUST01248,Port Said,Unknown,Monitor,Electronics,12,8464.0,10,101568.0,91411.2,2025-06,Large
103049,2025-01-05,CUST01249,Cairo,Greater Cairo,Printer,Office Equipment,1,6324.0,15,6324.0,5375.4,2025-01,Medium
103050,2025-08-18,CUST01250,Giza,Greater Cairo,Notebook Pack,Stationery,2,225.6,20,451.2,360.96,2025-08,Small
103051,2025-03-03,CUST01251,Alexandria,Coastal,Laptop,Electronics,3,27075.0,0,81225.0,81225.0,2025-03,Large
103052,2025-10-16,CUST01252,Mansoura,Delta,Smartphone,Electronics,4,13920.0,5,55680.0,52896.0,2025-10,Large
103053,2025-05-01,CUST01253,Tanta,Unknown,Wireless Mouse,Accessories,5,436.5,10,2182.5,1964.25,2025-05,Medium
103054,2025-12-14,CUST01254,Aswan,Unknown,Keyboard,Accessories,6,833.0,15,4998.0,4248.3,2025-12,Medium
103055,2025-07-27,CUST01255,Luxor,Unknown,Office Chair,Furniture,7,5148.0,20,36036.0,28828.8,2025-07,Large
103056,2025-02-12,CUST01256,Port Said,Unknown,Desk,Furniture,8,7400.0,0,59200.0,59200.0,2025-02,Large
103057,2025-09-25,CUST01257,Cairo,Greater Cairo,Headphones,Electronics,9,1818.0,5,16362.0,15543.9,2025-09,Large
103058,2025-04-10,CUST01258,Giza,Greater Cairo,Monitor,Electronics,10,9384.0,10,93840.0,84456.0,2025-04,Large
103059,2025-11-23,CUST01259,Alexandria,Coastal,Printer,Office Equipment,11,7004.0,15,77044.0,65487.4,2025-11,Large
103060,2025-06-08,CUST01260,Mansoura,Delta,Notebook Pack,Stationery,12,249.6,20,2995.2,2396.16,2025-06,Medium
103061,2025-01-21,CUST01261,Tanta,Unknown,Laptop,Electronics,1,29925.0,0,29925.0,29925.0,2025-01,Large
103062,2025-08-06,CUST01262,Aswan,Unknown,Smartphone,Electronics,2,15370.0,5,30740.0,29203.0,2025-08,Large
103063,2025-03-19,CUST01263,Luxor,Unknown,Wireless Mouse,Accessories,3,481.5,10,1444.5,1300.05,2025-03,Medium
103064,2025-10-04,CUST01264,Port Said,Unknown,Keyboard,Accessories,4,918.0,15,3672.0,3121.2,2025-10,Medium
103065,2025-05-17,CUST01265,Cairo,Greater Cairo,Office Chair,Furniture,5,5668.0,20,28340.0,22672.0,2025-05,Large
103066,2026-12-02,CUST01266,Giza,Greater Cairo,Desk,Furniture,6,8140.0,0,48840.0,48840.0,2026-12,Large
103067,2026-07-15,CUST01267,Alexandria,Coastal,Headphones,Electronics,7,1620.0,5,11340.0,10773.0,2026-07,Large
103068,2026-02-28,CUST01268,Mansoura,Delta,Monitor,Electronics,8,8372.0,10,66976.0,60278.4,2026-02,Large
103069,2026-09-13,CUST01269,Tanta,Unknown,Printer,Office Equipment,9,6256.0,15,56304.0,47858.4,2026-09,Large
103070,2026-04-26,CUST01270,Aswan,Unknown,Notebook Pack,Stationery,10,223.2,20,2232.0,1785.6,2026-04,Medium
103071,2026-11-11,CUST01271,Luxor,Unknown,Laptop,Electronics,11,26790.0,0,294690.0,294690.0,2026-11,Large
103072,2026-06-24,CUST01272,Port Said,Unknown,Smartphone,Electronics,12,13775.0,5,165300.0,157035.0,2026-06,Large
103073,2026-01-09,CUST01273,Cairo,Greater Cairo,Wireless Mouse,Accessories,1,432.0,10,432.0,388.8,2026-01,Small
103074,2026-08-22,CUST01274,Giza,Greater Cairo,Keyboard,Accessories,2,824.5,15,1649.0,1401.65,2026-08,Medium
103075,2026-03-07,CUST01275,Alexandria,Coastal,Office Chair,Furniture,3,5096.0,20,15288.0,12230.4,2026-03,Large
103076,2026-10-20,CUST01276,Mansoura,Delta,Desk,Furniture,4,7326.0,0,29304.0,29304.0,2026-10,Large
103077,2026-05-05,CUST01277,Tanta,Unknown,Headphones,Electronics,5,1800.0,5,9000.0,8550.0,2026-05,Medium
103078,2026-12-18,CUST01278,Aswan,Unknown,Monitor,Electronics,6,9292.0,0,55752.0,55752.0,2026-12,Large
103079,2026-07-03,CUST01279,Luxor,Unknown,Printer,Office Equipment,7,6936.0,15,48552.0,41269.2,2026-07,Large
103080,2026-02-16,CUST01280,Port Said,Unknown,Notebook Pack,Stationery,8,247.2,20,1977.6,1582.08,2026-02,Medium
103081,2026-09-01,CUST01281,Cairo,Greater Cairo,Laptop,Electronics,9,29640.0,0,266760.0,266760.0,2026-09,Large
103082,2026-04-14,CUST01282,Giza,Greater Cairo,Smartphone,Electronics,10,15225.0,5,152250.0,144637.5,2026-04,Large
103083,2026-11-27,CUST01283,Alexandria,Coastal,Wireless Mouse,Accessories,11,477.0,10,5247.0,4722.3,2026-11,Medium
103084,2026-06-12,CUST01284,Mansoura,Delta,Keyboard,Accessories,12,909.5,15,10914.0,9276.9,2026-06,Medium
103085,2026-01-25,CUST01285,Tanta,Unknown,Office Chair,Furniture,1,5616.0,20,5616.0,4492.8,2026-01,Medium
103086,2026-08-10,CUST01286,Aswan,Unknown,Desk,Furniture,2,8066.0,0,16132.0,16132.0,2026-08,Large
103087,2026-03-23,CUST01287,Luxor,Unknown,Headphones,Electronics,3,1980.0,5,5940.0,5643.0,2026-03,Medium
103088,2026-10-08,CUST01288,Port Said,Unknown,Monitor,Electronics,4,8280.0,10,33120.0,29808.0,2026-10,Large
103089,2026-05-21,CUST01289,Cairo,Greater Cairo,Printer,Office Equipment,5,6188.0,15,30940.0,26299.0,2026-05,Large
103090,2026-12-06,CUST01290,Giza,Greater Cairo,Notebook Pack,Stationery,6,220.8,20,1324.8,1059.84,2026-12,Medium
103091,2026-07-19,CUST01291,Alexandria,Coastal,Laptop,Electronics,7,26505.0,0,185535.0,185535.0,2026-07,Large
103092,2026-02-04,CUST01292,Mansoura,Delta,Smartphone,Electronics,8,13630.0,5,109040.0,103588.0,2026-02,Large
103093,2026-09-17,CUST01293,Tanta,Unknown,Wireless Mouse,Accessories,9,427.5,10,3847.5,3462.75,2026-09,Medium
103094,2026-04-02,CUST01294,Aswan,Unknown,Keyboard,Accessories,10,816.0,15,8160.0,6936.0,2026-04,Medium
103095,2026-11-15,CUST01295,Luxor,Unknown,Office Chair,Furniture,11,5044.0,20,55484.0,44387.2,2026-11,Large
103096,2026-06-28,CUST01296,Port Said,Unknown,Desk,Furniture,12,7252.0,0,87024.0,87024.0,2026-06,Large
103097,2026-01-13,CUST01297,Cairo,Greater Cairo,Headphones,Electronics,1,1782.0,5,1782.0,1692.9,2026-01,Medium
103098,2026-08-26,CUST01298,Giza,Greater Cairo,Monitor,Electronics,2,9200.0,10,18400.0,16560.0,2026-08,Large
103099,2026-03-11,CUST01299,Alexandria,Coastal,Printer,Office Equipment,3,6868.0,15,20604.0,17513.4,2026-03,Large
103100,2026-10-24,CUST01300,Mansoura,Delta,Notebook Pack,Stationery,4,244.8,20,979.2,783.36,2026-10,Small
103101,2026-05-09,CUST01301,Tanta,Unknown,Laptop,Electronics,5,29355.0,0,146775.0,146775.0,2026-05,Large
103102,2026-12-22,CUST01302,Aswan,Unknown,Smartphone,Electronics,6,15080.0,5,90480.0,85956.0,2026-12,Large
103103,2026-07-07,CUST01303,Luxor,Unknown,Wireless Mouse,Accessories,7,472.5,10,3307.5,2976.75,2026-07,Medium
103104,2026-02-20,CUST01304,Port Said,Unknown,Keyboard,Accessories,8,901.0,15,7208.0,6126.8,2026-02,Medium
103105,2026-09-05,CUST01305,Unknown,Unknown,Office Chair,Furniture,9,5564.0,20,50076.0,40060.8,2026-09,Large
103106,2026-04-18,CUST01306,Giza,Greater Cairo,Desk,Furniture,10,7992.0,0,79920.0,79920.0,2026-04,Large
103107,2026-11-03,CUST01307,Alexandria,Coastal,Headphones,Electronics,11,1962.0,5,21582.0,20502.9,2026-11,Large
103108,2026-06-16,CUST01308,Mansoura,Delta,Monitor,Electronics,12,10120.0,10,121440.0,109296.0,2026-06,Large
103109,2026-01-01,CUST01309,Tanta,Unknown,Printer,Office Equipment,1,6120.0,15,6120.0,5202.0,2026-01,Medium
103110,2026-08-14,CUST01310,Aswan,Unknown,Notebook Pack,Stationery,2,218.4,20,436.8,349.44,2026-08,Small
103111,2026-03-27,CUST01311,Luxor,Unknown,Laptop,Electronics,3,26220.0,0,78660.0,78660.0,2026-03,Large
103112,2026-10-12,CUST01312,Port Said,Unknown,Smartphone,Electronics,4,13485.0,5,53940.0,51243.0,2026-10,Large
103113,2026-05-25,CUST01313,Cairo,Greater Cairo,Wireless Mouse,Accessories,5,423.0,10,2115.0,1903.5,2026-05,Medium
103114,2026-12-10,CUST01314,Giza,Greater Cairo,Keyboard,Accessories,6,807.5,15,4845.0,4118.25,2026-12,Medium
103115,2026-07-23,CUST01315,Alexandria,Coastal,Office Chair,Furniture,7,4992.0,20,34944.0,27955.2,2026-07,Large
103116,2026-02-08,CUST01316,Mansoura,Delta,Desk,Furniture,8,7178.0,0,57424.0,57424.0,2026-02,Large
103117,2026-09-21,CUST01317,Tanta,Unknown,Headphones,Electronics,9,1764.0,5,15876.0,15082.2,2026-09,Large
103118,2026-04-06,CUST01318,Aswan,Unknown,Monitor,Electronics,10,9108.0,10,91080.0,81972.0,2026-04,Large
103119,2026-11-19,CUST01319,Luxor,Unknown,Printer,Office Equipment,11,6800.0,15,74800.0,63580.0,2026-11,Large
103120,2026-06-04,CUST01320,Port Said,Unknown,Notebook Pack,Stationery,12,242.4,20,2908.8,2327.04,2026-06,Medium
103121,2026-01-17,CUST01321,Cairo,Greater Cairo,Laptop,Electronics,1,29070.0,0,29070.0,29070.0,2026-01,Large
103122,2026-08-02,CUST01322,Giza,Greater Cairo,Smartphone,Electronics,2,14935.0,5,29870.0,28376.5,2026-08,Large
103123,2026-03-15,CUST01323,Alexandria,Coastal,Wireless Mouse,Accessories,3,468.0,10,1404.0,1263.6,2026-03,Medium
103124,2026-10-28,CUST01324,Mansoura,Delta,Keyboard,Accessories,4,892.5,15,3570.0,3034.5,2026-10,Medium
103125,2026-05-13,CUST01325,Tanta,Unknown,Office Chair,Furniture,5,5512.0,20,27560.0,22048.0,2026-05,Large
103126,2026-12-26,CUST01326,Aswan,Unknown,Desk,Furniture,6,7918.0,0,47508.0,47508.0,2026-12,Large
103127,2026-07-11,CUST01327,Luxor,Unknown,Headphones,Electronics,7,1944.0,5,13608.0,12927.6,2026-07,Large
103128,2026-02-24,CUST01328,Port Said,Unknown,Monitor,Electronics,8,10028.0,10,80224.0,72201.6,2026-02,Large
103129,2026-09-09,CUST01329,Cairo,Greater Cairo,Printer,Office Equipment,9,7480.0,15,67320.0,57222.0,2026-09,Large
103130,2026-04-22,CUST01330,Giza,Greater Cairo,Notebook Pack,Stationery,10,216.0,20,2160.0,1728.0,2026-04,Medium
103131,2026-11-07,CUST01331,Alexandria,Coastal,Laptop,Electronics,11,25935.0,0,285285.0,285285.0,2026-11,Large
103132,2026-06-20,CUST01332,Mansoura,Delta,Smartphone,Electronics,12,13340.0,5,160080.0,152076.0,2026-06,Large
103133,2026-01-05,CUST01333,Tanta,Unknown,Wireless Mouse,Accessories,1,418.5,10,418.5,376.65,2026-01,Small
103134,2026-08-18,CUST01334,Aswan,Unknown,Keyboard,Accessories,2,799.0,15,1598.0,1358.3,2026-08,Medium
103135,2026-03-03,CUST01335,Luxor,Unknown,Office Chair,Furniture,3,4940.0,20,14820.0,11856.0,2026-03,Large
103136,2026-10-16,CUST01336,Port Said,Unknown,Desk,Furniture,4,7104.0,0,28416.0,28416.0,2026-10,Large
103137,2026-05-01,CUST01337,Cairo,Greater Cairo,Headphones,Electronics,5,1746.0,5,8730.0,8293.5,2026-05,Medium
103138,2026-12-14,CUST01338,Giza,Greater Cairo,Monitor,Electronics,6,9016.0,10,54096.0,48686.4,2026-12,Large
103139,2026-07-27,CUST01339,Alexandria,Coastal,Printer,Office Equipment,7,6732.0,15,47124.0,40055.4,2026-07,Large
103140,2026-02-12,CUST01340,Mansoura,Delta,Notebook Pack,Stationery,8,240.0,20,1920.0,1536.0,2026-02,Medium
103141,2026-09-25,CUST01341,Tanta,Unknown,Laptop,Electronics,9,28785.0,0,259065.0,259065.0,2026-09,Large
103142,2026-04-10,CUST01342,Aswan,Unknown,Smartphone,Electronics,10,14790.0,5,147900.0,140505.0,2026-04,Large
103143,2026-11-23,CUST01343,Luxor,Unknown,Wireless Mouse,Accessories,11,463.5,10,5098.5,4588.65,2026-11,Medium
103144,2026-06-08,CUST01344,Port Said,Unknown,Keyboard,Accessories,12,884.0,15,10608.0,9016.8,2026-06,Medium
103145,2026-01-21,CUST01345,Cairo,Greater Cairo,Office Chair,Furniture,1,5460.0,20,5460.0,4368.0,2026-01,Medium
103146,2026-08-06,CUST01346,Giza,Greater Cairo,Desk,Furniture,2,7844.0,0,15688.0,15688.0,2026-08,Large
103147,2026-03-19,CUST01347,Alexandria,Coastal,Headphones,Electronics,3,1926.0,5,5778.0,5489.1,2026-03,Medium
103148,2026-10-04,CUST01348,Mansoura,Delta,Monitor,Electronics,4,9936.0,10,39744.0,35769.6,2026-10,Large
103149,2026-05-17,CUST01349,Tanta,Unknown,Printer,Office Equipment,5,7412.0,15,37060.0,31501.0,2026-05,Large
103150,2026-12-02,CUST01350,Aswan,Unknown,Notebook Pack,Stationery,6,264.0,20,1584.0,1267.2,2026-12,Medium
103151,2026-07-15,CUST01351,Luxor,Unknown,Laptop,Electronics,7,25650.0,0,179550.0,179550.0,2026-07,Large
103152,2026-02-28,CUST01352,Port Said,Unknown,Smartphone,Electronics,8,13195.0,5,105560.0,100282.0,2026-02,Large
103153,2026-09-13,CUST01353,Cairo,Greater Cairo,Wireless Mouse,Accessories,9,414.0,10,3726.0,3353.4,2026-09,Medium
103154,2026-04-26,CUST01354,Giza,Greater Cairo,Keyboard,Accessories,10,790.5,15,7905.0,6719.25,2026-04,Medium
103155,2026-11-11,CUST01355,Alexandria,Coastal,Office Chair,Furniture,11,4888.0,20,53768.0,43014.4,2026-11,Large
103156,2026-06-24,CUST01356,Mansoura,Delta,Desk,Furniture,12,7030.0,0,84360.0,84360.0,2026-06,Large
103157,2026-01-09,CUST01357,Tanta,Unknown,Headphones,Electronics,1,1728.0,5,1728.0,1641.6,2026-01,Medium
103158,2026-08-22,CUST01358,Aswan,Unknown,Monitor,Electronics,2,8924.0,10,17848.0,16063.2,2026-08,Large
103159,2026-03-07,CUST01359,Luxor,Unknown,Printer,Office Equipment,3,6664.0,15,19992.0,16993.2,2026-03,Large
103160,2026-10-20,CUST01360,Port Said,Unknown,Notebook Pack,Stationery,4,237.6,20,950.4,760.32,2026-10,Small
103161,2026-05-05,CUST01361,Cairo,Greater Cairo,Laptop,Electronics,5,28500.0,0,142500.0,142500.0,2026-05,Large
103162,2026-12-18,CUST01362,Giza,Greater Cairo,Smartphone,Electronics,6,14645.0,5,87870.0,83476.5,2026-12,Large
103163,2026-07-03,CUST01363,Alexandria,Coastal,Wireless Mouse,Accessories,7,459.0,10,3213.0,2891.7,2026-07,Medium
103164,2026-02-16,CUST01364,Mansoura,Delta,Keyboard,Accessories,8,875.5,15,7004.0,5953.4,2026-02,Medium
103165,2026-09-01,CUST01365,Tanta,Unknown,Office Chair,Furniture,9,5408.0,20,48672.0,38937.6,2026-09,Large
103166,2026-04-14,CUST01366,Aswan,Unknown,Desk,Furniture,10,7770.0,0,77700.0,77700.0,2026-04,Large
103167,2026-11-27,CUST01367,Luxor,Unknown,Headphones,Electronics,11,1908.0,5,20988.0,19938.6,2026-11,Large
103168,2026-06-12,CUST01368,Port Said,Unknown,Monitor,Electronics,12,9844.0,10,118128.0,106315.2,2026-06,Large
103169,2026-01-25,CUST01369,Cairo,Greater Cairo,Printer,Office Equipment,1,7344.0,15,7344.0,6242.4,2026-01,Medium
103170,2026-08-10,CUST01370,Giza,Greater Cairo,Notebook Pack,Stationery,2,261.6,20,523.2,418.56,2026-08,Small
103171,2026-03-23,CUST01371,Alexandria,Coastal,Laptop,Electronics,3,31350.0,0,94050.0,94050.0,2026-03,Large
103172,2026-10-08,CUST01372,Mansoura,Delta,Smartphone,Electronics,4,13050.0,5,52200.0,49590.0,2026-10,Large
103173,2026-05-21,CUST01373,Tanta,Unknown,Wireless Mouse,Accessories,5,409.5,10,2047.5,1842.75,2026-05,Medium
103174,2026-12-06,CUST01374,Aswan,Unknown,Keyboard,Accessories,6,782.0,15,4692.0,3988.2,2026-12,Medium
103175,2026-07-19,CUST01375,Luxor,Unknown,Office Chair,Furniture,7,4836.0,20,33852.0,27081.6,2026-07,Large
103176,2026-02-04,CUST01376,Port Said,Unknown,Desk,Furniture,8,6956.0,0,55648.0,55648.0,2026-02,Large
103177,2026-09-17,CUST01377,Cairo,Greater Cairo,Headphones,Electronics,9,1710.0,5,15390.0,14620.5,2026-09,Large
103178,2026-04-02,CUST01378,Giza,Greater Cairo,Monitor,Electronics,10,8832.0,10,88320.0,79488.0,2026-04,Large
103179,2026-11-15,CUST01379,Alexandria,Coastal,Printer,Office Equipment,11,6596.0,15,72556.0,61672.6,2026-11,Large
103180,2026-06-28,CUST01380,Mansoura,Delta,Notebook Pack,Stationery,12,235.2,20,2822.4,2257.92,2026-06,Medium
103181,2026-01-13,CUST01381,Tanta,Unknown,Laptop,Electronics,1,28215.0,0,28215.0,28215.0,2026-01,Large
103182,2026-08-26,CUST01382,Aswan,Unknown,Smartphone,Electronics,2,14500.0,5,29000.0,27550.0,2026-08,Large
103183,2026-03-11,CUST01383,Luxor,Unknown,Wireless Mouse,Accessories,3,454.5,10,1363.5,1227.15,2026-03,Medium
103184,2026-10-24,CUST01384,Port Said,Unknown,Keyboard,Accessories,4,867.0,15,3468.0,2947.8,2026-10,Medium
103185,2026-05-09,CUST01385,Cairo,Greater Cairo,Office Chair,Furniture,5,5356.0,20,26780.0,21424.0,2026-05,Large
103186,2026-12-22,CUST01386,Giza,Greater Cairo,Desk,Furniture,6,7696.0,0,46176.0,46176.0,2026-12,Large
103187,2026-07-07,CUST01387,Alexandria,Coastal,Headphones,Electronics,7,1890.0,5,13230.0,12568.5,2026-07,Large
103188,2026-02-20,CUST01388,Mansoura,Delta,Monitor,Electronics,8,9752.0,10,78016.0,70214.4,2026-02,Large
103189,2026-09-05,CUST01389,Tanta,Unknown,Printer,Office Equipment,9,7276.0,15,65484.0,55661.4,2026-09,Large
103190,2026-04-18,CUST01390,Aswan,Unknown,Notebook Pack,Stationery,10,259.2,20,2592.0,2073.6,2026-04,Medium
103191,2026-11-03,CUST01391,Luxor,Unknown,Laptop,Electronics,11,31065.0,0,341715.0,341715.0,2026-11,Large
103192,2026-06-16,CUST01392,Port Said,Unknown,Smartphone,Electronics,12,15950.0,5,191400.0,181830.0,2026-06,Large
103193,2026-01-01,CUST01393,Cairo,Greater Cairo,Wireless Mouse,Accessories,1,405.0,10,405.0,364.5,2026-01,Small
103194,2026-08-14,CUST01394,Giza,Greater Cairo,Keyboard,Accessories,2,773.5,15,1547.0,1314.95,2026-08,Medium
103195,2026-03-27,CUST01395,Alexandria,Coastal,Office Chair,Furniture,3,4784.0,20,14352.0,11481.6,2026-03,Large
103196,2026-10-12,CUST01396,Mansoura,Delta,Desk,Furniture,4,6882.0,0,27528.0,27528.0,2026-10,Large
103197,2026-05-25,CUST01397,Tanta,Unknown,Headphones,Electronics,5,1692.0,5,8460.0,8037.0,2026-05,Medium
103198,2026-12-10,CUST01398,Aswan,Unknown,Monitor,Electronics,6,8740.0,10,52440.0,47196.0,2026-12,Large
103199,2026-07-23,CUST01399,Luxor,Unknown,Printer,Office Equipment,7,6528.0,15,45696.0,38841.6,2026-07,Large
103200,2026-02-08,CUST01400,Port Said,Unknown,Notebook Pack,Stationery,8,232.8,20,1862.4,1489.92,2026-02,Medium
103201,2026-09-21,CUST01401,Cairo,Greater Cairo,Laptop,Electronics,9,27930.0,0,251370.0,251370.0,2026-09,Large
103202,2026-04-06,CUST01402,Unknown,Unknown,Smartphone,Electronics,10,14355.0,5,143550.0,136372.5,2026-04,Large
103203,2026-11-19,CUST01403,Alexandria,Coastal,Wireless Mouse,Accessories,11,450.0,10,4950.0,4455.0,2026-11,Medium
103204,2026-06-04,CUST01404,Mansoura,Delta,Keyboard,Accessories,12,858.5,15,10302.0,8756.7,2026-06,Medium
103205,2026-01-17,CUST01405,Tanta,Unknown,Office Chair,Furniture,1,5304.0,20,5304.0,4243.2,2026-01,Medium
103206,2026-08-02,CUST01406,Aswan,Unknown,Desk,Furniture,2,7622.0,0,15244.0,15244.0,2026-08,Large
103207,2026-03-15,CUST01407,Luxor,Unknown,Headphones,Electronics,3,1872.0,5,5616.0,5335.2,2026-03,Medium
103208,2026-10-28,CUST01408,Port Said,Unknown,Monitor,Electronics,4,9660.0,10,38640.0,34776.0,2026-10,Large
103209,2026-05-13,CUST01409,Cairo,Greater Cairo,Printer,Office Equipment,5,7208.0,15,36040.0,30634.0,2026-05,Large
103210,2026-12-26,CUST01410,Giza,Greater Cairo,Notebook Pack,Stationery,6,256.8,20,1540.8,1232.64,2026-12,Medium
103211,2026-07-11,CUST01411,Alexandria,Coastal,Laptop,Electronics,7,30780.0,0,215460.0,215460.0,2026-07,Large
103212,2026-02-24,CUST01412,Mansoura,Delta,Smartphone,Electronics,8,15805.0,5,126440.0,120118.0,2026-02,Large
103213,2026-09-09,CUST01413,Tanta,Unknown,Wireless Mouse,Accessories,9,495.0,10,4455.0,4009.5,2026-09,Medium
103214,2026-04-22,CUST01414,Aswan,Unknown,Keyboard,Accessories,10,765.0,15,7650.0,6502.5,2026-04,Medium
103215,2026-11-07,CUST01415,Luxor,Unknown,Office Chair,Furniture,11,4732.0,20,52052.0,41641.6,2026-11,Large
103216,2026-06-20,CUST01416,Port Said,Unknown,Desk,Furniture,12,6808.0,0,81696.0,81696.0,2026-06,Large
103217,2026-01-05,CUST01417,Cairo,Greater Cairo,Headphones,Electronics,1,1674.0,5,1674.0,1590.3,2026-01,Medium
103218,2026-08-18,CUST01418,Giza,Greater Cairo,Monitor,Electronics,2,8648.0,10,17296.0,15566.4,2026-08,Large
103219,2026-03-03,CUST01419,Alexandria,Coastal,Printer,Office Equipment,3,6460.0,15,19380.0,16473.0,2026-03,Large
103220,2026-10-16,CUST01420,Mansoura,Delta,Notebook Pack,Stationery,4,230.4,20,921.6,737.28,2026-10,Small
103221,2026-05-01,CUST01421,Tanta,Unknown,Laptop,Electronics,5,27645.0,0,138225.0,138225.0,2026-05,Large
103222,2026-12-14,CUST01422,Aswan,Unknown,Smartphone,Electronics,6,14210.0,5,85260.0,80997.0,2026-12,Large
103223,2026-07-27,CUST01423,Luxor,Unknown,Wireless Mouse,Accessories,7,445.5,10,3118.5,2806.65,2026-07,Medium
103224,2026-02-12,CUST01424,Port Said,Unknown,Keyboard,Accessories,8,850.0,15,6800.0,5780.0,2026-02,Medium
103225,2026-09-25,CUST01425,Cairo,Greater Cairo,Office Chair,Furniture,9,5252.0,20,47268.0,37814.4,2026-09,Large
103226,2026-04-10,CUST01426,Giza,Greater Cairo,Desk,Furniture,10,7548.0,0,75480.0,75480.0,2026-04,Large
103227,2026-11-23,CUST01427,Alexandria,Coastal,Headphones,Electronics,11,1854.0,5,20394.0,19374.3,2026-11,Large
103228,2026-06-08,CUST01428,Mansoura,Delta,Monitor,Electronics,12,9568.0,10,114816.0,103334.4,2026-06,Large
103229,2026-01-21,CUST01429,Tanta,Unknown,Printer,Office Equipment,1,7140.0,15,7140.0,6069.0,2026-01,Medium
103230,2026-08-06,CUST01430,Aswan,Unknown,Notebook Pack,Stationery,2,254.4,20,508.8,407.04,2026-08,Small
103231,2026-03-19,CUST01431,Luxor,Unknown,Laptop,Electronics,3,30495.0,0,91485.0,91485.0,2026-03,Large
103232,2026-10-04,CUST01432,Port Said,Unknown,Smartphone,Electronics,4,15660.0,5,62640.0,59508.0,2026-10,Large
103233,2026-05-17,CUST01433,Cairo,Greater Cairo,Wireless Mouse,Accessories,5,490.5,10,2452.5,2207.25,2026-05,Medium
103234,2026-12-02,CUST01434,Giza,Greater Cairo,Keyboard,Accessories,6,935.0,15,5610.0,4768.5,2026-12,Medium
103235,2026-07-15,CUST01435,Alexandria,Coastal,Office Chair,Furniture,7,4680.0,20,32760.0,26208.0,2026-07,Large
103236,2026-02-28,CUST01436,Mansoura,Delta,Desk,Furniture,8,6734.0,0,53872.0,53872.0,2026-02,Large
103237,2026-09-13,CUST01437,Tanta,Unknown,Headphones,Electronics,9,1656.0,5,14904.0,14158.8,2026-09,Large
103238,2026-04-26,CUST01438,Aswan,Unknown,Monitor,Electronics,10,8556.0,10,85560.0,77004.0,2026-04,Large
103239,2026-11-11,CUST01439,Luxor,Unknown,Printer,Office Equipment,11,6392.0,15,70312.0,59765.2,2026-11,Large
103240,2026-06-24,CUST01440,Port Said,Unknown,Notebook Pack,Stationery,12,228.0,20,2736.0,2188.8,2026-06,Medium
103241,2025-01-09,CUST01441,Cairo,Greater Cairo,Laptop,Electronics,1,27360.0,0,27360.0,27360.0,2025-01,Large
103242,2025-08-22,CUST01442,Giza,Greater Cairo,Smartphone,Electronics,2,14065.0,5,28130.0,26723.5,2025-08,Large
103243,2025-03-07,CUST01443,Alexandria,Coastal,Wireless Mouse,Accessories,3,441.0,10,1323.0,1190.7,2025-03,Medium
103244,2025-10-20,CUST01444,Mansoura,Delta,Keyboard,Accessories,4,841.5,15,3366.0,2861.1,2025-10,Medium
103245,2025-05-05,CUST01445,Tanta,Unknown,Office Chair,Furniture,5,5200.0,20,26000.0,20800.0,2025-05,Large
103246,2025-12-18,CUST01446,Aswan,Unknown,Desk,Furniture,6,7474.0,0,44844.0,44844.0,2025-12,Large
103247,2025-07-03,CUST01447,Luxor,Unknown,Headphones,Electronics,7,1836.0,5,12852.0,12209.4,2025-07,Large
103248,2025-02-16,CUST01448,Port Said,Unknown,Monitor,Electronics,8,9476.0,10,75808.0,68227.2,2025-02,Large
103249,2025-09-01,CUST01449,Cairo,Greater Cairo,Printer,Office Equipment,9,7072.0,15,63648.0,54100.8,2025-09,Large
103250,2025-04-14,CUST01450,Giza,Greater Cairo,Notebook Pack,Stationery,10,252.0,20,2520.0,2016.0,2025-04,Medium
103251,2025-11-27,CUST01451,Alexandria,Coastal,Laptop,Electronics,11,30210.0,0,332310.0,332310.0,2025-11,Large
103252,2025-06-12,CUST01452,Mansoura,Delta,Smartphone,Electronics,12,15515.0,5,186180.0,176871.0,2025-06,Large
103253,2025-01-25,CUST01453,Tanta,Unknown,Wireless Mouse,Accessories,1,486.0,10,486.0,437.4,2025-01,Small
103254,2025-08-10,CUST01454,Aswan,Unknown,Keyboard,Accessories,2,926.5,15,1853.0,1575.05,2025-08,Medium
103255,2025-03-23,CUST01455,Luxor,Unknown,Office Chair,Furniture,3,5720.0,20,17160.0,13728.0,2025-03,Large
103256,2025-10-08,CUST01456,Port Said,Unknown,Desk,Furniture,4,6660.0,0,26640.0,26640.0,2025-10,Large
103257,2025-05-21,CUST01457,Cairo,Greater Cairo,Headphones,Electronics,5,1638.0,5,8190.0,7780.5,2025-05,Medium
103258,2025-12-06,CUST01458,Giza,Greater Cairo,Monitor,Electronics,6,8464.0,10,50784.0,45705.6,2025-12,Large
103259,2025-07-19,CUST01459,Alexandria,Coastal,Printer,Office Equipment,7,6324.0,0,44268.0,44268.0,2025-07,Large
103260,2025-02-04,CUST01460,Mansoura,Delta,Notebook Pack,Stationery,8,225.6,20,1804.8,1443.84,2025-02,Medium
103261,2025-09-17,CUST01461,Tanta,Unknown,Laptop,Electronics,9,27075.0,0,243675.0,243675.0,2025-09,Large
103262,2025-04-02,CUST01462,Aswan,Unknown,Smartphone,Electronics,10,13920.0,5,139200.0,132240.0,2025-04,Large
103263,2025-11-15,CUST01463,Luxor,Unknown,Wireless Mouse,Accessories,11,436.5,10,4801.5,4321.35,2025-11,Medium
103264,2025-06-28,CUST01464,Port Said,Unknown,Keyboard,Accessories,12,833.0,15,9996.0,8496.6,2025-06,Medium
103265,2025-01-13,CUST01465,Cairo,Greater Cairo,Office Chair,Furniture,1,5148.0,20,5148.0,4118.4,2025-01,Medium
103266,2025-08-26,CUST01466,Giza,Greater Cairo,Desk,Furniture,2,7400.0,0,14800.0,14800.0,2025-08,Large
103267,2025-03-11,CUST01467,Alexandria,Coastal,Headphones,Electronics,3,1818.0,5,5454.0,5181.3,2025-03,Medium
103268,2025-10-24,CUST01468,Mansoura,Delta,Monitor,Electronics,4,9384.0,10,37536.0,33782.4,2025-10,Large
103269,2025-05-09,CUST01469,Tanta,Unknown,Printer,Office Equipment,5,7004.0,15,35020.0,29767.0,2025-05,Large
103270,2025-12-22,CUST01470,Aswan,Unknown,Notebook Pack,Stationery,6,249.6,20,1497.6,1198.08,2025-12,Medium
103271,2025-07-07,CUST01471,Luxor,Unknown,Laptop,Electronics,7,29925.0,0,209475.0,209475.0,2025-07,Large
103272,2025-02-20,CUST01472,Port Said,Unknown,Smartphone,Electronics,8,15370.0,5,122960.0,116812.0,2025-02,Large
103273,2025-09-05,CUST01473,Cairo,Greater Cairo,Wireless Mouse,Accessories,9,481.5,10,4333.5,3900.15,2025-09,Medium
103274,2025-04-18,CUST01474,Giza,Greater Cairo,Keyboard,Accessories,10,918.0,15,9180.0,7803.0,2025-04,Medium
103275,2025-11-03,CUST01475,Alexandria,Coastal,Office Chair,Furniture,11,5668.0,20,62348.0,49878.4,2025-11,Large
103276,2025-06-16,CUST01476,Mansoura,Delta,Desk,Furniture,12,8140.0,0,97680.0,97680.0,2025-06,Large
103277,2025-01-01,CUST01477,Tanta,Unknown,Headphones,Electronics,1,1620.0,5,1620.0,1539.0,2025-01,Medium
103278,2025-08-14,CUST01478,Aswan,Unknown,Monitor,Electronics,2,8372.0,10,16744.0,15069.6,2025-08,Large
103279,2025-03-27,CUST01479,Luxor,Unknown,Printer,Office Equipment,3,6256.0,15,18768.0,15952.8,2025-03,Large
103280,2025-10-12,CUST01480,Port Said,Unknown,Notebook Pack,Stationery,4,223.2,20,892.8,714.24,2025-10,Small
103281,2025-05-25,CUST01481,Cairo,Greater Cairo,Laptop,Electronics,5,26790.0,0,133950.0,133950.0,2025-05,Large
103282,2025-12-10,CUST01482,Giza,Greater Cairo,Smartphone,Electronics,6,13775.0,5,82650.0,78517.5,2025-12,Large
103283,2025-07-23,CUST01483,Alexandria,Coastal,Wireless Mouse,Accessories,7,432.0,10,3024.0,2721.6,2025-07,Medium
103284,2025-02-08,CUST01484,Mansoura,Delta,Keyboard,Accessories,8,824.5,15,6596.0,5606.6,2025-02,Medium
103285,2025-09-21,CUST01485,Tanta,Unknown,Office Chair,Furniture,9,5096.0,20,45864.0,36691.2,2025-09,Large
103286,2025-04-06,CUST01486,Aswan,Unknown,Desk,Furniture,10,7326.0,0,73260.0,73260.0,2025-04,Large
103287,2025-11-19,CUST01487,Luxor,Unknown,Headphones,Electronics,11,1800.0,5,19800.0,18810.0,2025-11,Large
103288,2025-06-04,CUST01488,Port Said,Unknown,Monitor,Electronics,12,9292.0,10,111504.0,100353.6,2025-06,Large
103289,2025-01-17,CUST01489,Cairo,Greater Cairo,Printer,Office Equipment,1,6936.0,15,6936.0,5895.6,2025-01,Medium
103290,2025-08-02,CUST01490,Giza,Greater Cairo,Notebook Pack,Stationery,2,247.2,20,494.4,395.52,2025-08,Small
103291,2025-03-15,CUST01491,Alexandria,Coastal,Laptop,Electronics,3,29640.0,0,88920.0,88920.0,2025-03,Large
103292,2025-10-28,CUST01492,Mansoura,Delta,Smartphone,Electronics,4,15225.0,5,60900.0,57855.0,2025-10,Large
103293,2025-05-13,CUST01493,Tanta,Unknown,Wireless Mouse,Accessories,5,477.0,10,2385.0,2146.5,2025-05,Medium
103294,2025-12-26,CUST01494,Aswan,Unknown,Keyboard,Accessories,6,909.5,15,5457.0,4638.45,2025-12,Medium
103295,2025-07-11,CUST01495,Luxor,Unknown,Office Chair,Furniture,7,5616.0,20,39312.0,31449.6,2025-07,Large
103296,2025-02-24,CUST01496,Port Said,Unknown,Desk,Furniture,8,8066.0,0,64528.0,64528.0,2025-02,Large
103297,2025-09-09,CUST01497,Cairo,Greater Cairo,Headphones,Electronics,9,1980.0,5,17820.0,16929.0,2025-09,Large
103298,2025-04-22,CUST01498,Giza,Greater Cairo,Monitor,Electronics,10,8280.0,10,82800.0,74520.0,2025-04,Large
103299,2025-11-07,CUST01499,Unknown,Unknown,Printer,Office Equipment,11,6188.0,15,68068.0,57857.8,2025-11,Large
103300,2025-06-20,CUST01500,Mansoura,Delta,Notebook Pack,Stationery,12,220.8,20,2649.6,2119.68,2025-06,Medium
103301,2025-01-05,CUST01501,Tanta,Unknown,Laptop,Electronics,1,26505.0,0,26505.0,26505.0,2025-01,Large
103302,2025-08-18,CUST01502,Aswan,Unknown,Smartphone,Electronics,2,13630.0,5,27260.0,25897.0,2025-08,Large
103303,2025-03-03,CUST01503,Luxor,Unknown,Wireless Mouse,Accessories,3,427.5,10,1282.5,1154.25,2025-03,Medium
103304,2025-10-16,CUST01504,Port Said,Unknown,Keyboard,Accessories,4,816.0,15,3264.0,2774.4,2025-10,Medium
103305,2025-05-01,CUST01505,Cairo,Greater Cairo,Office Chair,Furniture,5,5044.0,20,25220.0,20176.0,2025-05,Large
103306,2025-12-14,CUST01506,Giza,Greater Cairo,Desk,Furniture,6,7252.0,0,43512.0,43512.0,2025-12,Large
103307,2025-07-27,CUST01507,Alexandria,Coastal,Headphones,Electronics,7,1782.0,5,12474.0,11850.3,2025-07,Large
103308,2025-02-12,CUST01508,Mansoura,Delta,Monitor,Electronics,8,9200.0,10,73600.0,66240.0,2025-02,Large
103309,2025-09-25,CUST01509,Tanta,Unknown,Printer,Office Equipment,9,6868.0,15,61812.0,52540.2,2025-09,Large
103310,2025-04-10,CUST01510,Aswan,Unknown,Notebook Pack,Stationery,10,244.8,20,2448.0,1958.4,2025-04,Medium
103311,2025-11-23,CUST01511,Luxor,Unknown,Laptop,Electronics,11,29355.0,0,322905.0,322905.0,2025-11,Large
103312,2025-06-08,CUST01512,Port Said,Unknown,Smartphone,Electronics,12,15080.0,5,180960.0,171912.0,2025-06,Large
103313,2025-01-21,CUST01513,Cairo,Greater Cairo,Wireless Mouse,Accessories,1,472.5,10,472.5,425.25,2025-01,Small
103314,2025-08-06,CUST01514,Giza,Greater Cairo,Keyboard,Accessories,2,901.0,15,1802.0,1531.7,2025-08,Medium
103315,2025-03-19,CUST01515,Alexandria,Coastal,Office Chair,Furniture,3,5564.0,20,16692.0,13353.6,2025-03,Large
103316,2025-10-04,CUST01516,Mansoura,Delta,Desk,Furniture,4,7992.0,0,31968.0,31968.0,2025-10,Large
103317,2025-05-17,CUST01517,Tanta,Unknown,Headphones,Electronics,5,1962.0,5,9810.0,9319.5,2025-05,Medium
103318,2025-12-02,CUST01518,Aswan,Unknown,Monitor,Electronics,6,10120.0,10,60720.0,54648.0,2025-12,Large
103319,2025-07-15,CUST01519,Luxor,Unknown,Printer,Office Equipment,7,6120.0,15,42840.0,36414.0,2025-07,Large
103320,2025-02-28,CUST01520,Port Said,Unknown,Notebook Pack,Stationery,8,218.4,20,1747.2,1397.76,2025-02,Medium
103321,2025-09-13,CUST01521,Cairo,Greater Cairo,Laptop,Electronics,9,26220.0,0,235980.0,235980.0,2025-09,Large
103322,2025-04-26,CUST01522,Giza,Greater Cairo,Smartphone,Electronics,10,13485.0,5,134850.0,128107.5,2025-04,Large
103323,2025-11-11,CUST01523,Alexandria,Coastal,Wireless Mouse,Accessories,11,423.0,10,4653.0,4187.7,2025-11,Medium
103324,2025-06-24,CUST01524,Mansoura,Delta,Keyboard,Accessories,12,807.5,15,9690.0,8236.5,2025-06,Medium
103325,2025-01-09,CUST01525,Tanta,Unknown,Office Chair,Furniture,1,4992.0,20,4992.0,3993.6,2025-01,Medium
103326,2025-08-22,CUST01526,Aswan,Unknown,Desk,Furniture,2,7178.0,0,14356.0,14356.0,2025-08,Large
103327,2025-03-07,CUST01527,Luxor,Unknown,Headphones,Electronics,3,1764.0,5,5292.0,5027.4,2025-03,Medium
103328,2025-10-20,CUST01528,Port Said,Unknown,Monitor,Electronics,4,9108.0,10,36432.0,32788.8,2025-10,Large
103329,2025-05-05,CUST01529,Cairo,Greater Cairo,Printer,Office Equipment,5,6800.0,15,34000.0,28900.0,2025-05,Large
103330,2025-12-18,CUST01530,Giza,Greater Cairo,Notebook Pack,Stationery,6,242.4,20,1454.4,1163.52,2025-12,Medium
103331,2025-07-03,CUST01531,Alexandria,Coastal,Laptop,Electronics,7,29070.0,0,203490.0,203490.0,2025-07,Large
103332,2025-02-16,CUST01532,Mansoura,Delta,Smartphone,Electronics,8,14935.0,5,119480.0,113506.0,2025-02,Large
103333,2025-09-01,CUST01533,Tanta,Unknown,Wireless Mouse,Accessories,9,468.0,10,4212.0,3790.8,2025-09,Medium
103334,2025-04-14,CUST01534,Aswan,Unknown,Keyboard,Accessories,10,892.5,15,8925.0,7586.25,2025-04,Medium
103335,2025-11-27,CUST01535,Luxor,Unknown,Office Chair,Furniture,11,5512.0,20,60632.0,48505.6,2025-11,Large
103336,2025-06-12,CUST01536,Port Said,Unknown,Desk,Furniture,12,7918.0,0,95016.0,95016.0,2025-06,Large
103337,2025-01-25,CUST01537,Cairo,Greater Cairo,Headphones,Electronics,1,1944.0,5,1944.0,1846.8,2025-01,Medium
103338,2025-08-10,CUST01538,Giza,Greater Cairo,Monitor,Electronics,2,10028.0,10,20056.0,18050.4,2025-08,Large
103339,2025-03-23,CUST01539,Alexandria,Coastal,Printer,Office Equipment,3,7480.0,15,22440.0,19074.0,2025-03,Large
103340,2025-10-08,CUST01540,Mansoura,Delta,Notebook Pack,Stationery,4,216.0,20,864.0,691.2,2025-10,Small
103341,2025-05-21,CUST01541,Tanta,Unknown,Laptop,Electronics,5,25935.0,0,129675.0,129675.0,2025-05,Large
103342,2025-12-06,CUST01542,Aswan,Unknown,Smartphone,Electronics,6,13340.0,5,80040.0,76038.0,2025-12,Large
103343,2025-07-19,CUST01543,Luxor,Unknown,Wireless Mouse,Accessories,7,418.5,10,2929.5,2636.55,2025-07,Medium
103344,2025-02-04,CUST01544,Port Said,Unknown,Keyboard,Accessories,8,799.0,15,6392.0,5433.2,2025-02,Medium
103345,2025-09-17,CUST01545,Cairo,Greater Cairo,Office Chair,Furniture,9,4940.0,20,44460.0,35568.0,2025-09,Large
103346,2025-04-02,CUST01546,Giza,Greater Cairo,Desk,Furniture,10,7104.0,0,71040.0,71040.0,2025-04,Large
103347,2025-11-15,CUST01547,Alexandria,Coastal,Headphones,Electronics,11,1746.0,5,19206.0,18245.7,2025-11,Large
103348,2025-06-28,CUST01548,Mansoura,Delta,Monitor,Electronics,12,9016.0,10,108192.0,97372.8,2025-06,Large
103349,2025-01-13,CUST01549,Tanta,Unknown,Printer,Office Equipment,1,6732.0,15,6732.0,5722.2,2025-01,Medium
103350,2025-08-26,CUST01550,Aswan,Unknown,Notebook Pack,Stationery,2,240.0,20,480.0,384.0,2025-08,Small
103351,2025-03-11,CUST01551,Luxor,Unknown,Laptop,Electronics,3,28785.0,0,86355.0,86355.0,2025-03,Large
103352,2025-10-24,CUST01552,Port Said,Unknown,Smartphone,Electronics,4,14790.0,5,59160.0,56202.0,2025-10,Large
103353,2025-05-09,CUST01553,Cairo,Greater Cairo,Wireless Mouse,Accessories,5,463.5,10,2317.5,2085.75,2025-05,Medium
103354,2025-12-22,CUST01554,Giza,Greater Cairo,Keyboard,Accessories,6,884.0,15,5304.0,4508.4,2025-12,Medium
103355,2025-07-07,CUST01555,Alexandria,Coastal,Office Chair,Furniture,7,5460.0,20,38220.0,30576.0,2025-07,Large
103356,2025-02-20,CUST01556,Mansoura,Delta,Desk,Furniture,8,7844.0,0,62752.0,62752.0,2025-02,Large
103357,2025-09-05,CUST01557,Tanta,Unknown,Headphones,Electronics,9,1926.0,5,17334.0,16467.3,2025-09,Large
103358,2025-04-18,CUST01558,Aswan,Unknown,Monitor,Electronics,10,9936.0,10,99360.0,89424.0,2025-04,Large
103359,2025-11-03,CUST01559,Luxor,Unknown,Printer,Office Equipment,11,7412.0,15,81532.0,69302.2,2025-11,Large
103360,2025-06-16,CUST01560,Port Said,Unknown,Notebook Pack,Stationery,12,264.0,20,3168.0,2534.4,2025-06,Medium
103361,2025-01-01,CUST01561,Cairo,Greater Cairo,Laptop,Electronics,1,25650.0,0,25650.0,25650.0,2025-01,Large
103362,2025-08-14,CUST01562,Giza,Greater Cairo,Smartphone,Electronics,2,13195.0,5,26390.0,25070.5,2025-08,Large
103363,2025-03-27,CUST01563,Alexandria,Coastal,Wireless Mouse,Accessories,3,414.0,10,1242.0,1117.8,2025-03,Medium
103364,2025-10-12,CUST01564,Mansoura,Delta,Keyboard,Accessories,4,790.5,15,3162.0,2687.7,2025-10,Medium
103365,2025-05-25,CUST01565,Tanta,Unknown,Office Chair,Furniture,5,4888.0,20,24440.0,19552.0,2025-05,Large
103366,2025-12-10,CUST01566,Aswan,Unknown,Desk,Furniture,6,7030.0,0,42180.0,42180.0,2025-12,Large
103367,2025-07-23,CUST01567,Luxor,Unknown,Headphones,Electronics,7,1728.0,5,12096.0,11491.2,2025-07,Large
103368,2025-02-08,CUST01568,Port Said,Unknown,Monitor,Electronics,8,8924.0,10,71392.0,64252.8,2025-02,Large
103369,2025-09-21,CUST01569,Cairo,Greater Cairo,Printer,Office Equipment,9,6664.0,15,59976.0,50979.6,2025-09,Large
103370,2025-04-06,CUST01570,Giza,Greater Cairo,Notebook Pack,Stationery,10,237.6,20,2376.0,1900.8,2025-04,Medium
103371,2025-11-19,CUST01571,Alexandria,Coastal,Laptop,Electronics,11,28500.0,0,313500.0,313500.0,2025-11,Large
103372,2025-06-04,CUST01572,Mansoura,Delta,Smartphone,Electronics,12,14645.0,5,175740.0,166953.0,2025-06,Large
103373,2025-01-17,CUST01573,Tanta,Unknown,Wireless Mouse,Accessories,1,459.0,10,459.0,413.1,2025-01,Small
103374,2025-08-02,CUST01574,Aswan,Unknown,Keyboard,Accessories,2,875.5,15,1751.0,1488.35,2025-08,Medium
103375,2025-03-15,CUST01575,Luxor,Unknown,Office Chair,Furniture,3,5408.0,20,16224.0,12979.2,2025-03,Large
103376,2025-10-28,CUST01576,Port Said,Unknown,Desk,Furniture,4,7770.0,0,31080.0,31080.0,2025-10,Large
103377,2025-05-13,CUST01577,Cairo,Greater Cairo,Headphones,Electronics,5,1908.0,5,9540.0,9063.0,2025-05,Medium
103378,2025-12-26,CUST01578,Giza,Greater Cairo,Monitor,Electronics,6,9844.0,10,59064.0,53157.6,2025-12,Large
103379,2025-07-11,CUST01579,Alexandria,Coastal,Printer,Office Equipment,7,7344.0,15,51408.0,43696.8,2025-07,Large
103380,2025-02-24,CUST01580,Mansoura,Delta,Notebook Pack,Stationery,8,261.6,20,2092.8,1674.24,2025-02,Medium
103381,2025-09-09,CUST01581,Tanta,Unknown,Laptop,Electronics,9,31350.0,0,282150.0,282150.0,2025-09,Large
103382,2025-04-22,CUST01582,Aswan,Unknown,Smartphone,Electronics,10,13050.0,5,130500.0,123975.0,2025-04,Large
103383,2025-11-07,CUST01583,Luxor,Unknown,Wireless Mouse,Accessories,11,409.5,10,4504.5,4054.05,2025-11,Medium
103384,2025-06-20,CUST01584,Port Said,Unknown,Keyboard,Accessories,12,782.0,15,9384.0,7976.4,2025-06,Medium
103385,2025-01-05,CUST01585,Cairo,Greater Cairo,Office Chair,Furniture,1,4836.0,20,4836.0,3868.8,2025-01,Medium
103386,2025-08-18,CUST01586,Giza,Greater Cairo,Desk,Furniture,2,6956.0,0,13912.0,13912.0,2025-08,Large
103387,2025-03-03,CUST01587,Alexandria,Coastal,Headphones,Electronics,3,1710.0,5,5130.0,4873.5,2025-03,Medium
103388,2025-10-16,CUST01588,Mansoura,Delta,Monitor,Electronics,4,8832.0,10,35328.0,31795.2,2025-10,Large
103389,2025-05-01,CUST01589,Tanta,Unknown,Printer,Office Equipment,5,6596.0,15,32980.0,28033.0,2025-05,Large
103390,2025-12-14,CUST01590,Aswan,Unknown,Notebook Pack,Stationery,6,235.2,20,1411.2,1128.96,2025-12,Medium
103391,2025-07-27,CUST01591,Luxor,Unknown,Laptop,Electronics,7,28215.0,0,197505.0,197505.0,2025-07,Large
103392,2025-02-12,CUST01592,Port Said,Unknown,Smartphone,Electronics,8,14500.0,5,116000.0,110200.0,2025-02,Large
103393,2025-09-25,CUST01593,Cairo,Greater Cairo,Wireless Mouse,Accessories,9,454.5,10,4090.5,3681.45,2025-09,Medium
103394,2025-04-10,CUST01594,Giza,Greater Cairo,Keyboard,Accessories,10,867.0,15,8670.0,7369.5,2025-04,Medium
103395,2025-11-23,CUST01595,Alexandria,Coastal,Office Chair,Furniture,11,5356.0,20,58916.0,47132.8,2025-11,Large
103396,2025-06-08,CUST01596,Unknown,Unknown,Desk,Furniture,12,7696.0,0,92352.0,92352.0,2025-06,Large
103397,2025-01-21,CUST01597,Tanta,Unknown,Headphones,Electronics,1,1890.0,5,1890.0,1795.5,2025-01,Medium
103398,2025-08-06,CUST01598,Aswan,Unknown,Monitor,Electronics,2,9752.0,10,19504.0,17553.6,2025-08,Large
103399,2025-03-19,CUST01599,Luxor,Unknown,Printer,Office Equipment,3,7276.0,15,21828.0,18553.8,2025-03,Large
103400,2025-10-04,CUST01600,Port Said,Unknown,Notebook Pack,Stationery,4,259.2,20,1036.8,829.44,2025-10,Small
103401,2025-05-17,CUST01601,Cairo,Greater Cairo,Laptop,Electronics,5,31065.0,0,155325.0,155325.0,2025-05,Large
103402,2025-12-02,CUST01602,Giza,Greater Cairo,Smartphone,Electronics,6,15950.0,5,95700.0,90915.0,2025-12,Large
103403,2025-07-15,CUST01603,Alexandria,Coastal,Wireless Mouse,Accessories,7,405.0,10,2835.0,2551.5,2025-07,Medium
103404,2025-02-28,CUST01604,Mansoura,Delta,Keyboard,Accessories,8,773.5,15,6188.0,5259.8,2025-02,Medium
103405,2025-09-13,CUST01605,Tanta,Unknown,Office Chair,Furniture,9,4784.0,20,43056.0,34444.8,2025-09,Large
103406,2025-04-26,CUST01606,Aswan,Unknown,Desk,Furniture,10,6882.0,0,68820.0,68820.0,2025-04,Large
103407,2025-11-11,CUST01607,Luxor,Unknown,Headphones,Electronics,11,1692.0,5,18612.0,17681.4,2025-11,Large
103408,2025-06-24,CUST01608,Port Said,Unknown,Monitor,Electronics,12,8740.0,10,104880.0,94392.0,2025-06,Large
103409,2025-01-09,CUST01609,Cairo,Greater Cairo,Printer,Office Equipment,1,6528.0,15,6528.0,5548.8,2025-01,Medium
103410,2025-08-22,CUST01610,Giza,Greater Cairo,Notebook Pack,Stationery,2,232.8,20,465.6,372.48,2025-08,Small
103411,2025-03-07,CUST01611,Alexandria,Coastal,Laptop,Electronics,3,27930.0,0,83790.0,83790.0,2025-03,Large
103412,2025-10-20,CUST01612,Mansoura,Delta,Smartphone,Electronics,4,14355.0,5,57420.0,54549.0,2025-10,Large
103413,2025-05-05,CUST01613,Tanta,Unknown,Wireless Mouse,Accessories,5,450.0,10,2250.0,2025.0,2025-05,Medium
103414,2025-12-18,CUST01614,Aswan,Unknown,Keyboard,Accessories,6,858.5,15,5151.0,4378.35,2025-12,Medium
103415,2025-07-03,CUST01615,Luxor,Unknown,Office Chair,Furniture,7,5304.0,20,37128.0,29702.4,2025-07,Large
103416,2025-02-16,CUST01616,Port Said,Unknown,Desk,Furniture,8,7622.0,0,60976.0,60976.0,2025-02,Large
103417,2025-09-01,CUST01617,Cairo,Greater Cairo,Headphones,Electronics,9,1872.0,5,16848.0,16005.6,2025-09,Large
103418,2025-04-14,CUST01618,Giza,Greater Cairo,Monitor,Electronics,10,9660.0,10,96600.0,86940.0,2025-04,Large
103419,2025-11-27,CUST01619,Alexandria,Coastal,Printer,Office Equipment,11,7208.0,15,79288.0,67394.8,2025-11,Large
103420,2025-06-12,CUST01620,Mansoura,Delta,Notebook Pack,Stationery,12,256.8,20,3081.6,2465.28,2025-06,Medium
103421,2025-01-25,CUST01621,Tanta,Unknown,Laptop,Electronics,1,30780.0,0,30780.0,30780.0,2025-01,Large
103422,2025-08-10,CUST01622,Aswan,Unknown,Smartphone,Electronics,2,15805.0,5,31610.0,30029.5,2025-08,Large
103423,2025-03-23,CUST01623,Luxor,Unknown,Wireless Mouse,Accessories,3,495.0,10,1485.0,1336.5,2025-03,Medium
103424,2025-10-08,CUST01624,Port Said,Unknown,Keyboard,Accessories,4,765.0,15,3060.0,2601.0,2025-10,Medium
103425,2025-05-21,CUST01625,Cairo,Greater Cairo,Office Chair,Furniture,5,4732.0,20,23660.0,18928.0,2025-05,Large
103426,2025-12-06,CUST01626,Giza,Greater Cairo,Desk,Furniture,6,6808.0,0,40848.0,40848.0,2025-12,Large
103427,2025-07-19,CUST01627,Alexandria,Coastal,Headphones,Electronics,7,1674.0,5,11718.0,11132.1,2025-07,Large
103428,2025-02-04,CUST01628,Mansoura,Delta,Monitor,Electronics,8,8648.0,10,69184.0,62265.6,2025-02,Large
103429,2025-09-17,CUST01629,Tanta,Unknown,Printer,Office Equipment,9,6460.0,15,58140.0,49419.0,2025-09,Large
103430,2025-04-02,CUST01630,Aswan,Unknown,Notebook Pack,Stationery,10,230.4,20,2304.0,1843.2,2025-04,Medium
103431,2025-11-15,CUST01631,Luxor,Unknown,Laptop,Electronics,11,27645.0,0,304095.0,304095.0,2025-11,Large
103432,2025-06-28,CUST01632,Port Said,Unknown,Smartphone,Electronics,12,14210.0,5,170520.0,161994.0,2025-06,Large
103433,2025-01-13,CUST01633,Cairo,Greater Cairo,Wireless Mouse,Accessories,1,445.5,10,445.5,400.95,2025-01,Small
103434,2025-08-26,CUST01634,Giza,Greater Cairo,Keyboard,Accessories,2,850.0,15,1700.0,1445.0,2025-08,Medium
103435,2025-03-11,CUST01635,Alexandria,Coastal,Office Chair,Furniture,3,5252.0,20,15756.0,12604.8,2025-03,Large
103436,2025-10-24,CUST01636,Mansoura,Delta,Desk,Furniture,4,7548.0,0,30192.0,30192.0,2025-10,Large
103437,2025-05-09,CUST01637,Tanta,Unknown,Headphones,Electronics,5,1854.0,5,9270.0,8806.5,2025-05,Medium
103438,2025-12-22,CUST01638,Aswan,Unknown,Monitor,Electronics,6,9568.0,10,57408.0,51667.2,2025-12,Large
103439,2025-07-07,CUST01639,Luxor,Unknown,Printer,Office Equipment,7,7140.0,15,49980.0,42483.0,2025-07,Large
103440,2025-02-20,CUST01640,Port Said,Unknown,Notebook Pack,Stationery,8,254.4,0,2035.2,2035.2,2025-02,Medium
103441,2025-09-05,CUST01641,Cairo,Greater Cairo,Laptop,Electronics,9,30495.0,0,274455.0,274455.0,2025-09,Large
103442,2025-04-18,CUST01642,Giza,Greater Cairo,Smartphone,Electronics,10,15660.0,5,156600.0,148770.0,2025-04,Large
103443,2025-11-03,CUST01643,Alexandria,Coastal,Wireless Mouse,Accessories,11,490.5,10,5395.5,4855.95,2025-11,Medium
103444,2025-06-16,CUST01644,Mansoura,Delta,Keyboard,Accessories,12,935.0,15,11220.0,9537.0,2025-06,Medium
103445,2025-01-01,CUST01645,Tanta,Unknown,Office Chair,Furniture,1,4680.0,20,4680.0,3744.0,2025-01,Medium
103446,2025-08-14,CUST01646,Aswan,Unknown,Desk,Furniture,2,6734.0,0,13468.0,13468.0,2025-08,Large
103447,2025-03-27,CUST01647,Luxor,Unknown,Headphones,Electronics,3,1656.0,5,4968.0,4719.6,2025-03,Medium
103448,2025-10-12,CUST01648,Port Said,Unknown,Monitor,Electronics,4,8556.0,10,34224.0,30801.6,2025-10,Large
103449,2025-05-25,CUST01649,Cairo,Greater Cairo,Printer,Office Equipment,5,6392.0,15,31960.0,27166.0,2025-05,Large
103450,2025-12-10,CUST01650,Giza,Greater Cairo,Notebook Pack,Stationery,6,228.0,20,1368.0,1094.4,2025-12,Medium
103451,2025-07-23,CUST01651,Alexandria,Coastal,Laptop,Electronics,7,27360.0,0,191520.0,191520.0,2025-07,Large
103452,2025-02-08,CUST01652,Mansoura,Delta,Smartphone,Electronics,8,14065.0,5,112520.0,106894.0,2025-02,Large
103453,2025-09-21,CUST01653,Tanta,Unknown,Wireless Mouse,Accessories,9,441.0,10,3969.0,3572.1,2025-09,Medium
103454,2025-04-06,CUST01654,Aswan,Unknown,Keyboard,Accessories,10,841.5,15,8415.0,7152.75,2025-04,Medium
103455,2025-11-19,CUST01655,Luxor,Unknown,Office Chair,Furniture,11,5200.0,20,57200.0,45760.0,2025-11,Large
103456,2025-06-04,CUST01656,Port Said,Unknown,Desk,Furniture,12,7474.0,0,89688.0,89688.0,2025-06,Large
103457,2025-01-17,CUST01657,Cairo,Greater Cairo,Headphones,Electronics,1,1836.0,5,1836.0,1744.2,2025-01,Medium
103458,2025-08-02,CUST01658,Giza,Greater Cairo,Monitor,Electronics,2,9476.0,10,18952.0,17056.8,2025-08,Large
103459,2025-03-15,CUST01659,Alexandria,Coastal,Printer,Office Equipment,3,7072.0,15,21216.0,18033.6,2025-03,Large
103460,2025-10-28,CUST01660,Mansoura,Delta,Notebook Pack,Stationery,4,252.0,20,1008.0,806.4,2025-10,Small
103461,2025-05-13,CUST01661,Tanta,Unknown,Laptop,Electronics,5,30210.0,0,151050.0,151050.0,2025-05,Large
103462,2025-12-26,CUST01662,Aswan,Unknown,Smartphone,Electronics,6,15515.0,5,93090.0,88435.5,2025-12,Large
103463,2025-07-11,CUST01663,Luxor,Unknown,Wireless Mouse,Accessories,7,486.0,10,3402.0,3061.8,2025-07,Medium
103464,2025-02-24,CUST01664,Port Said,Unknown,Keyboard,Accessories,8,926.5,15,7412.0,6300.2,2025-02,Medium
103465,2025-09-09,CUST01665,Cairo,Greater Cairo,Office Chair,Furniture,9,5720.0,20,51480.0,41184.0,2025-09,Large
103466,2025-04-22,CUST01666,Giza,Greater Cairo,Desk,Furniture,10,6660.0,0,66600.0,66600.0,2025-04,Large
103467,2025-11-07,CUST01667,Alexandria,Coastal,Headphones,Electronics,11,1638.0,5,18018.0,17117.1,2025-11,Large
103468,2025-06-20,CUST01668,Mansoura,Delta,Monitor,Electronics,12,8464.0,10,101568.0,91411.2,2025-06,Large
103469,2025-01-05,CUST01669,Tanta,Unknown,Printer,Office Equipment,1,6324.0,15,6324.0,5375.4,2025-01,Medium
103470,2025-08-18,CUST01670,Aswan,Unknown,Notebook Pack,Stationery,2,225.6,20,451.2,360.96,2025-08,Small
103471,2025-03-03,CUST01671,Luxor,Unknown,Laptop,Electronics,3,27075.0,0,81225.0,81225.0,2025-03,Large
103472,2025-10-16,CUST01672,Port Said,Unknown,Smartphone,Electronics,4,13920.0,5,55680.0,52896.0,2025-10,Large
103473,2025-05-01,CUST01673,Cairo,Greater Cairo,Wireless Mouse,Accessories,5,436.5,10,2182.5,1964.25,2025-05,Medium
103474,2025-12-14,CUST01674,Giza,Greater Cairo,Keyboard,Accessories,6,833.0,15,4998.0,4248.3,2025-12,Medium
103475,2025-07-27,CUST01675,Alexandria,Coastal,Office Chair,Furniture,7,5148.0,20,36036.0,28828.8,2025-07,Large
103476,2025-02-12,CUST01676,Mansoura,Delta,Desk,Furniture,8,7400.0,0,59200.0,59200.0,2025-02,Large
103477,2025-09-25,CUST01677,Tanta,Unknown,Headphones,Electronics,9,1818.0,5,16362.0,15543.9,2025-09,Large
103478,2025-04-10,CUST01678,Aswan,Unknown,Monitor,Electronics,10,9384.0,10,93840.0,84456.0,2025-04,Large
103479,2025-11-23,CUST01679,Luxor,Unknown,Printer,Office Equipment,11,7004.0,15,77044.0,65487.4,2025-11,Large
103480,2025-06-08,CUST01680,Port Said,Unknown,Notebook Pack,Stationery,12,249.6,20,2995.2,2396.16,2025-06,Medium
103481,2025-01-21,CUST01681,Cairo,Greater Cairo,Laptop,Electronics,1,29925.0,0,29925.0,29925.0,2025-01,Large
103482,2025-08-06,CUST01682,Giza,Greater Cairo,Smartphone,Electronics,2,15370.0,5,30740.0,29203.0,2025-08,Large
103483,2025-03-19,CUST01683,Alexandria,Coastal,Wireless Mouse,Accessories,3,481.5,10,1444.5,1300.05,2025-03,Medium
103484,2025-10-04,CUST01684,Mansoura,Delta,Keyboard,Accessories,4,918.0,15,3672.0,3121.2,2025-10,Medium
103485,2025-05-17,CUST01685,Tanta,Unknown,Office Chair,Furniture,5,5668.0,20,28340.0,22672.0,2025-05,Large
103486,2025-12-02,CUST01686,Aswan,Unknown,Desk,Furniture,6,8140.0,0,48840.0,48840.0,2025-12,Large
103487,2025-07-15,CUST01687,Luxor,Unknown,Headphones,Electronics,7,1620.0,5,11340.0,10773.0,2025-07,Large
103488,2025-02-28,CUST01688,Port Said,Unknown,Monitor,Electronics,8,8372.0,10,66976.0,60278.4,2025-02,Large
103489,2025-09-13,CUST01689,Cairo,Greater Cairo,Printer,Office Equipment,9,6256.0,15,56304.0,47858.4,2025-09,Large
103490,2025-04-26,CUST01690,Giza,Greater Cairo,Notebook Pack,Stationery,10,223.2,20,2232.0,1785.6,2025-04,Medium
103491,2025-11-11,CUST01691,Alexandria,Coastal,Laptop,Electronics,11,26790.0,0,294690.0,294690.0,2025-11,Large
103492,2025-06-24,CUST01692,Mansoura,Delta,Smartphone,Electronics,12,13775.0,5,165300.0,157035.0,2025-06,Large
103493,2025-01-09,CUST01693,Unknown,Unknown,Wireless Mouse,Accessories,1,432.0,10,432.0,388.8,2025-01,Small
103494,2025-08-22,CUST01694,Aswan,Unknown,Keyboard,Accessories,2,824.5,15,1649.0,1401.65,2025-08,Medium
103495,2025-03-07,CUST01695,Luxor,Unknown,Office Chair,Furniture,3,5096.0,20,15288.0,12230.4,2025-03,Large
103496,2025-10-20,CUST01696,Port Said,Unknown,Desk,Furniture,4,7326.0,0,29304.0,29304.0,2025-10,Large
103497,2025-05-05,CUST01697,Cairo,Greater Cairo,Headphones,Electronics,5,1800.0,5,9000.0,8550.0,2025-05,Medium
103498,2025-12-18,CUST01698,Giza,Greater Cairo,Monitor,Electronics,6,9292.0,10,55752.0,50176.8,2025-12,Large
103499,2025-07-03,CUST01699,Alexandria,Coastal,Printer,Office Equipment,7,6936.0,15,48552.0,41269.2,2025-07,Large
103500,2025-02-16,CUST01700,Mansoura,Delta,Notebook Pack,Stationery,8,247.2,20,1977.6,1582.08,2025-02,Medium
103501,2025-09-01,CUST01701,Tanta,Unknown,Laptop,Electronics,9,29640.0,0,266760.0,266760.0,2025-09,Large
103502,2025-04-14,CUST01702,Aswan,Unknown,Smartphone,Electronics,10,15225.0,5,152250.0,144637.5,2025-04,Large
103503,2025-11-27,CUST01703,Luxor,Unknown,Wireless Mouse,Accessories,11,477.0,10,5247.0,4722.3,2025-11,Medium
103504,2025-06-12,CUST01704,Port Said,Unknown,Keyboard,Accessories,12,909.5,15,10914.0,9276.9,2025-06,Medium
103505,2025-01-25,CUST01705,Cairo,Greater Cairo,Office Chair,Furniture,1,5616.0,20,5616.0,4492.8,2025-01,Medium
103506,2025-08-10,CUST01706,Giza,Greater Cairo,Desk,Furniture,2,8066.0,0,16132.0,16132.0,2025-08,Large
103507,2025-03-23,CUST01707,Alexandria,Coastal,Headphones,Electronics,3,1980.0,5,5940.0,5643.0,2025-03,Medium
103508,2025-10-08,CUST01708,Mansoura,Delta,Monitor,Electronics,4,8280.0,10,33120.0,29808.0,2025-10,Large
103509,2025-05-21,CUST01709,Tanta,Unknown,Printer,Office Equipment,5,6188.0,15,30940.0,26299.0,2025-05,Large
103510,2025-12-06,CUST01710,Aswan,Unknown,Notebook Pack,Stationery,6,220.8,20,1324.8,1059.84,2025-12,Medium
103511,2025-07-19,CUST01711,Luxor,Unknown,Laptop,Electronics,7,26505.0,0,185535.0,185535.0,2025-07,Large
103512,2025-02-04,CUST01712,Port Said,Unknown,Smartphone,Electronics,8,13630.0,5,109040.0,103588.0,2025-02,Large
103513,2025-09-17,CUST01713,Cairo,Greater Cairo,Wireless Mouse,Accessories,9,427.5,10,3847.5,3462.75,2025-09,Medium
103514,2025-04-02,CUST01714,Giza,Greater Cairo,Keyboard,Accessories,10,816.0,15,8160.0,6936.0,2025-04,Medium
103515,2025-11-15,CUST01715,Alexandria,Coastal,Office Chair,Furniture,11,5044.0,20,55484.0,44387.2,2025-11,Large
103516,2025-06-28,CUST01716,Mansoura,Delta,Desk,Furniture,12,7252.0,0,87024.0,87024.0,2025-06,Large
103517,2025-01-13,CUST01717,Tanta,Unknown,Headphones,Electronics,1,1782.0,5,1782.0,1692.9,2025-01,Medium
103518,2025-08-26,CUST01718,Aswan,Unknown,Monitor,Electronics,2,9200.0,10,18400.0,16560.0,2025-08,Large
103519,2025-03-11,CUST01719,Luxor,Unknown,Printer,Office Equipment,3,6868.0,15,20604.0,17513.4,2025-03,Large
103520,2025-10-24,CUST01720,Port Said,Unknown,Notebook Pack,Stationery,4,244.8,20,979.2,783.36,2025-10,Small
103521,2025-05-09,CUST01721,Cairo,Greater Cairo,Laptop,Electronics,5,29355.0,0,146775.0,146775.0,2025-05,Large
103522,2025-12-22,CUST01722,Giza,Greater Cairo,Smartphone,Electronics,6,15080.0,5,90480.0,85956.0,2025-12,Large
103523,2025-07-07,CUST01723,Alexandria,Coastal,Wireless Mouse,Accessories,7,472.5,10,3307.5,2976.75,2025-07,Medium
103524,2025-02-20,CUST01724,Mansoura,Delta,Keyboard,Accessories,8,901.0,15,7208.0,6126.8,2025-02,Medium
103525,2025-09-05,CUST01725,Tanta,Unknown,Office Chair,Furniture,9,5564.0,20,50076.0,40060.8,2025-09,Large
103526,2025-04-18,CUST01726,Aswan,Unknown,Desk,Furniture,10,7992.0,0,79920.0,79920.0,2025-04,Large
103527,2025-11-03,CUST01727,Luxor,Unknown,Headphones,Electronics,11,1962.0,5,21582.0,20502.9,2025-11,Large
103528,2025-06-16,CUST01728,Port Said,Unknown,Monitor,Electronics,12,10120.0,10,121440.0,109296.0,2025-06,Large
103529,2025-01-01,CUST01729,Cairo,Greater Cairo,Printer,Office Equipment,1,6120.0,15,6120.0,5202.0,2025-01,Medium
103530,2025-08-14,CUST01730,Giza,Greater Cairo,Notebook Pack,Stationery,2,218.4,20,436.8,349.44,2025-08,Small
103531,2025-03-27,CUST01731,Alexandria,Coastal,Laptop,Electronics,3,26220.0,0,78660.0,78660.0,2025-03,Large
103532,2025-10-12,CUST01732,Mansoura,Delta,Smartphone,Electronics,4,13485.0,5,53940.0,51243.0,2025-10,Large
103533,2025-05-25,CUST01733,Tanta,Unknown,Wireless Mouse,Accessories,5,423.0,10,2115.0,1903.5,2025-05,Medium
103534,2025-12-10,CUST01734,Aswan,Unknown,Keyboard,Accessories,6,807.5,15,4845.0,4118.25,2025-12,Medium
103535,2025-07-23,CUST01735,Luxor,Unknown,Office Chair,Furniture,7,4992.0,20,34944.0,27955.2,2025-07,Large
103536,2025-02-08,CUST01736,Port Said,Unknown,Desk,Furniture,8,7178.0,0,57424.0,57424.0,2025-02,Large
103537,2025-09-21,CUST01737,Cairo,Greater Cairo,Headphones,Electronics,9,1764.0,5,15876.0,15082.2,2025-09,Large
103538,2025-04-06,CUST01738,Giza,Greater Cairo,Monitor,Electronics,10,9108.0,10,91080.0,81972.0,2025-04,Large
103539,2025-11-19,CUST01739,Alexandria,Coastal,Printer,Office Equipment,11,6800.0,15,74800.0,63580.0,2025-11,Large
103540,2025-06-04,CUST01740,Mansoura,Delta,Notebook Pack,Stationery,12,242.4,20,2908.8,2327.04,2025-06,Medium
103541,2025-01-17,CUST01741,Tanta,Unknown,Laptop,Electronics,1,29070.0,0,29070.0,29070.0,2025-01,Large
103542,2025-08-02,CUST01742,Aswan,Unknown,Smartphone,Electronics,2,14935.0,5,29870.0,28376.5,2025-08,Large
103543,2025-03-15,CUST01743,Luxor,Unknown,Wireless Mouse,Accessories,3,468.0,10,1404.0,1263.6,2025-03,Medium
103544,2025-10-28,CUST01744,Port Said,Unknown,Keyboard,Accessories,4,892.5,15,3570.0,3034.5,2025-10,Medium
103545,2025-05-13,CUST01745,Cairo,Greater Cairo,Office Chair,Furniture,5,5512.0,20,27560.0,22048.0,2025-05,Large
103546,2025-12-26,CUST01746,Giza,Greater Cairo,Desk,Furniture,6,7918.0,0,47508.0,47508.0,2025-12,Large
103547,2025-07-11,CUST01747,Alexandria,Coastal,Headphones,Electronics,7,1944.0,5,13608.0,12927.6,2025-07,Large
103548,2025-02-24,CUST01748,Mansoura,Delta,Monitor,Electronics,8,10028.0,10,80224.0,72201.6,2025-02,Large
103549,2025-09-09,CUST01749,Tanta,Unknown,Printer,Office Equipment,9,7480.0,15,67320.0,57222.0,2025-09,Large
103550,2025-04-22,CUST01750,Aswan,Unknown,Notebook Pack,Stationery,10,216.0,20,2160.0,1728.0,2025-04,Medium
103551,2025-11-07,CUST01751,Luxor,Unknown,Laptop,Electronics,11,25935.0,0,285285.0,285285.0,2025-11,Large
103552,2025-06-20,CUST01752,Port Said,Unknown,Smartphone,Electronics,12,13340.0,5,160080.0,152076.0,2025-06,Large
103553,2025-01-05,CUST01753,Cairo,Greater Cairo,Wireless Mouse,Accessories,1,418.5,10,418.5,376.65,2025-01,Small
103554,2025-08-18,CUST01754,Giza,Greater Cairo,Keyboard,Accessories,2,799.0,15,1598.0,1358.3,2025-08,Medium
103555,2025-03-03,CUST01755,Alexandria,Coastal,Office Chair,Furniture,3,4940.0,20,14820.0,11856.0,2025-03,Large
103556,2025-10-16,CUST01756,Mansoura,Delta,Desk,Furniture,4,7104.0,0,28416.0,28416.0,2025-10,Large
103557,2025-05-01,CUST01757,Tanta,Unknown,Headphones,Electronics,5,1746.0,5,8730.0,8293.5,2025-05,Medium
103558,2025-12-14,CUST01758,Aswan,Unknown,Monitor,Electronics,6,9016.0,10,54096.0,48686.4,2025-12,Large
103559,2025-07-27,CUST01759,Luxor,Unknown,Printer,Office Equipment,7,6732.0,15,47124.0,40055.4,2025-07,Large
103560,2025-02-12,CUST01760,Port Said,Unknown,Notebook Pack,Stationery,8,240.0,20,1920.0,1536.0,2025-02,Medium
103561,2025-09-25,CUST01761,Cairo,Greater Cairo,Laptop,Electronics,9,28785.0,0,259065.0,259065.0,2025-09,Large
103562,2025-04-10,CUST01762,Giza,Greater Cairo,Smartphone,Electronics,10,14790.0,5,147900.0,140505.0,2025-04,Large
103563,2025-11-23,CUST01763,Alexandria,Coastal,Wireless Mouse,Accessories,11,463.5,10,5098.5,4588.65,2025-11,Medium
103564,2025-06-08,CUST01764,Mansoura,Delta,Keyboard,Accessories,12,884.0,15,10608.0,9016.8,2025-06,Medium
103565,2025-01-21,CUST01765,Tanta,Unknown,Office Chair,Furniture,1,5460.0,20,5460.0,4368.0,2025-01,Medium
103566,2025-08-06,CUST01766,Aswan,Unknown,Desk,Furniture,2,7844.0,0,15688.0,15688.0,2025-08,Large
103567,2025-03-19,CUST01767,Luxor,Unknown,Headphones,Electronics,3,1926.0,5,5778.0,5489.1,2025-03,Medium
103568,2025-10-04,CUST01768,Port Said,Unknown,Monitor,Electronics,4,9936.0,10,39744.0,35769.6,2025-10,Large
103569,2025-05-17,CUST01769,Cairo,Greater Cairo,Printer,Office Equipment,5,7412.0,15,37060.0,31501.0,2025-05,Large
103570,2025-12-02,CUST01770,Giza,Greater Cairo,Notebook Pack,Stationery,6,264.0,20,1584.0,1267.2,2025-12,Medium
103571,2025-07-15,CUST01771,Alexandria,Coastal,Laptop,Electronics,7,25650.0,0,179550.0,179550.0,2025-07,Large
103572,2025-02-28,CUST01772,Mansoura,Delta,Smartphone,Electronics,8,13195.0,5,105560.0,100282.0,2025-02,Large
103573,2025-09-13,CUST01773,Tanta,Unknown,Wireless Mouse,Accessories,9,414.0,10,3726.0,3353.4,2025-09,Medium
103574,2025-04-26,CUST01774,Aswan,Unknown,Keyboard,Accessories,10,790.5,15,7905.0,6719.25,2025-04,Medium
103575,2025-11-11,CUST01775,Luxor,Unknown,Office Chair,Furniture,11,4888.0,20,53768.0,43014.4,2025-11,Large
103576,2025-06-24,CUST01776,Port Said,Unknown,Desk,Furniture,12,7030.0,0,84360.0,84360.0,2025-06,Large
103577,2025-01-09,CUST01777,Cairo,Greater Cairo,Headphones,Electronics,1,1728.0,5,1728.0,1641.6,2025-01,Medium
103578,2025-08-22,CUST01778,Giza,Greater Cairo,Monitor,Electronics,2,8924.0,10,17848.0,16063.2,2025-08,Large
103579,2025-03-07,CUST01779,Alexandria,Coastal,Printer,Office Equipment,3,6664.0,15,19992.0,16993.2,2025-03,Large
103580,2025-10-20,CUST01780,Mansoura,Delta,Notebook Pack,Stationery,4,237.6,20,950.4,760.32,2025-10,Small
103581,2025-05-05,CUST01781,Tanta,Unknown,Laptop,Electronics,5,28500.0,0,142500.0,142500.0,2025-05,Large
103582,2025-12-18,CUST01782,Aswan,Unknown,Smartphone,Electronics,6,14645.0,5,87870.0,83476.5,2025-12,Large
103583,2025-07-03,CUST01783,Luxor,Unknown,Wireless Mouse,Accessories,7,459.0,10,3213.0,2891.7,2025-07,Medium
103584,2025-02-16,CUST01784,Port Said,Unknown,Keyboard,Accessories,8,875.5,15,7004.0,5953.4,2025-02,Medium
103585,2025-09-01,CUST01785,Cairo,Greater Cairo,Office Chair,Furniture,9,5408.0,20,48672.0,38937.6,2025-09,Large
103586,2025-04-14,CUST01786,Giza,Greater Cairo,Desk,Furniture,10,7770.0,0,77700.0,77700.0,2025-04,Large
103587,2025-11-27,CUST01787,Alexandria,Coastal,Headphones,Electronics,11,1908.0,5,20988.0,19938.6,2025-11,Large
103588,2025-06-12,CUST01788,Mansoura,Delta,Monitor,Electronics,12,9844.0,10,118128.0,106315.2,2025-06,Large
103589,2025-01-25,CUST01789,Tanta,Unknown,Printer,Office Equipment,1,7344.0,15,7344.0,6242.4,2025-01,Medium
103590,2025-08-10,CUST01790,Unknown,Unknown,Notebook Pack,Stationery,2,261.6,20,523.2,418.56,2025-08,Small
103591,2025-03-23,CUST01791,Luxor,Unknown,Laptop,Electronics,3,31350.0,0,94050.0,94050.0,2025-03,Large
103592,2025-10-08,CUST01792,Port Said,Unknown,Smartphone,Electronics,4,13050.0,5,52200.0,49590.0,2025-10,Large
103593,2025-05-21,CUST01793,Cairo,Greater Cairo,Wireless Mouse,Accessories,5,409.5,10,2047.5,1842.75,2025-05,Medium
103594,2025-12-06,CUST01794,Giza,Greater Cairo,Keyboard,Accessories,6,782.0,15,4692.0,3988.2,2025-12,Medium
103595,2025-07-19,CUST01795,Alexandria,Coastal,Office Chair,Furniture,7,4836.0,20,33852.0,27081.6,2025-07,Large
103596,2025-02-04,CUST01796,Mansoura,Delta,Desk,Furniture,8,6956.0,0,55648.0,55648.0,2025-02,Large
103597,2025-09-17,CUST01797,Tanta,Unknown,Headphones,Electronics,9,1710.0,5,15390.0,14620.5,2025-09,Large
103598,2025-04-02,CUST01798,Aswan,Unknown,Monitor,Electronics,10,8832.0,10,88320.0,79488.0,2025-04,Large
103599,2025-11-15,CUST01799,Luxor,Unknown,Printer,Office Equipment,11,6596.0,15,72556.0,61672.6,2025-11,Large
103600,2025-06-28,CUST01800,Port Said,Unknown,Notebook Pack,Stationery,12,235.2,20,2822.4,2257.92,2025-06,Medium
103601,2025-01-13,CUST00001,Cairo,Greater Cairo,Laptop,Electronics,1,28215.0,0,28215.0,28215.0,2025-01,Large
103602,2025-08-26,CUST00002,Giza,Greater Cairo,Smartphone,Electronics,2,14500.0,5,29000.0,27550.0,2025-08,Large
103603,2025-03-11,CUST00003,Alexandria,Coastal,Wireless Mouse,Accessories,3,454.5,10,1363.5,1227.15,2025-03,Medium
103604,2025-10-24,CUST00004,Mansoura,Delta,Keyboard,Accessories,4,867.0,15,3468.0,2947.8,2025-10,Medium
103605,2025-05-09,CUST00005,Tanta,Unknown,Office Chair,Furniture,5,5356.0,20,26780.0,21424.0,2025-05,Large
103606,2026-12-22,CUST00006,Aswan,Unknown,Desk,Furniture,6,7696.0,0,46176.0,46176.0,2026-12,Large
103607,2026-07-07,CUST00007,Luxor,Unknown,Headphones,Electronics,7,1890.0,5,13230.0,12568.5,2026-07,Large
103608,2026-02-20,CUST00008,Port Said,Unknown,Monitor,Electronics,8,9752.0,10,78016.0,70214.4,2026-02,Large
103609,2026-09-05,CUST00009,Cairo,Greater Cairo,Printer,Office Equipment,9,7276.0,15,65484.0,55661.4,2026-09,Large
103610,2026-04-18,CUST00010,Giza,Greater Cairo,Notebook Pack,Stationery,10,259.2,20,2592.0,2073.6,2026-04,Medium
103611,2026-11-03,CUST00011,Alexandria,Coastal,Laptop,Electronics,11,31065.0,0,341715.0,341715.0,2026-11,Large
103612,2026-06-16,CUST00012,Mansoura,Delta,Smartphone,Electronics,12,15950.0,5,191400.0,181830.0,2026-06,Large
103613,2026-01-01,CUST00013,Tanta,Unknown,Wireless Mouse,Accessories,1,405.0,10,405.0,364.5,2026-01,Small
103614,2026-08-14,CUST00014,Aswan,Unknown,Keyboard,Accessories,2,773.5,15,1547.0,1314.95,2026-08,Medium
103615,2026-03-27,CUST00015,Luxor,Unknown,Office Chair,Furniture,3,4784.0,20,14352.0,11481.6,2026-03,Large
103616,2026-10-12,CUST00016,Port Said,Unknown,Desk,Furniture,4,6882.0,0,27528.0,27528.0,2026-10,Large
103617,2026-05-25,CUST00017,Cairo,Greater Cairo,Headphones,Electronics,5,1692.0,5,8460.0,8037.0,2026-05,Medium
103618,2026-12-10,CUST00018,Giza,Greater Cairo,Monitor,Electronics,6,8740.0,10,52440.0,47196.0,2026-12,Large
103619,2026-07-23,CUST00019,Alexandria,Coastal,Printer,Office Equipment,7,6528.0,15,45696.0,38841.6,2026-07,Large
103620,2026-02-08,CUST00020,Mansoura,Delta,Notebook Pack,Stationery,8,232.8,20,1862.4,1489.92,2026-02,Medium
103621,2026-09-21,CUST00021,Tanta,Unknown,Laptop,Electronics,9,27930.0,0,251370.0,251370.0,2026-09,Large
103622,2026-04-06,CUST00022,Aswan,Unknown,Smartphone,Electronics,10,14355.0,5,143550.0,136372.5,2026-04,Large
103623,2026-11-19,CUST00023,Luxor,Unknown,Wireless Mouse,Accessories,11,450.0,10,4950.0,4455.0,2026-11,Medium
103624,2026-06-04,CUST00024,Port Said,Unknown,Keyboard,Accessories,12,858.5,15,10302.0,8756.7,2026-06,Medium
103625,2026-01-17,CUST00025,Cairo,Greater Cairo,Office Chair,Furniture,1,5304.0,20,5304.0,4243.2,2026-01,Medium
103626,2026-08-02,CUST00026,Giza,Greater Cairo,Desk,Furniture,2,7622.0,0,15244.0,15244.0,2026-08,Large
103627,2026-03-15,CUST00027,Alexandria,Coastal,Headphones,Electronics,3,1872.0,5,5616.0,5335.2,2026-03,Medium
103628,2026-10-28,CUST00028,Mansoura,Delta,Monitor,Electronics,4,9660.0,10,38640.0,34776.0,2026-10,Large
103629,2026-05-13,CUST00029,Tanta,Unknown,Printer,Office Equipment,5,7208.0,15,36040.0,30634.0,2026-05,Large
103630,2026-12-26,CUST00030,Aswan,Unknown,Notebook Pack,Stationery,6,256.8,20,1540.8,1232.64,2026-12,Medium
103631,2026-07-11,CUST00031,Luxor,Unknown,Laptop,Electronics,7,30780.0,0,215460.0,215460.0,2026-07,Large
103632,2026-02-24,CUST00032,Port Said,Unknown,Smartphone,Electronics,8,15805.0,5,126440.0,120118.0,2026-02,Large
103633,2026-09-09,CUST00033,Cairo,Greater Cairo,Wireless Mouse,Accessories,9,495.0,10,4455.0,4009.5,2026-09,Medium
103634,2026-04-22,CUST00034,Giza,Greater Cairo,Keyboard,Accessories,10,765.0,15,7650.0,6502.5,2026-04,Medium
103635,2026-11-07,CUST00035,Alexandria,Coastal,Office Chair,Furniture,11,4732.0,20,52052.0,41641.6,2026-11,Large
103636,2026-06-20,CUST00036,Mansoura,Delta,Desk,Furniture,12,6808.0,0,81696.0,81696.0,2026-06,Large
103637,2026-01-05,CUST00037,Tanta,Unknown,Headphones,Electronics,1,1674.0,5,1674.0,1590.3,2026-01,Medium
103638,2026-08-18,CUST00038,Aswan,Unknown,Monitor,Electronics,2,8648.0,10,17296.0,15566.4,2026-08,Large
103639,2026-03-03,CUST00039,Luxor,Unknown,Printer,Office Equipment,3,6460.0,15,19380.0,16473.0,2026-03,Large
103640,2026-10-16,CUST00040,Port Said,Unknown,Notebook Pack,Stationery,4,230.4,20,921.6,737.28,2026-10,Small
103641,2026-05-01,CUST00041,Cairo,Greater Cairo,Laptop,Electronics,5,27645.0,0,138225.0,138225.0,2026-05,Large
103642,2026-12-14,CUST00042,Giza,Greater Cairo,Smartphone,Electronics,6,14210.0,5,85260.0,80997.0,2026-12,Large
103643,2026-07-27,CUST00043,Alexandria,Coastal,Wireless Mouse,Accessories,7,445.5,10,3118.5,2806.65,2026-07,Medium
103644,2026-02-12,CUST00044,Mansoura,Delta,Keyboard,Accessories,8,850.0,15,6800.0,5780.0,2026-02,Medium
103645,2026-09-25,CUST00045,Tanta,Unknown,Office Chair,Furniture,9,5252.0,20,47268.0,37814.4,2026-09,Large
103646,2026-04-10,CUST00046,Aswan,Unknown,Desk,Furniture,10,7548.0,0,75480.0,75480.0,2026-04,Large
103647,2026-11-23,CUST00047,Luxor,Unknown,Headphones,Electronics,11,1854.0,5,20394.0,19374.3,2026-11,Large
103648,2026-06-08,CUST00048,Port Said,Unknown,Monitor,Electronics,12,9568.0,10,114816.0,103334.4,2026-06,Large
103649,2026-01-21,CUST00049,Cairo,Greater Cairo,Printer,Office Equipment,1,7140.0,15,7140.0,6069.0,2026-01,Medium
103650,2026-08-06,CUST00050,Giza,Greater Cairo,Notebook Pack,Stationery,2,254.4,20,508.8,407.04,2026-08,Small
103651,2026-03-19,CUST00051,Alexandria,Coastal,Laptop,Electronics,3,30495.0,0,91485.0,91485.0,2026-03,Large
103652,2026-10-04,CUST00052,Mansoura,Delta,Smartphone,Electronics,4,15660.0,5,62640.0,59508.0,2026-10,Large
103653,2026-05-17,CUST00053,Tanta,Unknown,Wireless Mouse,Accessories,5,490.5,10,2452.5,2207.25,2026-05,Medium
103654,2026-12-02,CUST00054,Aswan,Unknown,Keyboard,Accessories,6,935.0,15,5610.0,4768.5,2026-12,Medium
103655,2026-07-15,CUST00055,Luxor,Unknown,Office Chair,Furniture,7,4680.0,20,32760.0,26208.0,2026-07,Large
103656,2026-02-28,CUST00056,Port Said,Unknown,Desk,Furniture,8,6734.0,0,53872.0,53872.0,2026-02,Large
103657,2026-09-13,CUST00057,Cairo,Greater Cairo,Headphones,Electronics,9,1656.0,5,14904.0,14158.8,2026-09,Large
103658,2026-04-26,CUST00058,Giza,Greater Cairo,Monitor,Electronics,10,8556.0,10,85560.0,77004.0,2026-04,Large
103659,2026-11-11,CUST00059,Alexandria,Coastal,Printer,Office Equipment,11,6392.0,15,70312.0,59765.2,2026-11,Large
103660,2026-06-24,CUST00060,Mansoura,Delta,Notebook Pack,Stationery,12,228.0,20,2736.0,2188.8,2026-06,Medium
103661,2026-01-09,CUST00061,Tanta,Unknown,Laptop,Electronics,1,27360.0,0,27360.0,27360.0,2026-01,Large
103662,2026-08-22,CUST00062,Aswan,Unknown,Smartphone,Electronics,2,14065.0,5,28130.0,26723.5,2026-08,Large
103663,2026-03-07,CUST00063,Luxor,Unknown,Wireless Mouse,Accessories,3,441.0,10,1323.0,1190.7,2026-03,Medium
103664,2026-10-20,CUST00064,Port Said,Unknown,Keyboard,Accessories,4,841.5,15,3366.0,2861.1,2026-10,Medium
103665,2026-05-05,CUST00065,Cairo,Greater Cairo,Office Chair,Furniture,5,5200.0,20,26000.0,20800.0,2026-05,Large
103666,2026-12-18,CUST00066,Giza,Greater Cairo,Desk,Furniture,6,7474.0,0,44844.0,44844.0,2026-12,Large
103667,2026-07-03,CUST00067,Alexandria,Coastal,Headphones,Electronics,7,1836.0,5,12852.0,12209.4,2026-07,Large
103668,2026-02-16,CUST00068,Mansoura,Delta,Monitor,Electronics,8,9476.0,10,75808.0,68227.2,2026-02,Large
103669,2026-09-01,CUST00069,Tanta,Unknown,Printer,Office Equipment,9,7072.0,15,63648.0,54100.8,2026-09,Large
103670,2026-04-14,CUST00070,Aswan,Unknown,Notebook Pack,Stationery,10,252.0,20,2520.0,2016.0,2026-04,Medium
103671,2026-11-27,CUST00071,Luxor,Unknown,Laptop,Electronics,11,30210.0,0,332310.0,332310.0,2026-11,Large
103672,2026-06-12,CUST00072,Port Said,Unknown,Smartphone,Electronics,12,15515.0,5,186180.0,176871.0,2026-06,Large
103673,2026-01-25,CUST00073,Cairo,Greater Cairo,Wireless Mouse,Accessories,1,486.0,10,486.0,437.4,2026-01,Small
103674,2026-08-10,CUST00074,Giza,Greater Cairo,Keyboard,Accessories,2,926.5,15,1853.0,1575.05,2026-08,Medium
103675,2026-03-23,CUST00075,Alexandria,Coastal,Office Chair,Furniture,3,5720.0,20,17160.0,13728.0,2026-03,Large
103676,2026-10-08,CUST00076,Mansoura,Delta,Desk,Furniture,4,6660.0,0,26640.0,26640.0,2026-10,Large
103677,2026-05-21,CUST00077,Tanta,Unknown,Headphones,Electronics,5,1638.0,5,8190.0,7780.5,2026-05,Medium
103678,2026-12-06,CUST00078,Aswan,Unknown,Monitor,Electronics,6,8464.0,10,50784.0,45705.6,2026-12,Large
103679,2026-07-19,CUST00079,Luxor,Unknown,Printer,Office Equipment,7,6324.0,15,44268.0,37627.8,2026-07,Large
103680,2026-02-04,CUST00080,Port Said,Unknown,Notebook Pack,Stationery,8,225.6,20,1804.8,1443.84,2026-02,Medium
103681,2026-09-17,CUST00081,Cairo,Greater Cairo,Laptop,Electronics,9,27075.0,0,243675.0,243675.0,2026-09,Large
103682,2026-04-02,CUST00082,Giza,Greater Cairo,Smartphone,Electronics,10,13920.0,5,139200.0,132240.0,2026-04,Large
103683,2026-11-15,CUST00083,Alexandria,Coastal,Wireless Mouse,Accessories,11,436.5,10,4801.5,4321.35,2026-11,Medium
103684,2026-06-28,CUST00084,Mansoura,Delta,Keyboard,Accessories,12,833.0,15,9996.0,8496.6,2026-06,Medium
103685,2026-01-13,CUST00085,Tanta,Unknown,Office Chair,Furniture,1,5148.0,20,5148.0,4118.4,2026-01,Medium
103686,2026-08-26,CUST00086,Aswan,Unknown,Desk,Furniture,2,7400.0,0,14800.0,14800.0,2026-08,Large
103687,2026-03-11,CUST00087,Unknown,Unknown,Headphones,Electronics,3,1818.0,5,5454.0,5181.3,2026-03,Medium
103688,2026-10-24,CUST00088,Port Said,Unknown,Monitor,Electronics,4,9384.0,10,37536.0,33782.4,2026-10,Large
103689,2026-05-09,CUST00089,Cairo,Greater Cairo,Printer,Office Equipment,5,7004.0,15,35020.0,29767.0,2026-05,Large
103690,2026-12-22,CUST00090,Giza,Greater Cairo,Notebook Pack,Stationery,6,249.6,20,1497.6,1198.08,2026-12,Medium
103691,2026-07-07,CUST00091,Alexandria,Coastal,Laptop,Electronics,7,29925.0,0,209475.0,209475.0,2026-07,Large
103692,2026-02-20,CUST00092,Mansoura,Delta,Smartphone,Electronics,8,15370.0,5,122960.0,116812.0,2026-02,Large
103693,2026-09-05,CUST00093,Tanta,Unknown,Wireless Mouse,Accessories,9,481.5,10,4333.5,3900.15,2026-09,Medium
103694,2026-04-18,CUST00094,Aswan,Unknown,Keyboard,Accessories,10,918.0,15,9180.0,7803.0,2026-04,Medium
103695,2026-11-03,CUST00095,Luxor,Unknown,Office Chair,Furniture,11,5668.0,20,62348.0,49878.4,2026-11,Large
103696,2026-06-16,CUST00096,Port Said,Unknown,Desk,Furniture,12,8140.0,0,97680.0,97680.0,2026-06,Large
103697,2026-01-01,CUST00097,Cairo,Greater Cairo,Headphones,Electronics,1,1620.0,5,1620.0,1539.0,2026-01,Medium
103698,2026-08-14,CUST00098,Giza,Greater Cairo,Monitor,Electronics,2,8372.0,10,16744.0,15069.6,2026-08,Large
103699,2026-03-27,CUST00099,Alexandria,Coastal,Printer,Office Equipment,3,6256.0,15,18768.0,15952.8,2026-03,Large
103700,2026-10-12,CUST00100,Mansoura,Delta,Notebook Pack,Stationery,4,223.2,20,892.8,714.24,2026-10,Small
103701,2026-05-25,CUST00101,Tanta,Unknown,Laptop,Electronics,5,26790.0,0,133950.0,133950.0,2026-05,Large
103702,2026-12-10,CUST00102,Aswan,Unknown,Smartphone,Electronics,6,13775.0,5,82650.0,78517.5,2026-12,Large
103703,2026-07-23,CUST00103,Luxor,Unknown,Wireless Mouse,Accessories,7,432.0,10,3024.0,2721.6,2026-07,Medium
103704,2026-02-08,CUST00104,Port Said,Unknown,Keyboard,Accessories,8,824.5,15,6596.0,5606.6,2026-02,Medium
103705,2026-09-21,CUST00105,Cairo,Greater Cairo,Office Chair,Furniture,9,5096.0,20,45864.0,36691.2,2026-09,Large
103706,2026-04-06,CUST00106,Giza,Greater Cairo,Desk,Furniture,10,7326.0,0,73260.0,73260.0,2026-04,Large
103707,2026-11-19,CUST00107,Alexandria,Coastal,Headphones,Electronics,11,1800.0,5,19800.0,18810.0,2026-11,Large
103708,2026-06-04,CUST00108,Mansoura,Delta,Monitor,Electronics,12,9292.0,10,111504.0,100353.6,2026-06,Large
103709,2026-01-17,CUST00109,Tanta,Unknown,Printer,Office Equipment,1,6936.0,15,6936.0,5895.6,2026-01,Medium
103710,2026-08-02,CUST00110,Aswan,Unknown,Notebook Pack,Stationery,2,247.2,20,494.4,395.52,2026-08,Small
103711,2026-03-15,CUST00111,Luxor,Unknown,Laptop,Electronics,3,29640.0,0,88920.0,88920.0,2026-03,Large
103712,2026-10-28,CUST00112,Port Said,Unknown,Smartphone,Electronics,4,15225.0,5,60900.0,57855.0,2026-10,Large
103713,2026-05-13,CUST00113,Cairo,Greater Cairo,Wireless Mouse,Accessories,5,477.0,10,2385.0,2146.5,2026-05,Medium
103714,2026-12-26,CUST00114,Giza,Greater Cairo,Keyboard,Accessories,6,909.5,15,5457.0,4638.45,2026-12,Medium
103715,2026-07-11,CUST00115,Alexandria,Coastal,Office Chair,Furniture,7,5616.0,20,39312.0,31449.6,2026-07,Large
103716,2026-02-24,CUST00116,Mansoura,Delta,Desk,Furniture,8,8066.0,0,64528.0,64528.0,2026-02,Large
103717,2026-09-09,CUST00117,Tanta,Unknown,Headphones,Electronics,9,1980.0,5,17820.0,16929.0,2026-09,Large
103718,2026-04-22,CUST00118,Aswan,Unknown,Monitor,Electronics,10,8280.0,10,82800.0,74520.0,2026-04,Large
103719,2026-11-07,CUST00119,Luxor,Unknown,Printer,Office Equipment,11,6188.0,15,68068.0,57857.8,2026-11,Large
103720,2026-06-20,CUST00120,Port Said,Unknown,Notebook Pack,Stationery,12,220.8,20,2649.6,2119.68,2026-06,Medium
103721,2026-01-05,CUST00121,Cairo,Greater Cairo,Laptop,Electronics,1,26505.0,0,26505.0,26505.0,2026-01,Large
103722,2026-08-18,CUST00122,Giza,Greater Cairo,Smartphone,Electronics,2,13630.0,5,27260.0,25897.0,2026-08,Large
103723,2026-03-03,CUST00123,Alexandria,Coastal,Wireless Mouse,Accessories,3,427.5,10,1282.5,1154.25,2026-03,Medium
103724,2026-10-16,CUST00124,Mansoura,Delta,Keyboard,Accessories,4,816.0,15,3264.0,2774.4,2026-10,Medium
103725,2026-05-01,CUST00125,Tanta,Unknown,Office Chair,Furniture,5,5044.0,20,25220.0,20176.0,2026-05,Large
103726,2026-12-14,CUST00126,Aswan,Unknown,Desk,Furniture,6,7252.0,0,43512.0,43512.0,2026-12,Large
103727,2026-07-27,CUST00127,Luxor,Unknown,Headphones,Electronics,7,1782.0,5,12474.0,11850.3,2026-07,Large
103728,2026-02-12,CUST00128,Port Said,Unknown,Monitor,Electronics,8,9200.0,10,73600.0,66240.0,2026-02,Large
103729,2026-09-25,CUST00129,Cairo,Greater Cairo,Printer,Office Equipment,9,6868.0,15,61812.0,52540.2,2026-09,Large
103730,2026-04-10,CUST00130,Giza,Greater Cairo,Notebook Pack,Stationery,10,244.8,20,2448.0,1958.4,2026-04,Medium
103731,2026-11-23,CUST00131,Alexandria,Coastal,Laptop,Electronics,11,29355.0,0,322905.0,322905.0,2026-11,Large
103732,2026-06-08,CUST00132,Mansoura,Delta,Smartphone,Electronics,12,15080.0,5,180960.0,171912.0,2026-06,Large
103733,2026-01-21,CUST00133,Tanta,Unknown,Wireless Mouse,Accessories,1,472.5,10,472.5,425.25,2026-01,Small
103734,2026-08-06,CUST00134,Aswan,Unknown,Keyboard,Accessories,2,901.0,15,1802.0,1531.7,2026-08,Medium
103735,2026-03-19,CUST00135,Luxor,Unknown,Office Chair,Furniture,3,5564.0,20,16692.0,13353.6,2026-03,Large
103736,2026-10-04,CUST00136,Port Said,Unknown,Desk,Furniture,4,7992.0,0,31968.0,31968.0,2026-10,Large
103737,2026-05-17,CUST00137,Cairo,Greater Cairo,Headphones,Electronics,5,1962.0,5,9810.0,9319.5,2026-05,Medium
103738,2026-12-02,CUST00138,Giza,Greater Cairo,Monitor,Electronics,6,10120.0,10,60720.0,54648.0,2026-12,Large
103739,2026-07-15,CUST00139,Alexandria,Coastal,Printer,Office Equipment,7,6120.0,15,42840.0,36414.0,2026-07,Large
103740,2026-02-28,CUST00140,Mansoura,Delta,Notebook Pack,Stationery,8,218.4,20,1747.2,1397.76,2026-02,Medium
103741,2026-09-13,CUST00141,Tanta,Unknown,Laptop,Electronics,9,26220.0,0,235980.0,235980.0,2026-09,Large
103742,2026-04-26,CUST00142,Aswan,Unknown,Smartphone,Electronics,10,13485.0,5,134850.0,128107.5,2026-04,Large
103743,2026-11-11,CUST00143,Luxor,Unknown,Wireless Mouse,Accessories,11,423.0,10,4653.0,4187.7,2026-11,Medium
103744,2026-06-24,CUST00144,Port Said,Unknown,Keyboard,Accessories,12,807.5,15,9690.0,8236.5,2026-06,Medium
103745,2026-01-09,CUST00145,Cairo,Greater Cairo,Office Chair,Furniture,1,4992.0,20,4992.0,3993.6,2026-01,Medium
103746,2026-08-22,CUST00146,Giza,Greater Cairo,Desk,Furniture,2,7178.0,0,14356.0,14356.0,2026-08,Large
103747,2026-03-07,CUST00147,Alexandria,Coastal,Headphones,Electronics,3,1764.0,5,5292.0,5027.4,2026-03,Medium
103748,2026-10-20,CUST00148,Mansoura,Delta,Monitor,Electronics,4,9108.0,10,36432.0,32788.8,2026-10,Large
103749,2026-05-05,CUST00149,Tanta,Unknown,Printer,Office Equipment,5,6800.0,15,34000.0,28900.0,2026-05,Large
103750,2026-12-18,CUST00150,Aswan,Unknown,Notebook Pack,Stationery,6,242.4,20,1454.4,1163.52,2026-12,Medium
103751,2026-07-03,CUST00151,Luxor,Unknown,Laptop,Electronics,7,29070.0,0,203490.0,203490.0,2026-07,Large
103752,2026-02-16,CUST00152,Port Said,Unknown,Smartphone,Electronics,8,14935.0,5,119480.0,113506.0,2026-02,Large
103753,2026-09-01,CUST00153,Cairo,Greater Cairo,Wireless Mouse,Accessories,9,468.0,10,4212.0,3790.8,2026-09,Medium
103754,2026-04-14,CUST00154,Giza,Greater Cairo,Keyboard,Accessories,10,892.5,15,8925.0,7586.25,2026-04,Medium
103755,2026-11-27,CUST00155,Alexandria,Coastal,Office Chair,Furniture,11,5512.0,20,60632.0,48505.6,2026-11,Large
103756,2026-06-12,CUST00156,Mansoura,Delta,Desk,Furniture,12,7918.0,0,95016.0,95016.0,2026-06,Large
103757,2026-01-25,CUST00157,Tanta,Unknown,Headphones,Electronics,1,1944.0,5,1944.0,1846.8,2026-01,Medium
103758,2026-08-10,CUST00158,Aswan,Unknown,Monitor,Electronics,2,10028.0,10,20056.0,18050.4,2026-08,Large
103759,2026-03-23,CUST00159,Luxor,Unknown,Printer,Office Equipment,3,7480.0,15,22440.0,19074.0,2026-03,Large
103760,2026-10-08,CUST00160,Port Said,Unknown,Notebook Pack,Stationery,4,216.0,20,864.0,691.2,2026-10,Small
103761,2026-05-21,CUST00161,Cairo,Greater Cairo,Laptop,Electronics,5,25935.0,0,129675.0,129675.0,2026-05,Large
103762,2026-12-06,CUST00162,Giza,Greater Cairo,Smartphone,Electronics,6,13340.0,5,80040.0,76038.0,2026-12,Large
103763,2026-07-19,CUST00163,Alexandria,Coastal,Wireless Mouse,Accessories,7,418.5,10,2929.5,2636.55,2026-07,Medium
103764,2026-02-04,CUST00164,Mansoura,Delta,Keyboard,Accessories,8,799.0,15,6392.0,5433.2,2026-02,Medium
103765,2026-09-17,CUST00165,Tanta,Unknown,Office Chair,Furniture,9,4940.0,20,44460.0,35568.0,2026-09,Large
103766,2026-04-02,CUST00166,Aswan,Unknown,Desk,Furniture,10,7104.0,0,71040.0,71040.0,2026-04,Large
103767,2026-11-15,CUST00167,Luxor,Unknown,Headphones,Electronics,11,1746.0,5,19206.0,18245.7,2026-11,Large
103768,2026-06-28,CUST00168,Port Said,Unknown,Monitor,Electronics,12,9016.0,10,108192.0,97372.8,2026-06,Large
103769,2026-01-13,CUST00169,Cairo,Greater Cairo,Printer,Office Equipment,1,6732.0,15,6732.0,5722.2,2026-01,Medium
103770,2026-08-26,CUST00170,Giza,Greater Cairo,Notebook Pack,Stationery,2,240.0,20,480.0,384.0,2026-08,Small
103771,2026-03-11,CUST00171,Alexandria,Coastal,Laptop,Electronics,3,28785.0,0,86355.0,86355.0,2026-03,Large
103772,2026-10-24,CUST00172,Mansoura,Delta,Smartphone,Electronics,4,14790.0,5,59160.0,56202.0,2026-10,Large
103773,2026-05-09,CUST00173,Tanta,Unknown,Wireless Mouse,Accessories,5,463.5,10,2317.5,2085.75,2026-05,Medium
103774,2026-12-22,CUST00174,Aswan,Unknown,Keyboard,Accessories,6,884.0,15,5304.0,4508.4,2026-12,Medium
103775,2026-07-07,CUST00175,Luxor,Unknown,Office Chair,Furniture,7,5460.0,20,38220.0,30576.0,2026-07,Large
103776,2026-02-20,CUST00176,Port Said,Unknown,Desk,Furniture,8,7844.0,0,62752.0,62752.0,2026-02,Large
103777,2026-09-05,CUST00177,Cairo,Greater Cairo,Headphones,Electronics,9,1926.0,5,17334.0,16467.3,2026-09,Large
103778,2026-04-18,CUST00178,Giza,Greater Cairo,Monitor,Electronics,10,9936.0,10,99360.0,89424.0,2026-04,Large
103779,2026-11-03,CUST00179,Alexandria,Coastal,Printer,Office Equipment,11,7412.0,15,81532.0,69302.2,2026-11,Large
103780,2026-06-16,CUST00180,Mansoura,Delta,Notebook Pack,Stationery,12,264.0,20,3168.0,2534.4,2026-06,Medium
103781,2025-01-01,CUST00181,Tanta,Unknown,Laptop,Electronics,1,25650.0,0,25650.0,25650.0,2025-01,Large
103782,2025-08-14,CUST00182,Aswan,Unknown,Smartphone,Electronics,2,13195.0,5,26390.0,25070.5,2025-08,Large
103783,2025-03-27,CUST00183,Luxor,Unknown,Wireless Mouse,Accessories,3,414.0,10,1242.0,1117.8,2025-03,Medium
103784,2025-10-12,CUST00184,Unknown,Unknown,Keyboard,Accessories,4,790.5,15,3162.0,2687.7,2025-10,Medium
103785,2025-05-25,CUST00185,Cairo,Greater Cairo,Office Chair,Furniture,5,4888.0,20,24440.0,19552.0,2025-05,Large
103786,2025-12-10,CUST00186,Giza,Greater Cairo,Desk,Furniture,6,7030.0,0,42180.0,42180.0,2025-12,Large
103787,2025-07-23,CUST00187,Alexandria,Coastal,Headphones,Electronics,7,1728.0,5,12096.0,11491.2,2025-07,Large
103788,2025-02-08,CUST00188,Mansoura,Delta,Monitor,Electronics,8,8924.0,10,71392.0,64252.8,2025-02,Large
103789,2025-09-21,CUST00189,Tanta,Unknown,Printer,Office Equipment,9,6664.0,15,59976.0,50979.6,2025-09,Large
103790,2025-04-06,CUST00190,Aswan,Unknown,Notebook Pack,Stationery,10,237.6,20,2376.0,1900.8,2025-04,Medium
103791,2025-11-19,CUST00191,Luxor,Unknown,Laptop,Electronics,11,28500.0,0,313500.0,313500.0,2025-11,Large
103792,2025-06-04,CUST00192,Port Said,Unknown,Smartphone,Electronics,12,14645.0,5,175740.0,166953.0,2025-06,Large
103793,2025-01-17,CUST00193,Cairo,Greater Cairo,Wireless Mouse,Accessories,1,459.0,10,459.0,413.1,2025-01,Small
103794,2025-08-02,CUST00194,Giza,Greater Cairo,Keyboard,Accessories,2,875.5,15,1751.0,1488.35,2025-08,Medium
103795,2025-03-15,CUST00195,Alexandria,Coastal,Office Chair,Furniture,3,5408.0,20,16224.0,12979.2,2025-03,Large
103796,2025-10-28,CUST00196,Mansoura,Delta,Desk,Furniture,4,7770.0,0,31080.0,31080.0,2025-10,Large
103797,2025-05-13,CUST00197,Tanta,Unknown,Headphones,Electronics,5,1908.0,5,9540.0,9063.0,2025-05,Medium
103798,2025-12-26,CUST00198,Aswan,Unknown,Monitor,Electronics,6,9844.0,10,59064.0,53157.6,2025-12,Large
103799,2025-07-11,CUST00199,Luxor,Unknown,Printer,Office Equipment,7,7344.0,15,51408.0,43696.8,2025-07,Large
103800,2025-02-24,CUST00200,Port Said,Unknown,Notebook Pack,Stationery,8,261.6,20,2092.8,1674.24,2025-02,Medium
103801,2025-09-09,CUST00201,Cairo,Greater Cairo,Laptop,Electronics,9,31350.0,0,282150.0,282150.0,2025-09,Large
103802,2025-04-22,CUST00202,Giza,Greater Cairo,Smartphone,Electronics,10,13050.0,0,130500.0,130500.0,2025-04,Large
103803,2025-11-07,CUST00203,Alexandria,Coastal,Wireless Mouse,Accessories,11,409.5,10,4504.5,4054.05,2025-11,Medium
103804,2025-06-20,CUST00204,Mansoura,Delta,Keyboard,Accessories,12,782.0,15,9384.0,7976.4,2025-06,Medium
103805,2025-01-05,CUST00205,Tanta,Unknown,Office Chair,Furniture,1,4836.0,20,4836.0,3868.8,2025-01,Medium
103806,2025-08-18,CUST00206,Aswan,Unknown,Desk,Furniture,2,6956.0,0,13912.0,13912.0,2025-08,Large
103807,2025-03-03,CUST00207,Luxor,Unknown,Headphones,Electronics,3,1710.0,5,5130.0,4873.5,2025-03,Medium
103808,2025-10-16,CUST00208,Port Said,Unknown,Monitor,Electronics,4,8832.0,10,35328.0,31795.2,2025-10,Large
103809,2025-05-01,CUST00209,Cairo,Greater Cairo,Printer,Office Equipment,5,6596.0,15,32980.0,28033.0,2025-05,Large
103810,2025-12-14,CUST00210,Giza,Greater Cairo,Notebook Pack,Stationery,6,235.2,20,1411.2,1128.96,2025-12,Medium
103811,2025-07-27,CUST00211,Alexandria,Coastal,Laptop,Electronics,7,28215.0,0,197505.0,197505.0,2025-07,Large
103812,2025-02-12,CUST00212,Mansoura,Delta,Smartphone,Electronics,8,14500.0,5,116000.0,110200.0,2025-02,Large
103813,2025-09-25,CUST00213,Tanta,Unknown,Wireless Mouse,Accessories,9,454.5,10,4090.5,3681.45,2025-09,Medium
103814,2025-04-10,CUST00214,Aswan,Unknown,Keyboard,Accessories,10,867.0,15,8670.0,7369.5,2025-04,Medium
103815,2025-11-23,CUST00215,Luxor,Unknown,Office Chair,Furniture,11,5356.0,20,58916.0,47132.8,2025-11,Large
103816,2025-06-08,CUST00216,Port Said,Unknown,Desk,Furniture,12,7696.0,0,92352.0,92352.0,2025-06,Large
103817,2025-01-21,CUST00217,Cairo,Greater Cairo,Headphones,Electronics,1,1890.0,5,1890.0,1795.5,2025-01,Medium
103818,2025-08-06,CUST00218,Giza,Greater Cairo,Monitor,Electronics,2,9752.0,10,19504.0,17553.6,2025-08,Large
103819,2025-03-19,CUST00219,Alexandria,Coastal,Printer,Office Equipment,3,7276.0,15,21828.0,18553.8,2025-03,Large
103820,2025-10-04,CUST00220,Mansoura,Delta,Notebook Pack,Stationery,4,259.2,20,1036.8,829.44,2025-10,Small
103821,2025-05-17,CUST00221,Tanta,Unknown,Laptop,Electronics,5,31065.0,0,155325.0,155325.0,2025-05,Large
103822,2025-12-02,CUST00222,Aswan,Unknown,Smartphone,Electronics,6,15950.0,5,95700.0,90915.0,2025-12,Large
103823,2025-07-15,CUST00223,Luxor,Unknown,Wireless Mouse,Accessories,7,405.0,10,2835.0,2551.5,2025-07,Medium
103824,2025-02-28,CUST00224,Port Said,Unknown,Keyboard,Accessories,8,773.5,15,6188.0,5259.8,2025-02,Medium
103825,2025-09-13,CUST00225,Cairo,Greater Cairo,Office Chair,Furniture,9,4784.0,20,43056.0,34444.8,2025-09,Large
103826,2025-04-26,CUST00226,Giza,Greater Cairo,Desk,Furniture,10,6882.0,0,68820.0,68820.0,2025-04,Large
103827,2025-11-11,CUST00227,Alexandria,Coastal,Headphones,Electronics,11,1692.0,5,18612.0,17681.4,2025-11,Large
103828,2025-06-24,CUST00228,Mansoura,Delta,Monitor,Electronics,12,8740.0,10,104880.0,94392.0,2025-06,Large
103829,2025-01-09,CUST00229,Tanta,Unknown,Printer,Office Equipment,1,6528.0,15,6528.0,5548.8,2025-01,Medium
103830,2025-08-22,CUST00230,Aswan,Unknown,Notebook Pack,Stationery,2,232.8,20,465.6,372.48,2025-08,Small
103831,2025-03-07,CUST00231,Luxor,Unknown,Laptop,Electronics,3,27930.0,0,83790.0,83790.0,2025-03,Large
103832,2025-10-20,CUST00232,Port Said,Unknown,Smartphone,Electronics,4,14355.0,5,57420.0,54549.0,2025-10,Large
103833,2025-05-05,CUST00233,Cairo,Greater Cairo,Wireless Mouse,Accessories,5,450.0,10,2250.0,2025.0,2025-05,Medium
103834,2025-12-18,CUST00234,Giza,Greater Cairo,Keyboard,Accessories,6,858.5,15,5151.0,4378.35,2025-12,Medium
103835,2025-07-03,CUST00235,Alexandria,Coastal,Office Chair,Furniture,7,5304.0,20,37128.0,29702.4,2025-07,Large
103836,2025-02-16,CUST00236,Mansoura,Delta,Desk,Furniture,8,7622.0,0,60976.0,60976.0,2025-02,Large
103837,2025-09-01,CUST00237,Tanta,Unknown,Headphones,Electronics,9,1872.0,5,16848.0,16005.6,2025-09,Large
103838,2025-04-14,CUST00238,Aswan,Unknown,Monitor,Electronics,10,9660.0,10,96600.0,86940.0,2025-04,Large
103839,2025-11-27,CUST00239,Luxor,Unknown,Printer,Office Equipment,11,7208.0,15,79288.0,67394.8,2025-11,Large
103840,2025-06-12,CUST00240,Port Said,Unknown,Notebook Pack,Stationery,12,256.8,20,3081.6,2465.28,2025-06,Medium
103841,2025-01-25,CUST00241,Cairo,Greater Cairo,Laptop,Electronics,1,30780.0,0,30780.0,30780.0,2025-01,Large
103842,2025-08-10,CUST00242,Giza,Greater Cairo,Smartphone,Electronics,2,15805.0,5,31610.0,30029.5,2025-08,Large
103843,2025-03-23,CUST00243,Alexandria,Coastal,Wireless Mouse,Accessories,3,495.0,10,1485.0,1336.5,2025-03,Medium
103844,2025-10-08,CUST00244,Mansoura,Delta,Keyboard,Accessories,4,765.0,15,3060.0,2601.0,2025-10,Medium
103845,2025-05-21,CUST00245,Tanta,Unknown,Office Chair,Furniture,5,4732.0,20,23660.0,18928.0,2025-05,Large
103846,2025-12-06,CUST00246,Aswan,Unknown,Desk,Furniture,6,6808.0,0,40848.0,40848.0,2025-12,Large
103847,2025-07-19,CUST00247,Luxor,Unknown,Headphones,Electronics,7,1674.0,5,11718.0,11132.1,2025-07,Large
103848,2025-02-04,CUST00248,Port Said,Unknown,Monitor,Electronics,8,8648.0,10,69184.0,62265.6,2025-02,Large
103849,2025-09-17,CUST00249,Cairo,Greater Cairo,Printer,Office Equipment,9,6460.0,15,58140.0,49419.0,2025-09,Large
103850,2025-04-02,CUST00250,Giza,Greater Cairo,Notebook Pack,Stationery,10,230.4,20,2304.0,1843.2,2025-04,Medium
103851,2025-11-15,CUST00251,Alexandria,Coastal,Laptop,Electronics,11,27645.0,0,304095.0,304095.0,2025-11,Large
103852,2025-06-28,CUST00252,Mansoura,Delta,Smartphone,Electronics,12,14210.0,5,170520.0,161994.0,2025-06,Large
103853,2025-01-13,CUST00253,Tanta,Unknown,Wireless Mouse,Accessories,1,445.5,10,445.5,400.95,2025-01,Small
103854,2025-08-26,CUST00254,Aswan,Unknown,Keyboard,Accessories,2,850.0,15,1700.0,1445.0,2025-08,Medium
103855,2025-03-11,CUST00255,Luxor,Unknown,Office Chair,Furniture,3,5252.0,20,15756.0,12604.8,2025-03,Large
103856,2025-10-24,CUST00256,Port Said,Unknown,Desk,Furniture,4,7548.0,0,30192.0,30192.0,2025-10,Large
103857,2025-05-09,CUST00257,Cairo,Greater Cairo,Headphones,Electronics,5,1854.0,5,9270.0,8806.5,2025-05,Medium
103858,2025-12-22,CUST00258,Giza,Greater Cairo,Monitor,Electronics,6,9568.0,10,57408.0,51667.2,2025-12,Large
103859,2025-07-07,CUST00259,Alexandria,Coastal,Printer,Office Equipment,7,7140.0,15,49980.0,42483.0,2025-07,Large
103860,2025-02-20,CUST00260,Mansoura,Delta,Notebook Pack,Stationery,8,254.4,20,2035.2,1628.16,2025-02,Medium
103861,2025-09-05,CUST00261,Tanta,Unknown,Laptop,Electronics,9,30495.0,0,274455.0,274455.0,2025-09,Large
103862,2025-04-18,CUST00262,Aswan,Unknown,Smartphone,Electronics,10,15660.0,5,156600.0,148770.0,2025-04,Large
103863,2025-11-03,CUST00263,Luxor,Unknown,Wireless Mouse,Accessories,11,490.5,10,5395.5,4855.95,2025-11,Medium
103864,2025-06-16,CUST00264,Port Said,Unknown,Keyboard,Accessories,12,935.0,15,11220.0,9537.0,2025-06,Medium
103865,2025-01-01,CUST00265,Cairo,Greater Cairo,Office Chair,Furniture,1,4680.0,20,4680.0,3744.0,2025-01,Medium
103866,2025-08-14,CUST00266,Giza,Greater Cairo,Desk,Furniture,2,6734.0,0,13468.0,13468.0,2025-08,Large
103867,2025-03-27,CUST00267,Alexandria,Coastal,Headphones,Electronics,3,1656.0,5,4968.0,4719.6,2025-03,Medium
103868,2025-10-12,CUST00268,Mansoura,Delta,Monitor,Electronics,4,8556.0,10,34224.0,30801.6,2025-10,Large
103869,2025-05-25,CUST00269,Tanta,Unknown,Printer,Office Equipment,5,6392.0,15,31960.0,27166.0,2025-05,Large
103870,2025-12-10,CUST00270,Aswan,Unknown,Notebook Pack,Stationery,6,228.0,20,1368.0,1094.4,2025-12,Medium
103871,2025-07-23,CUST00271,Luxor,Unknown,Laptop,Electronics,7,27360.0,0,191520.0,191520.0,2025-07,Large
103872,2025-02-08,CUST00272,Port Said,Unknown,Smartphone,Electronics,8,14065.0,5,112520.0,106894.0,2025-02,Large
103873,2025-09-21,CUST00273,Cairo,Greater Cairo,Wireless Mouse,Accessories,9,441.0,10,3969.0,3572.1,2025-09,Medium
103874,2025-04-06,CUST00274,Giza,Greater Cairo,Keyboard,Accessories,10,841.5,15,8415.0,7152.75,2025-04,Medium
103875,2025-11-19,CUST00275,Alexandria,Coastal,Office Chair,Furniture,11,5200.0,20,57200.0,45760.0,2025-11,Large
103876,2025-06-04,CUST00276,Mansoura,Delta,Desk,Furniture,12,7474.0,0,89688.0,89688.0,2025-06,Large
103877,2025-01-17,CUST00277,Tanta,Unknown,Headphones,Electronics,1,1836.0,5,1836.0,1744.2,2025-01,Medium
103878,2025-08-02,CUST00278,Aswan,Unknown,Monitor,Electronics,2,9476.0,10,18952.0,17056.8,2025-08,Large
103879,2025-03-15,CUST00279,Luxor,Unknown,Printer,Office Equipment,3,7072.0,15,21216.0,18033.6,2025-03,Large
103880,2025-10-28,CUST00280,Port Said,Unknown,Notebook Pack,Stationery,4,252.0,20,1008.0,806.4,2025-10,Small
103881,2025-05-13,CUST00281,Unknown,Unknown,Laptop,Electronics,5,30210.0,0,151050.0,151050.0,2025-05,Large
103882,2025-12-26,CUST00282,Giza,Greater Cairo,Smartphone,Electronics,6,15515.0,5,93090.0,88435.5,2025-12,Large
103883,2025-07-11,CUST00283,Alexandria,Coastal,Wireless Mouse,Accessories,7,486.0,10,3402.0,3061.8,2025-07,Medium
103884,2025-02-24,CUST00284,Mansoura,Delta,Keyboard,Accessories,8,926.5,15,7412.0,6300.2,2025-02,Medium
103885,2025-09-09,CUST00285,Tanta,Unknown,Office Chair,Furniture,9,5720.0,20,51480.0,41184.0,2025-09,Large
103886,2025-04-22,CUST00286,Aswan,Unknown,Desk,Furniture,10,6660.0,0,66600.0,66600.0,2025-04,Large
103887,2025-11-07,CUST00287,Luxor,Unknown,Headphones,Electronics,11,1638.0,5,18018.0,17117.1,2025-11,Large
103888,2025-06-20,CUST00288,Port Said,Unknown,Monitor,Electronics,12,8464.0,10,101568.0,91411.2,2025-06,Large
103889,2025-01-05,CUST00289,Cairo,Greater Cairo,Printer,Office Equipment,1,6324.0,15,6324.0,5375.4,2025-01,Medium
103890,2025-08-18,CUST00290,Giza,Greater Cairo,Notebook Pack,Stationery,2,225.6,20,451.2,360.96,2025-08,Small
103891,2025-03-03,CUST00291,Alexandria,Coastal,Laptop,Electronics,3,27075.0,0,81225.0,81225.0,2025-03,Large
103892,2025-10-16,CUST00292,Mansoura,Delta,Smartphone,Electronics,4,13920.0,5,55680.0,52896.0,2025-10,Large
103893,2025-05-01,CUST00293,Tanta,Unknown,Wireless Mouse,Accessories,5,436.5,10,2182.5,1964.25,2025-05,Medium
103894,2025-12-14,CUST00294,Aswan,Unknown,Keyboard,Accessories,6,833.0,15,4998.0,4248.3,2025-12,Medium
103895,2025-07-27,CUST00295,Luxor,Unknown,Office Chair,Furniture,7,5148.0,20,36036.0,28828.8,2025-07,Large
103896,2025-02-12,CUST00296,Port Said,Unknown,Desk,Furniture,8,7400.0,0,59200.0,59200.0,2025-02,Large
103897,2025-09-25,CUST00297,Cairo,Greater Cairo,Headphones,Electronics,9,1818.0,5,16362.0,15543.9,2025-09,Large
103898,2025-04-10,CUST00298,Giza,Greater Cairo,Monitor,Electronics,10,9384.0,10,93840.0,84456.0,2025-04,Large
103899,2025-11-23,CUST00299,Alexandria,Coastal,Printer,Office Equipment,11,7004.0,15,77044.0,65487.4,2025-11,Large
103900,2025-06-08,CUST00300,Mansoura,Delta,Notebook Pack,Stationery,12,249.6,20,2995.2,2396.16,2025-06,Medium
103901,2025-01-21,CUST00301,Tanta,Unknown,Laptop,Electronics,1,29925.0,0,29925.0,29925.0,2025-01,Large
103902,2025-08-06,CUST00302,Aswan,Unknown,Smartphone,Electronics,2,15370.0,5,30740.0,29203.0,2025-08,Large
103903,2025-03-19,CUST00303,Luxor,Unknown,Wireless Mouse,Accessories,3,481.5,10,1444.5,1300.05,2025-03,Medium
103904,2025-10-04,CUST00304,Port Said,Unknown,Keyboard,Accessories,4,918.0,15,3672.0,3121.2,2025-10,Medium
103905,2025-05-17,CUST00305,Cairo,Greater Cairo,Office Chair,Furniture,5,5668.0,20,28340.0,22672.0,2025-05,Large
103906,2025-12-02,CUST00306,Giza,Greater Cairo,Desk,Furniture,6,8140.0,0,48840.0,48840.0,2025-12,Large
103907,2025-07-15,CUST00307,Alexandria,Coastal,Headphones,Electronics,7,1620.0,5,11340.0,10773.0,2025-07,Large
103908,2025-02-28,CUST00308,Mansoura,Delta,Monitor,Electronics,8,8372.0,10,66976.0,60278.4,2025-02,Large
103909,2025-09-13,CUST00309,Tanta,Unknown,Printer,Office Equipment,9,6256.0,15,56304.0,47858.4,2025-09,Large
103910,2025-04-26,CUST00310,Aswan,Unknown,Notebook Pack,Stationery,10,223.2,20,2232.0,1785.6,2025-04,Medium
103911,2025-11-11,CUST00311,Luxor,Unknown,Laptop,Electronics,11,26790.0,0,294690.0,294690.0,2025-11,Large
103912,2025-06-24,CUST00312,Port Said,Unknown,Smartphone,Electronics,12,13775.0,5,165300.0,157035.0,2025-06,Large
103913,2025-01-09,CUST00313,Cairo,Greater Cairo,Wireless Mouse,Accessories,1,432.0,10,432.0,388.8,2025-01,Small
103914,2025-08-22,CUST00314,Giza,Greater Cairo,Keyboard,Accessories,2,824.5,15,1649.0,1401.65,2025-08,Medium
103915,2025-03-07,CUST00315,Alexandria,Coastal,Office Chair,Furniture,3,5096.0,20,15288.0,12230.4,2025-03,Large
103916,2025-10-20,CUST00316,Mansoura,Delta,Desk,Furniture,4,7326.0,0,29304.0,29304.0,2025-10,Large
103917,2025-05-05,CUST00317,Tanta,Unknown,Headphones,Electronics,5,1800.0,5,9000.0,8550.0,2025-05,Medium
103918,2025-12-18,CUST00318,Aswan,Unknown,Monitor,Electronics,6,9292.0,10,55752.0,50176.8,2025-12,Large
103919,2025-07-03,CUST00319,Luxor,Unknown,Printer,Office Equipment,7,6936.0,15,48552.0,41269.2,2025-07,Large
103920,2025-02-16,CUST00320,Port Said,Unknown,Notebook Pack,Stationery,8,247.2,20,1977.6,1582.08,2025-02,Medium
103921,2025-09-01,CUST00321,Cairo,Greater Cairo,Laptop,Electronics,9,29640.0,0,266760.0,266760.0,2025-09,Large
103922,2025-04-14,CUST00322,Giza,Greater Cairo,Smartphone,Electronics,10,15225.0,5,152250.0,144637.5,2025-04,Large
103923,2025-11-27,CUST00323,Alexandria,Coastal,Wireless Mouse,Accessories,11,477.0,10,5247.0,4722.3,2025-11,Medium
103924,2025-06-12,CUST00324,Mansoura,Delta,Keyboard,Accessories,12,909.5,15,10914.0,9276.9,2025-06,Medium
103925,2025-01-25,CUST00325,Tanta,Unknown,Office Chair,Furniture,1,5616.0,20,5616.0,4492.8,2025-01,Medium
103926,2025-08-10,CUST00326,Aswan,Unknown,Desk,Furniture,2,8066.0,0,16132.0,16132.0,2025-08,Large
103927,2025-03-23,CUST00327,Luxor,Unknown,Headphones,Electronics,3,1980.0,5,5940.0,5643.0,2025-03,Medium
103928,2025-10-08,CUST00328,Port Said,Unknown,Monitor,Electronics,4,8280.0,10,33120.0,29808.0,2025-10,Large
103929,2025-05-21,CUST00329,Cairo,Greater Cairo,Printer,Office Equipment,5,6188.0,15,30940.0,26299.0,2025-05,Large
103930,2025-12-06,CUST00330,Giza,Greater Cairo,Notebook Pack,Stationery,6,220.8,20,1324.8,1059.84,2025-12,Medium
103931,2025-07-19,CUST00331,Alexandria,Coastal,Laptop,Electronics,7,26505.0,0,185535.0,185535.0,2025-07,Large
103932,2025-02-04,CUST00332,Mansoura,Delta,Smartphone,Electronics,8,13630.0,5,109040.0,103588.0,2025-02,Large
103933,2025-09-17,CUST00333,Tanta,Unknown,Wireless Mouse,Accessories,9,427.5,10,3847.5,3462.75,2025-09,Medium
103934,2025-04-02,CUST00334,Aswan,Unknown,Keyboard,Accessories,10,816.0,15,8160.0,6936.0,2025-04,Medium
103935,2025-11-15,CUST00335,Luxor,Unknown,Office Chair,Furniture,11,5044.0,20,55484.0,44387.2,2025-11,Large
103936,2025-06-28,CUST00336,Port Said,Unknown,Desk,Furniture,12,7252.0,0,87024.0,87024.0,2025-06,Large
103937,2025-01-13,CUST00337,Cairo,Greater Cairo,Headphones,Electronics,1,1782.0,5,1782.0,1692.9,2025-01,Medium
103938,2025-08-26,CUST00338,Giza,Greater Cairo,Monitor,Electronics,2,9200.0,10,18400.0,16560.0,2025-08,Large
103939,2025-03-11,CUST00339,Alexandria,Coastal,Printer,Office Equipment,3,6868.0,15,20604.0,17513.4,2025-03,Large
103940,2025-10-24,CUST00340,Mansoura,Delta,Notebook Pack,Stationery,4,244.8,20,979.2,783.36,2025-10,Small
103941,2025-05-09,CUST00341,Tanta,Unknown,Laptop,Electronics,5,29355.0,0,146775.0,146775.0,2025-05,Large
103942,2025-12-22,CUST00342,Aswan,Unknown,Smartphone,Electronics,6,15080.0,5,90480.0,85956.0,2025-12,Large
103943,2025-07-07,CUST00343,Luxor,Unknown,Wireless Mouse,Accessories,7,472.5,10,3307.5,2976.75,2025-07,Medium
103944,2025-02-20,CUST00344,Port Said,Unknown,Keyboard,Accessories,8,901.0,15,7208.0,6126.8,2025-02,Medium
103945,2025-09-05,CUST00345,Cairo,Greater Cairo,Office Chair,Furniture,9,5564.0,20,50076.0,40060.8,2025-09,Large
103946,2025-04-18,CUST00346,Giza,Greater Cairo,Desk,Furniture,10,7992.0,0,79920.0,79920.0,2025-04,Large
103947,2025-11-03,CUST00347,Alexandria,Coastal,Headphones,Electronics,11,1962.0,5,21582.0,20502.9,2025-11,Large
103948,2025-06-16,CUST00348,Mansoura,Delta,Monitor,Electronics,12,10120.0,10,121440.0,109296.0,2025-06,Large
103949,2025-01-01,CUST00349,Tanta,Unknown,Printer,Office Equipment,1,6120.0,15,6120.0,5202.0,2025-01,Medium
103950,2025-08-14,CUST00350,Aswan,Unknown,Notebook Pack,Stationery,2,218.4,20,436.8,349.44,2025-08,Small
103951,2025-03-27,CUST00351,Luxor,Unknown,Laptop,Electronics,3,26220.0,0,78660.0,78660.0,2025-03,Large
103952,2025-10-12,CUST00352,Port Said,Unknown,Smartphone,Electronics,4,13485.0,5,53940.0,51243.0,2025-10,Large
103953,2025-05-25,CUST00353,Cairo,Greater Cairo,Wireless Mouse,Accessories,5,423.0,10,2115.0,1903.5,2025-05,Medium
103954,2025-12-10,CUST00354,Giza,Greater Cairo,Keyboard,Accessories,6,807.5,15,4845.0,4118.25,2025-12,Medium
103955,2025-07-23,CUST00355,Alexandria,Coastal,Office Chair,Furniture,7,4992.0,20,34944.0,27955.2,2025-07,Large
103956,2025-02-08,CUST00356,Mansoura,Delta,Desk,Furniture,8,7178.0,0,57424.0,57424.0,2025-02,Large
103957,2025-09-21,CUST00357,Tanta,Unknown,Headphones,Electronics,9,1764.0,5,15876.0,15082.2,2025-09,Large
103958,2025-04-06,CUST00358,Aswan,Unknown,Monitor,Electronics,10,9108.0,10,91080.0,81972.0,2025-04,Large
103959,2025-11-19,CUST00359,Luxor,Unknown,Printer,Office Equipment,11,6800.0,15,74800.0,63580.0,2025-11,Large
103960,2025-06-04,CUST00360,Port Said,Unknown,Notebook Pack,Stationery,12,242.4,20,2908.8,2327.04,2025-06,Medium
103961,2025-01-17,CUST00361,Cairo,Greater Cairo,Laptop,Electronics,1,29070.0,0,29070.0,29070.0,2025-01,Large
103962,2025-08-02,CUST00362,Giza,Greater Cairo,Smartphone,Electronics,2,14935.0,5,29870.0,28376.5,2025-08,Large
103963,2025-03-15,CUST00363,Alexandria,Coastal,Wireless Mouse,Accessories,3,468.0,10,1404.0,1263.6,2025-03,Medium
103964,2025-10-28,CUST00364,Mansoura,Delta,Keyboard,Accessories,4,892.5,15,3570.0,3034.5,2025-10,Medium
103965,2025-05-13,CUST00365,Tanta,Unknown,Office Chair,Furniture,5,5512.0,20,27560.0,22048.0,2025-05,Large
103966,2025-12-26,CUST00366,Aswan,Unknown,Desk,Furniture,6,7918.0,0,47508.0,47508.0,2025-12,Large
103967,2025-07-11,CUST00367,Luxor,Unknown,Headphones,Electronics,7,1944.0,5,13608.0,12927.6,2025-07,Large
103968,2025-02-24,CUST00368,Port Said,Unknown,Monitor,Electronics,8,10028.0,10,80224.0,72201.6,2025-02,Large
103969,2025-09-09,CUST00369,Cairo,Greater Cairo,Printer,Office Equipment,9,7480.0,15,67320.0,57222.0,2025-09,Large
103970,2025-04-22,CUST00370,Giza,Greater Cairo,Notebook Pack,Stationery,10,216.0,20,2160.0,1728.0,2025-04,Medium
103971,2025-11-07,CUST00371,Alexandria,Coastal,Laptop,Electronics,11,25935.0,0,285285.0,285285.0,2025-11,Large
103972,2025-06-20,CUST00372,Mansoura,Delta,Smartphone,Electronics,12,13340.0,5,160080.0,152076.0,2025-06,Large
103973,2025-01-05,CUST00373,Tanta,Unknown,Wireless Mouse,Accessories,1,418.5,10,418.5,376.65,2025-01,Small
103974,2025-08-18,CUST00374,Aswan,Unknown,Keyboard,Accessories,2,799.0,15,1598.0,1358.3,2025-08,Medium
103975,2025-03-03,CUST00375,Luxor,Unknown,Office Chair,Furniture,3,4940.0,20,14820.0,11856.0,2025-03,Large
103976,2025-10-16,CUST00376,Port Said,Unknown,Desk,Furniture,4,7104.0,0,28416.0,28416.0,2025-10,Large
103977,2025-05-01,CUST00377,Cairo,Greater Cairo,Headphones,Electronics,5,1746.0,5,8730.0,8293.5,2025-05,Medium
103978,2025-12-14,CUST00378,Unknown,Unknown,Monitor,Electronics,6,9016.0,10,54096.0,48686.4,2025-12,Large
103979,2025-07-27,CUST00379,Alexandria,Coastal,Printer,Office Equipment,7,6732.0,15,47124.0,40055.4,2025-07,Large
103980,2025-02-12,CUST00380,Mansoura,Delta,Notebook Pack,Stationery,8,240.0,20,1920.0,1536.0,2025-02,Medium
103981,2025-09-25,CUST00381,Tanta,Unknown,Laptop,Electronics,9,28785.0,0,259065.0,259065.0,2025-09,Large
103982,2025-04-10,CUST00382,Aswan,Unknown,Smartphone,Electronics,10,14790.0,5,147900.0,140505.0,2025-04,Large
103983,2025-11-23,CUST00383,Luxor,Unknown,Wireless Mouse,Accessories,11,463.5,0,5098.5,5098.5,2025-11,Medium
103984,2025-06-08,CUST00384,Port Said,Unknown,Keyboard,Accessories,12,884.0,15,10608.0,9016.8,2025-06,Medium
103985,2025-01-21,CUST00385,Cairo,Greater Cairo,Office Chair,Furniture,1,5460.0,20,5460.0,4368.0,2025-01,Medium
103986,2025-08-06,CUST00386,Giza,Greater Cairo,Desk,Furniture,2,7844.0,0,15688.0,15688.0,2025-08,Large
103987,2025-03-19,CUST00387,Alexandria,Coastal,Headphones,Electronics,3,1926.0,5,5778.0,5489.1,2025-03,Medium
103988,2025-10-04,CUST00388,Mansoura,Delta,Monitor,Electronics,4,9936.0,10,39744.0,35769.6,2025-10,Large
103989,2025-05-17,CUST00389,Tanta,Unknown,Printer,Office Equipment,5,7412.0,15,37060.0,31501.0,2025-05,Large
103990,2025-12-02,CUST00390,Aswan,Unknown,Notebook Pack,Stationery,6,264.0,20,1584.0,1267.2,2025-12,Medium
103991,2025-07-15,CUST00391,Luxor,Unknown,Laptop,Electronics,7,25650.0,0,179550.0,179550.0,2025-07,Large
103992,2025-02-28,CUST00392,Port Said,Unknown,Smartphone,Electronics,8,13195.0,5,105560.0,100282.0,2025-02,Large
103993,2025-09-13,CUST00393,Cairo,Greater Cairo,Wireless Mouse,Accessories,9,414.0,10,3726.0,3353.4,2025-09,Medium
103994,2025-04-26,CUST00394,Giza,Greater Cairo,Keyboard,Accessories,10,790.5,15,7905.0,6719.25,2025-04,Medium
103995,2025-11-11,CUST00395,Alexandria,Coastal,Office Chair,Furniture,11,4888.0,20,53768.0,43014.4,2025-11,Large
103996,2025-06-24,CUST00396,Mansoura,Delta,Desk,Furniture,12,7030.0,0,84360.0,84360.0,2025-06,Large
103997,2025-01-09,CUST00397,Tanta,Unknown,Headphones,Electronics,1,1728.0,5,1728.0,1641.6,2025-01,Medium
103998,2025-08-22,CUST00398,Aswan,Unknown,Monitor,Electronics,2,8924.0,10,17848.0,16063.2,2025-08,Large
103999,2025-03-07,CUST00399,Luxor,Unknown,Printer,Office Equipment,3,6664.0,15,19992.0,16993.2,2025-03,Large
104000,2025-10-20,CUST00400,Port Said,Unknown,Notebook Pack,Stationery,4,237.6,20,950.4,760.32,2025-10,Small
104001,2025-05-05,CUST00401,Cairo,Greater Cairo,Laptop,Electronics,5,28500.0,0,142500.0,142500.0,2025-05,Large
104002,2025-12-18,CUST00402,Giza,Greater Cairo,Smartphone,Electronics,6,14645.0,5,87870.0,83476.5,2025-12,Large
104003,2025-07-03,CUST00403,Alexandria,Coastal,Wireless Mouse,Accessories,7,459.0,10,3213.0,2891.7,2025-07,Medium
104004,2025-02-16,CUST00404,Mansoura,Delta,Keyboard,Accessories,8,875.5,15,7004.0,5953.4,2025-02,Medium
104005,2025-09-01,CUST00405,Tanta,Unknown,Office Chair,Furniture,9,5408.0,20,48672.0,38937.6,2025-09,Large
104006,2025-04-14,CUST00406,Aswan,Unknown,Desk,Furniture,10,7770.0,0,77700.0,77700.0,2025-04,Large
104007,2025-11-27,CUST00407,Luxor,Unknown,Headphones,Electronics,11,1908.0,5,20988.0,19938.6,2025-11,Large
104008,2025-06-12,CUST00408,Port Said,Unknown,Monitor,Electronics,12,9844.0,10,118128.0,106315.2,2025-06,Large
104009,2025-01-25,CUST00409,Cairo,Greater Cairo,Printer,Office Equipment,1,7344.0,15,7344.0,6242.4,2025-01,Medium
104010,2025-08-10,CUST00410,Giza,Greater Cairo,Notebook Pack,Stationery,2,261.6,20,523.2,418.56,2025-08,Small
104011,2025-03-23,CUST00411,Alexandria,Coastal,Laptop,Electronics,3,31350.0,0,94050.0,94050.0,2025-03,Large
104012,2025-10-08,CUST00412,Mansoura,Delta,Smartphone,Electronics,4,13050.0,5,52200.0,49590.0,2025-10,Large
104013,2025-05-21,CUST00413,Tanta,Unknown,Wireless Mouse,Accessories,5,409.5,10,2047.5,1842.75,2025-05,Medium
104014,2025-12-06,CUST00414,Aswan,Unknown,Keyboard,Accessories,6,782.0,15,4692.0,3988.2,2025-12,Medium
104015,2025-07-19,CUST00415,Luxor,Unknown,Office Chair,Furniture,7,4836.0,20,33852.0,27081.6,2025-07,Large
104016,2025-02-04,CUST00416,Port Said,Unknown,Desk,Furniture,8,6956.0,0,55648.0,55648.0,2025-02,Large
104017,2025-09-17,CUST00417,Cairo,Greater Cairo,Headphones,Electronics,9,1710.0,5,15390.0,14620.5,2025-09,Large
104018,2025-04-02,CUST00418,Giza,Greater Cairo,Monitor,Electronics,10,8832.0,10,88320.0,79488.0,2025-04,Large
104019,2025-11-15,CUST00419,Alexandria,Coastal,Printer,Office Equipment,11,6596.0,15,72556.0,61672.6,2025-11,Large
104020,2025-06-28,CUST00420,Mansoura,Delta,Notebook Pack,Stationery,12,235.2,20,2822.4,2257.92,2025-06,Medium
104021,2025-01-13,CUST00421,Tanta,Unknown,Laptop,Electronics,1,28215.0,0,28215.0,28215.0,2025-01,Large
104022,2025-08-26,CUST00422,Aswan,Unknown,Smartphone,Electronics,2,14500.0,5,29000.0,27550.0,2025-08,Large
104023,2025-03-11,CUST00423,Luxor,Unknown,Wireless Mouse,Accessories,3,454.5,10,1363.5,1227.15,2025-03,Medium
104024,2025-10-24,CUST00424,Port Said,Unknown,Keyboard,Accessories,4,867.0,15,3468.0,2947.8,2025-10,Medium
104025,2025-05-09,CUST00425,Cairo,Greater Cairo,Office Chair,Furniture,5,5356.0,20,26780.0,21424.0,2025-05,Large
104026,2025-12-22,CUST00426,Giza,Greater Cairo,Desk,Furniture,6,7696.0,0,46176.0,46176.0,2025-12,Large
104027,2025-07-07,CUST00427,Alexandria,Coastal,Headphones,Electronics,7,1890.0,5,13230.0,12568.5,2025-07,Large
104028,2025-02-20,CUST00428,Mansoura,Delta,Monitor,Electronics,8,9752.0,10,78016.0,70214.4,2025-02,Large
104029,2025-09-05,CUST00429,Tanta,Unknown,Printer,Office Equipment,9,7276.0,15,65484.0,55661.4,2025-09,Large
104030,2025-04-18,CUST00430,Aswan,Unknown,Notebook Pack,Stationery,10,259.2,20,2592.0,2073.6,2025-04,Medium
104031,2025-11-03,CUST00431,Luxor,Unknown,Laptop,Electronics,11,31065.0,0,341715.0,341715.0,2025-11,Large
104032,2025-06-16,CUST00432,Port Said,Unknown,Smartphone,Electronics,12,15950.0,5,191400.0,181830.0,2025-06,Large
104033,2025-01-01,CUST00433,Cairo,Greater Cairo,Wireless Mouse,Accessories,1,405.0,10,405.0,364.5,2025-01,Small
104034,2025-08-14,CUST00434,Giza,Greater Cairo,Keyboard,Accessories,2,773.5,15,1547.0,1314.95,2025-08,Medium
104035,2025-03-27,CUST00435,Alexandria,Coastal,Office Chair,Furniture,3,4784.0,20,14352.0,11481.6,2025-03,Large
104036,2025-10-12,CUST00436,Mansoura,Delta,Desk,Furniture,4,6882.0,0,27528.0,27528.0,2025-10,Large
104037,2025-05-25,CUST00437,Tanta,Unknown,Headphones,Electronics,5,1692.0,5,8460.0,8037.0,2025-05,Medium
104038,2025-12-10,CUST00438,Aswan,Unknown,Monitor,Electronics,6,8740.0,10,52440.0,47196.0,2025-12,Large
104039,2025-07-23,CUST00439,Luxor,Unknown,Printer,Office Equipment,7,6528.0,15,45696.0,38841.6,2025-07,Large
104040,2025-02-08,CUST00440,Port Said,Unknown,Notebook Pack,Stationery,8,232.8,20,1862.4,1489.92,2025-02,Medium
104041,2025-09-21,CUST00441,Cairo,Greater Cairo,Laptop,Electronics,9,27930.0,0,251370.0,251370.0,2025-09,Large
104042,2025-04-06,CUST00442,Giza,Greater Cairo,Smartphone,Electronics,10,14355.0,5,143550.0,136372.5,2025-04,Large
104043,2025-11-19,CUST00443,Alexandria,Coastal,Wireless Mouse,Accessories,11,450.0,10,4950.0,4455.0,2025-11,Medium
104044,2025-06-04,CUST00444,Mansoura,Delta,Keyboard,Accessories,12,858.5,15,10302.0,8756.7,2025-06,Medium
104045,2025-01-17,CUST00445,Tanta,Unknown,Office Chair,Furniture,1,5304.0,20,5304.0,4243.2,2025-01,Medium
104046,2025-08-02,CUST00446,Aswan,Unknown,Desk,Furniture,2,7622.0,0,15244.0,15244.0,2025-08,Large
104047,2025-03-15,CUST00447,Luxor,Unknown,Headphones,Electronics,3,1872.0,5,5616.0,5335.2,2025-03,Medium
104048,2025-10-28,CUST00448,Port Said,Unknown,Monitor,Electronics,4,9660.0,10,38640.0,34776.0,2025-10,Large
104049,2025-05-13,CUST00449,Cairo,Greater Cairo,Printer,Office Equipment,5,7208.0,15,36040.0,30634.0,2025-05,Large
104050,2025-12-26,CUST00450,Giza,Greater Cairo,Notebook Pack,Stationery,6,256.8,20,1540.8,1232.64,2025-12,Medium
104051,2025-07-11,CUST00451,Alexandria,Coastal,Laptop,Electronics,7,30780.0,0,215460.0,215460.0,2025-07,Large
104052,2025-02-24,CUST00452,Mansoura,Delta,Smartphone,Electronics,8,15805.0,5,126440.0,120118.0,2025-02,Large
104053,2025-09-09,CUST00453,Tanta,Unknown,Wireless Mouse,Accessories,9,495.0,10,4455.0,4009.5,2025-09,Medium
104054,2025-04-22,CUST00454,Aswan,Unknown,Keyboard,Accessories,10,765.0,15,7650.0,6502.5,2025-04,Medium
104055,2025-11-07,CUST00455,Luxor,Unknown,Office Chair,Furniture,11,4732.0,20,52052.0,41641.6,2025-11,Large
104056,2025-06-20,CUST00456,Port Said,Unknown,Desk,Furniture,12,6808.0,0,81696.0,81696.0,2025-06,Large
104057,2025-01-05,CUST00457,Cairo,Greater Cairo,Headphones,Electronics,1,1674.0,5,1674.0,1590.3,2025-01,Medium
104058,2025-08-18,CUST00458,Giza,Greater Cairo,Monitor,Electronics,2,8648.0,10,17296.0,15566.4,2025-08,Large
104059,2025-03-03,CUST00459,Alexandria,Coastal,Printer,Office Equipment,3,6460.0,15,19380.0,16473.0,2025-03,Large
104060,2025-10-16,CUST00460,Mansoura,Delta,Notebook Pack,Stationery,4,230.4,20,921.6,737.28,2025-10,Small
104061,2025-05-01,CUST00461,Tanta,Unknown,Laptop,Electronics,5,27645.0,0,138225.0,138225.0,2025-05,Large
104062,2025-12-14,CUST00462,Aswan,Unknown,Smartphone,Electronics,6,14210.0,5,85260.0,80997.0,2025-12,Large
104063,2025-07-27,CUST00463,Luxor,Unknown,Wireless Mouse,Accessories,7,445.5,10,3118.5,2806.65,2025-07,Medium
104064,2025-02-12,CUST00464,Port Said,Unknown,Keyboard,Accessories,8,850.0,15,6800.0,5780.0,2025-02,Medium
104065,2025-09-25,CUST00465,Cairo,Greater Cairo,Office Chair,Furniture,9,5252.0,20,47268.0,37814.4,2025-09,Large
104066,2025-04-10,CUST00466,Giza,Greater Cairo,Desk,Furniture,10,7548.0,0,75480.0,75480.0,2025-04,Large
104067,2025-11-23,CUST00467,Alexandria,Coastal,Headphones,Electronics,11,1854.0,5,20394.0,19374.3,2025-11,Large
104068,2025-06-08,CUST00468,Mansoura,Delta,Monitor,Electronics,12,9568.0,10,114816.0,103334.4,2025-06,Large
104069,2025-01-21,CUST00469,Tanta,Unknown,Printer,Office Equipment,1,7140.0,15,7140.0,6069.0,2025-01,Medium
104070,2025-08-06,CUST00470,Aswan,Unknown,Notebook Pack,Stationery,2,254.4,20,508.8,407.04,2025-08,Small
104071,2025-03-19,CUST00471,Luxor,Unknown,Laptop,Electronics,3,30495.0,0,91485.0,91485.0,2025-03,Large
104072,2025-10-04,CUST00472,Port Said,Unknown,Smartphone,Electronics,4,15660.0,5,62640.0,59508.0,2025-10,Large
104073,2025-05-17,CUST00473,Cairo,Greater Cairo,Wireless Mouse,Accessories,5,490.5,10,2452.5,2207.25,2025-05,Medium
104074,2025-12-02,CUST00474,Giza,Greater Cairo,Keyboard,Accessories,6,935.0,15,5610.0,4768.5,2025-12,Medium
104075,2025-07-15,CUST00475,Unknown,Unknown,Office Chair,Furniture,7,4680.0,20,32760.0,26208.0,2025-07,Large
104076,2025-02-28,CUST00476,Mansoura,Delta,Desk,Furniture,8,6734.0,0,53872.0,53872.0,2025-02,Large
104077,2025-09-13,CUST00477,Tanta,Unknown,Headphones,Electronics,9,1656.0,5,14904.0,14158.8,2025-09,Large
104078,2025-04-26,CUST00478,Aswan,Unknown,Monitor,Electronics,10,8556.0,10,85560.0,77004.0,2025-04,Large
104079,2025-11-11,CUST00479,Luxor,Unknown,Printer,Office Equipment,11,6392.0,15,70312.0,59765.2,2025-11,Large
104080,2025-06-24,CUST00480,Port Said,Unknown,Notebook Pack,Stationery,12,228.0,20,2736.0,2188.8,2025-06,Medium
104081,2025-01-09,CUST00481,Cairo,Greater Cairo,Laptop,Electronics,1,27360.0,0,27360.0,27360.0,2025-01,Large
104082,2025-08-22,CUST00482,Giza,Greater Cairo,Smartphone,Electronics,2,14065.0,5,28130.0,26723.5,2025-08,Large
104083,2025-03-07,CUST00483,Alexandria,Coastal,Wireless Mouse,Accessories,3,441.0,10,1323.0,1190.7,2025-03,Medium
104084,2025-10-20,CUST00484,Mansoura,Delta,Keyboard,Accessories,4,841.5,15,3366.0,2861.1,2025-10,Medium
104085,2025-05-05,CUST00485,Tanta,Unknown,Office Chair,Furniture,5,5200.0,20,26000.0,20800.0,2025-05,Large
104086,2025-12-18,CUST00486,Aswan,Unknown,Desk,Furniture,6,7474.0,0,44844.0,44844.0,2025-12,Large
104087,2025-07-03,CUST00487,Luxor,Unknown,Headphones,Electronics,7,1836.0,5,12852.0,12209.4,2025-07,Large
104088,2025-02-16,CUST00488,Port Said,Unknown,Monitor,Electronics,8,9476.0,10,75808.0,68227.2,2025-02,Large
104089,2025-09-01,CUST00489,Cairo,Greater Cairo,Printer,Office Equipment,9,7072.0,15,63648.0,54100.8,2025-09,Large
104090,2025-04-14,CUST00490,Giza,Greater Cairo,Notebook Pack,Stationery,10,252.0,20,2520.0,2016.0,2025-04,Medium
104091,2025-11-27,CUST00491,Alexandria,Coastal,Laptop,Electronics,11,30210.0,0,332310.0,332310.0,2025-11,Large
104092,2025-06-12,CUST00492,Mansoura,Delta,Smartphone,Electronics,12,15515.0,5,186180.0,176871.0,2025-06,Large
104093,2025-01-25,CUST00493,Tanta,Unknown,Wireless Mouse,Accessories,1,486.0,10,486.0,437.4,2025-01,Small
104094,2025-08-10,CUST00494,Aswan,Unknown,Keyboard,Accessories,2,926.5,15,1853.0,1575.05,2025-08,Medium
104095,2025-03-23,CUST00495,Luxor,Unknown,Office Chair,Furniture,3,5720.0,20,17160.0,13728.0,2025-03,Large
104096,2025-10-08,CUST00496,Port Said,Unknown,Desk,Furniture,4,6660.0,0,26640.0,26640.0,2025-10,Large
104097,2025-05-21,CUST00497,Cairo,Greater Cairo,Headphones,Electronics,5,1638.0,5,8190.0,7780.5,2025-05,Medium
104098,2025-12-06,CUST00498,Giza,Greater Cairo,Monitor,Electronics,6,8464.0,10,50784.0,45705.6,2025-12,Large
104099,2025-07-19,CUST00499,Alexandria,Coastal,Printer,Office Equipment,7,6324.0,15,44268.0,37627.8,2025-07,Large
104100,2025-02-04,CUST00500,Mansoura,Delta,Notebook Pack,Stationery,8,225.6,20,1804.8,1443.84,2025-02,Medium
104101,2025-09-17,CUST00501,Tanta,Unknown,Laptop,Electronics,9,27075.0,0,243675.0,243675.0,2025-09,Large
104102,2025-04-02,CUST00502,Aswan,Unknown,Smartphone,Electronics,10,13920.0,5,139200.0,132240.0,2025-04,Large
104103,2025-11-15,CUST00503,Luxor,Unknown,Wireless Mouse,Accessories,11,436.5,10,4801.5,4321.35,2025-11,Medium
104104,2025-06-28,CUST00504,Port Said,Unknown,Keyboard,Accessories,12,833.0,15,9996.0,8496.6,2025-06,Medium
104105,2025-01-13,CUST00505,Cairo,Greater Cairo,Office Chair,Furniture,1,5148.0,20,5148.0,4118.4,2025-01,Medium
104106,2025-08-26,CUST00506,Giza,Greater Cairo,Desk,Furniture,2,7400.0,0,14800.0,14800.0,2025-08,Large
104107,2025-03-11,CUST00507,Alexandria,Coastal,Headphones,Electronics,3,1818.0,5,5454.0,5181.3,2025-03,Medium
104108,2025-10-24,CUST00508,Mansoura,Delta,Monitor,Electronics,4,9384.0,10,37536.0,33782.4,2025-10,Large
104109,2025-05-09,CUST00509,Tanta,Unknown,Printer,Office Equipment,5,7004.0,15,35020.0,29767.0,2025-05,Large
104110,2025-12-22,CUST00510,Aswan,Unknown,Notebook Pack,Stationery,6,249.6,20,1497.6,1198.08,2025-12,Medium
104111,2025-07-07,CUST00511,Luxor,Unknown,Laptop,Electronics,7,29925.0,0,209475.0,209475.0,2025-07,Large
104112,2025-02-20,CUST00512,Port Said,Unknown,Smartphone,Electronics,8,15370.0,5,122960.0,116812.0,2025-02,Large
104113,2025-09-05,CUST00513,Cairo,Greater Cairo,Wireless Mouse,Accessories,9,481.5,10,4333.5,3900.15,2025-09,Medium
104114,2025-04-18,CUST00514,Giza,Greater Cairo,Keyboard,Accessories,10,918.0,15,9180.0,7803.0,2025-04,Medium
104115,2025-11-03,CUST00515,Alexandria,Coastal,Office Chair,Furniture,11,5668.0,20,62348.0,49878.4,2025-11,Large
104116,2025-06-16,CUST00516,Mansoura,Delta,Desk,Furniture,12,8140.0,0,97680.0,97680.0,2025-06,Large
104117,2025-01-01,CUST00517,Tanta,Unknown,Headphones,Electronics,1,1620.0,5,1620.0,1539.0,2025-01,Medium
104118,2025-08-14,CUST00518,Aswan,Unknown,Monitor,Electronics,2,8372.0,10,16744.0,15069.6,2025-08,Large
104119,2025-03-27,CUST00519,Luxor,Unknown,Printer,Office Equipment,3,6256.0,15,18768.0,15952.8,2025-03,Large
104120,2025-10-12,CUST00520,Port Said,Unknown,Notebook Pack,Stationery,4,223.2,20,892.8,714.24,2025-10,Small
104121,2025-05-25,CUST00521,Cairo,Greater Cairo,Laptop,Electronics,5,26790.0,0,133950.0,133950.0,2025-05,Large
104122,2025-12-10,CUST00522,Giza,Greater Cairo,Smartphone,Electronics,6,13775.0,5,82650.0,78517.5,2025-12,Large
104123,2025-07-23,CUST00523,Alexandria,Coastal,Wireless Mouse,Accessories,7,432.0,10,3024.0,2721.6,2025-07,Medium
104124,2025-02-08,CUST00524,Mansoura,Delta,Keyboard,Accessories,8,824.5,15,6596.0,5606.6,2025-02,Medium
104125,2025-09-21,CUST00525,Tanta,Unknown,Office Chair,Furniture,9,5096.0,20,45864.0,36691.2,2025-09,Large
104126,2025-04-06,CUST00526,Aswan,Unknown,Desk,Furniture,10,7326.0,0,73260.0,73260.0,2025-04,Large
104127,2025-11-19,CUST00527,Luxor,Unknown,Headphones,Electronics,11,1800.0,5,19800.0,18810.0,2025-11,Large
104128,2025-06-04,CUST00528,Port Said,Unknown,Monitor,Electronics,12,9292.0,10,111504.0,100353.6,2025-06,Large
104129,2025-01-17,CUST00529,Cairo,Greater Cairo,Printer,Office Equipment,1,6936.0,15,6936.0,5895.6,2025-01,Medium
104130,2025-08-02,CUST00530,Giza,Greater Cairo,Notebook Pack,Stationery,2,247.2,20,494.4,395.52,2025-08,Small
104131,2025-03-15,CUST00531,Alexandria,Coastal,Laptop,Electronics,3,29640.0,0,88920.0,88920.0,2025-03,Large
104132,2025-10-28,CUST00532,Mansoura,Delta,Smartphone,Electronics,4,15225.0,5,60900.0,57855.0,2025-10,Large
104133,2025-05-13,CUST00533,Tanta,Unknown,Wireless Mouse,Accessories,5,477.0,10,2385.0,2146.5,2025-05,Medium
104134,2025-12-26,CUST00534,Aswan,Unknown,Keyboard,Accessories,6,909.5,15,5457.0,4638.45,2025-12,Medium
104135,2025-07-11,CUST00535,Luxor,Unknown,Office Chair,Furniture,7,5616.0,20,39312.0,31449.6,2025-07,Large
104136,2025-02-24,CUST00536,Port Said,Unknown,Desk,Furniture,8,8066.0,0,64528.0,64528.0,2025-02,Large
104137,2025-09-09,CUST00537,Cairo,Greater Cairo,Headphones,Electronics,9,1980.0,5,17820.0,16929.0,2025-09,Large
104138,2025-04-22,CUST00538,Giza,Greater Cairo,Monitor,Electronics,10,8280.0,10,82800.0,74520.0,2025-04,Large
104139,2025-11-07,CUST00539,Alexandria,Coastal,Printer,Office Equipment,11,6188.0,15,68068.0,57857.8,2025-11,Large
104140,2025-06-20,CUST00540,Mansoura,Delta,Notebook Pack,Stationery,12,220.8,20,2649.6,2119.68,2025-06,Medium
104141,2025-01-05,CUST00541,Tanta,Unknown,Laptop,Electronics,1,26505.0,0,26505.0,26505.0,2025-01,Large
104142,2025-08-18,CUST00542,Aswan,Unknown,Smartphone,Electronics,2,13630.0,5,27260.0,25897.0,2025-08,Large
104143,2025-03-03,CUST00543,Luxor,Unknown,Wireless Mouse,Accessories,3,427.5,10,1282.5,1154.25,2025-03,Medium
104144,2025-10-16,CUST00544,Port Said,Unknown,Keyboard,Accessories,4,816.0,15,3264.0,2774.4,2025-10,Medium
104145,2025-05-01,CUST00545,Cairo,Greater Cairo,Office Chair,Furniture,5,5044.0,20,25220.0,20176.0,2025-05,Large
104146,2026-12-14,CUST00546,Giza,Greater Cairo,Desk,Furniture,6,7252.0,0,43512.0,43512.0,2026-12,Large
104147,2026-07-27,CUST00547,Alexandria,Coastal,Headphones,Electronics,7,1782.0,5,12474.0,11850.3,2026-07,Large
104148,2026-02-12,CUST00548,Mansoura,Delta,Monitor,Electronics,8,9200.0,10,73600.0,66240.0,2026-02,Large
104149,2026-09-25,CUST00549,Tanta,Unknown,Printer,Office Equipment,9,6868.0,15,61812.0,52540.2,2026-09,Large
104150,2026-04-10,CUST00550,Aswan,Unknown,Notebook Pack,Stationery,10,244.8,20,2448.0,1958.4,2026-04,Medium
104151,2026-11-23,CUST00551,Luxor,Unknown,Laptop,Electronics,11,29355.0,0,322905.0,322905.0,2026-11,Large
104152,2026-06-08,CUST00552,Port Said,Unknown,Smartphone,Electronics,12,15080.0,5,180960.0,171912.0,2026-06,Large
104153,2026-01-21,CUST00553,Cairo,Greater Cairo,Wireless Mouse,Accessories,1,472.5,10,472.5,425.25,2026-01,Small
104154,2026-08-06,CUST00554,Giza,Greater Cairo,Keyboard,Accessories,2,901.0,15,1802.0,1531.7,2026-08,Medium
104155,2026-03-19,CUST00555,Alexandria,Coastal,Office Chair,Furniture,3,5564.0,20,16692.0,13353.6,2026-03,Large
104156,2026-10-04,CUST00556,Mansoura,Delta,Desk,Furniture,4,7992.0,0,31968.0,31968.0,2026-10,Large
104157,2026-05-17,CUST00557,Tanta,Unknown,Headphones,Electronics,5,1962.0,5,9810.0,9319.5,2026-05,Medium
104158,2026-12-02,CUST00558,Aswan,Unknown,Monitor,Electronics,6,10120.0,10,60720.0,54648.0,2026-12,Large
104159,2026-07-15,CUST00559,Luxor,Unknown,Printer,Office Equipment,7,6120.0,15,42840.0,36414.0,2026-07,Large
104160,2026-02-28,CUST00560,Port Said,Unknown,Notebook Pack,Stationery,8,218.4,20,1747.2,1397.76,2026-02,Medium
104161,2026-09-13,CUST00561,Cairo,Greater Cairo,Laptop,Electronics,9,26220.0,0,235980.0,235980.0,2026-09,Large
104162,2026-04-26,CUST00562,Giza,Greater Cairo,Smartphone,Electronics,10,13485.0,5,134850.0,128107.5,2026-04,Large
104163,2026-11-11,CUST00563,Alexandria,Coastal,Wireless Mouse,Accessories,11,423.0,10,4653.0,4187.7,2026-11,Medium
104164,2026-06-24,CUST00564,Mansoura,Delta,Keyboard,Accessories,12,807.5,0,9690.0,9690.0,2026-06,Medium
104165,2026-01-09,CUST00565,Tanta,Unknown,Office Chair,Furniture,1,4992.0,20,4992.0,3993.6,2026-01,Medium
104166,2026-08-22,CUST00566,Aswan,Unknown,Desk,Furniture,2,7178.0,0,14356.0,14356.0,2026-08,Large
104167,2026-03-07,CUST00567,Luxor,Unknown,Headphones,Electronics,3,1764.0,5,5292.0,5027.4,2026-03,Medium
104168,2026-10-20,CUST00568,Port Said,Unknown,Monitor,Electronics,4,9108.0,10,36432.0,32788.8,2026-10,Large
104169,2026-05-05,CUST00569,Cairo,Greater Cairo,Printer,Office Equipment,5,6800.0,15,34000.0,28900.0,2026-05,Large
104170,2026-12-18,CUST00570,Giza,Greater Cairo,Notebook Pack,Stationery,6,242.4,20,1454.4,1163.52,2026-12,Medium
104171,2026-07-03,CUST00571,Alexandria,Coastal,Laptop,Electronics,7,29070.0,0,203490.0,203490.0,2026-07,Large
104172,2026-02-16,CUST00572,Unknown,Unknown,Smartphone,Electronics,8,14935.0,5,119480.0,113506.0,2026-02,Large
104173,2026-09-01,CUST00573,Tanta,Unknown,Wireless Mouse,Accessories,9,468.0,10,4212.0,3790.8,2026-09,Medium
104174,2026-04-14,CUST00574,Aswan,Unknown,Keyboard,Accessories,10,892.5,15,8925.0,7586.25,2026-04,Medium
104175,2026-11-27,CUST00575,Luxor,Unknown,Office Chair,Furniture,11,5512.0,20,60632.0,48505.6,2026-11,Large
104176,2026-06-12,CUST00576,Port Said,Unknown,Desk,Furniture,12,7918.0,0,95016.0,95016.0,2026-06,Large
104177,2026-01-25,CUST00577,Cairo,Greater Cairo,Headphones,Electronics,1,1944.0,5,1944.0,1846.8,2026-01,Medium
104178,2026-08-10,CUST00578,Giza,Greater Cairo,Monitor,Electronics,2,10028.0,10,20056.0,18050.4,2026-08,Large
104179,2026-03-23,CUST00579,Alexandria,Coastal,Printer,Office Equipment,3,7480.0,15,22440.0,19074.0,2026-03,Large
104180,2026-10-08,CUST00580,Mansoura,Delta,Notebook Pack,Stationery,4,216.0,20,864.0,691.2,2026-10,Small
104181,2026-05-21,CUST00581,Tanta,Unknown,Laptop,Electronics,5,25935.0,0,129675.0,129675.0,2026-05,Large
104182,2026-12-06,CUST00582,Aswan,Unknown,Smartphone,Electronics,6,13340.0,5,80040.0,76038.0,2026-12,Large
104183,2026-07-19,CUST00583,Luxor,Unknown,Wireless Mouse,Accessories,7,418.5,10,2929.5,2636.55,2026-07,Medium
104184,2026-02-04,CUST00584,Port Said,Unknown,Keyboard,Accessories,8,799.0,15,6392.0,5433.2,2026-02,Medium
104185,2026-09-17,CUST00585,Cairo,Greater Cairo,Office Chair,Furniture,9,4940.0,20,44460.0,35568.0,2026-09,Large
104186,2026-04-02,CUST00586,Giza,Greater Cairo,Desk,Furniture,10,7104.0,0,71040.0,71040.0,2026-04,Large
104187,2026-11-15,CUST00587,Alexandria,Coastal,Headphones,Electronics,11,1746.0,5,19206.0,18245.7,2026-11,Large
104188,2026-06-28,CUST00588,Mansoura,Delta,Monitor,Electronics,12,9016.0,10,108192.0,97372.8,2026-06,Large
104189,2026-01-13,CUST00589,Tanta,Unknown,Printer,Office Equipment,1,6732.0,15,6732.0,5722.2,2026-01,Medium
104190,2026-08-26,CUST00590,Aswan,Unknown,Notebook Pack,Stationery,2,240.0,20,480.0,384.0,2026-08,Small
104191,2026-03-11,CUST00591,Luxor,Unknown,Laptop,Electronics,3,28785.0,0,86355.0,86355.0,2026-03,Large
104192,2026-10-24,CUST00592,Port Said,Unknown,Smartphone,Electronics,4,14790.0,5,59160.0,56202.0,2026-10,Large
104193,2026-05-09,CUST00593,Cairo,Greater Cairo,Wireless Mouse,Accessories,5,463.5,10,2317.5,2085.75,2026-05,Medium
104194,2026-12-22,CUST00594,Giza,Greater Cairo,Keyboard,Accessories,6,884.0,15,5304.0,4508.4,2026-12,Medium
104195,2026-07-07,CUST00595,Alexandria,Coastal,Office Chair,Furniture,7,5460.0,20,38220.0,30576.0,2026-07,Large
104196,2026-02-20,CUST00596,Mansoura,Delta,Desk,Furniture,8,7844.0,0,62752.0,62752.0,2026-02,Large
104197,2026-09-05,CUST00597,Tanta,Unknown,Headphones,Electronics,9,1926.0,5,17334.0,16467.3,2026-09,Large
104198,2026-04-18,CUST00598,Aswan,Unknown,Monitor,Electronics,10,9936.0,10,99360.0,89424.0,2026-04,Large
104199,2026-11-03,CUST00599,Luxor,Unknown,Printer,Office Equipment,11,7412.0,15,81532.0,69302.2,2026-11,Large
104200,2026-06-16,CUST00600,Port Said,Unknown,Notebook Pack,Stationery,12,264.0,20,3168.0,2534.4,2026-06,Medium
104201,2026-01-01,CUST00601,Cairo,Greater Cairo,Laptop,Electronics,1,25650.0,0,25650.0,25650.0,2026-01,Large
104202,2026-08-14,CUST00602,Giza,Greater Cairo,Smartphone,Electronics,2,13195.0,5,26390.0,25070.5,2026-08,Large
104203,2026-03-27,CUST00603,Alexandria,Coastal,Wireless Mouse,Accessories,3,414.0,10,1242.0,1117.8,2026-03,Medium
104204,2026-10-12,CUST00604,Mansoura,Delta,Keyboard,Accessories,4,790.5,15,3162.0,2687.7,2026-10,Medium
104205,2026-05-25,CUST00605,Tanta,Unknown,Office Chair,Furniture,5,4888.0,20,24440.0,19552.0,2026-05,Large
104206,2026-12-10,CUST00606,Aswan,Unknown,Desk,Furniture,6,7030.0,0,42180.0,42180.0,2026-12,Large
104207,2026-07-23,CUST00607,Luxor,Unknown,Headphones,Electronics,7,1728.0,5,12096.0,11491.2,2026-07,Large
104208,2026-02-08,CUST00608,Port Said,Unknown,Monitor,Electronics,8,8924.0,10,71392.0,64252.8,2026-02,Large
104209,2026-09-21,CUST00609,Cairo,Greater Cairo,Printer,Office Equipment,9,6664.0,15,59976.0,50979.6,2026-09,Large
104210,2026-04-06,CUST00610,Giza,Greater Cairo,Notebook Pack,Stationery,10,237.6,20,2376.0,1900.8,2026-04,Medium
104211,2026-11-19,CUST00611,Alexandria,Coastal,Laptop,Electronics,11,28500.0,0,313500.0,313500.0,2026-11,Large
104212,2026-06-04,CUST00612,Mansoura,Delta,Smartphone,Electronics,12,14645.0,5,175740.0,166953.0,2026-06,Large
104213,2026-01-17,CUST00613,Tanta,Unknown,Wireless Mouse,Accessories,1,459.0,10,459.0,413.1,2026-01,Small
104214,2026-08-02,CUST00614,Aswan,Unknown,Keyboard,Accessories,2,875.5,15,1751.0,1488.35,2026-08,Medium
104215,2026-03-15,CUST00615,Luxor,Unknown,Office Chair,Furniture,3,5408.0,20,16224.0,12979.2,2026-03,Large
104216,2026-10-28,CUST00616,Port Said,Unknown,Desk,Furniture,4,7770.0,0,31080.0,31080.0,2026-10,Large
104217,2026-05-13,CUST00617,Cairo,Greater Cairo,Headphones,Electronics,5,1908.0,5,9540.0,9063.0,2026-05,Medium
104218,2026-12-26,CUST00618,Giza,Greater Cairo,Monitor,Electronics,6,9844.0,10,59064.0,53157.6,2026-12,Large
104219,2026-07-11,CUST00619,Alexandria,Coastal,Printer,Office Equipment,7,7344.0,15,51408.0,43696.8,2026-07,Large
104220,2026-02-24,CUST00620,Mansoura,Delta,Notebook Pack,Stationery,8,261.6,20,2092.8,1674.24,2026-02,Medium
104221,2026-09-09,CUST00621,Tanta,Unknown,Laptop,Electronics,9,31350.0,0,282150.0,282150.0,2026-09,Large
104222,2026-04-22,CUST00622,Aswan,Unknown,Smartphone,Electronics,10,13050.0,5,130500.0,123975.0,2026-04,Large
104223,2026-11-07,CUST00623,Luxor,Unknown,Wireless Mouse,Accessories,11,409.5,10,4504.5,4054.05,2026-11,Medium
104224,2026-06-20,CUST00624,Port Said,Unknown,Keyboard,Accessories,12,782.0,15,9384.0,7976.4,2026-06,Medium
104225,2026-01-05,CUST00625,Cairo,Greater Cairo,Office Chair,Furniture,1,4836.0,20,4836.0,3868.8,2026-01,Medium
104226,2026-08-18,CUST00626,Giza,Greater Cairo,Desk,Furniture,2,6956.0,0,13912.0,13912.0,2026-08,Large
104227,2026-03-03,CUST00627,Alexandria,Coastal,Headphones,Electronics,3,1710.0,5,5130.0,4873.5,2026-03,Medium
104228,2026-10-16,CUST00628,Mansoura,Delta,Monitor,Electronics,4,8832.0,10,35328.0,31795.2,2026-10,Large
104229,2026-05-01,CUST00629,Tanta,Unknown,Printer,Office Equipment,5,6596.0,15,32980.0,28033.0,2026-05,Large
104230,2026-12-14,CUST00630,Aswan,Unknown,Notebook Pack,Stationery,6,235.2,20,1411.2,1128.96,2026-12,Medium
104231,2026-07-27,CUST00631,Luxor,Unknown,Laptop,Electronics,7,28215.0,0,197505.0,197505.0,2026-07,Large
104232,2026-02-12,CUST00632,Port Said,Unknown,Smartphone,Electronics,8,14500.0,5,116000.0,110200.0,2026-02,Large
104233,2026-09-25,CUST00633,Cairo,Greater Cairo,Wireless Mouse,Accessories,9,454.5,10,4090.5,3681.45,2026-09,Medium
104234,2026-04-10,CUST00634,Giza,Greater Cairo,Keyboard,Accessories,10,867.0,15,8670.0,7369.5,2026-04,Medium
104235,2026-11-23,CUST00635,Alexandria,Coastal,Office Chair,Furniture,11,5356.0,20,58916.0,47132.8,2026-11,Large
104236,2026-06-08,CUST00636,Mansoura,Delta,Desk,Furniture,12,7696.0,0,92352.0,92352.0,2026-06,Large
104237,2026-01-21,CUST00637,Tanta,Unknown,Headphones,Electronics,1,1890.0,5,1890.0,1795.5,2026-01,Medium
104238,2026-08-06,CUST00638,Aswan,Unknown,Monitor,Electronics,2,9752.0,10,19504.0,17553.6,2026-08,Large
104239,2026-03-19,CUST00639,Luxor,Unknown,Printer,Office Equipment,3,7276.0,15,21828.0,18553.8,2026-03,Large
104240,2026-10-04,CUST00640,Port Said,Unknown,Notebook Pack,Stationery,4,259.2,20,1036.8,829.44,2026-10,Small
104241,2026-05-17,CUST00641,Cairo,Greater Cairo,Laptop,Electronics,5,31065.0,0,155325.0,155325.0,2026-05,Large
104242,2026-12-02,CUST00642,Giza,Greater Cairo,Smartphone,Electronics,6,15950.0,5,95700.0,90915.0,2026-12,Large
104243,2026-07-15,CUST00643,Alexandria,Coastal,Wireless Mouse,Accessories,7,405.0,10,2835.0,2551.5,2026-07,Medium
104244,2026-02-28,CUST00644,Mansoura,Delta,Keyboard,Accessories,8,773.5,15,6188.0,5259.8,2026-02,Medium
104245,2026-09-13,CUST00645,Tanta,Unknown,Office Chair,Furniture,9,4784.0,20,43056.0,34444.8,2026-09,Large
104246,2026-04-26,CUST00646,Aswan,Unknown,Desk,Furniture,10,6882.0,0,68820.0,68820.0,2026-04,Large
104247,2026-11-11,CUST00647,Luxor,Unknown,Headphones,Electronics,11,1692.0,5,18612.0,17681.4,2026-11,Large
104248,2026-06-24,CUST00648,Port Said,Unknown,Monitor,Electronics,12,8740.0,10,104880.0,94392.0,2026-06,Large
104249,2026-01-09,CUST00649,Cairo,Greater Cairo,Printer,Office Equipment,1,6528.0,15,6528.0,5548.8,2026-01,Medium
104250,2026-08-22,CUST00650,Giza,Greater Cairo,Notebook Pack,Stationery,2,232.8,20,465.6,372.48,2026-08,Small
104251,2026-03-07,CUST00651,Alexandria,Coastal,Laptop,Electronics,3,27930.0,0,83790.0,83790.0,2026-03,Large
104252,2026-10-20,CUST00652,Mansoura,Delta,Smartphone,Electronics,4,14355.0,5,57420.0,54549.0,2026-10,Large
104253,2026-05-05,CUST00653,Tanta,Unknown,Wireless Mouse,Accessories,5,450.0,10,2250.0,2025.0,2026-05,Medium
104254,2026-12-18,CUST00654,Aswan,Unknown,Keyboard,Accessories,6,858.5,15,5151.0,4378.35,2026-12,Medium
104255,2026-07-03,CUST00655,Luxor,Unknown,Office Chair,Furniture,7,5304.0,20,37128.0,29702.4,2026-07,Large
104256,2026-02-16,CUST00656,Port Said,Unknown,Desk,Furniture,8,7622.0,0,60976.0,60976.0,2026-02,Large
104257,2026-09-01,CUST00657,Cairo,Greater Cairo,Headphones,Electronics,9,1872.0,5,16848.0,16005.6,2026-09,Large
104258,2026-04-14,CUST00658,Giza,Greater Cairo,Monitor,Electronics,10,9660.0,10,96600.0,86940.0,2026-04,Large
104259,2026-11-27,CUST00659,Alexandria,Coastal,Printer,Office Equipment,11,7208.0,15,79288.0,67394.8,2026-11,Large
104260,2026-06-12,CUST00660,Mansoura,Delta,Notebook Pack,Stationery,12,256.8,20,3081.6,2465.28,2026-06,Medium
104261,2026-01-25,CUST00661,Tanta,Unknown,Laptop,Electronics,1,30780.0,0,30780.0,30780.0,2026-01,Large
104262,2026-08-10,CUST00662,Aswan,Unknown,Smartphone,Electronics,2,15805.0,5,31610.0,30029.5,2026-08,Large
104263,2026-03-23,CUST00663,Luxor,Unknown,Wireless Mouse,Accessories,3,495.0,10,1485.0,1336.5,2026-03,Medium
104264,2026-10-08,CUST00664,Port Said,Unknown,Keyboard,Accessories,4,765.0,15,3060.0,2601.0,2026-10,Medium
104265,2026-05-21,CUST00665,Cairo,Greater Cairo,Office Chair,Furniture,5,4732.0,20,23660.0,18928.0,2026-05,Large
104266,2026-12-06,CUST00666,Giza,Greater Cairo,Desk,Furniture,6,6808.0,0,40848.0,40848.0,2026-12,Large
104267,2026-07-19,CUST00667,Alexandria,Coastal,Headphones,Electronics,7,1674.0,5,11718.0,11132.1,2026-07,Large
104268,2026-02-04,CUST00668,Mansoura,Delta,Monitor,Electronics,8,8648.0,10,69184.0,62265.6,2026-02,Large
104269,2026-09-17,CUST00669,Unknown,Unknown,Printer,Office Equipment,9,6460.0,15,58140.0,49419.0,2026-09,Large
104270,2026-04-02,CUST00670,Aswan,Unknown,Notebook Pack,Stationery,10,230.4,20,2304.0,1843.2,2026-04,Medium
104271,2026-11-15,CUST00671,Luxor,Unknown,Laptop,Electronics,11,27645.0,0,304095.0,304095.0,2026-11,Large
104272,2026-06-28,CUST00672,Port Said,Unknown,Smartphone,Electronics,12,14210.0,5,170520.0,161994.0,2026-06,Large
104273,2026-01-13,CUST00673,Cairo,Greater Cairo,Wireless Mouse,Accessories,1,445.5,10,445.5,400.95,2026-01,Small
104274,2026-08-26,CUST00674,Giza,Greater Cairo,Keyboard,Accessories,2,850.0,15,1700.0,1445.0,2026-08,Medium
104275,2026-03-11,CUST00675,Alexandria,Coastal,Office Chair,Furniture,3,5252.0,20,15756.0,12604.8,2026-03,Large
104276,2026-10-24,CUST00676,Mansoura,Delta,Desk,Furniture,4,7548.0,0,30192.0,30192.0,2026-10,Large
104277,2026-05-09,CUST00677,Tanta,Unknown,Headphones,Electronics,5,1854.0,5,9270.0,8806.5,2026-05,Medium
104278,2026-12-22,CUST00678,Aswan,Unknown,Monitor,Electronics,6,9568.0,10,57408.0,51667.2,2026-12,Large
104279,2026-07-07,CUST00679,Luxor,Unknown,Printer,Office Equipment,7,7140.0,15,49980.0,42483.0,2026-07,Large
104280,2026-02-20,CUST00680,Port Said,Unknown,Notebook Pack,Stationery,8,254.4,20,2035.2,1628.16,2026-02,Medium
104281,2026-09-05,CUST00681,Cairo,Greater Cairo,Laptop,Electronics,9,30495.0,0,274455.0,274455.0,2026-09,Large
104282,2026-04-18,CUST00682,Giza,Greater Cairo,Smartphone,Electronics,10,15660.0,5,156600.0,148770.0,2026-04,Large
104283,2026-11-03,CUST00683,Alexandria,Coastal,Wireless Mouse,Accessories,11,490.5,10,5395.5,4855.95,2026-11,Medium
104284,2026-06-16,CUST00684,Mansoura,Delta,Keyboard,Accessories,12,935.0,15,11220.0,9537.0,2026-06,Medium
104285,2026-01-01,CUST00685,Tanta,Unknown,Office Chair,Furniture,1,4680.0,20,4680.0,3744.0,2026-01,Medium
104286,2026-08-14,CUST00686,Aswan,Unknown,Desk,Furniture,2,6734.0,0,13468.0,13468.0,2026-08,Large
104287,2026-03-27,CUST00687,Luxor,Unknown,Headphones,Electronics,3,1656.0,5,4968.0,4719.6,2026-03,Medium
104288,2026-10-12,CUST00688,Port Said,Unknown,Monitor,Electronics,4,8556.0,10,34224.0,30801.6,2026-10,Large
104289,2026-05-25,CUST00689,Cairo,Greater Cairo,Printer,Office Equipment,5,6392.0,15,31960.0,27166.0,2026-05,Large
104290,2026-12-10,CUST00690,Giza,Greater Cairo,Notebook Pack,Stationery,6,228.0,20,1368.0,1094.4,2026-12,Medium
104291,2026-07-23,CUST00691,Alexandria,Coastal,Laptop,Electronics,7,27360.0,0,191520.0,191520.0,2026-07,Large
104292,2026-02-08,CUST00692,Mansoura,Delta,Smartphone,Electronics,8,14065.0,5,112520.0,106894.0,2026-02,Large
104293,2026-09-21,CUST00693,Tanta,Unknown,Wireless Mouse,Accessories,9,441.0,10,3969.0,3572.1,2026-09,Medium
104294,2026-04-06,CUST00694,Aswan,Unknown,Keyboard,Accessories,10,841.5,15,8415.0,7152.75,2026-04,Medium
104295,2026-11-19,CUST00695,Luxor,Unknown,Office Chair,Furniture,11,5200.0,20,57200.0,45760.0,2026-11,Large
104296,2026-06-04,CUST00696,Port Said,Unknown,Desk,Furniture,12,7474.0,0,89688.0,89688.0,2026-06,Large
104297,2026-01-17,CUST00697,Cairo,Greater Cairo,Headphones,Electronics,1,1836.0,5,1836.0,1744.2,2026-01,Medium
104298,2026-08-02,CUST00698,Giza,Greater Cairo,Monitor,Electronics,2,9476.0,10,18952.0,17056.8,2026-08,Large
104299,2026-03-15,CUST00699,Alexandria,Coastal,Printer,Office Equipment,3,7072.0,15,21216.0,18033.6,2026-03,Large
104300,2026-10-28,CUST00700,Mansoura,Delta,Notebook Pack,Stationery,4,252.0,20,1008.0,806.4,2026-10,Small
104301,2026-05-13,CUST00701,Tanta,Unknown,Laptop,Electronics,5,30210.0,0,151050.0,151050.0,2026-05,Large
104302,2026-12-26,CUST00702,Aswan,Unknown,Smartphone,Electronics,6,15515.0,5,93090.0,88435.5,2026-12,Large
104303,2026-07-11,CUST00703,Luxor,Unknown,Wireless Mouse,Accessories,7,486.0,10,3402.0,3061.8,2026-07,Medium
104304,2026-02-24,CUST00704,Port Said,Unknown,Keyboard,Accessories,8,926.5,15,7412.0,6300.2,2026-02,Medium
104305,2026-09-09,CUST00705,Cairo,Greater Cairo,Office Chair,Furniture,9,5720.0,20,51480.0,41184.0,2026-09,Large
104306,2026-04-22,CUST00706,Giza,Greater Cairo,Desk,Furniture,10,6660.0,0,66600.0,66600.0,2026-04,Large
104307,2026-11-07,CUST00707,Alexandria,Coastal,Headphones,Electronics,11,1638.0,5,18018.0,17117.1,2026-11,Large
104308,2026-06-20,CUST00708,Mansoura,Delta,Monitor,Electronics,12,8464.0,10,101568.0,91411.2,2026-06,Large
104309,2026-01-05,CUST00709,Tanta,Unknown,Printer,Office Equipment,1,6324.0,15,6324.0,5375.4,2026-01,Medium
104310,2026-08-18,CUST00710,Aswan,Unknown,Notebook Pack,Stationery,2,225.6,20,451.2,360.96,2026-08,Small
104311,2026-03-03,CUST00711,Luxor,Unknown,Laptop,Electronics,3,27075.0,0,81225.0,81225.0,2026-03,Large
104312,2026-10-16,CUST00712,Port Said,Unknown,Smartphone,Electronics,4,13920.0,5,55680.0,52896.0,2026-10,Large
104313,2026-05-01,CUST00713,Cairo,Greater Cairo,Wireless Mouse,Accessories,5,436.5,10,2182.5,1964.25,2026-05,Medium
104314,2026-12-14,CUST00714,Giza,Greater Cairo,Keyboard,Accessories,6,833.0,15,4998.0,4248.3,2026-12,Medium
104315,2026-07-27,CUST00715,Alexandria,Coastal,Office Chair,Furniture,7,5148.0,20,36036.0,28828.8,2026-07,Large
104316,2026-02-12,CUST00716,Mansoura,Delta,Desk,Furniture,8,7400.0,0,59200.0,59200.0,2026-02,Large
104317,2026-09-25,CUST00717,Tanta,Unknown,Headphones,Electronics,9,1818.0,5,16362.0,15543.9,2026-09,Large
104318,2026-04-10,CUST00718,Aswan,Unknown,Monitor,Electronics,10,9384.0,10,93840.0,84456.0,2026-04,Large
104319,2026-11-23,CUST00719,Luxor,Unknown,Printer,Office Equipment,11,7004.0,15,77044.0,65487.4,2026-11,Large
104320,2026-06-08,CUST00720,Port Said,Unknown,Notebook Pack,Stationery,12,249.6,20,2995.2,2396.16,2026-06,Medium
104321,2025-01-21,CUST00721,Cairo,Greater Cairo,Laptop,Electronics,1,29925.0,0,29925.0,29925.0,2025-01,Large
104322,2025-08-06,CUST00722,Giza,Greater Cairo,Smartphone,Electronics,2,15370.0,5,30740.0,29203.0,2025-08,Large
104323,2025-03-19,CUST00723,Alexandria,Coastal,Wireless Mouse,Accessories,3,481.5,10,1444.5,1300.05,2025-03,Medium
104324,2025-10-04,CUST00724,Mansoura,Delta,Keyboard,Accessories,4,918.0,15,3672.0,3121.2,2025-10,Medium
104325,2025-05-17,CUST00725,Tanta,Unknown,Office Chair,Furniture,5,5668.0,20,28340.0,22672.0,2025-05,Large
104326,2025-12-02,CUST00726,Aswan,Unknown,Desk,Furniture,6,8140.0,0,48840.0,48840.0,2025-12,Large
104327,2025-07-15,CUST00727,Luxor,Unknown,Headphones,Electronics,7,1620.0,5,11340.0,10773.0,2025-07,Large
104328,2025-02-28,CUST00728,Port Said,Unknown,Monitor,Electronics,8,8372.0,10,66976.0,60278.4,2025-02,Large
104329,2025-09-13,CUST00729,Cairo,Greater Cairo,Printer,Office Equipment,9,6256.0,15,56304.0,47858.4,2025-09,Large
104330,2025-04-26,CUST00730,Giza,Greater Cairo,Notebook Pack,Stationery,10,223.2,20,2232.0,1785.6,2025-04,Medium
104331,2025-11-11,CUST00731,Alexandria,Coastal,Laptop,Electronics,11,26790.0,0,294690.0,294690.0,2025-11,Large
104332,2025-06-24,CUST00732,Mansoura,Delta,Smartphone,Electronics,12,13775.0,5,165300.0,157035.0,2025-06,Large
104333,2025-01-09,CUST00733,Tanta,Unknown,Wireless Mouse,Accessories,1,432.0,10,432.0,388.8,2025-01,Small
104334,2025-08-22,CUST00734,Aswan,Unknown,Keyboard,Accessories,2,824.5,15,1649.0,1401.65,2025-08,Medium
104335,2025-03-07,CUST00735,Luxor,Unknown,Office Chair,Furniture,3,5096.0,20,15288.0,12230.4,2025-03,Large
104336,2025-10-20,CUST00736,Port Said,Unknown,Desk,Furniture,4,7326.0,0,29304.0,29304.0,2025-10,Large
104337,2025-05-05,CUST00737,Cairo,Greater Cairo,Headphones,Electronics,5,1800.0,5,9000.0,8550.0,2025-05,Medium
104338,2025-12-18,CUST00738,Giza,Greater Cairo,Monitor,Electronics,6,9292.0,10,55752.0,50176.8,2025-12,Large
104339,2025-07-03,CUST00739,Alexandria,Coastal,Printer,Office Equipment,7,6936.0,15,48552.0,41269.2,2025-07,Large
104340,2025-02-16,CUST00740,Mansoura,Delta,Notebook Pack,Stationery,8,247.2,20,1977.6,1582.08,2025-02,Medium
104341,2025-09-01,CUST00741,Tanta,Unknown,Laptop,Electronics,9,29640.0,0,266760.0,266760.0,2025-09,Large
104342,2025-04-14,CUST00742,Aswan,Unknown,Smartphone,Electronics,10,15225.0,5,152250.0,144637.5,2025-04,Large
104343,2025-11-27,CUST00743,Luxor,Unknown,Wireless Mouse,Accessories,11,477.0,10,5247.0,4722.3,2025-11,Medium
104344,2025-06-12,CUST00744,Port Said,Unknown,Keyboard,Accessories,12,909.5,15,10914.0,9276.9,2025-06,Medium
104345,2025-01-25,CUST00745,Cairo,Greater Cairo,Office Chair,Furniture,1,5616.0,0,5616.0,5616.0,2025-01,Medium
104346,2025-08-10,CUST00746,Giza,Greater Cairo,Desk,Furniture,2,8066.0,0,16132.0,16132.0,2025-08,Large
104347,2025-03-23,CUST00747,Alexandria,Coastal,Headphones,Electronics,3,1980.0,5,5940.0,5643.0,2025-03,Medium
104348,2025-10-08,CUST00748,Mansoura,Delta,Monitor,Electronics,4,8280.0,10,33120.0,29808.0,2025-10,Large
104349,2025-05-21,CUST00749,Tanta,Unknown,Printer,Office Equipment,5,6188.0,15,30940.0,26299.0,2025-05,Large
104350,2025-12-06,CUST00750,Aswan,Unknown,Notebook Pack,Stationery,6,220.8,20,1324.8,1059.84,2025-12,Medium
104351,2025-07-19,CUST00751,Luxor,Unknown,Laptop,Electronics,7,26505.0,0,185535.0,185535.0,2025-07,Large
104352,2025-02-04,CUST00752,Port Said,Unknown,Smartphone,Electronics,8,13630.0,5,109040.0,103588.0,2025-02,Large
104353,2025-09-17,CUST00753,Cairo,Greater Cairo,Wireless Mouse,Accessories,9,427.5,10,3847.5,3462.75,2025-09,Medium
104354,2025-04-02,CUST00754,Giza,Greater Cairo,Keyboard,Accessories,10,816.0,15,8160.0,6936.0,2025-04,Medium
104355,2025-11-15,CUST00755,Alexandria,Coastal,Office Chair,Furniture,11,5044.0,20,55484.0,44387.2,2025-11,Large
104356,2025-06-28,CUST00756,Mansoura,Delta,Desk,Furniture,12,7252.0,0,87024.0,87024.0,2025-06,Large
104357,2025-01-13,CUST00757,Tanta,Unknown,Headphones,Electronics,1,1782.0,5,1782.0,1692.9,2025-01,Medium
104358,2025-08-26,CUST00758,Aswan,Unknown,Monitor,Electronics,2,9200.0,10,18400.0,16560.0,2025-08,Large
104359,2025-03-11,CUST00759,Luxor,Unknown,Printer,Office Equipment,3,6868.0,15,20604.0,17513.4,2025-03,Large
104360,2025-10-24,CUST00760,Port Said,Unknown,Notebook Pack,Stationery,4,244.8,20,979.2,783.36,2025-10,Small
104361,2025-05-09,CUST00761,Cairo,Greater Cairo,Laptop,Electronics,5,29355.0,0,146775.0,146775.0,2025-05,Large
104362,2025-12-22,CUST00762,Giza,Greater Cairo,Smartphone,Electronics,6,15080.0,5,90480.0,85956.0,2025-12,Large
104363,2025-07-07,CUST00763,Alexandria,Coastal,Wireless Mouse,Accessories,7,472.5,10,3307.5,2976.75,2025-07,Medium
104364,2025-02-20,CUST00764,Mansoura,Delta,Keyboard,Accessories,8,901.0,15,7208.0,6126.8,2025-02,Medium
104365,2025-09-05,CUST00765,Tanta,Unknown,Office Chair,Furniture,9,5564.0,20,50076.0,40060.8,2025-09,Large
104366,2025-04-18,CUST00766,Unknown,Unknown,Desk,Furniture,10,7992.0,0,79920.0,79920.0,2025-04,Large
104367,2025-11-03,CUST00767,Luxor,Unknown,Headphones,Electronics,11,1962.0,5,21582.0,20502.9,2025-11,Large
104368,2025-06-16,CUST00768,Port Said,Unknown,Monitor,Electronics,12,10120.0,10,121440.0,109296.0,2025-06,Large
104369,2025-01-01,CUST00769,Cairo,Greater Cairo,Printer,Office Equipment,1,6120.0,15,6120.0,5202.0,2025-01,Medium
104370,2025-08-14,CUST00770,Giza,Greater Cairo,Notebook Pack,Stationery,2,218.4,20,436.8,349.44,2025-08,Small
104371,2025-03-27,CUST00771,Alexandria,Coastal,Laptop,Electronics,3,26220.0,0,78660.0,78660.0,2025-03,Large
104372,2025-10-12,CUST00772,Mansoura,Delta,Smartphone,Electronics,4,13485.0,5,53940.0,51243.0,2025-10,Large
104373,2025-05-25,CUST00773,Tanta,Unknown,Wireless Mouse,Accessories,5,423.0,10,2115.0,1903.5,2025-05,Medium
104374,2025-12-10,CUST00774,Aswan,Unknown,Keyboard,Accessories,6,807.5,15,4845.0,4118.25,2025-12,Medium
104375,2025-07-23,CUST00775,Luxor,Unknown,Office Chair,Furniture,7,4992.0,20,34944.0,27955.2,2025-07,Large
104376,2025-02-08,CUST00776,Port Said,Unknown,Desk,Furniture,8,7178.0,0,57424.0,57424.0,2025-02,Large
104377,2025-09-21,CUST00777,Cairo,Greater Cairo,Headphones,Electronics,9,1764.0,5,15876.0,15082.2,2025-09,Large
104378,2025-04-06,CUST00778,Giza,Greater Cairo,Monitor,Electronics,10,9108.0,10,91080.0,81972.0,2025-04,Large
104379,2025-11-19,CUST00779,Alexandria,Coastal,Printer,Office Equipment,11,6800.0,15,74800.0,63580.0,2025-11,Large
104380,2025-06-04,CUST00780,Mansoura,Delta,Notebook Pack,Stationery,12,242.4,20,2908.8,2327.04,2025-06,Medium
104381,2025-01-17,CUST00781,Tanta,Unknown,Laptop,Electronics,1,29070.0,0,29070.0,29070.0,2025-01,Large
104382,2025-08-02,CUST00782,Aswan,Unknown,Smartphone,Electronics,2,14935.0,5,29870.0,28376.5,2025-08,Large
104383,2025-03-15,CUST00783,Luxor,Unknown,Wireless Mouse,Accessories,3,468.0,10,1404.0,1263.6,2025-03,Medium
104384,2025-10-28,CUST00784,Port Said,Unknown,Keyboard,Accessories,4,892.5,15,3570.0,3034.5,2025-10,Medium
104385,2025-05-13,CUST00785,Cairo,Greater Cairo,Office Chair,Furniture,5,5512.0,20,27560.0,22048.0,2025-05,Large
104386,2025-12-26,CUST00786,Giza,Greater Cairo,Desk,Furniture,6,7918.0,0,47508.0,47508.0,2025-12,Large
104387,2025-07-11,CUST00787,Alexandria,Coastal,Headphones,Electronics,7,1944.0,5,13608.0,12927.6,2025-07,Large
104388,2025-02-24,CUST00788,Mansoura,Delta,Monitor,Electronics,8,10028.0,10,80224.0,72201.6,2025-02,Large
104389,2025-09-09,CUST00789,Tanta,Unknown,Printer,Office Equipment,9,7480.0,15,67320.0,57222.0,2025-09,Large
104390,2025-04-22,CUST00790,Aswan,Unknown,Notebook Pack,Stationery,10,216.0,20,2160.0,1728.0,2025-04,Medium
104391,2025-11-07,CUST00791,Luxor,Unknown,Laptop,Electronics,11,25935.0,0,285285.0,285285.0,2025-11,Large
104392,2025-06-20,CUST00792,Port Said,Unknown,Smartphone,Electronics,12,13340.0,5,160080.0,152076.0,2025-06,Large
104393,2025-01-05,CUST00793,Cairo,Greater Cairo,Wireless Mouse,Accessories,1,418.5,10,418.5,376.65,2025-01,Small
104394,2025-08-18,CUST00794,Giza,Greater Cairo,Keyboard,Accessories,2,799.0,15,1598.0,1358.3,2025-08,Medium
104395,2025-03-03,CUST00795,Alexandria,Coastal,Office Chair,Furniture,3,4940.0,20,14820.0,11856.0,2025-03,Large
104396,2025-10-16,CUST00796,Mansoura,Delta,Desk,Furniture,4,7104.0,0,28416.0,28416.0,2025-10,Large
104397,2025-05-01,CUST00797,Tanta,Unknown,Headphones,Electronics,5,1746.0,5,8730.0,8293.5,2025-05,Medium
104398,2025-12-14,CUST00798,Aswan,Unknown,Monitor,Electronics,6,9016.0,10,54096.0,48686.4,2025-12,Large
104399,2025-07-27,CUST00799,Luxor,Unknown,Printer,Office Equipment,7,6732.0,15,47124.0,40055.4,2025-07,Large
104400,2025-02-12,CUST00800,Port Said,Unknown,Notebook Pack,Stationery,8,240.0,20,1920.0,1536.0,2025-02,Medium
104401,2025-09-25,CUST00801,Cairo,Greater Cairo,Laptop,Electronics,9,28785.0,0,259065.0,259065.0,2025-09,Large
104402,2025-04-10,CUST00802,Giza,Greater Cairo,Smartphone,Electronics,10,14790.0,5,147900.0,140505.0,2025-04,Large
104403,2025-11-23,CUST00803,Alexandria,Coastal,Wireless Mouse,Accessories,11,463.5,10,5098.5,4588.65,2025-11,Medium
104404,2025-06-08,CUST00804,Mansoura,Delta,Keyboard,Accessories,12,884.0,15,10608.0,9016.8,2025-06,Medium
104405,2025-01-21,CUST00805,Tanta,Unknown,Office Chair,Furniture,1,5460.0,20,5460.0,4368.0,2025-01,Medium
104406,2025-08-06,CUST00806,Aswan,Unknown,Desk,Furniture,2,7844.0,0,15688.0,15688.0,2025-08,Large
104407,2025-03-19,CUST00807,Luxor,Unknown,Headphones,Electronics,3,1926.0,5,5778.0,5489.1,2025-03,Medium
104408,2025-10-04,CUST00808,Port Said,Unknown,Monitor,Electronics,4,9936.0,10,39744.0,35769.6,2025-10,Large
104409,2025-05-17,CUST00809,Cairo,Greater Cairo,Printer,Office Equipment,5,7412.0,15,37060.0,31501.0,2025-05,Large
104410,2025-12-02,CUST00810,Giza,Greater Cairo,Notebook Pack,Stationery,6,264.0,20,1584.0,1267.2,2025-12,Medium
104411,2025-07-15,CUST00811,Alexandria,Coastal,Laptop,Electronics,7,25650.0,0,179550.0,179550.0,2025-07,Large
104412,2025-02-28,CUST00812,Mansoura,Delta,Smartphone,Electronics,8,13195.0,5,105560.0,100282.0,2025-02,Large
104413,2025-09-13,CUST00813,Tanta,Unknown,Wireless Mouse,Accessories,9,414.0,10,3726.0,3353.4,2025-09,Medium
104414,2025-04-26,CUST00814,Aswan,Unknown,Keyboard,Accessories,10,790.5,15,7905.0,6719.25,2025-04,Medium
104415,2025-11-11,CUST00815,Luxor,Unknown,Office Chair,Furniture,11,4888.0,20,53768.0,43014.4,2025-11,Large
104416,2025-06-24,CUST00816,Port Said,Unknown,Desk,Furniture,12,7030.0,0,84360.0,84360.0,2025-06,Large
104417,2025-01-09,CUST00817,Cairo,Greater Cairo,Headphones,Electronics,1,1728.0,5,1728.0,1641.6,2025-01,Medium
104418,2025-08-22,CUST00818,Giza,Greater Cairo,Monitor,Electronics,2,8924.0,10,17848.0,16063.2,2025-08,Large
104419,2025-03-07,CUST00819,Alexandria,Coastal,Printer,Office Equipment,3,6664.0,15,19992.0,16993.2,2025-03,Large
104420,2025-10-20,CUST00820,Mansoura,Delta,Notebook Pack,Stationery,4,237.6,20,950.4,760.32,2025-10,Small
104421,2025-05-05,CUST00821,Tanta,Unknown,Laptop,Electronics,5,28500.0,0,142500.0,142500.0,2025-05,Large
104422,2025-12-18,CUST00822,Aswan,Unknown,Smartphone,Electronics,6,14645.0,5,87870.0,83476.5,2025-12,Large
104423,2025-07-03,CUST00823,Luxor,Unknown,Wireless Mouse,Accessories,7,459.0,10,3213.0,2891.7,2025-07,Medium
104424,2025-02-16,CUST00824,Port Said,Unknown,Keyboard,Accessories,8,875.5,15,7004.0,5953.4,2025-02,Medium
104425,2025-09-01,CUST00825,Cairo,Greater Cairo,Office Chair,Furniture,9,5408.0,20,48672.0,38937.6,2025-09,Large
104426,2025-04-14,CUST00826,Giza,Greater Cairo,Desk,Furniture,10,7770.0,0,77700.0,77700.0,2025-04,Large
104427,2025-11-27,CUST00827,Alexandria,Coastal,Headphones,Electronics,11,1908.0,5,20988.0,19938.6,2025-11,Large
104428,2025-06-12,CUST00828,Mansoura,Delta,Monitor,Electronics,12,9844.0,10,118128.0,106315.2,2025-06,Large
104429,2025-01-25,CUST00829,Tanta,Unknown,Printer,Office Equipment,1,7344.0,15,7344.0,6242.4,2025-01,Medium
104430,2025-08-10,CUST00830,Aswan,Unknown,Notebook Pack,Stationery,2,261.6,20,523.2,418.56,2025-08,Small
104431,2025-03-23,CUST00831,Luxor,Unknown,Laptop,Electronics,3,31350.0,0,94050.0,94050.0,2025-03,Large
104432,2025-10-08,CUST00832,Port Said,Unknown,Smartphone,Electronics,4,13050.0,5,52200.0,49590.0,2025-10,Large
104433,2025-05-21,CUST00833,Cairo,Greater Cairo,Wireless Mouse,Accessories,5,409.5,10,2047.5,1842.75,2025-05,Medium
104434,2025-12-06,CUST00834,Giza,Greater Cairo,Keyboard,Accessories,6,782.0,15,4692.0,3988.2,2025-12,Medium
104435,2025-07-19,CUST00835,Alexandria,Coastal,Office Chair,Furniture,7,4836.0,20,33852.0,27081.6,2025-07,Large
104436,2025-02-04,CUST00836,Mansoura,Delta,Desk,Furniture,8,6956.0,0,55648.0,55648.0,2025-02,Large
104437,2025-09-17,CUST00837,Tanta,Unknown,Headphones,Electronics,9,1710.0,5,15390.0,14620.5,2025-09,Large
104438,2025-04-02,CUST00838,Aswan,Unknown,Monitor,Electronics,10,8832.0,10,88320.0,79488.0,2025-04,Large
104439,2025-11-15,CUST00839,Luxor,Unknown,Printer,Office Equipment,11,6596.0,15,72556.0,61672.6,2025-11,Large
104440,2025-06-28,CUST00840,Port Said,Unknown,Notebook Pack,Stationery,12,235.2,20,2822.4,2257.92,2025-06,Medium
104441,2025-01-13,CUST00841,Cairo,Greater Cairo,Laptop,Electronics,1,28215.0,0,28215.0,28215.0,2025-01,Large
104442,2025-08-26,CUST00842,Giza,Greater Cairo,Smartphone,Electronics,2,14500.0,5,29000.0,27550.0,2025-08,Large
104443,2025-03-11,CUST00843,Alexandria,Coastal,Wireless Mouse,Accessories,3,454.5,10,1363.5,1227.15,2025-03,Medium
104444,2025-10-24,CUST00844,Mansoura,Delta,Keyboard,Accessories,4,867.0,15,3468.0,2947.8,2025-10,Medium
104445,2025-05-09,CUST00845,Tanta,Unknown,Office Chair,Furniture,5,5356.0,20,26780.0,21424.0,2025-05,Large
104446,2025-12-22,CUST00846,Aswan,Unknown,Desk,Furniture,6,7696.0,0,46176.0,46176.0,2025-12,Large
104447,2025-07-07,CUST00847,Luxor,Unknown,Headphones,Electronics,7,1890.0,5,13230.0,12568.5,2025-07,Large
104448,2025-02-20,CUST00848,Port Said,Unknown,Monitor,Electronics,8,9752.0,10,78016.0,70214.4,2025-02,Large
104449,2025-09-05,CUST00849,Cairo,Greater Cairo,Printer,Office Equipment,9,7276.0,15,65484.0,55661.4,2025-09,Large
104450,2025-04-18,CUST00850,Giza,Greater Cairo,Notebook Pack,Stationery,10,259.2,20,2592.0,2073.6,2025-04,Medium
104451,2025-11-03,CUST00851,Alexandria,Coastal,Laptop,Electronics,11,31065.0,0,341715.0,341715.0,2025-11,Large
104452,2025-06-16,CUST00852,Mansoura,Delta,Smartphone,Electronics,12,15950.0,5,191400.0,181830.0,2025-06,Large
104453,2025-01-01,CUST00853,Tanta,Unknown,Wireless Mouse,Accessories,1,405.0,10,405.0,364.5,2025-01,Small
104454,2025-08-14,CUST00854,Aswan,Unknown,Keyboard,Accessories,2,773.5,15,1547.0,1314.95,2025-08,Medium
104455,2025-03-27,CUST00855,Luxor,Unknown,Office Chair,Furniture,3,4784.0,20,14352.0,11481.6,2025-03,Large
104456,2025-10-12,CUST00856,Port Said,Unknown,Desk,Furniture,4,6882.0,0,27528.0,27528.0,2025-10,Large
104457,2025-05-25,CUST00857,Cairo,Greater Cairo,Headphones,Electronics,5,1692.0,5,8460.0,8037.0,2025-05,Medium
104458,2025-12-10,CUST00858,Giza,Greater Cairo,Monitor,Electronics,6,8740.0,10,52440.0,47196.0,2025-12,Large
104459,2025-07-23,CUST00859,Alexandria,Coastal,Printer,Office Equipment,7,6528.0,15,45696.0,38841.6,2025-07,Large
104460,2025-02-08,CUST00860,Mansoura,Delta,Notebook Pack,Stationery,8,232.8,20,1862.4,1489.92,2025-02,Medium
104461,2025-09-21,CUST00861,Tanta,Unknown,Laptop,Electronics,9,27930.0,0,251370.0,251370.0,2025-09,Large
104462,2025-04-06,CUST00862,Aswan,Unknown,Smartphone,Electronics,10,14355.0,5,143550.0,136372.5,2025-04,Large
104463,2025-11-19,CUST00863,Unknown,Unknown,Wireless Mouse,Accessories,11,450.0,10,4950.0,4455.0,2025-11,Medium
104464,2025-06-04,CUST00864,Port Said,Unknown,Keyboard,Accessories,12,858.5,15,10302.0,8756.7,2025-06,Medium
104465,2025-01-17,CUST00865,Cairo,Greater Cairo,Office Chair,Furniture,1,5304.0,20,5304.0,4243.2,2025-01,Medium
104466,2025-08-02,CUST00866,Giza,Greater Cairo,Desk,Furniture,2,7622.0,0,15244.0,15244.0,2025-08,Large
104467,2025-03-15,CUST00867,Alexandria,Coastal,Headphones,Electronics,3,1872.0,5,5616.0,5335.2,2025-03,Medium
104468,2025-10-28,CUST00868,Mansoura,Delta,Monitor,Electronics,4,9660.0,10,38640.0,34776.0,2025-10,Large
104469,2025-05-13,CUST00869,Tanta,Unknown,Printer,Office Equipment,5,7208.0,15,36040.0,30634.0,2025-05,Large
104470,2025-12-26,CUST00870,Aswan,Unknown,Notebook Pack,Stationery,6,256.8,20,1540.8,1232.64,2025-12,Medium
104471,2025-07-11,CUST00871,Luxor,Unknown,Laptop,Electronics,7,30780.0,0,215460.0,215460.0,2025-07,Large
104472,2025-02-24,CUST00872,Port Said,Unknown,Smartphone,Electronics,8,15805.0,5,126440.0,120118.0,2025-02,Large
104473,2025-09-09,CUST00873,Cairo,Greater Cairo,Wireless Mouse,Accessories,9,495.0,10,4455.0,4009.5,2025-09,Medium
104474,2025-04-22,CUST00874,Giza,Greater Cairo,Keyboard,Accessories,10,765.0,15,7650.0,6502.5,2025-04,Medium
104475,2025-11-07,CUST00875,Alexandria,Coastal,Office Chair,Furniture,11,4732.0,20,52052.0,41641.6,2025-11,Large
104476,2025-06-20,CUST00876,Mansoura,Delta,Desk,Furniture,12,6808.0,0,81696.0,81696.0,2025-06,Large
104477,2025-01-05,CUST00877,Tanta,Unknown,Headphones,Electronics,1,1674.0,5,1674.0,1590.3,2025-01,Medium
104478,2025-08-18,CUST00878,Aswan,Unknown,Monitor,Electronics,2,8648.0,10,17296.0,15566.4,2025-08,Large
104479,2025-03-03,CUST00879,Luxor,Unknown,Printer,Office Equipment,3,6460.0,15,19380.0,16473.0,2025-03,Large
104480,2025-10-16,CUST00880,Port Said,Unknown,Notebook Pack,Stationery,4,230.4,20,921.6,737.28,2025-10,Small
104481,2025-05-01,CUST00881,Cairo,Greater Cairo,Laptop,Electronics,5,27645.0,0,138225.0,138225.0,2025-05,Large
104482,2025-12-14,CUST00882,Giza,Greater Cairo,Smartphone,Electronics,6,14210.0,5,85260.0,80997.0,2025-12,Large
104483,2025-07-27,CUST00883,Alexandria,Coastal,Wireless Mouse,Accessories,7,445.5,10,3118.5,2806.65,2025-07,Medium
104484,2025-02-12,CUST00884,Mansoura,Delta,Keyboard,Accessories,8,850.0,15,6800.0,5780.0,2025-02,Medium
104485,2025-09-25,CUST00885,Tanta,Unknown,Office Chair,Furniture,9,5252.0,20,47268.0,37814.4,2025-09,Large
104486,2025-04-10,CUST00886,Aswan,Unknown,Desk,Furniture,10,7548.0,0,75480.0,75480.0,2025-04,Large
104487,2025-11-23,CUST00887,Luxor,Unknown,Headphones,Electronics,11,1854.0,5,20394.0,19374.3,2025-11,Large
104488,2025-06-08,CUST00888,Port Said,Unknown,Monitor,Electronics,12,9568.0,10,114816.0,103334.4,2025-06,Large
104489,2025-01-21,CUST00889,Cairo,Greater Cairo,Printer,Office Equipment,1,7140.0,15,7140.0,6069.0,2025-01,Medium
104490,2025-08-06,CUST00890,Giza,Greater Cairo,Notebook Pack,Stationery,2,254.4,20,508.8,407.04,2025-08,Small
104491,2025-03-19,CUST00891,Alexandria,Coastal,Laptop,Electronics,3,30495.0,0,91485.0,91485.0,2025-03,Large
104492,2025-10-04,CUST00892,Mansoura,Delta,Smartphone,Electronics,4,15660.0,5,62640.0,59508.0,2025-10,Large
104493,2025-05-17,CUST00893,Tanta,Unknown,Wireless Mouse,Accessories,5,490.5,10,2452.5,2207.25,2025-05,Medium
104494,2025-12-02,CUST00894,Aswan,Unknown,Keyboard,Accessories,6,935.0,15,5610.0,4768.5,2025-12,Medium
104495,2025-07-15,CUST00895,Luxor,Unknown,Office Chair,Furniture,7,4680.0,20,32760.0,26208.0,2025-07,Large
104496,2025-02-28,CUST00896,Port Said,Unknown,Desk,Furniture,8,6734.0,0,53872.0,53872.0,2025-02,Large
104497,2025-09-13,CUST00897,Cairo,Greater Cairo,Headphones,Electronics,9,1656.0,5,14904.0,14158.8,2025-09,Large
104498,2025-04-26,CUST00898,Giza,Greater Cairo,Monitor,Electronics,10,8556.0,10,85560.0,77004.0,2025-04,Large
104499,2025-11-11,CUST00899,Alexandria,Coastal,Printer,Office Equipment,11,6392.0,15,70312.0,59765.2,2025-11,Large
104500,2025-06-24,CUST00900,Mansoura,Delta,Notebook Pack,Stationery,12,228.0,20,2736.0,2188.8,2025-06,Medium
104501,2025-01-09,CUST00901,Tanta,Unknown,Laptop,Electronics,1,27360.0,0,27360.0,27360.0,2025-01,Large
104502,2025-08-22,CUST00902,Aswan,Unknown,Smartphone,Electronics,2,14065.0,5,28130.0,26723.5,2025-08,Large
104503,2025-03-07,CUST00903,Luxor,Unknown,Wireless Mouse,Accessories,3,441.0,10,1323.0,1190.7,2025-03,Medium
104504,2025-10-20,CUST00904,Port Said,Unknown,Keyboard,Accessories,4,841.5,15,3366.0,2861.1,2025-10,Medium
104505,2025-05-05,CUST00905,Cairo,Greater Cairo,Office Chair,Furniture,5,5200.0,20,26000.0,20800.0,2025-05,Large
104506,2025-12-18,CUST00906,Giza,Greater Cairo,Desk,Furniture,6,7474.0,0,44844.0,44844.0,2025-12,Large
104507,2025-07-03,CUST00907,Alexandria,Coastal,Headphones,Electronics,7,1836.0,5,12852.0,12209.4,2025-07,Large
104508,2025-02-16,CUST00908,Mansoura,Delta,Monitor,Electronics,8,9476.0,10,75808.0,68227.2,2025-02,Large
104509,2025-09-01,CUST00909,Tanta,Unknown,Printer,Office Equipment,9,7072.0,15,63648.0,54100.8,2025-09,Large
104510,2025-04-14,CUST00910,Aswan,Unknown,Notebook Pack,Stationery,10,252.0,20,2520.0,2016.0,2025-04,Medium
104511,2025-11-27,CUST00911,Luxor,Unknown,Laptop,Electronics,11,30210.0,0,332310.0,332310.0,2025-11,Large
104512,2025-06-12,CUST00912,Port Said,Unknown,Smartphone,Electronics,12,15515.0,5,186180.0,176871.0,2025-06,Large
104513,2025-01-25,CUST00913,Cairo,Greater Cairo,Wireless Mouse,Accessories,1,486.0,10,486.0,437.4,2025-01,Small
104514,2025-08-10,CUST00914,Giza,Greater Cairo,Keyboard,Accessories,2,926.5,15,1853.0,1575.05,2025-08,Medium
104515,2025-03-23,CUST00915,Alexandria,Coastal,Office Chair,Furniture,3,5720.0,20,17160.0,13728.0,2025-03,Large
104516,2025-10-08,CUST00916,Mansoura,Delta,Desk,Furniture,4,6660.0,0,26640.0,26640.0,2025-10,Large
104517,2025-05-21,CUST00917,Tanta,Unknown,Headphones,Electronics,5,1638.0,5,8190.0,7780.5,2025-05,Medium
104518,2025-12-06,CUST00918,Aswan,Unknown,Monitor,Electronics,6,8464.0,10,50784.0,45705.6,2025-12,Large
104519,2025-07-19,CUST00919,Luxor,Unknown,Printer,Office Equipment,7,6324.0,15,44268.0,37627.8,2025-07,Large
104520,2025-02-04,CUST00920,Port Said,Unknown,Notebook Pack,Stationery,8,225.6,20,1804.8,1443.84,2025-02,Medium
104521,2025-09-17,CUST00921,Cairo,Greater Cairo,Laptop,Electronics,9,27075.0,0,243675.0,243675.0,2025-09,Large
104522,2025-04-02,CUST00922,Giza,Greater Cairo,Smartphone,Electronics,10,13920.0,5,139200.0,132240.0,2025-04,Large
104523,2025-11-15,CUST00923,Alexandria,Coastal,Wireless Mouse,Accessories,11,436.5,10,4801.5,4321.35,2025-11,Medium
104524,2025-06-28,CUST00924,Mansoura,Delta,Keyboard,Accessories,12,833.0,15,9996.0,8496.6,2025-06,Medium
104525,2025-01-13,CUST00925,Tanta,Unknown,Office Chair,Furniture,1,5148.0,20,5148.0,4118.4,2025-01,Medium
104526,2025-08-26,CUST00926,Aswan,Unknown,Desk,Furniture,2,7400.0,0,14800.0,14800.0,2025-08,Large
104527,2025-03-11,CUST00927,Luxor,Unknown,Headphones,Electronics,3,1818.0,5,5454.0,5181.3,2025-03,Medium
104528,2025-10-24,CUST00928,Port Said,Unknown,Monitor,Electronics,4,9384.0,10,37536.0,33782.4,2025-10,Large
104529,2025-05-09,CUST00929,Cairo,Greater Cairo,Printer,Office Equipment,5,7004.0,15,35020.0,29767.0,2025-05,Large
104530,2025-12-22,CUST00930,Giza,Greater Cairo,Notebook Pack,Stationery,6,249.6,20,1497.6,1198.08,2025-12,Medium
104531,2025-07-07,CUST00931,Alexandria,Coastal,Laptop,Electronics,7,29925.0,0,209475.0,209475.0,2025-07,Large
104532,2025-02-20,CUST00932,Mansoura,Delta,Smartphone,Electronics,8,15370.0,5,122960.0,116812.0,2025-02,Large
104533,2025-09-05,CUST00933,Tanta,Unknown,Wireless Mouse,Accessories,9,481.5,10,4333.5,3900.15,2025-09,Medium
104534,2025-04-18,CUST00934,Aswan,Unknown,Keyboard,Accessories,10,918.0,15,9180.0,7803.0,2025-04,Medium
104535,2025-11-03,CUST00935,Luxor,Unknown,Office Chair,Furniture,11,5668.0,20,62348.0,49878.4,2025-11,Large
104536,2025-06-16,CUST00936,Port Said,Unknown,Desk,Furniture,12,8140.0,0,97680.0,97680.0,2025-06,Large
104537,2025-01-01,CUST00937,Cairo,Greater Cairo,Headphones,Electronics,1,1620.0,5,1620.0,1539.0,2025-01,Medium
104538,2025-08-14,CUST00938,Giza,Greater Cairo,Monitor,Electronics,2,8372.0,10,16744.0,15069.6,2025-08,Large
104539,2025-03-27,CUST00939,Alexandria,Coastal,Printer,Office Equipment,3,6256.0,15,18768.0,15952.8,2025-03,Large
104540,2025-10-12,CUST00940,Mansoura,Delta,Notebook Pack,Stationery,4,223.2,20,892.8,714.24,2025-10,Small
104541,2025-05-25,CUST00941,Tanta,Unknown,Laptop,Electronics,5,26790.0,0,133950.0,133950.0,2025-05,Large
104542,2025-12-10,CUST00942,Aswan,Unknown,Smartphone,Electronics,6,13775.0,5,82650.0,78517.5,2025-12,Large
104543,2025-07-23,CUST00943,Luxor,Unknown,Wireless Mouse,Accessories,7,432.0,10,3024.0,2721.6,2025-07,Medium
104544,2025-02-08,CUST00944,Port Said,Unknown,Keyboard,Accessories,8,824.5,15,6596.0,5606.6,2025-02,Medium
104545,2025-09-21,CUST00945,Cairo,Greater Cairo,Office Chair,Furniture,9,5096.0,20,45864.0,36691.2,2025-09,Large
104546,2025-04-06,CUST00946,Giza,Greater Cairo,Desk,Furniture,10,7326.0,0,73260.0,73260.0,2025-04,Large
104547,2025-11-19,CUST00947,Alexandria,Coastal,Headphones,Electronics,11,1800.0,5,19800.0,18810.0,2025-11,Large
104548,2025-06-04,CUST00948,Mansoura,Delta,Monitor,Electronics,12,9292.0,10,111504.0,100353.6,2025-06,Large
104549,2025-01-17,CUST00949,Tanta,Unknown,Printer,Office Equipment,1,6936.0,15,6936.0,5895.6,2025-01,Medium
104550,2025-08-02,CUST00950,Aswan,Unknown,Notebook Pack,Stationery,2,247.2,20,494.4,395.52,2025-08,Small
104551,2025-03-15,CUST00951,Luxor,Unknown,Laptop,Electronics,3,29640.0,0,88920.0,88920.0,2025-03,Large
104552,2025-10-28,CUST00952,Port Said,Unknown,Smartphone,Electronics,4,15225.0,5,60900.0,57855.0,2025-10,Large
104553,2025-05-13,CUST00953,Cairo,Greater Cairo,Wireless Mouse,Accessories,5,477.0,10,2385.0,2146.5,2025-05,Medium
104554,2025-12-26,CUST00954,Giza,Greater Cairo,Keyboard,Accessories,6,909.5,15,5457.0,4638.45,2025-12,Medium
104555,2025-07-11,CUST00955,Alexandria,Coastal,Office Chair,Furniture,7,5616.0,20,39312.0,31449.6,2025-07,Large
104556,2025-02-24,CUST00956,Mansoura,Delta,Desk,Furniture,8,8066.0,0,64528.0,64528.0,2025-02,Large
104557,2025-09-09,CUST00957,Tanta,Unknown,Headphones,Electronics,9,1980.0,5,17820.0,16929.0,2025-09,Large
104558,2025-04-22,CUST00958,Aswan,Unknown,Monitor,Electronics,10,8280.0,10,82800.0,74520.0,2025-04,Large
104559,2025-11-07,CUST00959,Luxor,Unknown,Printer,Office Equipment,11,6188.0,15,68068.0,57857.8,2025-11,Large
104560,2025-06-20,CUST00960,Unknown,Unknown,Notebook Pack,Stationery,12,220.8,20,2649.6,2119.68,2025-06,Medium
104561,2025-01-05,CUST00961,Cairo,Greater Cairo,Laptop,Electronics,1,26505.0,0,26505.0,26505.0,2025-01,Large
104562,2025-08-18,CUST00962,Giza,Greater Cairo,Smartphone,Electronics,2,13630.0,5,27260.0,25897.0,2025-08,Large
104563,2025-03-03,CUST00963,Alexandria,Coastal,Wireless Mouse,Accessories,3,427.5,10,1282.5,1154.25,2025-03,Medium
104564,2025-10-16,CUST00964,Mansoura,Delta,Keyboard,Accessories,4,816.0,15,3264.0,2774.4,2025-10,Medium
104565,2025-05-01,CUST00965,Tanta,Unknown,Office Chair,Furniture,5,5044.0,20,25220.0,20176.0,2025-05,Large
104566,2025-12-14,CUST00966,Aswan,Unknown,Desk,Furniture,6,7252.0,0,43512.0,43512.0,2025-12,Large
104567,2025-07-27,CUST00967,Luxor,Unknown,Headphones,Electronics,7,1782.0,5,12474.0,11850.3,2025-07,Large
104568,2025-02-12,CUST00968,Port Said,Unknown,Monitor,Electronics,8,9200.0,10,73600.0,66240.0,2025-02,Large
104569,2025-09-25,CUST00969,Cairo,Greater Cairo,Printer,Office Equipment,9,6868.0,15,61812.0,52540.2,2025-09,Large
104570,2025-04-10,CUST00970,Giza,Greater Cairo,Notebook Pack,Stationery,10,244.8,20,2448.0,1958.4,2025-04,Medium
104571,2025-11-23,CUST00971,Alexandria,Coastal,Laptop,Electronics,11,29355.0,0,322905.0,322905.0,2025-11,Large
104572,2025-06-08,CUST00972,Mansoura,Delta,Smartphone,Electronics,12,15080.0,5,180960.0,171912.0,2025-06,Large
104573,2025-01-21,CUST00973,Tanta,Unknown,Wireless Mouse,Accessories,1,472.5,10,472.5,425.25,2025-01,Small
104574,2025-08-06,CUST00974,Aswan,Unknown,Keyboard,Accessories,2,901.0,15,1802.0,1531.7,2025-08,Medium
104575,2025-03-19,CUST00975,Luxor,Unknown,Office Chair,Furniture,3,5564.0,20,16692.0,13353.6,2025-03,Large
104576,2025-10-04,CUST00976,Port Said,Unknown,Desk,Furniture,4,7992.0,0,31968.0,31968.0,2025-10,Large
104577,2025-05-17,CUST00977,Cairo,Greater Cairo,Headphones,Electronics,5,1962.0,5,9810.0,9319.5,2025-05,Medium
104578,2025-12-02,CUST00978,Giza,Greater Cairo,Monitor,Electronics,6,10120.0,10,60720.0,54648.0,2025-12,Large
104579,2025-07-15,CUST00979,Alexandria,Coastal,Printer,Office Equipment,7,6120.0,15,42840.0,36414.0,2025-07,Large
104580,2025-02-28,CUST00980,Mansoura,Delta,Notebook Pack,Stationery,8,218.4,20,1747.2,1397.76,2025-02,Medium
104581,2025-09-13,CUST00981,Tanta,Unknown,Laptop,Electronics,9,26220.0,0,235980.0,235980.0,2025-09,Large
104582,2025-04-26,CUST00982,Aswan,Unknown,Smartphone,Electronics,10,13485.0,5,134850.0,128107.5,2025-04,Large
104583,2025-11-11,CUST00983,Luxor,Unknown,Wireless Mouse,Accessories,11,423.0,10,4653.0,4187.7,2025-11,Medium
104584,2025-06-24,CUST00984,Port Said,Unknown,Keyboard,Accessories,12,807.5,15,9690.0,8236.5,2025-06,Medium
104585,2025-01-09,CUST00985,Cairo,Greater Cairo,Office Chair,Furniture,1,4992.0,20,4992.0,3993.6,2025-01,Medium
104586,2025-08-22,CUST00986,Giza,Greater Cairo,Desk,Furniture,2,7178.0,0,14356.0,14356.0,2025-08,Large
104587,2025-03-07,CUST00987,Alexandria,Coastal,Headphones,Electronics,3,1764.0,5,5292.0,5027.4,2025-03,Medium
104588,2025-10-20,CUST00988,Mansoura,Delta,Monitor,Electronics,4,9108.0,10,36432.0,32788.8,2025-10,Large
104589,2025-05-05,CUST00989,Tanta,Unknown,Printer,Office Equipment,5,6800.0,15,34000.0,28900.0,2025-05,Large
104590,2025-12-18,CUST00990,Aswan,Unknown,Notebook Pack,Stationery,6,242.4,20,1454.4,1163.52,2025-12,Medium
104591,2025-07-03,CUST00991,Luxor,Unknown,Laptop,Electronics,7,29070.0,0,203490.0,203490.0,2025-07,Large
104592,2025-02-16,CUST00992,Port Said,Unknown,Smartphone,Electronics,8,14935.0,5,119480.0,113506.0,2025-02,Large
104593,2025-09-01,CUST00993,Cairo,Greater Cairo,Wireless Mouse,Accessories,9,468.0,10,4212.0,3790.8,2025-09,Medium
104594,2025-04-14,CUST00994,Giza,Greater Cairo,Keyboard,Accessories,10,892.5,15,8925.0,7586.25,2025-04,Medium
104595,2025-11-27,CUST00995,Alexandria,Coastal,Office Chair,Furniture,11,5512.0,20,60632.0,48505.6,2025-11,Large
104596,2025-06-12,CUST00996,Mansoura,Delta,Desk,Furniture,12,7918.0,0,95016.0,95016.0,2025-06,Large
104597,2025-01-25,CUST00997,Tanta,Unknown,Headphones,Electronics,1,1944.0,5,1944.0,1846.8,2025-01,Medium
104598,2025-08-10,CUST00998,Aswan,Unknown,Monitor,Electronics,2,10028.0,10,20056.0,18050.4,2025-08,Large
104599,2025-03-23,CUST00999,Luxor,Unknown,Printer,Office Equipment,3,7480.0,15,22440.0,19074.0,2025-03,Large
104600,2025-10-08,CUST01000,Port Said,Unknown,Notebook Pack,Stationery,4,216.0,20,864.0,691.2,2025-10,Small
104601,2025-05-21,CUST01001,Cairo,Greater Cairo,Laptop,Electronics,5,25935.0,0,129675.0,129675.0,2025-05,Large
104602,2025-12-06,CUST01002,Giza,Greater Cairo,Smartphone,Electronics,6,13340.0,5,80040.0,76038.0,2025-12,Large
104603,2025-07-19,CUST01003,Alexandria,Coastal,Wireless Mouse,Accessories,7,418.5,10,2929.5,2636.55,2025-07,Medium
104604,2025-02-04,CUST01004,Mansoura,Delta,Keyboard,Accessories,8,799.0,15,6392.0,5433.2,2025-02,Medium
104605,2025-09-17,CUST01005,Tanta,Unknown,Office Chair,Furniture,9,4940.0,20,44460.0,35568.0,2025-09,Large
104606,2025-04-02,CUST01006,Aswan,Unknown,Desk,Furniture,10,7104.0,0,71040.0,71040.0,2025-04,Large
104607,2025-11-15,CUST01007,Luxor,Unknown,Headphones,Electronics,11,1746.0,5,19206.0,18245.7,2025-11,Large
104608,2025-06-28,CUST01008,Port Said,Unknown,Monitor,Electronics,12,9016.0,10,108192.0,97372.8,2025-06,Large
104609,2025-01-13,CUST01009,Cairo,Greater Cairo,Printer,Office Equipment,1,6732.0,15,6732.0,5722.2,2025-01,Medium
104610,2025-08-26,CUST01010,Giza,Greater Cairo,Notebook Pack,Stationery,2,240.0,20,480.0,384.0,2025-08,Small
104611,2025-03-11,CUST01011,Alexandria,Coastal,Laptop,Electronics,3,28785.0,0,86355.0,86355.0,2025-03,Large
104612,2025-10-24,CUST01012,Mansoura,Delta,Smartphone,Electronics,4,14790.0,5,59160.0,56202.0,2025-10,Large
104613,2025-05-09,CUST01013,Tanta,Unknown,Wireless Mouse,Accessories,5,463.5,10,2317.5,2085.75,2025-05,Medium
104614,2025-12-22,CUST01014,Aswan,Unknown,Keyboard,Accessories,6,884.0,15,5304.0,4508.4,2025-12,Medium
104615,2025-07-07,CUST01015,Luxor,Unknown,Office Chair,Furniture,7,5460.0,20,38220.0,30576.0,2025-07,Large
104616,2025-02-20,CUST01016,Port Said,Unknown,Desk,Furniture,8,7844.0,0,62752.0,62752.0,2025-02,Large
104617,2025-09-05,CUST01017,Cairo,Greater Cairo,Headphones,Electronics,9,1926.0,5,17334.0,16467.3,2025-09,Large
104618,2025-04-18,CUST01018,Giza,Greater Cairo,Monitor,Electronics,10,9936.0,10,99360.0,89424.0,2025-04,Large
104619,2025-11-03,CUST01019,Alexandria,Coastal,Printer,Office Equipment,11,7412.0,15,81532.0,69302.2,2025-11,Large
104620,2025-06-16,CUST01020,Mansoura,Delta,Notebook Pack,Stationery,12,264.0,20,3168.0,2534.4,2025-06,Medium
104621,2025-01-01,CUST01021,Tanta,Unknown,Laptop,Electronics,1,25650.0,0,25650.0,25650.0,2025-01,Large
104622,2025-08-14,CUST01022,Aswan,Unknown,Smartphone,Electronics,2,13195.0,5,26390.0,25070.5,2025-08,Large
104623,2025-03-27,CUST01023,Luxor,Unknown,Wireless Mouse,Accessories,3,414.0,10,1242.0,1117.8,2025-03,Medium
104624,2025-10-12,CUST01024,Port Said,Unknown,Keyboard,Accessories,4,790.5,15,3162.0,2687.7,2025-10,Medium
104625,2025-05-25,CUST01025,Cairo,Greater Cairo,Office Chair,Furniture,5,4888.0,20,24440.0,19552.0,2025-05,Large
104626,2025-12-10,CUST01026,Giza,Greater Cairo,Desk,Furniture,6,7030.0,0,42180.0,42180.0,2025-12,Large
104627,2025-07-23,CUST01027,Alexandria,Coastal,Headphones,Electronics,7,1728.0,5,12096.0,11491.2,2025-07,Large
104628,2025-02-08,CUST01028,Mansoura,Delta,Monitor,Electronics,8,8924.0,10,71392.0,64252.8,2025-02,Large
104629,2025-09-21,CUST01029,Tanta,Unknown,Printer,Office Equipment,9,6664.0,15,59976.0,50979.6,2025-09,Large
104630,2025-04-06,CUST01030,Aswan,Unknown,Notebook Pack,Stationery,10,237.6,20,2376.0,1900.8,2025-04,Medium
104631,2025-11-19,CUST01031,Luxor,Unknown,Laptop,Electronics,11,28500.0,0,313500.0,313500.0,2025-11,Large
104632,2025-06-04,CUST01032,Port Said,Unknown,Smartphone,Electronics,12,14645.0,5,175740.0,166953.0,2025-06,Large
104633,2025-01-17,CUST01033,Cairo,Greater Cairo,Wireless Mouse,Accessories,1,459.0,10,459.0,413.1,2025-01,Small
104634,2025-08-02,CUST01034,Giza,Greater Cairo,Keyboard,Accessories,2,875.5,15,1751.0,1488.35,2025-08,Medium
104635,2025-03-15,CUST01035,Alexandria,Coastal,Office Chair,Furniture,3,5408.0,20,16224.0,12979.2,2025-03,Large
104636,2025-10-28,CUST01036,Mansoura,Delta,Desk,Furniture,4,7770.0,0,31080.0,31080.0,2025-10,Large
104637,2025-05-13,CUST01037,Tanta,Unknown,Headphones,Electronics,5,1908.0,5,9540.0,9063.0,2025-05,Medium
104638,2025-12-26,CUST01038,Aswan,Unknown,Monitor,Electronics,6,9844.0,10,59064.0,53157.6,2025-12,Large
104639,2025-07-11,CUST01039,Luxor,Unknown,Printer,Office Equipment,7,7344.0,15,51408.0,43696.8,2025-07,Large
104640,2025-02-24,CUST01040,Port Said,Unknown,Notebook Pack,Stationery,8,261.6,20,2092.8,1674.24,2025-02,Medium
104641,2025-09-09,CUST01041,Cairo,Greater Cairo,Laptop,Electronics,9,31350.0,0,282150.0,282150.0,2025-09,Large
104642,2025-04-22,CUST01042,Giza,Greater Cairo,Smartphone,Electronics,10,13050.0,5,130500.0,123975.0,2025-04,Large
104643,2025-11-07,CUST01043,Alexandria,Coastal,Wireless Mouse,Accessories,11,409.5,10,4504.5,4054.05,2025-11,Medium
104644,2025-06-20,CUST01044,Mansoura,Delta,Keyboard,Accessories,12,782.0,15,9384.0,7976.4,2025-06,Medium
104645,2025-01-05,CUST01045,Tanta,Unknown,Office Chair,Furniture,1,4836.0,20,4836.0,3868.8,2025-01,Medium
104646,2025-08-18,CUST01046,Aswan,Unknown,Desk,Furniture,2,6956.0,0,13912.0,13912.0,2025-08,Large
104647,2025-03-03,CUST01047,Luxor,Unknown,Headphones,Electronics,3,1710.0,5,5130.0,4873.5,2025-03,Medium
104648,2025-10-16,CUST01048,Port Said,Unknown,Monitor,Electronics,4,8832.0,10,35328.0,31795.2,2025-10,Large
104649,2025-05-01,CUST01049,Cairo,Greater Cairo,Printer,Office Equipment,5,6596.0,15,32980.0,28033.0,2025-05,Large
104650,2025-12-14,CUST01050,Giza,Greater Cairo,Notebook Pack,Stationery,6,235.2,20,1411.2,1128.96,2025-12,Medium
104651,2025-07-27,CUST01051,Alexandria,Coastal,Laptop,Electronics,7,28215.0,0,197505.0,197505.0,2025-07,Large
104652,2025-02-12,CUST01052,Mansoura,Delta,Smartphone,Electronics,8,14500.0,5,116000.0,110200.0,2025-02,Large
104653,2025-09-25,CUST01053,Tanta,Unknown,Wireless Mouse,Accessories,9,454.5,10,4090.5,3681.45,2025-09,Medium
104654,2025-04-10,CUST01054,Aswan,Unknown,Keyboard,Accessories,10,867.0,15,8670.0,7369.5,2025-04,Medium
104655,2025-11-23,CUST01055,Luxor,Unknown,Office Chair,Furniture,11,5356.0,20,58916.0,47132.8,2025-11,Large
104656,2025-06-08,CUST01056,Port Said,Unknown,Desk,Furniture,12,7696.0,0,92352.0,92352.0,2025-06,Large
104657,2025-01-21,CUST01057,Unknown,Unknown,Headphones,Electronics,1,1890.0,5,1890.0,1795.5,2025-01,Medium
104658,2025-08-06,CUST01058,Giza,Greater Cairo,Monitor,Electronics,2,9752.0,10,19504.0,17553.6,2025-08,Large
104659,2025-03-19,CUST01059,Alexandria,Coastal,Printer,Office Equipment,3,7276.0,15,21828.0,18553.8,2025-03,Large
104660,2025-10-04,CUST01060,Mansoura,Delta,Notebook Pack,Stationery,4,259.2,20,1036.8,829.44,2025-10,Small
104661,2025-05-17,CUST01061,Tanta,Unknown,Laptop,Electronics,5,31065.0,0,155325.0,155325.0,2025-05,Large
104662,2025-12-02,CUST01062,Aswan,Unknown,Smartphone,Electronics,6,15950.0,5,95700.0,90915.0,2025-12,Large
104663,2025-07-15,CUST01063,Luxor,Unknown,Wireless Mouse,Accessories,7,405.0,10,2835.0,2551.5,2025-07,Medium
104664,2025-02-28,CUST01064,Port Said,Unknown,Keyboard,Accessories,8,773.5,15,6188.0,5259.8,2025-02,Medium
104665,2025-09-13,CUST01065,Cairo,Greater Cairo,Office Chair,Furniture,9,4784.0,20,43056.0,34444.8,2025-09,Large
104666,2025-04-26,CUST01066,Giza,Greater Cairo,Desk,Furniture,10,6882.0,0,68820.0,68820.0,2025-04,Large
104667,2025-11-11,CUST01067,Alexandria,Coastal,Headphones,Electronics,11,1692.0,5,18612.0,17681.4,2025-11,Large
104668,2025-06-24,CUST01068,Mansoura,Delta,Monitor,Electronics,12,8740.0,10,104880.0,94392.0,2025-06,Large
104669,2025-01-09,CUST01069,Tanta,Unknown,Printer,Office Equipment,1,6528.0,15,6528.0,5548.8,2025-01,Medium
104670,2025-08-22,CUST01070,Aswan,Unknown,Notebook Pack,Stationery,2,232.8,20,465.6,372.48,2025-08,Small
104671,2025-03-07,CUST01071,Luxor,Unknown,Laptop,Electronics,3,27930.0,0,83790.0,83790.0,2025-03,Large
104672,2025-10-20,CUST01072,Port Said,Unknown,Smartphone,Electronics,4,14355.0,5,57420.0,54549.0,2025-10,Large
104673,2025-05-05,CUST01073,Cairo,Greater Cairo,Wireless Mouse,Accessories,5,450.0,10,2250.0,2025.0,2025-05,Medium
104674,2025-12-18,CUST01074,Giza,Greater Cairo,Keyboard,Accessories,6,858.5,15,5151.0,4378.35,2025-12,Medium
104675,2025-07-03,CUST01075,Alexandria,Coastal,Office Chair,Furniture,7,5304.0,20,37128.0,29702.4,2025-07,Large
104676,2025-02-16,CUST01076,Mansoura,Delta,Desk,Furniture,8,7622.0,0,60976.0,60976.0,2025-02,Large
104677,2025-09-01,CUST01077,Tanta,Unknown,Headphones,Electronics,9,1872.0,5,16848.0,16005.6,2025-09,Large
104678,2025-04-14,CUST01078,Aswan,Unknown,Monitor,Electronics,10,9660.0,10,96600.0,86940.0,2025-04,Large
104679,2025-11-27,CUST01079,Luxor,Unknown,Printer,Office Equipment,11,7208.0,15,79288.0,67394.8,2025-11,Large
104680,2025-06-12,CUST01080,Port Said,Unknown,Notebook Pack,Stationery,12,256.8,20,3081.6,2465.28,2025-06,Medium
104681,2025-01-25,CUST01081,Cairo,Greater Cairo,Laptop,Electronics,1,30780.0,0,30780.0,30780.0,2025-01,Large
104682,2025-08-10,CUST01082,Giza,Greater Cairo,Smartphone,Electronics,2,15805.0,5,31610.0,30029.5,2025-08,Large
104683,2025-03-23,CUST01083,Alexandria,Coastal,Wireless Mouse,Accessories,3,495.0,10,1485.0,1336.5,2025-03,Medium
104684,2025-10-08,CUST01084,Mansoura,Delta,Keyboard,Accessories,4,765.0,15,3060.0,2601.0,2025-10,Medium
104685,2025-05-21,CUST01085,Tanta,Unknown,Office Chair,Furniture,5,4732.0,20,23660.0,18928.0,2025-05,Large
104686,2026-12-06,CUST01086,Aswan,Unknown,Desk,Furniture,6,6808.0,0,40848.0,40848.0,2026-12,Large
104687,2026-07-19,CUST01087,Luxor,Unknown,Headphones,Electronics,7,1674.0,5,11718.0,11132.1,2026-07,Large
104688,2026-02-04,CUST01088,Port Said,Unknown,Monitor,Electronics,8,8648.0,10,69184.0,62265.6,2026-02,Large
104689,2026-09-17,CUST01089,Cairo,Greater Cairo,Printer,Office Equipment,9,6460.0,15,58140.0,49419.0,2026-09,Large
104690,2026-04-02,CUST01090,Giza,Greater Cairo,Notebook Pack,Stationery,10,230.4,20,2304.0,1843.2,2026-04,Medium
104691,2026-11-15,CUST01091,Alexandria,Coastal,Laptop,Electronics,11,27645.0,0,304095.0,304095.0,2026-11,Large
104692,2026-06-28,CUST01092,Mansoura,Delta,Smartphone,Electronics,12,14210.0,5,170520.0,161994.0,2026-06,Large
104693,2026-01-13,CUST01093,Tanta,Unknown,Wireless Mouse,Accessories,1,445.5,10,445.5,400.95,2026-01,Small
104694,2026-08-26,CUST01094,Aswan,Unknown,Keyboard,Accessories,2,850.0,15,1700.0,1445.0,2026-08,Medium
104695,2026-03-11,CUST01095,Luxor,Unknown,Office Chair,Furniture,3,5252.0,20,15756.0,12604.8,2026-03,Large
104696,2026-10-24,CUST01096,Port Said,Unknown,Desk,Furniture,4,7548.0,0,30192.0,30192.0,2026-10,Large
104697,2026-05-09,CUST01097,Cairo,Greater Cairo,Headphones,Electronics,5,1854.0,5,9270.0,8806.5,2026-05,Medium
104698,2026-12-22,CUST01098,Giza,Greater Cairo,Monitor,Electronics,6,9568.0,10,57408.0,51667.2,2026-12,Large
104699,2026-07-07,CUST01099,Alexandria,Coastal,Printer,Office Equipment,7,7140.0,15,49980.0,42483.0,2026-07,Large
104700,2026-02-20,CUST01100,Mansoura,Delta,Notebook Pack,Stationery,8,254.4,20,2035.2,1628.16,2026-02,Medium
104701,2026-09-05,CUST01101,Tanta,Unknown,Laptop,Electronics,9,30495.0,0,274455.0,274455.0,2026-09,Large
104702,2026-04-18,CUST01102,Aswan,Unknown,Smartphone,Electronics,10,15660.0,5,156600.0,148770.0,2026-04,Large
104703,2026-11-03,CUST01103,Luxor,Unknown,Wireless Mouse,Accessories,11,490.5,10,5395.5,4855.95,2026-11,Medium
104704,2026-06-16,CUST01104,Port Said,Unknown,Keyboard,Accessories,12,935.0,15,11220.0,9537.0,2026-06,Medium
104705,2026-01-01,CUST01105,Cairo,Greater Cairo,Office Chair,Furniture,1,4680.0,20,4680.0,3744.0,2026-01,Medium
104706,2026-08-14,CUST01106,Giza,Greater Cairo,Desk,Furniture,2,6734.0,0,13468.0,13468.0,2026-08,Large
104707,2026-03-27,CUST01107,Alexandria,Coastal,Headphones,Electronics,3,1656.0,0,4968.0,4968.0,2026-03,Medium
104708,2026-10-12,CUST01108,Mansoura,Delta,Monitor,Electronics,4,8556.0,10,34224.0,30801.6,2026-10,Large
104709,2026-05-25,CUST01109,Tanta,Unknown,Printer,Office Equipment,5,6392.0,15,31960.0,27166.0,2026-05,Large
104710,2026-12-10,CUST01110,Aswan,Unknown,Notebook Pack,Stationery,6,228.0,20,1368.0,1094.4,2026-12,Medium
104711,2026-07-23,CUST01111,Luxor,Unknown,Laptop,Electronics,7,27360.0,0,191520.0,191520.0,2026-07,Large
104712,2026-02-08,CUST01112,Port Said,Unknown,Smartphone,Electronics,8,14065.0,5,112520.0,106894.0,2026-02,Large
104713,2026-09-21,CUST01113,Cairo,Greater Cairo,Wireless Mouse,Accessories,9,441.0,10,3969.0,3572.1,2026-09,Medium
104714,2026-04-06,CUST01114,Giza,Greater Cairo,Keyboard,Accessories,10,841.5,15,8415.0,7152.75,2026-04,Medium
104715,2026-11-19,CUST01115,Alexandria,Coastal,Office Chair,Furniture,11,5200.0,20,57200.0,45760.0,2026-11,Large
104716,2026-06-04,CUST01116,Mansoura,Delta,Desk,Furniture,12,7474.0,0,89688.0,89688.0,2026-06,Large
104717,2026-01-17,CUST01117,Tanta,Unknown,Headphones,Electronics,1,1836.0,5,1836.0,1744.2,2026-01,Medium
104718,2026-08-02,CUST01118,Aswan,Unknown,Monitor,Electronics,2,9476.0,10,18952.0,17056.8,2026-08,Large
104719,2026-03-15,CUST01119,Luxor,Unknown,Printer,Office Equipment,3,7072.0,15,21216.0,18033.6,2026-03,Large
104720,2026-10-28,CUST01120,Port Said,Unknown,Notebook Pack,Stationery,4,252.0,20,1008.0,806.4,2026-10,Small
104721,2026-05-13,CUST01121,Cairo,Greater Cairo,Laptop,Electronics,5,30210.0,0,151050.0,151050.0,2026-05,Large
104722,2026-12-26,CUST01122,Giza,Greater Cairo,Smartphone,Electronics,6,15515.0,5,93090.0,88435.5,2026-12,Large
104723,2026-07-11,CUST01123,Alexandria,Coastal,Wireless Mouse,Accessories,7,486.0,10,3402.0,3061.8,2026-07,Medium
104724,2026-02-24,CUST01124,Mansoura,Delta,Keyboard,Accessories,8,926.5,15,7412.0,6300.2,2026-02,Medium
104725,2026-09-09,CUST01125,Tanta,Unknown,Office Chair,Furniture,9,5720.0,20,51480.0,41184.0,2026-09,Large
104726,2026-04-22,CUST01126,Aswan,Unknown,Desk,Furniture,10,6660.0,0,66600.0,66600.0,2026-04,Large
104727,2026-11-07,CUST01127,Luxor,Unknown,Headphones,Electronics,11,1638.0,5,18018.0,17117.1,2026-11,Large
104728,2026-06-20,CUST01128,Port Said,Unknown,Monitor,Electronics,12,8464.0,10,101568.0,91411.2,2026-06,Large
104729,2026-01-05,CUST01129,Cairo,Greater Cairo,Printer,Office Equipment,1,6324.0,15,6324.0,5375.4,2026-01,Medium
104730,2026-08-18,CUST01130,Giza,Greater Cairo,Notebook Pack,Stationery,2,225.6,20,451.2,360.96,2026-08,Small
104731,2026-03-03,CUST01131,Alexandria,Coastal,Laptop,Electronics,3,27075.0,0,81225.0,81225.0,2026-03,Large
104732,2026-10-16,CUST01132,Mansoura,Delta,Smartphone,Electronics,4,13920.0,5,55680.0,52896.0,2026-10,Large
104733,2026-05-01,CUST01133,Tanta,Unknown,Wireless Mouse,Accessories,5,436.5,10,2182.5,1964.25,2026-05,Medium
104734,2026-12-14,CUST01134,Aswan,Unknown,Keyboard,Accessories,6,833.0,15,4998.0,4248.3,2026-12,Medium
104735,2026-07-27,CUST01135,Luxor,Unknown,Office Chair,Furniture,7,5148.0,20,36036.0,28828.8,2026-07,Large
104736,2026-02-12,CUST01136,Port Said,Unknown,Desk,Furniture,8,7400.0,0,59200.0,59200.0,2026-02,Large
104737,2026-09-25,CUST01137,Cairo,Greater Cairo,Headphones,Electronics,9,1818.0,5,16362.0,15543.9,2026-09,Large
104738,2026-04-10,CUST01138,Giza,Greater Cairo,Monitor,Electronics,10,9384.0,10,93840.0,84456.0,2026-04,Large
104739,2026-11-23,CUST01139,Alexandria,Coastal,Printer,Office Equipment,11,7004.0,15,77044.0,65487.4,2026-11,Large
104740,2026-06-08,CUST01140,Mansoura,Delta,Notebook Pack,Stationery,12,249.6,20,2995.2,2396.16,2026-06,Medium
104741,2026-01-21,CUST01141,Tanta,Unknown,Laptop,Electronics,1,29925.0,0,29925.0,29925.0,2026-01,Large
104742,2026-08-06,CUST01142,Aswan,Unknown,Smartphone,Electronics,2,15370.0,5,30740.0,29203.0,2026-08,Large
104743,2026-03-19,CUST01143,Luxor,Unknown,Wireless Mouse,Accessories,3,481.5,10,1444.5,1300.05,2026-03,Medium
104744,2026-10-04,CUST01144,Port Said,Unknown,Keyboard,Accessories,4,918.0,15,3672.0,3121.2,2026-10,Medium
104745,2026-05-17,CUST01145,Cairo,Greater Cairo,Office Chair,Furniture,5,5668.0,20,28340.0,22672.0,2026-05,Large
104746,2026-12-02,CUST01146,Giza,Greater Cairo,Desk,Furniture,6,8140.0,0,48840.0,48840.0,2026-12,Large
104747,2026-07-15,CUST01147,Alexandria,Coastal,Headphones,Electronics,7,1620.0,5,11340.0,10773.0,2026-07,Large
104748,2026-02-28,CUST01148,Mansoura,Delta,Monitor,Electronics,8,8372.0,10,66976.0,60278.4,2026-02,Large
104749,2026-09-13,CUST01149,Tanta,Unknown,Printer,Office Equipment,9,6256.0,15,56304.0,47858.4,2026-09,Large
104750,2026-04-26,CUST01150,Aswan,Unknown,Notebook Pack,Stationery,10,223.2,20,2232.0,1785.6,2026-04,Medium
104751,2026-11-11,CUST01151,Luxor,Unknown,Laptop,Electronics,11,26790.0,0,294690.0,294690.0,2026-11,Large
104752,2026-06-24,CUST01152,Port Said,Unknown,Smartphone,Electronics,12,13775.0,5,165300.0,157035.0,2026-06,Large
104753,2026-01-09,CUST01153,Cairo,Greater Cairo,Wireless Mouse,Accessories,1,432.0,10,432.0,388.8,2026-01,Small
104754,2026-08-22,CUST01154,Unknown,Unknown,Keyboard,Accessories,2,824.5,15,1649.0,1401.65,2026-08,Medium
104755,2026-03-07,CUST01155,Alexandria,Coastal,Office Chair,Furniture,3,5096.0,20,15288.0,12230.4,2026-03,Large
104756,2026-10-20,CUST01156,Mansoura,Delta,Desk,Furniture,4,7326.0,0,29304.0,29304.0,2026-10,Large
104757,2026-05-05,CUST01157,Tanta,Unknown,Headphones,Electronics,5,1800.0,5,9000.0,8550.0,2026-05,Medium
104758,2026-12-18,CUST01158,Aswan,Unknown,Monitor,Electronics,6,9292.0,10,55752.0,50176.8,2026-12,Large
104759,2026-07-03,CUST01159,Luxor,Unknown,Printer,Office Equipment,7,6936.0,15,48552.0,41269.2,2026-07,Large
104760,2026-02-16,CUST01160,Port Said,Unknown,Notebook Pack,Stationery,8,247.2,20,1977.6,1582.08,2026-02,Medium
104761,2026-09-01,CUST01161,Cairo,Greater Cairo,Laptop,Electronics,9,29640.0,0,266760.0,266760.0,2026-09,Large
104762,2026-04-14,CUST01162,Giza,Greater Cairo,Smartphone,Electronics,10,15225.0,5,152250.0,144637.5,2026-04,Large
104763,2026-11-27,CUST01163,Alexandria,Coastal,Wireless Mouse,Accessories,11,477.0,10,5247.0,4722.3,2026-11,Medium
104764,2026-06-12,CUST01164,Mansoura,Delta,Keyboard,Accessories,12,909.5,15,10914.0,9276.9,2026-06,Medium
104765,2026-01-25,CUST01165,Tanta,Unknown,Office Chair,Furniture,1,5616.0,20,5616.0,4492.8,2026-01,Medium
104766,2026-08-10,CUST01166,Aswan,Unknown,Desk,Furniture,2,8066.0,0,16132.0,16132.0,2026-08,Large
104767,2026-03-23,CUST01167,Luxor,Unknown,Headphones,Electronics,3,1980.0,5,5940.0,5643.0,2026-03,Medium
104768,2026-10-08,CUST01168,Port Said,Unknown,Monitor,Electronics,4,8280.0,10,33120.0,29808.0,2026-10,Large
104769,2026-05-21,CUST01169,Cairo,Greater Cairo,Printer,Office Equipment,5,6188.0,15,30940.0,26299.0,2026-05,Large
104770,2026-12-06,CUST01170,Giza,Greater Cairo,Notebook Pack,Stationery,6,220.8,20,1324.8,1059.84,2026-12,Medium
104771,2026-07-19,CUST01171,Alexandria,Coastal,Laptop,Electronics,7,26505.0,0,185535.0,185535.0,2026-07,Large
104772,2026-02-04,CUST01172,Mansoura,Delta,Smartphone,Electronics,8,13630.0,5,109040.0,103588.0,2026-02,Large
104773,2026-09-17,CUST01173,Tanta,Unknown,Wireless Mouse,Accessories,9,427.5,10,3847.5,3462.75,2026-09,Medium
104774,2026-04-02,CUST01174,Aswan,Unknown,Keyboard,Accessories,10,816.0,15,8160.0,6936.0,2026-04,Medium
104775,2026-11-15,CUST01175,Luxor,Unknown,Office Chair,Furniture,11,5044.0,20,55484.0,44387.2,2026-11,Large
104776,2026-06-28,CUST01176,Port Said,Unknown,Desk,Furniture,12,7252.0,0,87024.0,87024.0,2026-06,Large
104777,2026-01-13,CUST01177,Cairo,Greater Cairo,Headphones,Electronics,1,1782.0,5,1782.0,1692.9,2026-01,Medium
104778,2026-08-26,CUST01178,Giza,Greater Cairo,Monitor,Electronics,2,9200.0,10,18400.0,16560.0,2026-08,Large
104779,2026-03-11,CUST01179,Alexandria,Coastal,Printer,Office Equipment,3,6868.0,15,20604.0,17513.4,2026-03,Large
104780,2026-10-24,CUST01180,Mansoura,Delta,Notebook Pack,Stationery,4,244.8,20,979.2,783.36,2026-10,Small
104781,2026-05-09,CUST01181,Tanta,Unknown,Laptop,Electronics,5,29355.0,0,146775.0,146775.0,2026-05,Large
104782,2026-12-22,CUST01182,Aswan,Unknown,Smartphone,Electronics,6,15080.0,5,90480.0,85956.0,2026-12,Large
104783,2026-07-07,CUST01183,Luxor,Unknown,Wireless Mouse,Accessories,7,472.5,10,3307.5,2976.75,2026-07,Medium
104784,2026-02-20,CUST01184,Port Said,Unknown,Keyboard,Accessories,8,901.0,15,7208.0,6126.8,2026-02,Medium
104785,2026-09-05,CUST01185,Cairo,Greater Cairo,Office Chair,Furniture,9,5564.0,20,50076.0,40060.8,2026-09,Large
104786,2026-04-18,CUST01186,Giza,Greater Cairo,Desk,Furniture,10,7992.0,0,79920.0,79920.0,2026-04,Large
104787,2026-11-03,CUST01187,Alexandria,Coastal,Headphones,Electronics,11,1962.0,5,21582.0,20502.9,2026-11,Large
104788,2026-06-16,CUST01188,Mansoura,Delta,Monitor,Electronics,12,10120.0,10,121440.0,109296.0,2026-06,Large
104789,2026-01-01,CUST01189,Tanta,Unknown,Printer,Office Equipment,1,6120.0,15,6120.0,5202.0,2026-01,Medium
104790,2026-08-14,CUST01190,Aswan,Unknown,Notebook Pack,Stationery,2,218.4,20,436.8,349.44,2026-08,Small
104791,2026-03-27,CUST01191,Luxor,Unknown,Laptop,Electronics,3,26220.0,0,78660.0,78660.0,2026-03,Large
104792,2026-10-12,CUST01192,Port Said,Unknown,Smartphone,Electronics,4,13485.0,5,53940.0,51243.0,2026-10,Large
104793,2026-05-25,CUST01193,Cairo,Greater Cairo,Wireless Mouse,Accessories,5,423.0,10,2115.0,1903.5,2026-05,Medium
104794,2026-12-10,CUST01194,Giza,Greater Cairo,Keyboard,Accessories,6,807.5,15,4845.0,4118.25,2026-12,Medium
104795,2026-07-23,CUST01195,Alexandria,Coastal,Office Chair,Furniture,7,4992.0,20,34944.0,27955.2,2026-07,Large
104796,2026-02-08,CUST01196,Mansoura,Delta,Desk,Furniture,8,7178.0,0,57424.0,57424.0,2026-02,Large
104797,2026-09-21,CUST01197,Tanta,Unknown,Headphones,Electronics,9,1764.0,5,15876.0,15082.2,2026-09,Large
104798,2026-04-06,CUST01198,Aswan,Unknown,Monitor,Electronics,10,9108.0,10,91080.0,81972.0,2026-04,Large
104799,2026-11-19,CUST01199,Luxor,Unknown,Printer,Office Equipment,11,6800.0,15,74800.0,63580.0,2026-11,Large
104800,2026-06-04,CUST01200,Port Said,Unknown,Notebook Pack,Stationery,12,242.4,20,2908.8,2327.04,2026-06,Medium
104801,2026-01-17,CUST01201,Cairo,Greater Cairo,Laptop,Electronics,1,29070.0,0,29070.0,29070.0,2026-01,Large
104802,2026-08-02,CUST01202,Giza,Greater Cairo,Smartphone,Electronics,2,14935.0,5,29870.0,28376.5,2026-08,Large
104803,2026-03-15,CUST01203,Alexandria,Coastal,Wireless Mouse,Accessories,3,468.0,10,1404.0,1263.6,2026-03,Medium
104804,2026-10-28,CUST01204,Mansoura,Delta,Keyboard,Accessories,4,892.5,15,3570.0,3034.5,2026-10,Medium
104805,2026-05-13,CUST01205,Tanta,Unknown,Office Chair,Furniture,5,5512.0,20,27560.0,22048.0,2026-05,Large
104806,2026-12-26,CUST01206,Aswan,Unknown,Desk,Furniture,6,7918.0,0,47508.0,47508.0,2026-12,Large
104807,2026-07-11,CUST01207,Luxor,Unknown,Headphones,Electronics,7,1944.0,5,13608.0,12927.6,2026-07,Large
104808,2026-02-24,CUST01208,Port Said,Unknown,Monitor,Electronics,8,10028.0,10,80224.0,72201.6,2026-02,Large
104809,2026-09-09,CUST01209,Cairo,Greater Cairo,Printer,Office Equipment,9,7480.0,15,67320.0,57222.0,2026-09,Large
104810,2026-04-22,CUST01210,Giza,Greater Cairo,Notebook Pack,Stationery,10,216.0,20,2160.0,1728.0,2026-04,Medium
104811,2026-11-07,CUST01211,Alexandria,Coastal,Laptop,Electronics,11,25935.0,0,285285.0,285285.0,2026-11,Large
104812,2026-06-20,CUST01212,Mansoura,Delta,Smartphone,Electronics,12,13340.0,5,160080.0,152076.0,2026-06,Large
104813,2026-01-05,CUST01213,Tanta,Unknown,Wireless Mouse,Accessories,1,418.5,10,418.5,376.65,2026-01,Small
104814,2026-08-18,CUST01214,Aswan,Unknown,Keyboard,Accessories,2,799.0,15,1598.0,1358.3,2026-08,Medium
104815,2026-03-03,CUST01215,Luxor,Unknown,Office Chair,Furniture,3,4940.0,20,14820.0,11856.0,2026-03,Large
104816,2026-10-16,CUST01216,Port Said,Unknown,Desk,Furniture,4,7104.0,0,28416.0,28416.0,2026-10,Large
104817,2026-05-01,CUST01217,Cairo,Greater Cairo,Headphones,Electronics,5,1746.0,5,8730.0,8293.5,2026-05,Medium
104818,2026-12-14,CUST01218,Giza,Greater Cairo,Monitor,Electronics,6,9016.0,10,54096.0,48686.4,2026-12,Large
104819,2026-07-27,CUST01219,Alexandria,Coastal,Printer,Office Equipment,7,6732.0,15,47124.0,40055.4,2026-07,Large
104820,2026-02-12,CUST01220,Mansoura,Delta,Notebook Pack,Stationery,8,240.0,20,1920.0,1536.0,2026-02,Medium
104821,2026-09-25,CUST01221,Tanta,Unknown,Laptop,Electronics,9,28785.0,0,259065.0,259065.0,2026-09,Large
104822,2026-04-10,CUST01222,Aswan,Unknown,Smartphone,Electronics,10,14790.0,5,147900.0,140505.0,2026-04,Large
104823,2026-11-23,CUST01223,Luxor,Unknown,Wireless Mouse,Accessories,11,463.5,10,5098.5,4588.65,2026-11,Medium
104824,2026-06-08,CUST01224,Port Said,Unknown,Keyboard,Accessories,12,884.0,15,10608.0,9016.8,2026-06,Medium
104825,2026-01-21,CUST01225,Cairo,Greater Cairo,Office Chair,Furniture,1,5460.0,20,5460.0,4368.0,2026-01,Medium
104826,2026-08-06,CUST01226,Giza,Greater Cairo,Desk,Furniture,2,7844.0,0,15688.0,15688.0,2026-08,Large
104827,2026-03-19,CUST01227,Alexandria,Coastal,Headphones,Electronics,3,1926.0,5,5778.0,5489.1,2026-03,Medium
104828,2026-10-04,CUST01228,Mansoura,Delta,Monitor,Electronics,4,9936.0,10,39744.0,35769.6,2026-10,Large
104829,2026-05-17,CUST01229,Tanta,Unknown,Printer,Office Equipment,5,7412.0,15,37060.0,31501.0,2026-05,Large
104830,2026-12-02,CUST01230,Aswan,Unknown,Notebook Pack,Stationery,6,264.0,20,1584.0,1267.2,2026-12,Medium
104831,2026-07-15,CUST01231,Luxor,Unknown,Laptop,Electronics,7,25650.0,0,179550.0,179550.0,2026-07,Large
104832,2026-02-28,CUST01232,Port Said,Unknown,Smartphone,Electronics,8,13195.0,5,105560.0,100282.0,2026-02,Large
104833,2026-09-13,CUST01233,Cairo,Greater Cairo,Wireless Mouse,Accessories,9,414.0,10,3726.0,3353.4,2026-09,Medium
104834,2026-04-26,CUST01234,Giza,Greater Cairo,Keyboard,Accessories,10,790.5,15,7905.0,6719.25,2026-04,Medium
104835,2026-11-11,CUST01235,Alexandria,Coastal,Office Chair,Furniture,11,4888.0,20,53768.0,43014.4,2026-11,Large
104836,2026-06-24,CUST01236,Mansoura,Delta,Desk,Furniture,12,7030.0,0,84360.0,84360.0,2026-06,Large
104837,2026-01-09,CUST01237,Tanta,Unknown,Headphones,Electronics,1,1728.0,5,1728.0,1641.6,2026-01,Medium
104838,2026-08-22,CUST01238,Aswan,Unknown,Monitor,Electronics,2,8924.0,10,17848.0,16063.2,2026-08,Large
104839,2026-03-07,CUST01239,Luxor,Unknown,Printer,Office Equipment,3,6664.0,15,19992.0,16993.2,2026-03,Large
104840,2026-10-20,CUST01240,Port Said,Unknown,Notebook Pack,Stationery,4,237.6,20,950.4,760.32,2026-10,Small
104841,2026-05-05,CUST01241,Cairo,Greater Cairo,Laptop,Electronics,5,28500.0,0,142500.0,142500.0,2026-05,Large
104842,2026-12-18,CUST01242,Giza,Greater Cairo,Smartphone,Electronics,6,14645.0,5,87870.0,83476.5,2026-12,Large
104843,2026-07-03,CUST01243,Alexandria,Coastal,Wireless Mouse,Accessories,7,459.0,10,3213.0,2891.7,2026-07,Medium
104844,2026-02-16,CUST01244,Mansoura,Delta,Keyboard,Accessories,8,875.5,15,7004.0,5953.4,2026-02,Medium
104845,2026-09-01,CUST01245,Tanta,Unknown,Office Chair,Furniture,9,5408.0,20,48672.0,38937.6,2026-09,Large
104846,2026-04-14,CUST01246,Aswan,Unknown,Desk,Furniture,10,7770.0,0,77700.0,77700.0,2026-04,Large
104847,2026-11-27,CUST01247,Luxor,Unknown,Headphones,Electronics,11,1908.0,5,20988.0,19938.6,2026-11,Large
104848,2026-06-12,CUST01248,Port Said,Unknown,Monitor,Electronics,12,9844.0,10,118128.0,106315.2,2026-06,Large
104849,2026-01-25,CUST01249,Cairo,Greater Cairo,Printer,Office Equipment,1,7344.0,15,7344.0,6242.4,2026-01,Medium
104850,2026-08-10,CUST01250,Giza,Greater Cairo,Notebook Pack,Stationery,2,261.6,20,523.2,418.56,2026-08,Small
104851,2026-03-23,CUST01251,Unknown,Unknown,Laptop,Electronics,3,31350.0,0,94050.0,94050.0,2026-03,Large
104852,2026-10-08,CUST01252,Mansoura,Delta,Smartphone,Electronics,4,13050.0,5,52200.0,49590.0,2026-10,Large
104853,2026-05-21,CUST01253,Tanta,Unknown,Wireless Mouse,Accessories,5,409.5,10,2047.5,1842.75,2026-05,Medium
104854,2026-12-06,CUST01254,Aswan,Unknown,Keyboard,Accessories,6,782.0,15,4692.0,3988.2,2026-12,Medium
104855,2026-07-19,CUST01255,Luxor,Unknown,Office Chair,Furniture,7,4836.0,20,33852.0,27081.6,2026-07,Large
104856,2026-02-04,CUST01256,Port Said,Unknown,Desk,Furniture,8,6956.0,0,55648.0,55648.0,2026-02,Large
104857,2026-09-17,CUST01257,Cairo,Greater Cairo,Headphones,Electronics,9,1710.0,5,15390.0,14620.5,2026-09,Large
104858,2026-04-02,CUST01258,Giza,Greater Cairo,Monitor,Electronics,10,8832.0,10,88320.0,79488.0,2026-04,Large
104859,2026-11-15,CUST01259,Alexandria,Coastal,Printer,Office Equipment,11,6596.0,15,72556.0,61672.6,2026-11,Large
104860,2026-06-28,CUST01260,Mansoura,Delta,Notebook Pack,Stationery,12,235.2,20,2822.4,2257.92,2026-06,Medium
104861,2025-01-13,CUST01261,Tanta,Unknown,Laptop,Electronics,1,28215.0,0,28215.0,28215.0,2025-01,Large
104862,2025-08-26,CUST01262,Aswan,Unknown,Smartphone,Electronics,2,14500.0,5,29000.0,27550.0,2025-08,Large
104863,2025-03-11,CUST01263,Luxor,Unknown,Wireless Mouse,Accessories,3,454.5,10,1363.5,1227.15,2025-03,Medium
104864,2025-10-24,CUST01264,Port Said,Unknown,Keyboard,Accessories,4,867.0,15,3468.0,2947.8,2025-10,Medium
104865,2025-05-09,CUST01265,Cairo,Greater Cairo,Office Chair,Furniture,5,5356.0,20,26780.0,21424.0,2025-05,Large
104866,2025-12-22,CUST01266,Giza,Greater Cairo,Desk,Furniture,6,7696.0,0,46176.0,46176.0,2025-12,Large
104867,2025-07-07,CUST01267,Alexandria,Coastal,Headphones,Electronics,7,1890.0,5,13230.0,12568.5,2025-07,Large
104868,2025-02-20,CUST01268,Mansoura,Delta,Monitor,Electronics,8,9752.0,10,78016.0,70214.4,2025-02,Large
104869,2025-09-05,CUST01269,Tanta,Unknown,Printer,Office Equipment,9,7276.0,15,65484.0,55661.4,2025-09,Large
104870,2025-04-18,CUST01270,Aswan,Unknown,Notebook Pack,Stationery,10,259.2,20,2592.0,2073.6,2025-04,Medium
104871,2025-11-03,CUST01271,Luxor,Unknown,Laptop,Electronics,11,31065.0,0,341715.0,341715.0,2025-11,Large
104872,2025-06-16,CUST01272,Port Said,Unknown,Smartphone,Electronics,12,15950.0,5,191400.0,181830.0,2025-06,Large
104873,2025-01-01,CUST01273,Cairo,Greater Cairo,Wireless Mouse,Accessories,1,405.0,10,405.0,364.5,2025-01,Small
104874,2025-08-14,CUST01274,Giza,Greater Cairo,Keyboard,Accessories,2,773.5,15,1547.0,1314.95,2025-08,Medium
104875,2025-03-27,CUST01275,Alexandria,Coastal,Office Chair,Furniture,3,4784.0,20,14352.0,11481.6,2025-03,Large
104876,2025-10-12,CUST01276,Mansoura,Delta,Desk,Furniture,4,6882.0,0,27528.0,27528.0,2025-10,Large
104877,2025-05-25,CUST01277,Tanta,Unknown,Headphones,Electronics,5,1692.0,5,8460.0,8037.0,2025-05,Medium
104878,2025-12-10,CUST01278,Aswan,Unknown,Monitor,Electronics,6,8740.0,10,52440.0,47196.0,2025-12,Large
104879,2025-07-23,CUST01279,Luxor,Unknown,Printer,Office Equipment,7,6528.0,15,45696.0,38841.6,2025-07,Large
104880,2025-02-08,CUST01280,Port Said,Unknown,Notebook Pack,Stationery,8,232.8,20,1862.4,1489.92,2025-02,Medium
104881,2025-09-21,CUST01281,Cairo,Greater Cairo,Laptop,Electronics,9,27930.0,0,251370.0,251370.0,2025-09,Large
104882,2025-04-06,CUST01282,Giza,Greater Cairo,Smartphone,Electronics,10,14355.0,5,143550.0,136372.5,2025-04,Large
104883,2025-11-19,CUST01283,Alexandria,Coastal,Wireless Mouse,Accessories,11,450.0,10,4950.0,4455.0,2025-11,Medium
104884,2025-06-04,CUST01284,Mansoura,Delta,Keyboard,Accessories,12,858.5,15,10302.0,8756.7,2025-06,Medium
104885,2025-01-17,CUST01285,Tanta,Unknown,Office Chair,Furniture,1,5304.0,20,5304.0,4243.2,2025-01,Medium
104886,2025-08-02,CUST01286,Aswan,Unknown,Desk,Furniture,2,7622.0,0,15244.0,15244.0,2025-08,Large
104887,2025-03-15,CUST01287,Luxor,Unknown,Headphones,Electronics,3,1872.0,5,5616.0,5335.2,2025-03,Medium
104888,2025-10-28,CUST01288,Port Said,Unknown,Monitor,Electronics,4,9660.0,0,38640.0,38640.0,2025-10,Large
104889,2025-05-13,CUST01289,Cairo,Greater Cairo,Printer,Office Equipment,5,7208.0,15,36040.0,30634.0,2025-05,Large
104890,2025-12-26,CUST01290,Giza,Greater Cairo,Notebook Pack,Stationery,6,256.8,20,1540.8,1232.64,2025-12,Medium
104891,2025-07-11,CUST01291,Alexandria,Coastal,Laptop,Electronics,7,30780.0,0,215460.0,215460.0,2025-07,Large
104892,2025-02-24,CUST01292,Mansoura,Delta,Smartphone,Electronics,8,15805.0,5,126440.0,120118.0,2025-02,Large
104893,2025-09-09,CUST01293,Tanta,Unknown,Wireless Mouse,Accessories,9,495.0,10,4455.0,4009.5,2025-09,Medium
104894,2025-04-22,CUST01294,Aswan,Unknown,Keyboard,Accessories,10,765.0,15,7650.0,6502.5,2025-04,Medium
104895,2025-11-07,CUST01295,Luxor,Unknown,Office Chair,Furniture,11,4732.0,20,52052.0,41641.6,2025-11,Large
104896,2025-06-20,CUST01296,Port Said,Unknown,Desk,Furniture,12,6808.0,0,81696.0,81696.0,2025-06,Large
104897,2025-01-05,CUST01297,Cairo,Greater Cairo,Headphones,Electronics,1,1674.0,5,1674.0,1590.3,2025-01,Medium
104898,2025-08-18,CUST01298,Giza,Greater Cairo,Monitor,Electronics,2,8648.0,10,17296.0,15566.4,2025-08,Large
104899,2025-03-03,CUST01299,Alexandria,Coastal,Printer,Office Equipment,3,6460.0,15,19380.0,16473.0,2025-03,Large
104900,2025-10-16,CUST01300,Mansoura,Delta,Notebook Pack,Stationery,4,230.4,20,921.6,737.28,2025-10,Small
104901,2025-05-01,CUST01301,Tanta,Unknown,Laptop,Electronics,5,27645.0,0,138225.0,138225.0,2025-05,Large
104902,2025-12-14,CUST01302,Aswan,Unknown,Smartphone,Electronics,6,14210.0,5,85260.0,80997.0,2025-12,Large
104903,2025-07-27,CUST01303,Luxor,Unknown,Wireless Mouse,Accessories,7,445.5,10,3118.5,2806.65,2025-07,Medium
104904,2025-02-12,CUST01304,Port Said,Unknown,Keyboard,Accessories,8,850.0,15,6800.0,5780.0,2025-02,Medium
104905,2025-09-25,CUST01305,Cairo,Greater Cairo,Office Chair,Furniture,9,5252.0,20,47268.0,37814.4,2025-09,Large
104906,2025-04-10,CUST01306,Giza,Greater Cairo,Desk,Furniture,10,7548.0,0,75480.0,75480.0,2025-04,Large
104907,2025-11-23,CUST01307,Alexandria,Coastal,Headphones,Electronics,11,1854.0,5,20394.0,19374.3,2025-11,Large
104908,2025-06-08,CUST01308,Mansoura,Delta,Monitor,Electronics,12,9568.0,10,114816.0,103334.4,2025-06,Large
104909,2025-01-21,CUST01309,Tanta,Unknown,Printer,Office Equipment,1,7140.0,15,7140.0,6069.0,2025-01,Medium
104910,2025-08-06,CUST01310,Aswan,Unknown,Notebook Pack,Stationery,2,254.4,20,508.8,407.04,2025-08,Small
104911,2025-03-19,CUST01311,Luxor,Unknown,Laptop,Electronics,3,30495.0,0,91485.0,91485.0,2025-03,Large
104912,2025-10-04,CUST01312,Port Said,Unknown,Smartphone,Electronics,4,15660.0,5,62640.0,59508.0,2025-10,Large
104913,2025-05-17,CUST01313,Cairo,Greater Cairo,Wireless Mouse,Accessories,5,490.5,10,2452.5,2207.25,2025-05,Medium
104914,2025-12-02,CUST01314,Giza,Greater Cairo,Keyboard,Accessories,6,935.0,15,5610.0,4768.5,2025-12,Medium
104915,2025-07-15,CUST01315,Alexandria,Coastal,Office Chair,Furniture,7,4680.0,20,32760.0,26208.0,2025-07,Large
104916,2025-02-28,CUST01316,Mansoura,Delta,Desk,Furniture,8,6734.0,0,53872.0,53872.0,2025-02,Large
104917,2025-09-13,CUST01317,Tanta,Unknown,Headphones,Electronics,9,1656.0,5,14904.0,14158.8,2025-09,Large
104918,2025-04-26,CUST01318,Aswan,Unknown,Monitor,Electronics,10,8556.0,10,85560.0,77004.0,2025-04,Large
104919,2025-11-11,CUST01319,Luxor,Unknown,Printer,Office Equipment,11,6392.0,15,70312.0,59765.2,2025-11,Large
104920,2025-06-24,CUST01320,Port Said,Unknown,Notebook Pack,Stationery,12,228.0,20,2736.0,2188.8,2025-06,Medium
104921,2025-01-09,CUST01321,Cairo,Greater Cairo,Laptop,Electronics,1,27360.0,0,27360.0,27360.0,2025-01,Large
104922,2025-08-22,CUST01322,Giza,Greater Cairo,Smartphone,Electronics,2,14065.0,5,28130.0,26723.5,2025-08,Large
104923,2025-03-07,CUST01323,Alexandria,Coastal,Wireless Mouse,Accessories,3,441.0,10,1323.0,1190.7,2025-03,Medium
104924,2025-10-20,CUST01324,Mansoura,Delta,Keyboard,Accessories,4,841.5,15,3366.0,2861.1,2025-10,Medium
104925,2025-05-05,CUST01325,Tanta,Unknown,Office Chair,Furniture,5,5200.0,20,26000.0,20800.0,2025-05,Large
104926,2025-12-18,CUST01326,Aswan,Unknown,Desk,Furniture,6,7474.0,0,44844.0,44844.0,2025-12,Large
104927,2025-07-03,CUST01327,Luxor,Unknown,Headphones,Electronics,7,1836.0,5,12852.0,12209.4,2025-07,Large
104928,2025-02-16,CUST01328,Port Said,Unknown,Monitor,Electronics,8,9476.0,10,75808.0,68227.2,2025-02,Large
104929,2025-09-01,CUST01329,Cairo,Greater Cairo,Printer,Office Equipment,9,7072.0,15,63648.0,54100.8,2025-09,Large
104930,2025-04-14,CUST01330,Giza,Greater Cairo,Notebook Pack,Stationery,10,252.0,20,2520.0,2016.0,2025-04,Medium
104931,2025-11-27,CUST01331,Alexandria,Coastal,Laptop,Electronics,11,30210.0,0,332310.0,332310.0,2025-11,Large
104932,2025-06-12,CUST01332,Mansoura,Delta,Smartphone,Electronics,12,15515.0,5,186180.0,176871.0,2025-06,Large
104933,2025-01-25,CUST01333,Tanta,Unknown,Wireless Mouse,Accessories,1,486.0,10,486.0,437.4,2025-01,Small
104934,2025-08-10,CUST01334,Aswan,Unknown,Keyboard,Accessories,2,926.5,15,1853.0,1575.05,2025-08,Medium
104935,2025-03-23,CUST01335,Luxor,Unknown,Office Chair,Furniture,3,5720.0,20,17160.0,13728.0,2025-03,Large
104936,2025-10-08,CUST01336,Port Said,Unknown,Desk,Furniture,4,6660.0,0,26640.0,26640.0,2025-10,Large
104937,2025-05-21,CUST01337,Cairo,Greater Cairo,Headphones,Electronics,5,1638.0,5,8190.0,7780.5,2025-05,Medium
104938,2025-12-06,CUST01338,Giza,Greater Cairo,Monitor,Electronics,6,8464.0,10,50784.0,45705.6,2025-12,Large
104939,2025-07-19,CUST01339,Alexandria,Coastal,Printer,Office Equipment,7,6324.0,15,44268.0,37627.8,2025-07,Large
104940,2025-02-04,CUST01340,Mansoura,Delta,Notebook Pack,Stationery,8,225.6,20,1804.8,1443.84,2025-02,Medium
104941,2025-09-17,CUST01341,Tanta,Unknown,Laptop,Electronics,9,27075.0,0,243675.0,243675.0,2025-09,Large
104942,2025-04-02,CUST01342,Aswan,Unknown,Smartphone,Electronics,10,13920.0,5,139200.0,132240.0,2025-04,Large
104943,2025-11-15,CUST01343,Luxor,Unknown,Wireless Mouse,Accessories,11,436.5,10,4801.5,4321.35,2025-11,Medium
104944,2025-06-28,CUST01344,Port Said,Unknown,Keyboard,Accessories,12,833.0,15,9996.0,8496.6,2025-06,Medium
104945,2025-01-13,CUST01345,Cairo,Greater Cairo,Office Chair,Furniture,1,5148.0,20,5148.0,4118.4,2025-01,Medium
104946,2025-08-26,CUST01346,Giza,Greater Cairo,Desk,Furniture,2,7400.0,0,14800.0,14800.0,2025-08,Large
104947,2025-03-11,CUST01347,Alexandria,Coastal,Headphones,Electronics,3,1818.0,5,5454.0,5181.3,2025-03,Medium
104948,2025-10-24,CUST01348,Unknown,Unknown,Monitor,Electronics,4,9384.0,10,37536.0,33782.4,2025-10,Large
104949,2025-05-09,CUST01349,Tanta,Unknown,Printer,Office Equipment,5,7004.0,15,35020.0,29767.0,2025-05,Large
104950,2025-12-22,CUST01350,Aswan,Unknown,Notebook Pack,Stationery,6,249.6,20,1497.6,1198.08,2025-12,Medium
104951,2025-07-07,CUST01351,Luxor,Unknown,Laptop,Electronics,7,29925.0,0,209475.0,209475.0,2025-07,Large
104952,2025-02-20,CUST01352,Port Said,Unknown,Smartphone,Electronics,8,15370.0,5,122960.0,116812.0,2025-02,Large
104953,2025-09-05,CUST01353,Cairo,Greater Cairo,Wireless Mouse,Accessories,9,481.5,10,4333.5,3900.15,2025-09,Medium
104954,2025-04-18,CUST01354,Giza,Greater Cairo,Keyboard,Accessories,10,918.0,15,9180.0,7803.0,2025-04,Medium
104955,2025-11-03,CUST01355,Alexandria,Coastal,Office Chair,Furniture,11,5668.0,20,62348.0,49878.4,2025-11,Large
104956,2025-06-16,CUST01356,Mansoura,Delta,Desk,Furniture,12,8140.0,0,97680.0,97680.0,2025-06,Large
104957,2025-01-01,CUST01357,Tanta,Unknown,Headphones,Electronics,1,1620.0,5,1620.0,1539.0,2025-01,Medium
104958,2025-08-14,CUST01358,Aswan,Unknown,Monitor,Electronics,2,8372.0,10,16744.0,15069.6,2025-08,Large
104959,2025-03-27,CUST01359,Luxor,Unknown,Printer,Office Equipment,3,6256.0,15,18768.0,15952.8,2025-03,Large
104960,2025-10-12,CUST01360,Port Said,Unknown,Notebook Pack,Stationery,4,223.2,20,892.8,714.24,2025-10,Small
104961,2025-05-25,CUST01361,Cairo,Greater Cairo,Laptop,Electronics,5,26790.0,0,133950.0,133950.0,2025-05,Large
104962,2025-12-10,CUST01362,Giza,Greater Cairo,Smartphone,Electronics,6,13775.0,5,82650.0,78517.5,2025-12,Large
104963,2025-07-23,CUST01363,Alexandria,Coastal,Wireless Mouse,Accessories,7,432.0,10,3024.0,2721.6,2025-07,Medium
104964,2025-02-08,CUST01364,Mansoura,Delta,Keyboard,Accessories,8,824.5,15,6596.0,5606.6,2025-02,Medium
104965,2025-09-21,CUST01365,Tanta,Unknown,Office Chair,Furniture,9,5096.0,20,45864.0,36691.2,2025-09,Large
104966,2025-04-06,CUST01366,Aswan,Unknown,Desk,Furniture,10,7326.0,0,73260.0,73260.0,2025-04,Large
104967,2025-11-19,CUST01367,Luxor,Unknown,Headphones,Electronics,11,1800.0,5,19800.0,18810.0,2025-11,Large
104968,2025-06-04,CUST01368,Port Said,Unknown,Monitor,Electronics,12,9292.0,10,111504.0,100353.6,2025-06,Large
104969,2025-01-17,CUST01369,Cairo,Greater Cairo,Printer,Office Equipment,1,6936.0,15,6936.0,5895.6,2025-01,Medium
104970,2025-08-02,CUST01370,Giza,Greater Cairo,Notebook Pack,Stationery,2,247.2,20,494.4,395.52,2025-08,Small
104971,2025-03-15,CUST01371,Alexandria,Coastal,Laptop,Electronics,3,29640.0,0,88920.0,88920.0,2025-03,Large
104972,2025-10-28,CUST01372,Mansoura,Delta,Smartphone,Electronics,4,15225.0,5,60900.0,57855.0,2025-10,Large
104973,2025-05-13,CUST01373,Tanta,Unknown,Wireless Mouse,Accessories,5,477.0,10,2385.0,2146.5,2025-05,Medium
104974,2025-12-26,CUST01374,Aswan,Unknown,Keyboard,Accessories,6,909.5,15,5457.0,4638.45,2025-12,Medium
104975,2025-07-11,CUST01375,Luxor,Unknown,Office Chair,Furniture,7,5616.0,20,39312.0,31449.6,2025-07,Large
104976,2025-02-24,CUST01376,Port Said,Unknown,Desk,Furniture,8,8066.0,0,64528.0,64528.0,2025-02,Large
104977,2025-09-09,CUST01377,Cairo,Greater Cairo,Headphones,Electronics,9,1980.0,5,17820.0,16929.0,2025-09,Large
104978,2025-04-22,CUST01378,Giza,Greater Cairo,Monitor,Electronics,10,8280.0,10,82800.0,74520.0,2025-04,Large
104979,2025-11-07,CUST01379,Alexandria,Coastal,Printer,Office Equipment,11,6188.0,15,68068.0,57857.8,2025-11,Large
104980,2025-06-20,CUST01380,Mansoura,Delta,Notebook Pack,Stationery,12,220.8,20,2649.6,2119.68,2025-06,Medium
104981,2025-01-05,CUST01381,Tanta,Unknown,Laptop,Electronics,1,26505.0,0,26505.0,26505.0,2025-01,Large
104982,2025-08-18,CUST01382,Aswan,Unknown,Smartphone,Electronics,2,13630.0,5,27260.0,25897.0,2025-08,Large
104983,2025-03-03,CUST01383,Luxor,Unknown,Wireless Mouse,Accessories,3,427.5,10,1282.5,1154.25,2025-03,Medium
104984,2025-10-16,CUST01384,Port Said,Unknown,Keyboard,Accessories,4,816.0,15,3264.0,2774.4,2025-10,Medium
104985,2025-05-01,CUST01385,Cairo,Greater Cairo,Office Chair,Furniture,5,5044.0,20,25220.0,20176.0,2025-05,Large
104986,2025-12-14,CUST01386,Giza,Greater Cairo,Desk,Furniture,6,7252.0,0,43512.0,43512.0,2025-12,Large
104987,2025-07-27,CUST01387,Alexandria,Coastal,Headphones,Electronics,7,1782.0,5,12474.0,11850.3,2025-07,Large
104988,2025-02-12,CUST01388,Mansoura,Delta,Monitor,Electronics,8,9200.0,10,73600.0,66240.0,2025-02,Large
104989,2025-09-25,CUST01389,Tanta,Unknown,Printer,Office Equipment,9,6868.0,15,61812.0,52540.2,2025-09,Large
104990,2025-04-10,CUST01390,Aswan,Unknown,Notebook Pack,Stationery,10,244.8,20,2448.0,1958.4,2025-04,Medium
104991,2025-11-23,CUST01391,Luxor,Unknown,Laptop,Electronics,11,29355.0,0,322905.0,322905.0,2025-11,Large
104992,2025-06-08,CUST01392,Port Said,Unknown,Smartphone,Electronics,12,15080.0,5,180960.0,171912.0,2025-06,Large
104993,2025-01-21,CUST01393,Cairo,Greater Cairo,Wireless Mouse,Accessories,1,472.5,10,472.5,425.25,2025-01,Small
104994,2025-08-06,CUST01394,Giza,Greater Cairo,Keyboard,Accessories,2,901.0,15,1802.0,1531.7,2025-08,Medium
104995,2025-03-19,CUST01395,Alexandria,Coastal,Office Chair,Furniture,3,5564.0,20,16692.0,13353.6,2025-03,Large
104996,2025-10-04,CUST01396,Mansoura,Delta,Desk,Furniture,4,7992.0,0,31968.0,31968.0,2025-10,Large
104997,2025-05-17,CUST01397,Tanta,Unknown,Headphones,Electronics,5,1962.0,5,9810.0,9319.5,2025-05,Medium
104998,2025-12-02,CUST01398,Aswan,Unknown,Monitor,Electronics,6,10120.0,10,60720.0,54648.0,2025-12,Large
104999,2025-07-15,CUST01399,Luxor,Unknown,Printer,Office Equipment,7,6120.0,15,42840.0,36414.0,2025-07,Large
105000,2025-02-28,CUST01400,Port Said,Unknown,Notebook Pack,Stationery,8,218.4,20,1747.2,1397.76,2025-02,Medium
105001,2025-09-13,CUST01401,Cairo,Greater Cairo,Laptop,Electronics,9,26220.0,0,235980.0,235980.0,2025-09,Large
105002,2025-04-26,CUST01402,Giza,Greater Cairo,Smartphone,Electronics,10,13485.0,5,134850.0,128107.5,2025-04,Large
105003,2025-11-11,CUST01403,Alexandria,Coastal,Wireless Mouse,Accessories,11,423.0,10,4653.0,4187.7,2025-11,Medium
105004,2025-06-24,CUST01404,Mansoura,Delta,Keyboard,Accessories,12,807.5,15,9690.0,8236.5,2025-06,Medium
105005,2025-01-09,CUST01405,Tanta,Unknown,Office Chair,Furniture,1,4992.0,20,4992.0,3993.6,2025-01,Medium
105006,2025-08-22,CUST01406,Aswan,Unknown,Desk,Furniture,2,7178.0,0,14356.0,14356.0,2025-08,Large
105007,2025-03-07,CUST01407,Luxor,Unknown,Headphones,Electronics,3,1764.0,5,5292.0,5027.4,2025-03,Medium
105008,2025-10-20,CUST01408,Port Said,Unknown,Monitor,Electronics,4,9108.0,10,36432.0,32788.8,2025-10,Large
105009,2025-05-05,CUST01409,Cairo,Greater Cairo,Printer,Office Equipment,5,6800.0,15,34000.0,28900.0,2025-05,Large
105010,2025-12-18,CUST01410,Giza,Greater Cairo,Notebook Pack,Stationery,6,242.4,20,1454.4,1163.52,2025-12,Medium
105011,2025-07-03,CUST01411,Alexandria,Coastal,Laptop,Electronics,7,29070.0,0,203490.0,203490.0,2025-07,Large
105012,2025-02-16,CUST01412,Mansoura,Delta,Smartphone,Electronics,8,14935.0,5,119480.0,113506.0,2025-02,Large
105013,2025-09-01,CUST01413,Tanta,Unknown,Wireless Mouse,Accessories,9,468.0,10,4212.0,3790.8,2025-09,Medium
105014,2025-04-14,CUST01414,Aswan,Unknown,Keyboard,Accessories,10,892.5,15,8925.0,7586.25,2025-04,Medium
105015,2025-11-27,CUST01415,Luxor,Unknown,Office Chair,Furniture,11,5512.0,20,60632.0,48505.6,2025-11,Large
105016,2025-06-12,CUST01416,Port Said,Unknown,Desk,Furniture,12,7918.0,0,95016.0,95016.0,2025-06,Large
105017,2025-01-25,CUST01417,Cairo,Greater Cairo,Headphones,Electronics,1,1944.0,5,1944.0,1846.8,2025-01,Medium
105018,2025-08-10,CUST01418,Giza,Greater Cairo,Monitor,Electronics,2,10028.0,10,20056.0,18050.4,2025-08,Large
105019,2025-03-23,CUST01419,Alexandria,Coastal,Printer,Office Equipment,3,7480.0,15,22440.0,19074.0,2025-03,Large
105020,2025-10-08,CUST01420,Mansoura,Delta,Notebook Pack,Stationery,4,216.0,20,864.0,691.2,2025-10,Small
105021,2025-05-21,CUST01421,Tanta,Unknown,Laptop,Electronics,5,25935.0,0,129675.0,129675.0,2025-05,Large
105022,2025-12-06,CUST01422,Aswan,Unknown,Smartphone,Electronics,6,13340.0,5,80040.0,76038.0,2025-12,Large
105023,2025-07-19,CUST01423,Luxor,Unknown,Wireless Mouse,Accessories,7,418.5,10,2929.5,2636.55,2025-07,Medium
105024,2025-02-04,CUST01424,Port Said,Unknown,Keyboard,Accessories,8,799.0,15,6392.0,5433.2,2025-02,Medium
105025,2025-09-17,CUST01425,Cairo,Greater Cairo,Office Chair,Furniture,9,4940.0,20,44460.0,35568.0,2025-09,Large
105026,2025-04-02,CUST01426,Giza,Greater Cairo,Desk,Furniture,10,7104.0,0,71040.0,71040.0,2025-04,Large
105027,2025-11-15,CUST01427,Alexandria,Coastal,Headphones,Electronics,11,1746.0,5,19206.0,18245.7,2025-11,Large
105028,2025-06-28,CUST01428,Mansoura,Delta,Monitor,Electronics,12,9016.0,10,108192.0,97372.8,2025-06,Large
105029,2025-01-13,CUST01429,Tanta,Unknown,Printer,Office Equipment,1,6732.0,15,6732.0,5722.2,2025-01,Medium
105030,2025-08-26,CUST01430,Aswan,Unknown,Notebook Pack,Stationery,2,240.0,20,480.0,384.0,2025-08,Small
105031,2025-03-11,CUST01431,Luxor,Unknown,Laptop,Electronics,3,28785.0,0,86355.0,86355.0,2025-03,Large
105032,2025-10-24,CUST01432,Port Said,Unknown,Smartphone,Electronics,4,14790.0,5,59160.0,56202.0,2025-10,Large
105033,2025-05-09,CUST01433,Cairo,Greater Cairo,Wireless Mouse,Accessories,5,463.5,10,2317.5,2085.75,2025-05,Medium
105034,2025-12-22,CUST01434,Giza,Greater Cairo,Keyboard,Accessories,6,884.0,15,5304.0,4508.4,2025-12,Medium
105035,2025-07-07,CUST01435,Alexandria,Coastal,Office Chair,Furniture,7,5460.0,20,38220.0,30576.0,2025-07,Large
105036,2025-02-20,CUST01436,Mansoura,Delta,Desk,Furniture,8,7844.0,0,62752.0,62752.0,2025-02,Large
105037,2025-09-05,CUST01437,Tanta,Unknown,Headphones,Electronics,9,1926.0,5,17334.0,16467.3,2025-09,Large
105038,2025-04-18,CUST01438,Aswan,Unknown,Monitor,Electronics,10,9936.0,10,99360.0,89424.0,2025-04,Large
105039,2025-11-03,CUST01439,Luxor,Unknown,Printer,Office Equipment,11,7412.0,15,81532.0,69302.2,2025-11,Large
105040,2025-06-16,CUST01440,Port Said,Unknown,Notebook Pack,Stationery,12,264.0,20,3168.0,2534.4,2025-06,Medium
105041,2025-01-01,CUST01441,Cairo,Greater Cairo,Laptop,Electronics,1,25650.0,0,25650.0,25650.0,2025-01,Large
105042,2025-08-14,CUST01442,Giza,Greater Cairo,Smartphone,Electronics,2,13195.0,5,26390.0,25070.5,2025-08,Large
105043,2025-03-27,CUST01443,Alexandria,Coastal,Wireless Mouse,Accessories,3,414.0,10,1242.0,1117.8,2025-03,Medium
105044,2025-10-12,CUST01444,Mansoura,Delta,Keyboard,Accessories,4,790.5,15,3162.0,2687.7,2025-10,Medium
105045,2025-05-25,CUST01445,Unknown,Unknown,Office Chair,Furniture,5,4888.0,20,24440.0,19552.0,2025-05,Large
105046,2025-12-10,CUST01446,Aswan,Unknown,Desk,Furniture,6,7030.0,0,42180.0,42180.0,2025-12,Large
105047,2025-07-23,CUST01447,Luxor,Unknown,Headphones,Electronics,7,1728.0,5,12096.0,11491.2,2025-07,Large
105048,2025-02-08,CUST01448,Port Said,Unknown,Monitor,Electronics,8,8924.0,10,71392.0,64252.8,2025-02,Large
105049,2025-09-21,CUST01449,Cairo,Greater Cairo,Printer,Office Equipment,9,6664.0,15,59976.0,50979.6,2025-09,Large
105050,2025-04-06,CUST01450,Giza,Greater Cairo,Notebook Pack,Stationery,10,237.6,20,2376.0,1900.8,2025-04,Medium
105051,2025-11-19,CUST01451,Alexandria,Coastal,Laptop,Electronics,11,28500.0,0,313500.0,313500.0,2025-11,Large
105052,2025-06-04,CUST01452,Mansoura,Delta,Smartphone,Electronics,12,14645.0,5,175740.0,166953.0,2025-06,Large
105053,2025-01-17,CUST01453,Tanta,Unknown,Wireless Mouse,Accessories,1,459.0,10,459.0,413.1,2025-01,Small
105054,2025-08-02,CUST01454,Aswan,Unknown,Keyboard,Accessories,2,875.5,15,1751.0,1488.35,2025-08,Medium
105055,2025-03-15,CUST01455,Luxor,Unknown,Office Chair,Furniture,3,5408.0,20,16224.0,12979.2,2025-03,Large
105056,2025-10-28,CUST01456,Port Said,Unknown,Desk,Furniture,4,7770.0,0,31080.0,31080.0,2025-10,Large
105057,2025-05-13,CUST01457,Cairo,Greater Cairo,Headphones,Electronics,5,1908.0,5,9540.0,9063.0,2025-05,Medium
105058,2025-12-26,CUST01458,Giza,Greater Cairo,Monitor,Electronics,6,9844.0,10,59064.0,53157.6,2025-12,Large
105059,2025-07-11,CUST01459,Alexandria,Coastal,Printer,Office Equipment,7,7344.0,15,51408.0,43696.8,2025-07,Large
105060,2025-02-24,CUST01460,Mansoura,Delta,Notebook Pack,Stationery,8,261.6,20,2092.8,1674.24,2025-02,Medium
105061,2025-09-09,CUST01461,Tanta,Unknown,Laptop,Electronics,9,31350.0,0,282150.0,282150.0,2025-09,Large
105062,2025-04-22,CUST01462,Aswan,Unknown,Smartphone,Electronics,10,13050.0,5,130500.0,123975.0,2025-04,Large
105063,2025-11-07,CUST01463,Luxor,Unknown,Wireless Mouse,Accessories,11,409.5,10,4504.5,4054.05,2025-11,Medium
105064,2025-06-20,CUST01464,Port Said,Unknown,Keyboard,Accessories,12,782.0,15,9384.0,7976.4,2025-06,Medium
105065,2025-01-05,CUST01465,Cairo,Greater Cairo,Office Chair,Furniture,1,4836.0,20,4836.0,3868.8,2025-01,Medium
105066,2025-08-18,CUST01466,Giza,Greater Cairo,Desk,Furniture,2,6956.0,0,13912.0,13912.0,2025-08,Large
105067,2025-03-03,CUST01467,Alexandria,Coastal,Headphones,Electronics,3,1710.0,5,5130.0,4873.5,2025-03,Medium
105068,2025-10-16,CUST01468,Mansoura,Delta,Monitor,Electronics,4,8832.0,10,35328.0,31795.2,2025-10,Large
105069,2025-05-01,CUST01469,Tanta,Unknown,Printer,Office Equipment,5,6596.0,0,32980.0,32980.0,2025-05,Large
105070,2025-12-14,CUST01470,Aswan,Unknown,Notebook Pack,Stationery,6,235.2,20,1411.2,1128.96,2025-12,Medium
105071,2025-07-27,CUST01471,Luxor,Unknown,Laptop,Electronics,7,28215.0,0,197505.0,197505.0,2025-07,Large
105072,2025-02-12,CUST01472,Port Said,Unknown,Smartphone,Electronics,8,14500.0,5,116000.0,110200.0,2025-02,Large
105073,2025-09-25,CUST01473,Cairo,Greater Cairo,Wireless Mouse,Accessories,9,454.5,10,4090.5,3681.45,2025-09,Medium
105074,2025-04-10,CUST01474,Giza,Greater Cairo,Keyboard,Accessories,10,867.0,15,8670.0,7369.5,2025-04,Medium
105075,2025-11-23,CUST01475,Alexandria,Coastal,Office Chair,Furniture,11,5356.0,20,58916.0,47132.8,2025-11,Large
105076,2025-06-08,CUST01476,Mansoura,Delta,Desk,Furniture,12,7696.0,0,92352.0,92352.0,2025-06,Large
105077,2025-01-21,CUST01477,Tanta,Unknown,Headphones,Electronics,1,1890.0,5,1890.0,1795.5,2025-01,Medium
105078,2025-08-06,CUST01478,Aswan,Unknown,Monitor,Electronics,2,9752.0,10,19504.0,17553.6,2025-08,Large
105079,2025-03-19,CUST01479,Luxor,Unknown,Printer,Office Equipment,3,7276.0,15,21828.0,18553.8,2025-03,Large
105080,2025-10-04,CUST01480,Port Said,Unknown,Notebook Pack,Stationery,4,259.2,20,1036.8,829.44,2025-10,Small
105081,2025-05-17,CUST01481,Cairo,Greater Cairo,Laptop,Electronics,5,31065.0,0,155325.0,155325.0,2025-05,Large
105082,2025-12-02,CUST01482,Giza,Greater Cairo,Smartphone,Electronics,6,15950.0,5,95700.0,90915.0,2025-12,Large
105083,2025-07-15,CUST01483,Alexandria,Coastal,Wireless Mouse,Accessories,7,405.0,10,2835.0,2551.5,2025-07,Medium
105084,2025-02-28,CUST01484,Mansoura,Delta,Keyboard,Accessories,8,773.5,15,6188.0,5259.8,2025-02,Medium
105085,2025-09-13,CUST01485,Tanta,Unknown,Office Chair,Furniture,9,4784.0,20,43056.0,34444.8,2025-09,Large
105086,2025-04-26,CUST01486,Aswan,Unknown,Desk,Furniture,10,6882.0,0,68820.0,68820.0,2025-04,Large
105087,2025-11-11,CUST01487,Luxor,Unknown,Headphones,Electronics,11,1692.0,5,18612.0,17681.4,2025-11,Large
105088,2025-06-24,CUST01488,Port Said,Unknown,Monitor,Electronics,12,8740.0,10,104880.0,94392.0,2025-06,Large
105089,2025-01-09,CUST01489,Cairo,Greater Cairo,Printer,Office Equipment,1,6528.0,15,6528.0,5548.8,2025-01,Medium
105090,2025-08-22,CUST01490,Giza,Greater Cairo,Notebook Pack,Stationery,2,232.8,20,465.6,372.48,2025-08,Small
105091,2025-03-07,CUST01491,Alexandria,Coastal,Laptop,Electronics,3,27930.0,0,83790.0,83790.0,2025-03,Large
105092,2025-10-20,CUST01492,Mansoura,Delta,Smartphone,Electronics,4,14355.0,5,57420.0,54549.0,2025-10,Large
105093,2025-05-05,CUST01493,Tanta,Unknown,Wireless Mouse,Accessories,5,450.0,10,2250.0,2025.0,2025-05,Medium
105094,2025-12-18,CUST01494,Aswan,Unknown,Keyboard,Accessories,6,858.5,15,5151.0,4378.35,2025-12,Medium
105095,2025-07-03,CUST01495,Luxor,Unknown,Office Chair,Furniture,7,5304.0,20,37128.0,29702.4,2025-07,Large
105096,2025-02-16,CUST01496,Port Said,Unknown,Desk,Furniture,8,7622.0,0,60976.0,60976.0,2025-02,Large
105097,2025-09-01,CUST01497,Cairo,Greater Cairo,Headphones,Electronics,9,1872.0,5,16848.0,16005.6,2025-09,Large
105098,2025-04-14,CUST01498,Giza,Greater Cairo,Monitor,Electronics,10,9660.0,10,96600.0,86940.0,2025-04,Large
105099,2025-11-27,CUST01499,Alexandria,Coastal,Printer,Office Equipment,11,7208.0,15,79288.0,67394.8,2025-11,Large
105100,2025-06-12,CUST01500,Mansoura,Delta,Notebook Pack,Stationery,12,256.8,20,3081.6,2465.28,2025-06,Medium
105101,2025-01-25,CUST01501,Tanta,Unknown,Laptop,Electronics,1,30780.0,0,30780.0,30780.0,2025-01,Large
105102,2025-08-10,CUST01502,Aswan,Unknown,Smartphone,Electronics,2,15805.0,5,31610.0,30029.5,2025-08,Large
105103,2025-03-23,CUST01503,Luxor,Unknown,Wireless Mouse,Accessories,3,495.0,10,1485.0,1336.5,2025-03,Medium
105104,2025-10-08,CUST01504,Port Said,Unknown,Keyboard,Accessories,4,765.0,15,3060.0,2601.0,2025-10,Medium
105105,2025-05-21,CUST01505,Cairo,Greater Cairo,Office Chair,Furniture,5,4732.0,20,23660.0,18928.0,2025-05,Large
105106,2025-12-06,CUST01506,Giza,Greater Cairo,Desk,Furniture,6,6808.0,0,40848.0,40848.0,2025-12,Large
105107,2025-07-19,CUST01507,Alexandria,Coastal,Headphones,Electronics,7,1674.0,5,11718.0,11132.1,2025-07,Large
105108,2025-02-04,CUST01508,Mansoura,Delta,Monitor,Electronics,8,8648.0,10,69184.0,62265.6,2025-02,Large
105109,2025-09-17,CUST01509,Tanta,Unknown,Printer,Office Equipment,9,6460.0,15,58140.0,49419.0,2025-09,Large
105110,2025-04-02,CUST01510,Aswan,Unknown,Notebook Pack,Stationery,10,230.4,20,2304.0,1843.2,2025-04,Medium
105111,2025-11-15,CUST01511,Luxor,Unknown,Laptop,Electronics,11,27645.0,0,304095.0,304095.0,2025-11,Large
105112,2025-06-28,CUST01512,Port Said,Unknown,Smartphone,Electronics,12,14210.0,5,170520.0,161994.0,2025-06,Large
105113,2025-01-13,CUST01513,Cairo,Greater Cairo,Wireless Mouse,Accessories,1,445.5,10,445.5,400.95,2025-01,Small
105114,2025-08-26,CUST01514,Giza,Greater Cairo,Keyboard,Accessories,2,850.0,15,1700.0,1445.0,2025-08,Medium
105115,2025-03-11,CUST01515,Alexandria,Coastal,Office Chair,Furniture,3,5252.0,20,15756.0,12604.8,2025-03,Large
105116,2025-10-24,CUST01516,Mansoura,Delta,Desk,Furniture,4,7548.0,0,30192.0,30192.0,2025-10,Large
105117,2025-05-09,CUST01517,Tanta,Unknown,Headphones,Electronics,5,1854.0,5,9270.0,8806.5,2025-05,Medium
105118,2025-12-22,CUST01518,Aswan,Unknown,Monitor,Electronics,6,9568.0,10,57408.0,51667.2,2025-12,Large
105119,2025-07-07,CUST01519,Luxor,Unknown,Printer,Office Equipment,7,7140.0,15,49980.0,42483.0,2025-07,Large
105120,2025-02-20,CUST01520,Port Said,Unknown,Notebook Pack,Stationery,8,254.4,20,2035.2,1628.16,2025-02,Medium
105121,2025-09-05,CUST01521,Cairo,Greater Cairo,Laptop,Electronics,9,30495.0,0,274455.0,274455.0,2025-09,Large
105122,2025-04-18,CUST01522,Giza,Greater Cairo,Smartphone,Electronics,10,15660.0,5,156600.0,148770.0,2025-04,Large
105123,2025-11-03,CUST01523,Alexandria,Coastal,Wireless Mouse,Accessories,11,490.5,10,5395.5,4855.95,2025-11,Medium
105124,2025-06-16,CUST01524,Mansoura,Delta,Keyboard,Accessories,12,935.0,15,11220.0,9537.0,2025-06,Medium
105125,2025-01-01,CUST01525,Tanta,Unknown,Office Chair,Furniture,1,4680.0,20,4680.0,3744.0,2025-01,Medium
105126,2025-08-14,CUST01526,Aswan,Unknown,Desk,Furniture,2,6734.0,0,13468.0,13468.0,2025-08,Large
105127,2025-03-27,CUST01527,Luxor,Unknown,Headphones,Electronics,3,1656.0,5,4968.0,4719.6,2025-03,Medium
105128,2025-10-12,CUST01528,Port Said,Unknown,Monitor,Electronics,4,8556.0,10,34224.0,30801.6,2025-10,Large
105129,2025-05-25,CUST01529,Cairo,Greater Cairo,Printer,Office Equipment,5,6392.0,15,31960.0,27166.0,2025-05,Large
105130,2025-12-10,CUST01530,Giza,Greater Cairo,Notebook Pack,Stationery,6,228.0,20,1368.0,1094.4,2025-12,Medium
105131,2025-07-23,CUST01531,Alexandria,Coastal,Laptop,Electronics,7,27360.0,0,191520.0,191520.0,2025-07,Large
105132,2025-02-08,CUST01532,Mansoura,Delta,Smartphone,Electronics,8,14065.0,5,112520.0,106894.0,2025-02,Large
105133,2025-09-21,CUST01533,Tanta,Unknown,Wireless Mouse,Accessories,9,441.0,10,3969.0,3572.1,2025-09,Medium
105134,2025-04-06,CUST01534,Aswan,Unknown,Keyboard,Accessories,10,841.5,15,8415.0,7152.75,2025-04,Medium
105135,2025-11-19,CUST01535,Luxor,Unknown,Office Chair,Furniture,11,5200.0,20,57200.0,45760.0,2025-11,Large
105136,2025-06-04,CUST01536,Port Said,Unknown,Desk,Furniture,12,7474.0,0,89688.0,89688.0,2025-06,Large
105137,2025-01-17,CUST01537,Cairo,Greater Cairo,Headphones,Electronics,1,1836.0,5,1836.0,1744.2,2025-01,Medium
105138,2025-08-02,CUST01538,Giza,Greater Cairo,Monitor,Electronics,2,9476.0,10,18952.0,17056.8,2025-08,Large
105139,2025-03-15,CUST01539,Alexandria,Coastal,Printer,Office Equipment,3,7072.0,15,21216.0,18033.6,2025-03,Large
105140,2025-10-28,CUST01540,Mansoura,Delta,Notebook Pack,Stationery,4,252.0,20,1008.0,806.4,2025-10,Small
105141,2025-05-13,CUST01541,Tanta,Unknown,Laptop,Electronics,5,30210.0,0,151050.0,151050.0,2025-05,Large
105142,2025-12-26,CUST01542,Unknown,Unknown,Smartphone,Electronics,6,15515.0,5,93090.0,88435.5,2025-12,Large
105143,2025-07-11,CUST01543,Luxor,Unknown,Wireless Mouse,Accessories,7,486.0,10,3402.0,3061.8,2025-07,Medium
105144,2025-02-24,CUST01544,Port Said,Unknown,Keyboard,Accessories,8,926.5,15,7412.0,6300.2,2025-02,Medium
105145,2025-09-09,CUST01545,Cairo,Greater Cairo,Office Chair,Furniture,9,5720.0,20,51480.0,41184.0,2025-09,Large
105146,2025-04-22,CUST01546,Giza,Greater Cairo,Desk,Furniture,10,6660.0,0,66600.0,66600.0,2025-04,Large
105147,2025-11-07,CUST01547,Alexandria,Coastal,Headphones,Electronics,11,1638.0,5,18018.0,17117.1,2025-11,Large
105148,2025-06-20,CUST01548,Mansoura,Delta,Monitor,Electronics,12,8464.0,10,101568.0,91411.2,2025-06,Large
105149,2025-01-05,CUST01549,Tanta,Unknown,Printer,Office Equipment,1,6324.0,15,6324.0,5375.4,2025-01,Medium
105150,2025-08-18,CUST01550,Aswan,Unknown,Notebook Pack,Stationery,2,225.6,20,451.2,360.96,2025-08,Small
105151,2025-03-03,CUST01551,Luxor,Unknown,Laptop,Electronics,3,27075.0,0,81225.0,81225.0,2025-03,Large
105152,2025-10-16,CUST01552,Port Said,Unknown,Smartphone,Electronics,4,13920.0,5,55680.0,52896.0,2025-10,Large
105153,2025-05-01,CUST01553,Cairo,Greater Cairo,Wireless Mouse,Accessories,5,436.5,10,2182.5,1964.25,2025-05,Medium
105154,2025-12-14,CUST01554,Giza,Greater Cairo,Keyboard,Accessories,6,833.0,15,4998.0,4248.3,2025-12,Medium
105155,2025-07-27,CUST01555,Alexandria,Coastal,Office Chair,Furniture,7,5148.0,20,36036.0,28828.8,2025-07,Large
105156,2025-02-12,CUST01556,Mansoura,Delta,Desk,Furniture,8,7400.0,0,59200.0,59200.0,2025-02,Large
105157,2025-09-25,CUST01557,Tanta,Unknown,Headphones,Electronics,9,1818.0,5,16362.0,15543.9,2025-09,Large
105158,2025-04-10,CUST01558,Aswan,Unknown,Monitor,Electronics,10,9384.0,10,93840.0,84456.0,2025-04,Large
105159,2025-11-23,CUST01559,Luxor,Unknown,Printer,Office Equipment,11,7004.0,15,77044.0,65487.4,2025-11,Large
105160,2025-06-08,CUST01560,Port Said,Unknown,Notebook Pack,Stationery,12,249.6,20,2995.2,2396.16,2025-06,Medium
105161,2025-01-21,CUST01561,Cairo,Greater Cairo,Laptop,Electronics,1,29925.0,0,29925.0,29925.0,2025-01,Large
105162,2025-08-06,CUST01562,Giza,Greater Cairo,Smartphone,Electronics,2,15370.0,5,30740.0,29203.0,2025-08,Large
105163,2025-03-19,CUST01563,Alexandria,Coastal,Wireless Mouse,Accessories,3,481.5,10,1444.5,1300.05,2025-03,Medium
105164,2025-10-04,CUST01564,Mansoura,Delta,Keyboard,Accessories,4,918.0,15,3672.0,3121.2,2025-10,Medium
105165,2025-05-17,CUST01565,Tanta,Unknown,Office Chair,Furniture,5,5668.0,20,28340.0,22672.0,2025-05,Large
105166,2025-12-02,CUST01566,Aswan,Unknown,Desk,Furniture,6,8140.0,0,48840.0,48840.0,2025-12,Large
105167,2025-07-15,CUST01567,Luxor,Unknown,Headphones,Electronics,7,1620.0,5,11340.0,10773.0,2025-07,Large
105168,2025-02-28,CUST01568,Port Said,Unknown,Monitor,Electronics,8,8372.0,10,66976.0,60278.4,2025-02,Large
105169,2025-09-13,CUST01569,Cairo,Greater Cairo,Printer,Office Equipment,9,6256.0,15,56304.0,47858.4,2025-09,Large
105170,2025-04-26,CUST01570,Giza,Greater Cairo,Notebook Pack,Stationery,10,223.2,20,2232.0,1785.6,2025-04,Medium
105171,2025-11-11,CUST01571,Alexandria,Coastal,Laptop,Electronics,11,26790.0,0,294690.0,294690.0,2025-11,Large
105172,2025-06-24,CUST01572,Mansoura,Delta,Smartphone,Electronics,12,13775.0,5,165300.0,157035.0,2025-06,Large
105173,2025-01-09,CUST01573,Tanta,Unknown,Wireless Mouse,Accessories,1,432.0,10,432.0,388.8,2025-01,Small
105174,2025-08-22,CUST01574,Aswan,Unknown,Keyboard,Accessories,2,824.5,15,1649.0,1401.65,2025-08,Medium
105175,2025-03-07,CUST01575,Luxor,Unknown,Office Chair,Furniture,3,5096.0,20,15288.0,12230.4,2025-03,Large
105176,2025-10-20,CUST01576,Port Said,Unknown,Desk,Furniture,4,7326.0,0,29304.0,29304.0,2025-10,Large
105177,2025-05-05,CUST01577,Cairo,Greater Cairo,Headphones,Electronics,5,1800.0,5,9000.0,8550.0,2025-05,Medium
105178,2025-12-18,CUST01578,Giza,Greater Cairo,Monitor,Electronics,6,9292.0,10,55752.0,50176.8,2025-12,Large
105179,2025-07-03,CUST01579,Alexandria,Coastal,Printer,Office Equipment,7,6936.0,15,48552.0,41269.2,2025-07,Large
105180,2025-02-16,CUST01580,Mansoura,Delta,Notebook Pack,Stationery,8,247.2,20,1977.6,1582.08,2025-02,Medium
105181,2025-09-01,CUST01581,Tanta,Unknown,Laptop,Electronics,9,29640.0,0,266760.0,266760.0,2025-09,Large
105182,2025-04-14,CUST01582,Aswan,Unknown,Smartphone,Electronics,10,15225.0,5,152250.0,144637.5,2025-04,Large
105183,2025-11-27,CUST01583,Luxor,Unknown,Wireless Mouse,Accessories,11,477.0,10,5247.0,4722.3,2025-11,Medium
105184,2025-06-12,CUST01584,Port Said,Unknown,Keyboard,Accessories,12,909.5,15,10914.0,9276.9,2025-06,Medium
105185,2025-01-25,CUST01585,Cairo,Greater Cairo,Office Chair,Furniture,1,5616.0,20,5616.0,4492.8,2025-01,Medium
105186,2025-08-10,CUST01586,Giza,Greater Cairo,Desk,Furniture,2,8066.0,0,16132.0,16132.0,2025-08,Large
105187,2025-03-23,CUST01587,Alexandria,Coastal,Headphones,Electronics,3,1980.0,5,5940.0,5643.0,2025-03,Medium
105188,2025-10-08,CUST01588,Mansoura,Delta,Monitor,Electronics,4,8280.0,10,33120.0,29808.0,2025-10,Large
105189,2025-05-21,CUST01589,Tanta,Unknown,Printer,Office Equipment,5,6188.0,15,30940.0,26299.0,2025-05,Large
105190,2025-12-06,CUST01590,Aswan,Unknown,Notebook Pack,Stationery,6,220.8,20,1324.8,1059.84,2025-12,Medium
105191,2025-07-19,CUST01591,Luxor,Unknown,Laptop,Electronics,7,26505.0,0,185535.0,185535.0,2025-07,Large
105192,2025-02-04,CUST01592,Port Said,Unknown,Smartphone,Electronics,8,13630.0,5,109040.0,103588.0,2025-02,Large
105193,2025-09-17,CUST01593,Cairo,Greater Cairo,Wireless Mouse,Accessories,9,427.5,10,3847.5,3462.75,2025-09,Medium
105194,2025-04-02,CUST01594,Giza,Greater Cairo,Keyboard,Accessories,10,816.0,15,8160.0,6936.0,2025-04,Medium
105195,2025-11-15,CUST01595,Alexandria,Coastal,Office Chair,Furniture,11,5044.0,20,55484.0,44387.2,2025-11,Large
105196,2025-06-28,CUST01596,Mansoura,Delta,Desk,Furniture,12,7252.0,0,87024.0,87024.0,2025-06,Large
105197,2025-01-13,CUST01597,Tanta,Unknown,Headphones,Electronics,1,1782.0,5,1782.0,1692.9,2025-01,Medium
105198,2025-08-26,CUST01598,Aswan,Unknown,Monitor,Electronics,2,9200.0,10,18400.0,16560.0,2025-08,Large
105199,2025-03-11,CUST01599,Luxor,Unknown,Printer,Office Equipment,3,6868.0,15,20604.0,17513.4,2025-03,Large
105200,2025-10-24,CUST01600,Port Said,Unknown,Notebook Pack,Stationery,4,244.8,20,979.2,783.36,2025-10,Small
105201,2025-05-09,CUST01601,Cairo,Greater Cairo,Laptop,Electronics,5,29355.0,0,146775.0,146775.0,2025-05,Large
105202,2025-12-22,CUST01602,Giza,Greater Cairo,Smartphone,Electronics,6,15080.0,5,90480.0,85956.0,2025-12,Large
105203,2025-07-07,CUST01603,Alexandria,Coastal,Wireless Mouse,Accessories,7,472.5,10,3307.5,2976.75,2025-07,Medium
105204,2025-02-20,CUST01604,Mansoura,Delta,Keyboard,Accessories,8,901.0,15,7208.0,6126.8,2025-02,Medium
105205,2025-09-05,CUST01605,Tanta,Unknown,Office Chair,Furniture,9,5564.0,20,50076.0,40060.8,2025-09,Large
105206,2025-04-18,CUST01606,Aswan,Unknown,Desk,Furniture,10,7992.0,0,79920.0,79920.0,2025-04,Large
105207,2025-11-03,CUST01607,Luxor,Unknown,Headphones,Electronics,11,1962.0,5,21582.0,20502.9,2025-11,Large
105208,2025-06-16,CUST01608,Port Said,Unknown,Monitor,Electronics,12,10120.0,10,121440.0,109296.0,2025-06,Large
105209,2025-01-01,CUST01609,Cairo,Greater Cairo,Printer,Office Equipment,1,6120.0,15,6120.0,5202.0,2025-01,Medium
105210,2025-08-14,CUST01610,Giza,Greater Cairo,Notebook Pack,Stationery,2,218.4,20,436.8,349.44,2025-08,Small
105211,2025-03-27,CUST01611,Alexandria,Coastal,Laptop,Electronics,3,26220.0,0,78660.0,78660.0,2025-03,Large
105212,2025-10-12,CUST01612,Mansoura,Delta,Smartphone,Electronics,4,13485.0,5,53940.0,51243.0,2025-10,Large
105213,2025-05-25,CUST01613,Tanta,Unknown,Wireless Mouse,Accessories,5,423.0,10,2115.0,1903.5,2025-05,Medium
105214,2025-12-10,CUST01614,Aswan,Unknown,Keyboard,Accessories,6,807.5,15,4845.0,4118.25,2025-12,Medium
105215,2025-07-23,CUST01615,Luxor,Unknown,Office Chair,Furniture,7,4992.0,20,34944.0,27955.2,2025-07,Large
105216,2025-02-08,CUST01616,Port Said,Unknown,Desk,Furniture,8,7178.0,0,57424.0,57424.0,2025-02,Large
105217,2025-09-21,CUST01617,Cairo,Greater Cairo,Headphones,Electronics,9,1764.0,5,15876.0,15082.2,2025-09,Large
105218,2025-04-06,CUST01618,Giza,Greater Cairo,Monitor,Electronics,10,9108.0,10,91080.0,81972.0,2025-04,Large
105219,2025-11-19,CUST01619,Alexandria,Coastal,Printer,Office Equipment,11,6800.0,15,74800.0,63580.0,2025-11,Large
105220,2025-06-04,CUST01620,Mansoura,Delta,Notebook Pack,Stationery,12,242.4,20,2908.8,2327.04,2025-06,Medium
105221,2025-01-17,CUST01621,Tanta,Unknown,Laptop,Electronics,1,29070.0,0,29070.0,29070.0,2025-01,Large
105222,2025-08-02,CUST01622,Aswan,Unknown,Smartphone,Electronics,2,14935.0,5,29870.0,28376.5,2025-08,Large
105223,2025-03-15,CUST01623,Luxor,Unknown,Wireless Mouse,Accessories,3,468.0,10,1404.0,1263.6,2025-03,Medium
105224,2025-10-28,CUST01624,Port Said,Unknown,Keyboard,Accessories,4,892.5,15,3570.0,3034.5,2025-10,Medium
105225,2025-05-13,CUST01625,Cairo,Greater Cairo,Office Chair,Furniture,5,5512.0,20,27560.0,22048.0,2025-05,Large
105226,2026-12-26,CUST01626,Giza,Greater Cairo,Desk,Furniture,6,7918.0,0,47508.0,47508.0,2026-12,Large
105227,2026-07-11,CUST01627,Alexandria,Coastal,Headphones,Electronics,7,1944.0,5,13608.0,12927.6,2026-07,Large
105228,2026-02-24,CUST01628,Mansoura,Delta,Monitor,Electronics,8,10028.0,10,80224.0,72201.6,2026-02,Large
105229,2026-09-09,CUST01629,Tanta,Unknown,Printer,Office Equipment,9,7480.0,15,67320.0,57222.0,2026-09,Large
105230,2026-04-22,CUST01630,Aswan,Unknown,Notebook Pack,Stationery,10,216.0,20,2160.0,1728.0,2026-04,Medium
105231,2026-11-07,CUST01631,Luxor,Unknown,Laptop,Electronics,11,25935.0,0,285285.0,285285.0,2026-11,Large
105232,2026-06-20,CUST01632,Port Said,Unknown,Smartphone,Electronics,12,13340.0,5,160080.0,152076.0,2026-06,Large
105233,2026-01-05,CUST01633,Cairo,Greater Cairo,Wireless Mouse,Accessories,1,418.5,10,418.5,376.65,2026-01,Small
105234,2026-08-18,CUST01634,Giza,Greater Cairo,Keyboard,Accessories,2,799.0,15,1598.0,1358.3,2026-08,Medium
105235,2026-03-03,CUST01635,Alexandria,Coastal,Office Chair,Furniture,3,4940.0,20,14820.0,11856.0,2026-03,Large
105236,2026-10-16,CUST01636,Mansoura,Delta,Desk,Furniture,4,7104.0,0,28416.0,28416.0,2026-10,Large
105237,2026-05-01,CUST01637,Tanta,Unknown,Headphones,Electronics,5,1746.0,5,8730.0,8293.5,2026-05,Medium
105238,2026-12-14,CUST01638,Aswan,Unknown,Monitor,Electronics,6,9016.0,10,54096.0,48686.4,2026-12,Large
105239,2026-07-27,CUST01639,Unknown,Unknown,Printer,Office Equipment,7,6732.0,15,47124.0,40055.4,2026-07,Large
105240,2026-02-12,CUST01640,Port Said,Unknown,Notebook Pack,Stationery,8,240.0,20,1920.0,1536.0,2026-02,Medium
105241,2026-09-25,CUST01641,Cairo,Greater Cairo,Laptop,Electronics,9,28785.0,0,259065.0,259065.0,2026-09,Large
105242,2026-04-10,CUST01642,Giza,Greater Cairo,Smartphone,Electronics,10,14790.0,5,147900.0,140505.0,2026-04,Large
105243,2026-11-23,CUST01643,Alexandria,Coastal,Wireless Mouse,Accessories,11,463.5,10,5098.5,4588.65,2026-11,Medium
105244,2026-06-08,CUST01644,Mansoura,Delta,Keyboard,Accessories,12,884.0,15,10608.0,9016.8,2026-06,Medium
105245,2026-01-21,CUST01645,Tanta,Unknown,Office Chair,Furniture,1,5460.0,20,5460.0,4368.0,2026-01,Medium
105246,2026-08-06,CUST01646,Aswan,Unknown,Desk,Furniture,2,7844.0,0,15688.0,15688.0,2026-08,Large
105247,2026-03-19,CUST01647,Luxor,Unknown,Headphones,Electronics,3,1926.0,5,5778.0,5489.1,2026-03,Medium
105248,2026-10-04,CUST01648,Port Said,Unknown,Monitor,Electronics,4,9936.0,10,39744.0,35769.6,2026-10,Large
105249,2026-05-17,CUST01649,Cairo,Greater Cairo,Printer,Office Equipment,5,7412.0,15,37060.0,31501.0,2026-05,Large
105250,2026-12-02,CUST01650,Giza,Greater Cairo,Notebook Pack,Stationery,6,264.0,0,1584.0,1584.0,2026-12,Medium
105251,2026-07-15,CUST01651,Alexandria,Coastal,Laptop,Electronics,7,25650.0,0,179550.0,179550.0,2026-07,Large
105252,2026-02-28,CUST01652,Mansoura,Delta,Smartphone,Electronics,8,13195.0,5,105560.0,100282.0,2026-02,Large
105253,2026-09-13,CUST01653,Tanta,Unknown,Wireless Mouse,Accessories,9,414.0,10,3726.0,3353.4,2026-09,Medium
105254,2026-04-26,CUST01654,Aswan,Unknown,Keyboard,Accessories,10,790.5,15,7905.0,6719.25,2026-04,Medium
105255,2026-11-11,CUST01655,Luxor,Unknown,Office Chair,Furniture,11,4888.0,20,53768.0,43014.4,2026-11,Large
105256,2026-06-24,CUST01656,Port Said,Unknown,Desk,Furniture,12,7030.0,0,84360.0,84360.0,2026-06,Large
105257,2026-01-09,CUST01657,Cairo,Greater Cairo,Headphones,Electronics,1,1728.0,5,1728.0,1641.6,2026-01,Medium
105258,2026-08-22,CUST01658,Giza,Greater Cairo,Monitor,Electronics,2,8924.0,10,17848.0,16063.2,2026-08,Large
105259,2026-03-07,CUST01659,Alexandria,Coastal,Printer,Office Equipment,3,6664.0,15,19992.0,16993.2,2026-03,Large
105260,2026-10-20,CUST01660,Mansoura,Delta,Notebook Pack,Stationery,4,237.6,20,950.4,760.32,2026-10,Small
105261,2026-05-05,CUST01661,Tanta,Unknown,Laptop,Electronics,5,28500.0,0,142500.0,142500.0,2026-05,Large
105262,2026-12-18,CUST01662,Aswan,Unknown,Smartphone,Electronics,6,14645.0,5,87870.0,83476.5,2026-12,Large
105263,2026-07-03,CUST01663,Luxor,Unknown,Wireless Mouse,Accessories,7,459.0,10,3213.0,2891.7,2026-07,Medium
105264,2026-02-16,CUST01664,Port Said,Unknown,Keyboard,Accessories,8,875.5,15,7004.0,5953.4,2026-02,Medium
105265,2026-09-01,CUST01665,Cairo,Greater Cairo,Office Chair,Furniture,9,5408.0,20,48672.0,38937.6,2026-09,Large
105266,2026-04-14,CUST01666,Giza,Greater Cairo,Desk,Furniture,10,7770.0,0,77700.0,77700.0,2026-04,Large
105267,2026-11-27,CUST01667,Alexandria,Coastal,Headphones,Electronics,11,1908.0,5,20988.0,19938.6,2026-11,Large
105268,2026-06-12,CUST01668,Mansoura,Delta,Monitor,Electronics,12,9844.0,10,118128.0,106315.2,2026-06,Large
105269,2026-01-25,CUST01669,Tanta,Unknown,Printer,Office Equipment,1,7344.0,15,7344.0,6242.4,2026-01,Medium
105270,2026-08-10,CUST01670,Aswan,Unknown,Notebook Pack,Stationery,2,261.6,20,523.2,418.56,2026-08,Small
105271,2026-03-23,CUST01671,Luxor,Unknown,Laptop,Electronics,3,31350.0,0,94050.0,94050.0,2026-03,Large
105272,2026-10-08,CUST01672,Port Said,Unknown,Smartphone,Electronics,4,13050.0,5,52200.0,49590.0,2026-10,Large
105273,2026-05-21,CUST01673,Cairo,Greater Cairo,Wireless Mouse,Accessories,5,409.5,10,2047.5,1842.75,2026-05,Medium
105274,2026-12-06,CUST01674,Giza,Greater Cairo,Keyboard,Accessories,6,782.0,15,4692.0,3988.2,2026-12,Medium
105275,2026-07-19,CUST01675,Alexandria,Coastal,Office Chair,Furniture,7,4836.0,20,33852.0,27081.6,2026-07,Large
105276,2026-02-04,CUST01676,Mansoura,Delta,Desk,Furniture,8,6956.0,0,55648.0,55648.0,2026-02,Large
105277,2026-09-17,CUST01677,Tanta,Unknown,Headphones,Electronics,9,1710.0,5,15390.0,14620.5,2026-09,Large
105278,2026-04-02,CUST01678,Aswan,Unknown,Monitor,Electronics,10,8832.0,10,88320.0,79488.0,2026-04,Large
105279,2026-11-15,CUST01679,Luxor,Unknown,Printer,Office Equipment,11,6596.0,15,72556.0,61672.6,2026-11,Large
105280,2026-06-28,CUST01680,Port Said,Unknown,Notebook Pack,Stationery,12,235.2,20,2822.4,2257.92,2026-06,Medium
105281,2026-01-13,CUST01681,Cairo,Greater Cairo,Laptop,Electronics,1,28215.0,0,28215.0,28215.0,2026-01,Large
105282,2026-08-26,CUST01682,Giza,Greater Cairo,Smartphone,Electronics,2,14500.0,5,29000.0,27550.0,2026-08,Large
105283,2026-03-11,CUST01683,Alexandria,Coastal,Wireless Mouse,Accessories,3,454.5,10,1363.5,1227.15,2026-03,Medium
105284,2026-10-24,CUST01684,Mansoura,Delta,Keyboard,Accessories,4,867.0,15,3468.0,2947.8,2026-10,Medium
105285,2026-05-09,CUST01685,Tanta,Unknown,Office Chair,Furniture,5,5356.0,20,26780.0,21424.0,2026-05,Large
105286,2026-12-22,CUST01686,Aswan,Unknown,Desk,Furniture,6,7696.0,0,46176.0,46176.0,2026-12,Large
105287,2026-07-07,CUST01687,Luxor,Unknown,Headphones,Electronics,7,1890.0,5,13230.0,12568.5,2026-07,Large
105288,2026-02-20,CUST01688,Port Said,Unknown,Monitor,Electronics,8,9752.0,10,78016.0,70214.4,2026-02,Large
105289,2026-09-05,CUST01689,Cairo,Greater Cairo,Printer,Office Equipment,9,7276.0,15,65484.0,55661.4,2026-09,Large
105290,2026-04-18,CUST01690,Giza,Greater Cairo,Notebook Pack,Stationery,10,259.2,20,2592.0,2073.6,2026-04,Medium
105291,2026-11-03,CUST01691,Alexandria,Coastal,Laptop,Electronics,11,31065.0,0,341715.0,341715.0,2026-11,Large
105292,2026-06-16,CUST01692,Mansoura,Delta,Smartphone,Electronics,12,15950.0,5,191400.0,181830.0,2026-06,Large
105293,2026-01-01,CUST01693,Tanta,Unknown,Wireless Mouse,Accessories,1,405.0,10,405.0,364.5,2026-01,Small
105294,2026-08-14,CUST01694,Aswan,Unknown,Keyboard,Accessories,2,773.5,15,1547.0,1314.95,2026-08,Medium
105295,2026-03-27,CUST01695,Luxor,Unknown,Office Chair,Furniture,3,4784.0,20,14352.0,11481.6,2026-03,Large
105296,2026-10-12,CUST01696,Port Said,Unknown,Desk,Furniture,4,6882.0,0,27528.0,27528.0,2026-10,Large
105297,2026-05-25,CUST01697,Cairo,Greater Cairo,Headphones,Electronics,5,1692.0,5,8460.0,8037.0,2026-05,Medium
105298,2026-12-10,CUST01698,Giza,Greater Cairo,Monitor,Electronics,6,8740.0,10,52440.0,47196.0,2026-12,Large
105299,2026-07-23,CUST01699,Alexandria,Coastal,Printer,Office Equipment,7,6528.0,15,45696.0,38841.6,2026-07,Large
105300,2026-02-08,CUST01700,Mansoura,Delta,Notebook Pack,Stationery,8,232.8,20,1862.4,1489.92,2026-02,Medium
105301,2026-09-21,CUST01701,Tanta,Unknown,Laptop,Electronics,9,27930.0,0,251370.0,251370.0,2026-09,Large
105302,2026-04-06,CUST01702,Aswan,Unknown,Smartphone,Electronics,10,14355.0,5,143550.0,136372.5,2026-04,Large
105303,2026-11-19,CUST01703,Luxor,Unknown,Wireless Mouse,Accessories,11,450.0,10,4950.0,4455.0,2026-11,Medium
105304,2026-06-04,CUST01704,Port Said,Unknown,Keyboard,Accessories,12,858.5,15,10302.0,8756.7,2026-06,Medium
105305,2026-01-17,CUST01705,Cairo,Greater Cairo,Office Chair,Furniture,1,5304.0,20,5304.0,4243.2,2026-01,Medium
105306,2026-08-02,CUST01706,Giza,Greater Cairo,Desk,Furniture,2,7622.0,0,15244.0,15244.0,2026-08,Large
105307,2026-03-15,CUST01707,Alexandria,Coastal,Headphones,Electronics,3,1872.0,5,5616.0,5335.2,2026-03,Medium
105308,2026-10-28,CUST01708,Mansoura,Delta,Monitor,Electronics,4,9660.0,10,38640.0,34776.0,2026-10,Large
105309,2026-05-13,CUST01709,Tanta,Unknown,Printer,Office Equipment,5,7208.0,15,36040.0,30634.0,2026-05,Large
105310,2026-12-26,CUST01710,Aswan,Unknown,Notebook Pack,Stationery,6,256.8,20,1540.8,1232.64,2026-12,Medium
105311,2026-07-11,CUST01711,Luxor,Unknown,Laptop,Electronics,7,30780.0,0,215460.0,215460.0,2026-07,Large
105312,2026-02-24,CUST01712,Port Said,Unknown,Smartphone,Electronics,8,15805.0,5,126440.0,120118.0,2026-02,Large
105313,2026-09-09,CUST01713,Cairo,Greater Cairo,Wireless Mouse,Accessories,9,495.0,10,4455.0,4009.5,2026-09,Medium
105314,2026-04-22,CUST01714,Giza,Greater Cairo,Keyboard,Accessories,10,765.0,15,7650.0,6502.5,2026-04,Medium
105315,2026-11-07,CUST01715,Alexandria,Coastal,Office Chair,Furniture,11,4732.0,20,52052.0,41641.6,2026-11,Large
105316,2026-06-20,CUST01716,Mansoura,Delta,Desk,Furniture,12,6808.0,0,81696.0,81696.0,2026-06,Large
105317,2026-01-05,CUST01717,Tanta,Unknown,Headphones,Electronics,1,1674.0,5,1674.0,1590.3,2026-01,Medium
105318,2026-08-18,CUST01718,Aswan,Unknown,Monitor,Electronics,2,8648.0,10,17296.0,15566.4,2026-08,Large
105319,2026-03-03,CUST01719,Luxor,Unknown,Printer,Office Equipment,3,6460.0,15,19380.0,16473.0,2026-03,Large
105320,2026-10-16,CUST01720,Port Said,Unknown,Notebook Pack,Stationery,4,230.4,20,921.6,737.28,2026-10,Small
105321,2026-05-01,CUST01721,Cairo,Greater Cairo,Laptop,Electronics,5,27645.0,0,138225.0,138225.0,2026-05,Large
105322,2026-12-14,CUST01722,Giza,Greater Cairo,Smartphone,Electronics,6,14210.0,5,85260.0,80997.0,2026-12,Large
105323,2026-07-27,CUST01723,Alexandria,Coastal,Wireless Mouse,Accessories,7,445.5,10,3118.5,2806.65,2026-07,Medium
105324,2026-02-12,CUST01724,Mansoura,Delta,Keyboard,Accessories,8,850.0,15,6800.0,5780.0,2026-02,Medium
105325,2026-09-25,CUST01725,Tanta,Unknown,Office Chair,Furniture,9,5252.0,20,47268.0,37814.4,2026-09,Large
105326,2026-04-10,CUST01726,Aswan,Unknown,Desk,Furniture,10,7548.0,0,75480.0,75480.0,2026-04,Large
105327,2026-11-23,CUST01727,Luxor,Unknown,Headphones,Electronics,11,1854.0,5,20394.0,19374.3,2026-11,Large
105328,2026-06-08,CUST01728,Port Said,Unknown,Monitor,Electronics,12,9568.0,10,114816.0,103334.4,2026-06,Large
105329,2026-01-21,CUST01729,Cairo,Greater Cairo,Printer,Office Equipment,1,7140.0,15,7140.0,6069.0,2026-01,Medium
105330,2026-08-06,CUST01730,Giza,Greater Cairo,Notebook Pack,Stationery,2,254.4,20,508.8,407.04,2026-08,Small
105331,2026-03-19,CUST01731,Alexandria,Coastal,Laptop,Electronics,3,30495.0,0,91485.0,91485.0,2026-03,Large
105332,2026-10-04,CUST01732,Mansoura,Delta,Smartphone,Electronics,4,15660.0,5,62640.0,59508.0,2026-10,Large
105333,2026-05-17,CUST01733,Tanta,Unknown,Wireless Mouse,Accessories,5,490.5,10,2452.5,2207.25,2026-05,Medium
105334,2026-12-02,CUST01734,Aswan,Unknown,Keyboard,Accessories,6,935.0,15,5610.0,4768.5,2026-12,Medium
105335,2026-07-15,CUST01735,Luxor,Unknown,Office Chair,Furniture,7,4680.0,20,32760.0,26208.0,2026-07,Large
105336,2026-02-28,CUST01736,Unknown,Unknown,Desk,Furniture,8,6734.0,0,53872.0,53872.0,2026-02,Large
105337,2026-09-13,CUST01737,Cairo,Greater Cairo,Headphones,Electronics,9,1656.0,5,14904.0,14158.8,2026-09,Large
105338,2026-04-26,CUST01738,Giza,Greater Cairo,Monitor,Electronics,10,8556.0,10,85560.0,77004.0,2026-04,Large
105339,2026-11-11,CUST01739,Alexandria,Coastal,Printer,Office Equipment,11,6392.0,15,70312.0,59765.2,2026-11,Large
105340,2026-06-24,CUST01740,Mansoura,Delta,Notebook Pack,Stationery,12,228.0,20,2736.0,2188.8,2026-06,Medium
105341,2026-01-09,CUST01741,Tanta,Unknown,Laptop,Electronics,1,27360.0,0,27360.0,27360.0,2026-01,Large
105342,2026-08-22,CUST01742,Aswan,Unknown,Smartphone,Electronics,2,14065.0,5,28130.0,26723.5,2026-08,Large
105343,2026-03-07,CUST01743,Luxor,Unknown,Wireless Mouse,Accessories,3,441.0,10,1323.0,1190.7,2026-03,Medium
105344,2026-10-20,CUST01744,Port Said,Unknown,Keyboard,Accessories,4,841.5,15,3366.0,2861.1,2026-10,Medium
105345,2026-05-05,CUST01745,Cairo,Greater Cairo,Office Chair,Furniture,5,5200.0,20,26000.0,20800.0,2026-05,Large
105346,2026-12-18,CUST01746,Giza,Greater Cairo,Desk,Furniture,6,7474.0,0,44844.0,44844.0,2026-12,Large
105347,2026-07-03,CUST01747,Alexandria,Coastal,Headphones,Electronics,7,1836.0,5,12852.0,12209.4,2026-07,Large
105348,2026-02-16,CUST01748,Mansoura,Delta,Monitor,Electronics,8,9476.0,10,75808.0,68227.2,2026-02,Large
105349,2026-09-01,CUST01749,Tanta,Unknown,Printer,Office Equipment,9,7072.0,15,63648.0,54100.8,2026-09,Large
105350,2026-04-14,CUST01750,Aswan,Unknown,Notebook Pack,Stationery,10,252.0,20,2520.0,2016.0,2026-04,Medium
105351,2026-11-27,CUST01751,Luxor,Unknown,Laptop,Electronics,11,30210.0,0,332310.0,332310.0,2026-11,Large
105352,2026-06-12,CUST01752,Port Said,Unknown,Smartphone,Electronics,12,15515.0,5,186180.0,176871.0,2026-06,Large
105353,2026-01-25,CUST01753,Cairo,Greater Cairo,Wireless Mouse,Accessories,1,486.0,10,486.0,437.4,2026-01,Small
105354,2026-08-10,CUST01754,Giza,Greater Cairo,Keyboard,Accessories,2,926.5,15,1853.0,1575.05,2026-08,Medium
105355,2026-03-23,CUST01755,Alexandria,Coastal,Office Chair,Furniture,3,5720.0,20,17160.0,13728.0,2026-03,Large
105356,2026-10-08,CUST01756,Mansoura,Delta,Desk,Furniture,4,6660.0,0,26640.0,26640.0,2026-10,Large
105357,2026-05-21,CUST01757,Tanta,Unknown,Headphones,Electronics,5,1638.0,5,8190.0,7780.5,2026-05,Medium
105358,2026-12-06,CUST01758,Aswan,Unknown,Monitor,Electronics,6,8464.0,10,50784.0,45705.6,2026-12,Large
105359,2026-07-19,CUST01759,Luxor,Unknown,Printer,Office Equipment,7,6324.0,15,44268.0,37627.8,2026-07,Large
105360,2026-02-04,CUST01760,Port Said,Unknown,Notebook Pack,Stationery,8,225.6,20,1804.8,1443.84,2026-02,Medium
105361,2026-09-17,CUST01761,Cairo,Greater Cairo,Laptop,Electronics,9,27075.0,0,243675.0,243675.0,2026-09,Large
105362,2026-04-02,CUST01762,Giza,Greater Cairo,Smartphone,Electronics,10,13920.0,5,139200.0,132240.0,2026-04,Large
105363,2026-11-15,CUST01763,Alexandria,Coastal,Wireless Mouse,Accessories,11,436.5,10,4801.5,4321.35,2026-11,Medium
105364,2026-06-28,CUST01764,Mansoura,Delta,Keyboard,Accessories,12,833.0,15,9996.0,8496.6,2026-06,Medium
105365,2026-01-13,CUST01765,Tanta,Unknown,Office Chair,Furniture,1,5148.0,20,5148.0,4118.4,2026-01,Medium
105366,2026-08-26,CUST01766,Aswan,Unknown,Desk,Furniture,2,7400.0,0,14800.0,14800.0,2026-08,Large
105367,2026-03-11,CUST01767,Luxor,Unknown,Headphones,Electronics,3,1818.0,5,5454.0,5181.3,2026-03,Medium
105368,2026-10-24,CUST01768,Port Said,Unknown,Monitor,Electronics,4,9384.0,10,37536.0,33782.4,2026-10,Large
105369,2026-05-09,CUST01769,Cairo,Greater Cairo,Printer,Office Equipment,5,7004.0,15,35020.0,29767.0,2026-05,Large
105370,2026-12-22,CUST01770,Giza,Greater Cairo,Notebook Pack,Stationery,6,249.6,20,1497.6,1198.08,2026-12,Medium
105371,2026-07-07,CUST01771,Alexandria,Coastal,Laptop,Electronics,7,29925.0,0,209475.0,209475.0,2026-07,Large
105372,2026-02-20,CUST01772,Mansoura,Delta,Smartphone,Electronics,8,15370.0,5,122960.0,116812.0,2026-02,Large
105373,2026-09-05,CUST01773,Tanta,Unknown,Wireless Mouse,Accessories,9,481.5,10,4333.5,3900.15,2026-09,Medium
105374,2026-04-18,CUST01774,Aswan,Unknown,Keyboard,Accessories,10,918.0,15,9180.0,7803.0,2026-04,Medium
105375,2026-11-03,CUST01775,Luxor,Unknown,Office Chair,Furniture,11,5668.0,20,62348.0,49878.4,2026-11,Large
105376,2026-06-16,CUST01776,Port Said,Unknown,Desk,Furniture,12,8140.0,0,97680.0,97680.0,2026-06,Large
105377,2026-01-01,CUST01777,Cairo,Greater Cairo,Headphones,Electronics,1,1620.0,5,1620.0,1539.0,2026-01,Medium
105378,2026-08-14,CUST01778,Giza,Greater Cairo,Monitor,Electronics,2,8372.0,10,16744.0,15069.6,2026-08,Large
105379,2026-03-27,CUST01779,Alexandria,Coastal,Printer,Office Equipment,3,6256.0,15,18768.0,15952.8,2026-03,Large
105380,2026-10-12,CUST01780,Mansoura,Delta,Notebook Pack,Stationery,4,223.2,20,892.8,714.24,2026-10,Small
105381,2026-05-25,CUST01781,Tanta,Unknown,Laptop,Electronics,5,26790.0,0,133950.0,133950.0,2026-05,Large
105382,2026-12-10,CUST01782,Aswan,Unknown,Smartphone,Electronics,6,13775.0,5,82650.0,78517.5,2026-12,Large
105383,2026-07-23,CUST01783,Luxor,Unknown,Wireless Mouse,Accessories,7,432.0,10,3024.0,2721.6,2026-07,Medium
105384,2026-02-08,CUST01784,Port Said,Unknown,Keyboard,Accessories,8,824.5,15,6596.0,5606.6,2026-02,Medium
105385,2026-09-21,CUST01785,Cairo,Greater Cairo,Office Chair,Furniture,9,5096.0,20,45864.0,36691.2,2026-09,Large
105386,2026-04-06,CUST01786,Giza,Greater Cairo,Desk,Furniture,10,7326.0,0,73260.0,73260.0,2026-04,Large
105387,2026-11-19,CUST01787,Alexandria,Coastal,Headphones,Electronics,11,1800.0,5,19800.0,18810.0,2026-11,Large
105388,2026-06-04,CUST01788,Mansoura,Delta,Monitor,Electronics,12,9292.0,10,111504.0,100353.6,2026-06,Large
105389,2026-01-17,CUST01789,Tanta,Unknown,Printer,Office Equipment,1,6936.0,15,6936.0,5895.6,2026-01,Medium
105390,2026-08-02,CUST01790,Aswan,Unknown,Notebook Pack,Stationery,2,247.2,20,494.4,395.52,2026-08,Small
105391,2026-03-15,CUST01791,Luxor,Unknown,Laptop,Electronics,3,29640.0,0,88920.0,88920.0,2026-03,Large
105392,2026-10-28,CUST01792,Port Said,Unknown,Smartphone,Electronics,4,15225.0,5,60900.0,57855.0,2026-10,Large
105393,2026-05-13,CUST01793,Cairo,Greater Cairo,Wireless Mouse,Accessories,5,477.0,10,2385.0,2146.5,2026-05,Medium
105394,2026-12-26,CUST01794,Giza,Greater Cairo,Keyboard,Accessories,6,909.5,15,5457.0,4638.45,2026-12,Medium
105395,2026-07-11,CUST01795,Alexandria,Coastal,Office Chair,Furniture,7,5616.0,20,39312.0,31449.6,2026-07,Large
105396,2026-02-24,CUST01796,Mansoura,Delta,Desk,Furniture,8,8066.0,0,64528.0,64528.0,2026-02,Large
105397,2026-09-09,CUST01797,Tanta,Unknown,Headphones,Electronics,9,1980.0,5,17820.0,16929.0,2026-09,Large
105398,2026-04-22,CUST01798,Aswan,Unknown,Monitor,Electronics,10,8280.0,10,82800.0,74520.0,2026-04,Large
105399,2026-11-07,CUST01799,Luxor,Unknown,Printer,Office Equipment,11,6188.0,15,68068.0,57857.8,2026-11,Large
105400,2026-06-20,CUST01800,Port Said,Unknown,Notebook Pack,Stationery,12,220.8,20,2649.6,2119.68,2026-06,Medium
105401,2025-01-05,CUST00001,Cairo,Greater Cairo,Laptop,Electronics,1,26505.0,0,26505.0,26505.0,2025-01,Large
105402,2025-08-18,CUST00002,Giza,Greater Cairo,Smartphone,Electronics,2,13630.0,5,27260.0,25897.0,2025-08,Large
105403,2025-03-03,CUST00003,Alexandria,Coastal,Wireless Mouse,Accessories,3,427.5,10,1282.5,1154.25,2025-03,Medium
105404,2025-10-16,CUST00004,Mansoura,Delta,Keyboard,Accessories,4,816.0,15,3264.0,2774.4,2025-10,Medium
105405,2025-05-01,CUST00005,Tanta,Unknown,Office Chair,Furniture,5,5044.0,20,25220.0,20176.0,2025-05,Large
105406,2025-12-14,CUST00006,Aswan,Unknown,Desk,Furniture,6,7252.0,0,43512.0,43512.0,2025-12,Large
105407,2025-07-27,CUST00007,Luxor,Unknown,Headphones,Electronics,7,1782.0,5,12474.0,11850.3,2025-07,Large
105408,2025-02-12,CUST00008,Port Said,Unknown,Monitor,Electronics,8,9200.0,10,73600.0,66240.0,2025-02,Large
105409,2025-09-25,CUST00009,Cairo,Greater Cairo,Printer,Office Equipment,9,6868.0,15,61812.0,52540.2,2025-09,Large
105410,2025-04-10,CUST00010,Giza,Greater Cairo,Notebook Pack,Stationery,10,244.8,20,2448.0,1958.4,2025-04,Medium
105411,2025-11-23,CUST00011,Alexandria,Coastal,Laptop,Electronics,11,29355.0,0,322905.0,322905.0,2025-11,Large
105412,2025-06-08,CUST00012,Mansoura,Delta,Smartphone,Electronics,12,15080.0,5,180960.0,171912.0,2025-06,Large
105413,2025-01-21,CUST00013,Tanta,Unknown,Wireless Mouse,Accessories,1,472.5,10,472.5,425.25,2025-01,Small
105414,2025-08-06,CUST00014,Aswan,Unknown,Keyboard,Accessories,2,901.0,15,1802.0,1531.7,2025-08,Medium
105415,2025-03-19,CUST00015,Luxor,Unknown,Office Chair,Furniture,3,5564.0,20,16692.0,13353.6,2025-03,Large
105416,2025-10-04,CUST00016,Port Said,Unknown,Desk,Furniture,4,7992.0,0,31968.0,31968.0,2025-10,Large
105417,2025-05-17,CUST00017,Cairo,Greater Cairo,Headphones,Electronics,5,1962.0,5,9810.0,9319.5,2025-05,Medium
105418,2025-12-02,CUST00018,Giza,Greater Cairo,Monitor,Electronics,6,10120.0,10,60720.0,54648.0,2025-12,Large
105419,2025-07-15,CUST00019,Alexandria,Coastal,Printer,Office Equipment,7,6120.0,15,42840.0,36414.0,2025-07,Large
105420,2025-02-28,CUST00020,Mansoura,Delta,Notebook Pack,Stationery,8,218.4,20,1747.2,1397.76,2025-02,Medium
105421,2025-09-13,CUST00021,Tanta,Unknown,Laptop,Electronics,9,26220.0,0,235980.0,235980.0,2025-09,Large
105422,2025-04-26,CUST00022,Aswan,Unknown,Smartphone,Electronics,10,13485.0,5,134850.0,128107.5,2025-04,Large
105423,2025-11-11,CUST00023,Luxor,Unknown,Wireless Mouse,Accessories,11,423.0,10,4653.0,4187.7,2025-11,Medium
105424,2025-06-24,CUST00024,Port Said,Unknown,Keyboard,Accessories,12,807.5,15,9690.0,8236.5,2025-06,Medium
105425,2025-01-09,CUST00025,Cairo,Greater Cairo,Office Chair,Furniture,1,4992.0,20,4992.0,3993.6,2025-01,Medium
105426,2025-08-22,CUST00026,Giza,Greater Cairo,Desk,Furniture,2,7178.0,0,14356.0,14356.0,2025-08,Large
105427,2025-03-07,CUST00027,Alexandria,Coastal,Headphones,Electronics,3,1764.0,5,5292.0,5027.4,2025-03,Medium
105428,2025-10-20,CUST00028,Mansoura,Delta,Monitor,Electronics,4,9108.0,10,36432.0,32788.8,2025-10,Large
105429,2025-05-05,CUST00029,Tanta,Unknown,Printer,Office Equipment,5,6800.0,15,34000.0,28900.0,2025-05,Large
105430,2025-12-18,CUST00030,Aswan,Unknown,Notebook Pack,Stationery,6,242.4,20,1454.4,1163.52,2025-12,Medium
105431,2025-07-03,CUST00031,Luxor,Unknown,Laptop,Electronics,7,29070.0,0,203490.0,203490.0,2025-07,Large
105432,2025-02-16,CUST00032,Port Said,Unknown,Smartphone,Electronics,8,14935.0,5,119480.0,113506.0,2025-02,Large
105433,2025-09-01,CUST00033,Unknown,Unknown,Wireless Mouse,Accessories,9,468.0,10,4212.0,3790.8,2025-09,Medium
105434,2025-04-14,CUST00034,Giza,Greater Cairo,Keyboard,Accessories,10,892.5,15,8925.0,7586.25,2025-04,Medium
105435,2025-11-27,CUST00035,Alexandria,Coastal,Office Chair,Furniture,11,5512.0,20,60632.0,48505.6,2025-11,Large
105436,2025-06-12,CUST00036,Mansoura,Delta,Desk,Furniture,12,7918.0,0,95016.0,95016.0,2025-06,Large
105437,2025-01-25,CUST00037,Tanta,Unknown,Headphones,Electronics,1,1944.0,5,1944.0,1846.8,2025-01,Medium
105438,2025-08-10,CUST00038,Aswan,Unknown,Monitor,Electronics,2,10028.0,10,20056.0,18050.4,2025-08,Large
105439,2025-03-23,CUST00039,Luxor,Unknown,Printer,Office Equipment,3,7480.0,15,22440.0,19074.0,2025-03,Large
105440,2025-10-08,CUST00040,Port Said,Unknown,Notebook Pack,Stationery,4,216.0,20,864.0,691.2,2025-10,Small
105441,2025-05-21,CUST00041,Cairo,Greater Cairo,Laptop,Electronics,5,25935.0,0,129675.0,129675.0,2025-05,Large
105442,2025-12-06,CUST00042,Giza,Greater Cairo,Smartphone,Electronics,6,13340.0,5,80040.0,76038.0,2025-12,Large
105443,2025-07-19,CUST00043,Alexandria,Coastal,Wireless Mouse,Accessories,7,418.5,10,2929.5,2636.55,2025-07,Medium
105444,2025-02-04,CUST00044,Mansoura,Delta,Keyboard,Accessories,8,799.0,15,6392.0,5433.2,2025-02,Medium
105445,2025-09-17,CUST00045,Tanta,Unknown,Office Chair,Furniture,9,4940.0,20,44460.0,35568.0,2025-09,Large
105446,2025-04-02,CUST00046,Aswan,Unknown,Desk,Furniture,10,7104.0,0,71040.0,71040.0,2025-04,Large
105447,2025-11-15,CUST00047,Luxor,Unknown,Headphones,Electronics,11,1746.0,5,19206.0,18245.7,2025-11,Large
105448,2025-06-28,CUST00048,Port Said,Unknown,Monitor,Electronics,12,9016.0,10,108192.0,97372.8,2025-06,Large
105449,2025-01-13,CUST00049,Cairo,Greater Cairo,Printer,Office Equipment,1,6732.0,15,6732.0,5722.2,2025-01,Medium
105450,2025-08-26,CUST00050,Giza,Greater Cairo,Notebook Pack,Stationery,2,240.0,20,480.0,384.0,2025-08,Small
105451,2025-03-11,CUST00051,Alexandria,Coastal,Laptop,Electronics,3,28785.0,0,86355.0,86355.0,2025-03,Large
105452,2025-10-24,CUST00052,Mansoura,Delta,Smartphone,Electronics,4,14790.0,5,59160.0,56202.0,2025-10,Large
105453,2025-05-09,CUST00053,Tanta,Unknown,Wireless Mouse,Accessories,5,463.5,10,2317.5,2085.75,2025-05,Medium
105454,2025-12-22,CUST00054,Aswan,Unknown,Keyboard,Accessories,6,884.0,15,5304.0,4508.4,2025-12,Medium
105455,2025-07-07,CUST00055,Luxor,Unknown,Office Chair,Furniture,7,5460.0,20,38220.0,30576.0,2025-07,Large
105456,2025-02-20,CUST00056,Port Said,Unknown,Desk,Furniture,8,7844.0,0,62752.0,62752.0,2025-02,Large
105457,2025-09-05,CUST00057,Cairo,Greater Cairo,Headphones,Electronics,9,1926.0,5,17334.0,16467.3,2025-09,Large
105458,2025-04-18,CUST00058,Giza,Greater Cairo,Monitor,Electronics,10,9936.0,10,99360.0,89424.0,2025-04,Large
105459,2025-11-03,CUST00059,Alexandria,Coastal,Printer,Office Equipment,11,7412.0,15,81532.0,69302.2,2025-11,Large
105460,2025-06-16,CUST00060,Mansoura,Delta,Notebook Pack,Stationery,12,264.0,20,3168.0,2534.4,2025-06,Medium
105461,2025-01-01,CUST00061,Tanta,Unknown,Laptop,Electronics,1,25650.0,0,25650.0,25650.0,2025-01,Large
105462,2025-08-14,CUST00062,Aswan,Unknown,Smartphone,Electronics,2,13195.0,5,26390.0,25070.5,2025-08,Large
105463,2025-03-27,CUST00063,Luxor,Unknown,Wireless Mouse,Accessories,3,414.0,10,1242.0,1117.8,2025-03,Medium
105464,2025-10-12,CUST00064,Port Said,Unknown,Keyboard,Accessories,4,790.5,15,3162.0,2687.7,2025-10,Medium
105465,2025-05-25,CUST00065,Cairo,Greater Cairo,Office Chair,Furniture,5,4888.0,20,24440.0,19552.0,2025-05,Large
105466,2025-12-10,CUST00066,Giza,Greater Cairo,Desk,Furniture,6,7030.0,0,42180.0,42180.0,2025-12,Large
105467,2025-07-23,CUST00067,Alexandria,Coastal,Headphones,Electronics,7,1728.0,5,12096.0,11491.2,2025-07,Large
105468,2025-02-08,CUST00068,Mansoura,Delta,Monitor,Electronics,8,8924.0,10,71392.0,64252.8,2025-02,Large
105469,2025-09-21,CUST00069,Tanta,Unknown,Printer,Office Equipment,9,6664.0,15,59976.0,50979.6,2025-09,Large
105470,2025-04-06,CUST00070,Aswan,Unknown,Notebook Pack,Stationery,10,237.6,20,2376.0,1900.8,2025-04,Medium
105471,2025-11-19,CUST00071,Luxor,Unknown,Laptop,Electronics,11,28500.0,0,313500.0,313500.0,2025-11,Large
105472,2025-06-04,CUST00072,Port Said,Unknown,Smartphone,Electronics,12,14645.0,5,175740.0,166953.0,2025-06,Large
105473,2025-01-17,CUST00073,Cairo,Greater Cairo,Wireless Mouse,Accessories,1,459.0,10,459.0,413.1,2025-01,Small
105474,2025-08-02,CUST00074,Giza,Greater Cairo,Keyboard,Accessories,2,875.5,15,1751.0,1488.35,2025-08,Medium
105475,2025-03-15,CUST00075,Alexandria,Coastal,Office Chair,Furniture,3,5408.0,20,16224.0,12979.2,2025-03,Large
105476,2025-10-28,CUST00076,Mansoura,Delta,Desk,Furniture,4,7770.0,0,31080.0,31080.0,2025-10,Large
105477,2025-05-13,CUST00077,Tanta,Unknown,Headphones,Electronics,5,1908.0,5,9540.0,9063.0,2025-05,Medium
105478,2025-12-26,CUST00078,Aswan,Unknown,Monitor,Electronics,6,9844.0,10,59064.0,53157.6,2025-12,Large
105479,2025-07-11,CUST00079,Luxor,Unknown,Printer,Office Equipment,7,7344.0,15,51408.0,43696.8,2025-07,Large
105480,2025-02-24,CUST00080,Port Said,Unknown,Notebook Pack,Stationery,8,261.6,20,2092.8,1674.24,2025-02,Medium
105481,2025-09-09,CUST00081,Cairo,Greater Cairo,Laptop,Electronics,9,31350.0,0,282150.0,282150.0,2025-09,Large
105482,2025-04-22,CUST00082,Giza,Greater Cairo,Smartphone,Electronics,10,13050.0,5,130500.0,123975.0,2025-04,Large
105483,2025-11-07,CUST00083,Alexandria,Coastal,Wireless Mouse,Accessories,11,409.5,10,4504.5,4054.05,2025-11,Medium
105484,2025-06-20,CUST00084,Mansoura,Delta,Keyboard,Accessories,12,782.0,15,9384.0,7976.4,2025-06,Medium
105485,2025-01-05,CUST00085,Tanta,Unknown,Office Chair,Furniture,1,4836.0,20,4836.0,3868.8,2025-01,Medium
105486,2025-08-18,CUST00086,Aswan,Unknown,Desk,Furniture,2,6956.0,0,13912.0,13912.0,2025-08,Large
105487,2025-03-03,CUST00087,Luxor,Unknown,Headphones,Electronics,3,1710.0,5,5130.0,4873.5,2025-03,Medium
105488,2025-10-16,CUST00088,Port Said,Unknown,Monitor,Electronics,4,8832.0,10,35328.0,31795.2,2025-10,Large
105489,2025-05-01,CUST00089,Cairo,Greater Cairo,Printer,Office Equipment,5,6596.0,15,32980.0,28033.0,2025-05,Large
105490,2025-12-14,CUST00090,Giza,Greater Cairo,Notebook Pack,Stationery,6,235.2,20,1411.2,1128.96,2025-12,Medium
105491,2025-07-27,CUST00091,Alexandria,Coastal,Laptop,Electronics,7,28215.0,0,197505.0,197505.0,2025-07,Large
105492,2025-02-12,CUST00092,Mansoura,Delta,Smartphone,Electronics,8,14500.0,5,116000.0,110200.0,2025-02,Large
105493,2025-09-25,CUST00093,Tanta,Unknown,Wireless Mouse,Accessories,9,454.5,10,4090.5,3681.45,2025-09,Medium
105494,2025-04-10,CUST00094,Aswan,Unknown,Keyboard,Accessories,10,867.0,15,8670.0,7369.5,2025-04,Medium
105495,2025-11-23,CUST00095,Luxor,Unknown,Office Chair,Furniture,11,5356.0,20,58916.0,47132.8,2025-11,Large
105496,2025-06-08,CUST00096,Port Said,Unknown,Desk,Furniture,12,7696.0,0,92352.0,92352.0,2025-06,Large
105497,2025-01-21,CUST00097,Cairo,Greater Cairo,Headphones,Electronics,1,1890.0,5,1890.0,1795.5,2025-01,Medium
105498,2025-08-06,CUST00098,Giza,Greater Cairo,Monitor,Electronics,2,9752.0,10,19504.0,17553.6,2025-08,Large
105499,2025-03-19,CUST00099,Alexandria,Coastal,Printer,Office Equipment,3,7276.0,15,21828.0,18553.8,2025-03,Large
105500,2025-10-04,CUST00100,Mansoura,Delta,Notebook Pack,Stationery,4,259.2,20,1036.8,829.44,2025-10,Small
105501,2025-05-17,CUST00101,Tanta,Unknown,Laptop,Electronics,5,31065.0,0,155325.0,155325.0,2025-05,Large
105502,2025-12-02,CUST00102,Aswan,Unknown,Smartphone,Electronics,6,15950.0,5,95700.0,90915.0,2025-12,Large
105503,2025-07-15,CUST00103,Luxor,Unknown,Wireless Mouse,Accessories,7,405.0,10,2835.0,2551.5,2025-07,Medium
105504,2025-02-28,CUST00104,Port Said,Unknown,Keyboard,Accessories,8,773.5,15,6188.0,5259.8,2025-02,Medium
105505,2025-09-13,CUST00105,Cairo,Greater Cairo,Office Chair,Furniture,9,4784.0,20,43056.0,34444.8,2025-09,Large
105506,2025-04-26,CUST00106,Giza,Greater Cairo,Desk,Furniture,10,6882.0,0,68820.0,68820.0,2025-04,Large
105507,2025-11-11,CUST00107,Alexandria,Coastal,Headphones,Electronics,11,1692.0,5,18612.0,17681.4,2025-11,Large
105508,2025-06-24,CUST00108,Mansoura,Delta,Monitor,Electronics,12,8740.0,10,104880.0,94392.0,2025-06,Large
105509,2025-01-09,CUST00109,Tanta,Unknown,Printer,Office Equipment,1,6528.0,15,6528.0,5548.8,2025-01,Medium
105510,2025-08-22,CUST00110,Aswan,Unknown,Notebook Pack,Stationery,2,232.8,20,465.6,372.48,2025-08,Small
105511,2025-03-07,CUST00111,Luxor,Unknown,Laptop,Electronics,3,27930.0,0,83790.0,83790.0,2025-03,Large
105512,2025-10-20,CUST00112,Port Said,Unknown,Smartphone,Electronics,4,14355.0,5,57420.0,54549.0,2025-10,Large
105513,2025-05-05,CUST00113,Cairo,Greater Cairo,Wireless Mouse,Accessories,5,450.0,10,2250.0,2025.0,2025-05,Medium
105514,2025-12-18,CUST00114,Giza,Greater Cairo,Keyboard,Accessories,6,858.5,15,5151.0,4378.35,2025-12,Medium
105515,2025-07-03,CUST00115,Alexandria,Coastal,Office Chair,Furniture,7,5304.0,20,37128.0,29702.4,2025-07,Large
105516,2025-02-16,CUST00116,Mansoura,Delta,Desk,Furniture,8,7622.0,0,60976.0,60976.0,2025-02,Large
105517,2025-09-01,CUST00117,Tanta,Unknown,Headphones,Electronics,9,1872.0,5,16848.0,16005.6,2025-09,Large
105518,2025-04-14,CUST00118,Aswan,Unknown,Monitor,Electronics,10,9660.0,10,96600.0,86940.0,2025-04,Large
105519,2025-11-27,CUST00119,Luxor,Unknown,Printer,Office Equipment,11,7208.0,15,79288.0,67394.8,2025-11,Large
105520,2025-06-12,CUST00120,Port Said,Unknown,Notebook Pack,Stationery,12,256.8,20,3081.6,2465.28,2025-06,Medium
105521,2025-01-25,CUST00121,Cairo,Greater Cairo,Laptop,Electronics,1,30780.0,0,30780.0,30780.0,2025-01,Large
105522,2025-08-10,CUST00122,Giza,Greater Cairo,Smartphone,Electronics,2,15805.0,5,31610.0,30029.5,2025-08,Large
105523,2025-03-23,CUST00123,Alexandria,Coastal,Wireless Mouse,Accessories,3,495.0,10,1485.0,1336.5,2025-03,Medium
105524,2025-10-08,CUST00124,Mansoura,Delta,Keyboard,Accessories,4,765.0,15,3060.0,2601.0,2025-10,Medium
105525,2025-05-21,CUST00125,Tanta,Unknown,Office Chair,Furniture,5,4732.0,20,23660.0,18928.0,2025-05,Large
105526,2025-12-06,CUST00126,Aswan,Unknown,Desk,Furniture,6,6808.0,0,40848.0,40848.0,2025-12,Large
105527,2025-07-19,CUST00127,Luxor,Unknown,Headphones,Electronics,7,1674.0,5,11718.0,11132.1,2025-07,Large
105528,2025-02-04,CUST00128,Port Said,Unknown,Monitor,Electronics,8,8648.0,10,69184.0,62265.6,2025-02,Large
105529,2025-09-17,CUST00129,Cairo,Greater Cairo,Printer,Office Equipment,9,6460.0,15,58140.0,49419.0,2025-09,Large
105530,2025-04-02,CUST00130,Unknown,Unknown,Notebook Pack,Stationery,10,230.4,20,2304.0,1843.2,2025-04,Medium
105531,2025-11-15,CUST00131,Alexandria,Coastal,Laptop,Electronics,11,27645.0,0,304095.0,304095.0,2025-11,Large
105532,2025-06-28,CUST00132,Mansoura,Delta,Smartphone,Electronics,12,14210.0,5,170520.0,161994.0,2025-06,Large
105533,2025-01-13,CUST00133,Tanta,Unknown,Wireless Mouse,Accessories,1,445.5,10,445.5,400.95,2025-01,Small
105534,2025-08-26,CUST00134,Aswan,Unknown,Keyboard,Accessories,2,850.0,15,1700.0,1445.0,2025-08,Medium
105535,2025-03-11,CUST00135,Luxor,Unknown,Office Chair,Furniture,3,5252.0,20,15756.0,12604.8,2025-03,Large
105536,2025-10-24,CUST00136,Port Said,Unknown,Desk,Furniture,4,7548.0,0,30192.0,30192.0,2025-10,Large
105537,2025-05-09,CUST00137,Cairo,Greater Cairo,Headphones,Electronics,5,1854.0,5,9270.0,8806.5,2025-05,Medium
105538,2025-12-22,CUST00138,Giza,Greater Cairo,Monitor,Electronics,6,9568.0,10,57408.0,51667.2,2025-12,Large
105539,2025-07-07,CUST00139,Alexandria,Coastal,Printer,Office Equipment,7,7140.0,15,49980.0,42483.0,2025-07,Large
105540,2025-02-20,CUST00140,Mansoura,Delta,Notebook Pack,Stationery,8,254.4,20,2035.2,1628.16,2025-02,Medium
105541,2025-09-05,CUST00141,Tanta,Unknown,Laptop,Electronics,9,30495.0,0,274455.0,274455.0,2025-09,Large
105542,2025-04-18,CUST00142,Aswan,Unknown,Smartphone,Electronics,10,15660.0,5,156600.0,148770.0,2025-04,Large
105543,2025-11-03,CUST00143,Luxor,Unknown,Wireless Mouse,Accessories,11,490.5,10,5395.5,4855.95,2025-11,Medium
105544,2025-06-16,CUST00144,Port Said,Unknown,Keyboard,Accessories,12,935.0,15,11220.0,9537.0,2025-06,Medium
105545,2025-01-01,CUST00145,Cairo,Greater Cairo,Office Chair,Furniture,1,4680.0,20,4680.0,3744.0,2025-01,Medium
105546,2025-08-14,CUST00146,Giza,Greater Cairo,Desk,Furniture,2,6734.0,0,13468.0,13468.0,2025-08,Large
105547,2025-03-27,CUST00147,Alexandria,Coastal,Headphones,Electronics,3,1656.0,5,4968.0,4719.6,2025-03,Medium
105548,2025-10-12,CUST00148,Mansoura,Delta,Monitor,Electronics,4,8556.0,10,34224.0,30801.6,2025-10,Large
105549,2025-05-25,CUST00149,Tanta,Unknown,Printer,Office Equipment,5,6392.0,15,31960.0,27166.0,2025-05,Large
105550,2025-12-10,CUST00150,Aswan,Unknown,Notebook Pack,Stationery,6,228.0,20,1368.0,1094.4,2025-12,Medium
105551,2025-07-23,CUST00151,Luxor,Unknown,Laptop,Electronics,7,27360.0,0,191520.0,191520.0,2025-07,Large
105552,2025-02-08,CUST00152,Port Said,Unknown,Smartphone,Electronics,8,14065.0,5,112520.0,106894.0,2025-02,Large
105553,2025-09-21,CUST00153,Cairo,Greater Cairo,Wireless Mouse,Accessories,9,441.0,10,3969.0,3572.1,2025-09,Medium
105554,2025-04-06,CUST00154,Giza,Greater Cairo,Keyboard,Accessories,10,841.5,15,8415.0,7152.75,2025-04,Medium
105555,2025-11-19,CUST00155,Alexandria,Coastal,Office Chair,Furniture,11,5200.0,20,57200.0,45760.0,2025-11,Large
105556,2025-06-04,CUST00156,Mansoura,Delta,Desk,Furniture,12,7474.0,0,89688.0,89688.0,2025-06,Large
105557,2025-01-17,CUST00157,Tanta,Unknown,Headphones,Electronics,1,1836.0,5,1836.0,1744.2,2025-01,Medium
105558,2025-08-02,CUST00158,Aswan,Unknown,Monitor,Electronics,2,9476.0,10,18952.0,17056.8,2025-08,Large
105559,2025-03-15,CUST00159,Luxor,Unknown,Printer,Office Equipment,3,7072.0,15,21216.0,18033.6,2025-03,Large
105560,2025-10-28,CUST00160,Port Said,Unknown,Notebook Pack,Stationery,4,252.0,20,1008.0,806.4,2025-10,Small
105561,2025-05-13,CUST00161,Cairo,Greater Cairo,Laptop,Electronics,5,30210.0,0,151050.0,151050.0,2025-05,Large
105562,2025-12-26,CUST00162,Giza,Greater Cairo,Smartphone,Electronics,6,15515.0,5,93090.0,88435.5,2025-12,Large
105563,2025-07-11,CUST00163,Alexandria,Coastal,Wireless Mouse,Accessories,7,486.0,10,3402.0,3061.8,2025-07,Medium
105564,2025-02-24,CUST00164,Mansoura,Delta,Keyboard,Accessories,8,926.5,15,7412.0,6300.2,2025-02,Medium
105565,2025-09-09,CUST00165,Tanta,Unknown,Office Chair,Furniture,9,5720.0,20,51480.0,41184.0,2025-09,Large
105566,2025-04-22,CUST00166,Aswan,Unknown,Desk,Furniture,10,6660.0,0,66600.0,66600.0,2025-04,Large
105567,2025-11-07,CUST00167,Luxor,Unknown,Headphones,Electronics,11,1638.0,5,18018.0,17117.1,2025-11,Large
105568,2025-06-20,CUST00168,Port Said,Unknown,Monitor,Electronics,12,8464.0,10,101568.0,91411.2,2025-06,Large
105569,2025-01-05,CUST00169,Cairo,Greater Cairo,Printer,Office Equipment,1,6324.0,15,6324.0,5375.4,2025-01,Medium
105570,2025-08-18,CUST00170,Giza,Greater Cairo,Notebook Pack,Stationery,2,225.6,20,451.2,360.96,2025-08,Small
105571,2025-03-03,CUST00171,Alexandria,Coastal,Laptop,Electronics,3,27075.0,0,81225.0,81225.0,2025-03,Large
105572,2025-10-16,CUST00172,Mansoura,Delta,Smartphone,Electronics,4,13920.0,5,55680.0,52896.0,2025-10,Large
105573,2025-05-01,CUST00173,Tanta,Unknown,Wireless Mouse,Accessories,5,436.5,10,2182.5,1964.25,2025-05,Medium
105574,2025-12-14,CUST00174,Aswan,Unknown,Keyboard,Accessories,6,833.0,15,4998.0,4248.3,2025-12,Medium
105575,2025-07-27,CUST00175,Luxor,Unknown,Office Chair,Furniture,7,5148.0,20,36036.0,28828.8,2025-07,Large
105576,2025-02-12,CUST00176,Port Said,Unknown,Desk,Furniture,8,7400.0,0,59200.0,59200.0,2025-02,Large
105577,2025-09-25,CUST00177,Cairo,Greater Cairo,Headphones,Electronics,9,1818.0,5,16362.0,15543.9,2025-09,Large
105578,2025-04-10,CUST00178,Giza,Greater Cairo,Monitor,Electronics,10,9384.0,10,93840.0,84456.0,2025-04,Large
105579,2025-11-23,CUST00179,Alexandria,Coastal,Printer,Office Equipment,11,7004.0,15,77044.0,65487.4,2025-11,Large
105580,2025-06-08,CUST00180,Mansoura,Delta,Notebook Pack,Stationery,12,249.6,20,2995.2,2396.16,2025-06,Medium
105581,2025-01-21,CUST00181,Tanta,Unknown,Laptop,Electronics,1,29925.0,0,29925.0,29925.0,2025-01,Large
105582,2025-08-06,CUST00182,Aswan,Unknown,Smartphone,Electronics,2,15370.0,5,30740.0,29203.0,2025-08,Large
105583,2025-03-19,CUST00183,Luxor,Unknown,Wireless Mouse,Accessories,3,481.5,10,1444.5,1300.05,2025-03,Medium
105584,2025-10-04,CUST00184,Port Said,Unknown,Keyboard,Accessories,4,918.0,15,3672.0,3121.2,2025-10,Medium
105585,2025-05-17,CUST00185,Cairo,Greater Cairo,Office Chair,Furniture,5,5668.0,20,28340.0,22672.0,2025-05,Large
105586,2025-12-02,CUST00186,Giza,Greater Cairo,Desk,Furniture,6,8140.0,0,48840.0,48840.0,2025-12,Large
105587,2025-07-15,CUST00187,Alexandria,Coastal,Headphones,Electronics,7,1620.0,5,11340.0,10773.0,2025-07,Large
105588,2025-02-28,CUST00188,Mansoura,Delta,Monitor,Electronics,8,8372.0,10,66976.0,60278.4,2025-02,Large
105589,2025-09-13,CUST00189,Tanta,Unknown,Printer,Office Equipment,9,6256.0,15,56304.0,47858.4,2025-09,Large
105590,2025-04-26,CUST00190,Aswan,Unknown,Notebook Pack,Stationery,10,223.2,20,2232.0,1785.6,2025-04,Medium
105591,2025-11-11,CUST00191,Luxor,Unknown,Laptop,Electronics,11,26790.0,0,294690.0,294690.0,2025-11,Large
105592,2025-06-24,CUST00192,Port Said,Unknown,Smartphone,Electronics,12,13775.0,5,165300.0,157035.0,2025-06,Large
105593,2025-01-09,CUST00193,Cairo,Greater Cairo,Wireless Mouse,Accessories,1,432.0,10,432.0,388.8,2025-01,Small
105594,2025-08-22,CUST00194,Giza,Greater Cairo,Keyboard,Accessories,2,824.5,15,1649.0,1401.65,2025-08,Medium
105595,2025-03-07,CUST00195,Alexandria,Coastal,Office Chair,Furniture,3,5096.0,20,15288.0,12230.4,2025-03,Large
105596,2025-10-20,CUST00196,Mansoura,Delta,Desk,Furniture,4,7326.0,0,29304.0,29304.0,2025-10,Large
105597,2025-05-05,CUST00197,Tanta,Unknown,Headphones,Electronics,5,1800.0,5,9000.0,8550.0,2025-05,Medium
105598,2025-12-18,CUST00198,Aswan,Unknown,Monitor,Electronics,6,9292.0,10,55752.0,50176.8,2025-12,Large
105599,2025-07-03,CUST00199,Luxor,Unknown,Printer,Office Equipment,7,6936.0,15,48552.0,41269.2,2025-07,Large
105600,2025-02-16,CUST00200,Port Said,Unknown,Notebook Pack,Stationery,8,247.2,20,1977.6,1582.08,2025-02,Medium
105601,2025-09-01,CUST00201,Cairo,Greater Cairo,Laptop,Electronics,9,29640.0,0,266760.0,266760.0,2025-09,Large
105602,2025-04-14,CUST00202,Giza,Greater Cairo,Smartphone,Electronics,10,15225.0,5,152250.0,144637.5,2025-04,Large
105603,2025-11-27,CUST00203,Alexandria,Coastal,Wireless Mouse,Accessories,11,477.0,10,5247.0,4722.3,2025-11,Medium
105604,2025-06-12,CUST00204,Mansoura,Delta,Keyboard,Accessories,12,909.5,15,10914.0,9276.9,2025-06,Medium
105605,2025-01-25,CUST00205,Tanta,Unknown,Office Chair,Furniture,1,5616.0,20,5616.0,4492.8,2025-01,Medium
105606,2025-08-10,CUST00206,Aswan,Unknown,Desk,Furniture,2,8066.0,0,16132.0,16132.0,2025-08,Large
105607,2025-03-23,CUST00207,Luxor,Unknown,Headphones,Electronics,3,1980.0,5,5940.0,5643.0,2025-03,Medium
105608,2025-10-08,CUST00208,Port Said,Unknown,Monitor,Electronics,4,8280.0,10,33120.0,29808.0,2025-10,Large
105609,2025-05-21,CUST00209,Cairo,Greater Cairo,Printer,Office Equipment,5,6188.0,15,30940.0,26299.0,2025-05,Large
105610,2025-12-06,CUST00210,Giza,Greater Cairo,Notebook Pack,Stationery,6,220.8,20,1324.8,1059.84,2025-12,Medium
105611,2025-07-19,CUST00211,Alexandria,Coastal,Laptop,Electronics,7,26505.0,0,185535.0,185535.0,2025-07,Large
105612,2025-02-04,CUST00212,Mansoura,Delta,Smartphone,Electronics,8,13630.0,0,109040.0,109040.0,2025-02,Large
105613,2025-09-17,CUST00213,Tanta,Unknown,Wireless Mouse,Accessories,9,427.5,10,3847.5,3462.75,2025-09,Medium
105614,2025-04-02,CUST00214,Aswan,Unknown,Keyboard,Accessories,10,816.0,15,8160.0,6936.0,2025-04,Medium
105615,2025-11-15,CUST00215,Luxor,Unknown,Office Chair,Furniture,11,5044.0,20,55484.0,44387.2,2025-11,Large
105616,2025-06-28,CUST00216,Port Said,Unknown,Desk,Furniture,12,7252.0,0,87024.0,87024.0,2025-06,Large
105617,2025-01-13,CUST00217,Cairo,Greater Cairo,Headphones,Electronics,1,1782.0,5,1782.0,1692.9,2025-01,Medium
105618,2025-08-26,CUST00218,Giza,Greater Cairo,Monitor,Electronics,2,9200.0,10,18400.0,16560.0,2025-08,Large
105619,2025-03-11,CUST00219,Alexandria,Coastal,Printer,Office Equipment,3,6868.0,15,20604.0,17513.4,2025-03,Large
105620,2025-10-24,CUST00220,Mansoura,Delta,Notebook Pack,Stationery,4,244.8,20,979.2,783.36,2025-10,Small
105621,2025-05-09,CUST00221,Tanta,Unknown,Laptop,Electronics,5,29355.0,0,146775.0,146775.0,2025-05,Large
105622,2025-12-22,CUST00222,Aswan,Unknown,Smartphone,Electronics,6,15080.0,5,90480.0,85956.0,2025-12,Large
105623,2025-07-07,CUST00223,Luxor,Unknown,Wireless Mouse,Accessories,7,472.5,10,3307.5,2976.75,2025-07,Medium
105624,2025-02-20,CUST00224,Port Said,Unknown,Keyboard,Accessories,8,901.0,15,7208.0,6126.8,2025-02,Medium
105625,2025-09-05,CUST00225,Cairo,Greater Cairo,Office Chair,Furniture,9,5564.0,20,50076.0,40060.8,2025-09,Large
105626,2025-04-18,CUST00226,Giza,Greater Cairo,Desk,Furniture,10,7992.0,0,79920.0,79920.0,2025-04,Large
105627,2025-11-03,CUST00227,Unknown,Unknown,Headphones,Electronics,11,1962.0,5,21582.0,20502.9,2025-11,Large
105628,2025-06-16,CUST00228,Mansoura,Delta,Monitor,Electronics,12,10120.0,10,121440.0,109296.0,2025-06,Large
105629,2025-01-01,CUST00229,Tanta,Unknown,Printer,Office Equipment,1,6120.0,15,6120.0,5202.0,2025-01,Medium
105630,2025-08-14,CUST00230,Aswan,Unknown,Notebook Pack,Stationery,2,218.4,20,436.8,349.44,2025-08,Small
105631,2025-03-27,CUST00231,Luxor,Unknown,Laptop,Electronics,3,26220.0,0,78660.0,78660.0,2025-03,Large
105632,2025-10-12,CUST00232,Port Said,Unknown,Smartphone,Electronics,4,13485.0,5,53940.0,51243.0,2025-10,Large
105633,2025-05-25,CUST00233,Cairo,Greater Cairo,Wireless Mouse,Accessories,5,423.0,10,2115.0,1903.5,2025-05,Medium
105634,2025-12-10,CUST00234,Giza,Greater Cairo,Keyboard,Accessories,6,807.5,15,4845.0,4118.25,2025-12,Medium
105635,2025-07-23,CUST00235,Alexandria,Coastal,Office Chair,Furniture,7,4992.0,20,34944.0,27955.2,2025-07,Large
105636,2025-02-08,CUST00236,Mansoura,Delta,Desk,Furniture,8,7178.0,0,57424.0,57424.0,2025-02,Large
105637,2025-09-21,CUST00237,Tanta,Unknown,Headphones,Electronics,9,1764.0,5,15876.0,15082.2,2025-09,Large
105638,2025-04-06,CUST00238,Aswan,Unknown,Monitor,Electronics,10,9108.0,10,91080.0,81972.0,2025-04,Large
105639,2025-11-19,CUST00239,Luxor,Unknown,Printer,Office Equipment,11,6800.0,15,74800.0,63580.0,2025-11,Large
105640,2025-06-04,CUST00240,Port Said,Unknown,Notebook Pack,Stationery,12,242.4,20,2908.8,2327.04,2025-06,Medium
105641,2025-01-17,CUST00241,Cairo,Greater Cairo,Laptop,Electronics,1,29070.0,0,29070.0,29070.0,2025-01,Large
105642,2025-08-02,CUST00242,Giza,Greater Cairo,Smartphone,Electronics,2,14935.0,5,29870.0,28376.5,2025-08,Large
105643,2025-03-15,CUST00243,Alexandria,Coastal,Wireless Mouse,Accessories,3,468.0,10,1404.0,1263.6,2025-03,Medium
105644,2025-10-28,CUST00244,Mansoura,Delta,Keyboard,Accessories,4,892.5,15,3570.0,3034.5,2025-10,Medium
105645,2025-05-13,CUST00245,Tanta,Unknown,Office Chair,Furniture,5,5512.0,20,27560.0,22048.0,2025-05,Large
105646,2025-12-26,CUST00246,Aswan,Unknown,Desk,Furniture,6,7918.0,0,47508.0,47508.0,2025-12,Large
105647,2025-07-11,CUST00247,Luxor,Unknown,Headphones,Electronics,7,1944.0,5,13608.0,12927.6,2025-07,Large
105648,2025-02-24,CUST00248,Port Said,Unknown,Monitor,Electronics,8,10028.0,10,80224.0,72201.6,2025-02,Large
105649,2025-09-09,CUST00249,Cairo,Greater Cairo,Printer,Office Equipment,9,7480.0,15,67320.0,57222.0,2025-09,Large
105650,2025-04-22,CUST00250,Giza,Greater Cairo,Notebook Pack,Stationery,10,216.0,20,2160.0,1728.0,2025-04,Medium
105651,2025-11-07,CUST00251,Alexandria,Coastal,Laptop,Electronics,11,25935.0,0,285285.0,285285.0,2025-11,Large
105652,2025-06-20,CUST00252,Mansoura,Delta,Smartphone,Electronics,12,13340.0,5,160080.0,152076.0,2025-06,Large
105653,2025-01-05,CUST00253,Tanta,Unknown,Wireless Mouse,Accessories,1,418.5,10,418.5,376.65,2025-01,Small
105654,2025-08-18,CUST00254,Aswan,Unknown,Keyboard,Accessories,2,799.0,15,1598.0,1358.3,2025-08,Medium
105655,2025-03-03,CUST00255,Luxor,Unknown,Office Chair,Furniture,3,4940.0,20,14820.0,11856.0,2025-03,Large
105656,2025-10-16,CUST00256,Port Said,Unknown,Desk,Furniture,4,7104.0,0,28416.0,28416.0,2025-10,Large
105657,2025-05-01,CUST00257,Cairo,Greater Cairo,Headphones,Electronics,5,1746.0,5,8730.0,8293.5,2025-05,Medium
105658,2025-12-14,CUST00258,Giza,Greater Cairo,Monitor,Electronics,6,9016.0,10,54096.0,48686.4,2025-12,Large
105659,2025-07-27,CUST00259,Alexandria,Coastal,Printer,Office Equipment,7,6732.0,15,47124.0,40055.4,2025-07,Large
105660,2025-02-12,CUST00260,Mansoura,Delta,Notebook Pack,Stationery,8,240.0,20,1920.0,1536.0,2025-02,Medium
105661,2025-09-25,CUST00261,Tanta,Unknown,Laptop,Electronics,9,28785.0,0,259065.0,259065.0,2025-09,Large
105662,2025-04-10,CUST00262,Aswan,Unknown,Smartphone,Electronics,10,14790.0,5,147900.0,140505.0,2025-04,Large
105663,2025-11-23,CUST00263,Luxor,Unknown,Wireless Mouse,Accessories,11,463.5,10,5098.5,4588.65,2025-11,Medium
105664,2025-06-08,CUST00264,Port Said,Unknown,Keyboard,Accessories,12,884.0,15,10608.0,9016.8,2025-06,Medium
105665,2025-01-21,CUST00265,Cairo,Greater Cairo,Office Chair,Furniture,1,5460.0,20,5460.0,4368.0,2025-01,Medium
105666,2025-08-06,CUST00266,Giza,Greater Cairo,Desk,Furniture,2,7844.0,0,15688.0,15688.0,2025-08,Large
105667,2025-03-19,CUST00267,Alexandria,Coastal,Headphones,Electronics,3,1926.0,5,5778.0,5489.1,2025-03,Medium
105668,2025-10-04,CUST00268,Mansoura,Delta,Monitor,Electronics,4,9936.0,10,39744.0,35769.6,2025-10,Large
105669,2025-05-17,CUST00269,Tanta,Unknown,Printer,Office Equipment,5,7412.0,15,37060.0,31501.0,2025-05,Large
105670,2025-12-02,CUST00270,Aswan,Unknown,Notebook Pack,Stationery,6,264.0,20,1584.0,1267.2,2025-12,Medium
105671,2025-07-15,CUST00271,Luxor,Unknown,Laptop,Electronics,7,25650.0,0,179550.0,179550.0,2025-07,Large
105672,2025-02-28,CUST00272,Port Said,Unknown,Smartphone,Electronics,8,13195.0,5,105560.0,100282.0,2025-02,Large
105673,2025-09-13,CUST00273,Cairo,Greater Cairo,Wireless Mouse,Accessories,9,414.0,10,3726.0,3353.4,2025-09,Medium
105674,2025-04-26,CUST00274,Giza,Greater Cairo,Keyboard,Accessories,10,790.5,15,7905.0,6719.25,2025-04,Medium
105675,2025-11-11,CUST00275,Alexandria,Coastal,Office Chair,Furniture,11,4888.0,20,53768.0,43014.4,2025-11,Large
105676,2025-06-24,CUST00276,Mansoura,Delta,Desk,Furniture,12,7030.0,0,84360.0,84360.0,2025-06,Large
105677,2025-01-09,CUST00277,Tanta,Unknown,Headphones,Electronics,1,1728.0,5,1728.0,1641.6,2025-01,Medium
105678,2025-08-22,CUST00278,Aswan,Unknown,Monitor,Electronics,2,8924.0,10,17848.0,16063.2,2025-08,Large
105679,2025-03-07,CUST00279,Luxor,Unknown,Printer,Office Equipment,3,6664.0,15,19992.0,16993.2,2025-03,Large
105680,2025-10-20,CUST00280,Port Said,Unknown,Notebook Pack,Stationery,4,237.6,20,950.4,760.32,2025-10,Small
105681,2025-05-05,CUST00281,Cairo,Greater Cairo,Laptop,Electronics,5,28500.0,0,142500.0,142500.0,2025-05,Large
105682,2025-12-18,CUST00282,Giza,Greater Cairo,Smartphone,Electronics,6,14645.0,5,87870.0,83476.5,2025-12,Large
105683,2025-07-03,CUST00283,Alexandria,Coastal,Wireless Mouse,Accessories,7,459.0,10,3213.0,2891.7,2025-07,Medium
105684,2025-02-16,CUST00284,Mansoura,Delta,Keyboard,Accessories,8,875.5,15,7004.0,5953.4,2025-02,Medium
105685,2025-09-01,CUST00285,Tanta,Unknown,Office Chair,Furniture,9,5408.0,20,48672.0,38937.6,2025-09,Large
105686,2025-04-14,CUST00286,Aswan,Unknown,Desk,Furniture,10,7770.0,0,77700.0,77700.0,2025-04,Large
105687,2025-11-27,CUST00287,Luxor,Unknown,Headphones,Electronics,11,1908.0,5,20988.0,19938.6,2025-11,Large
105688,2025-06-12,CUST00288,Port Said,Unknown,Monitor,Electronics,12,9844.0,10,118128.0,106315.2,2025-06,Large
105689,2025-01-25,CUST00289,Cairo,Greater Cairo,Printer,Office Equipment,1,7344.0,15,7344.0,6242.4,2025-01,Medium
105690,2025-08-10,CUST00290,Giza,Greater Cairo,Notebook Pack,Stationery,2,261.6,20,523.2,418.56,2025-08,Small
105691,2025-03-23,CUST00291,Alexandria,Coastal,Laptop,Electronics,3,31350.0,0,94050.0,94050.0,2025-03,Large
105692,2025-10-08,CUST00292,Mansoura,Delta,Smartphone,Electronics,4,13050.0,5,52200.0,49590.0,2025-10,Large
105693,2025-05-21,CUST00293,Tanta,Unknown,Wireless Mouse,Accessories,5,409.5,10,2047.5,1842.75,2025-05,Medium
105694,2025-12-06,CUST00294,Aswan,Unknown,Keyboard,Accessories,6,782.0,15,4692.0,3988.2,2025-12,Medium
105695,2025-07-19,CUST00295,Luxor,Unknown,Office Chair,Furniture,7,4836.0,20,33852.0,27081.6,2025-07,Large
105696,2025-02-04,CUST00296,Port Said,Unknown,Desk,Furniture,8,6956.0,0,55648.0,55648.0,2025-02,Large
105697,2025-09-17,CUST00297,Cairo,Greater Cairo,Headphones,Electronics,9,1710.0,5,15390.0,14620.5,2025-09,Large
105698,2025-04-02,CUST00298,Giza,Greater Cairo,Monitor,Electronics,10,8832.0,10,88320.0,79488.0,2025-04,Large
105699,2025-11-15,CUST00299,Alexandria,Coastal,Printer,Office Equipment,11,6596.0,15,72556.0,61672.6,2025-11,Large
105700,2025-06-28,CUST00300,Mansoura,Delta,Notebook Pack,Stationery,12,235.2,20,2822.4,2257.92,2025-06,Medium
105701,2025-01-13,CUST00301,Tanta,Unknown,Laptop,Electronics,1,28215.0,0,28215.0,28215.0,2025-01,Large
105702,2025-08-26,CUST00302,Aswan,Unknown,Smartphone,Electronics,2,14500.0,5,29000.0,27550.0,2025-08,Large
105703,2025-03-11,CUST00303,Luxor,Unknown,Wireless Mouse,Accessories,3,454.5,10,1363.5,1227.15,2025-03,Medium
105704,2025-10-24,CUST00304,Port Said,Unknown,Keyboard,Accessories,4,867.0,15,3468.0,2947.8,2025-10,Medium
105705,2025-05-09,CUST00305,Cairo,Greater Cairo,Office Chair,Furniture,5,5356.0,20,26780.0,21424.0,2025-05,Large
105706,2025-12-22,CUST00306,Giza,Greater Cairo,Desk,Furniture,6,7696.0,0,46176.0,46176.0,2025-12,Large
105707,2025-07-07,CUST00307,Alexandria,Coastal,Headphones,Electronics,7,1890.0,5,13230.0,12568.5,2025-07,Large
105708,2025-02-20,CUST00308,Mansoura,Delta,Monitor,Electronics,8,9752.0,10,78016.0,70214.4,2025-02,Large
105709,2025-09-05,CUST00309,Tanta,Unknown,Printer,Office Equipment,9,7276.0,15,65484.0,55661.4,2025-09,Large
105710,2025-04-18,CUST00310,Aswan,Unknown,Notebook Pack,Stationery,10,259.2,20,2592.0,2073.6,2025-04,Medium
105711,2025-11-03,CUST00311,Luxor,Unknown,Laptop,Electronics,11,31065.0,0,341715.0,341715.0,2025-11,Large
105712,2025-06-16,CUST00312,Port Said,Unknown,Smartphone,Electronics,12,15950.0,5,191400.0,181830.0,2025-06,Large
105713,2025-01-01,CUST00313,Cairo,Greater Cairo,Wireless Mouse,Accessories,1,405.0,10,405.0,364.5,2025-01,Small
105714,2025-08-14,CUST00314,Giza,Greater Cairo,Keyboard,Accessories,2,773.5,15,1547.0,1314.95,2025-08,Medium
105715,2025-03-27,CUST00315,Alexandria,Coastal,Office Chair,Furniture,3,4784.0,20,14352.0,11481.6,2025-03,Large
105716,2025-10-12,CUST00316,Mansoura,Delta,Desk,Furniture,4,6882.0,0,27528.0,27528.0,2025-10,Large
105717,2025-05-25,CUST00317,Tanta,Unknown,Headphones,Electronics,5,1692.0,5,8460.0,8037.0,2025-05,Medium
105718,2025-12-10,CUST00318,Aswan,Unknown,Monitor,Electronics,6,8740.0,10,52440.0,47196.0,2025-12,Large
105719,2025-07-23,CUST00319,Luxor,Unknown,Printer,Office Equipment,7,6528.0,15,45696.0,38841.6,2025-07,Large
105720,2025-02-08,CUST00320,Port Said,Unknown,Notebook Pack,Stationery,8,232.8,20,1862.4,1489.92,2025-02,Medium
105721,2025-09-21,CUST00321,Cairo,Greater Cairo,Laptop,Electronics,9,27930.0,0,251370.0,251370.0,2025-09,Large
105722,2025-04-06,CUST00322,Giza,Greater Cairo,Smartphone,Electronics,10,14355.0,5,143550.0,136372.5,2025-04,Large
105723,2025-11-19,CUST00323,Alexandria,Coastal,Wireless Mouse,Accessories,11,450.0,10,4950.0,4455.0,2025-11,Medium
105724,2025-06-04,CUST00324,Unknown,Unknown,Keyboard,Accessories,12,858.5,15,10302.0,8756.7,2025-06,Medium
105725,2025-01-17,CUST00325,Tanta,Unknown,Office Chair,Furniture,1,5304.0,20,5304.0,4243.2,2025-01,Medium
105726,2025-08-02,CUST00326,Aswan,Unknown,Desk,Furniture,2,7622.0,0,15244.0,15244.0,2025-08,Large
105727,2025-03-15,CUST00327,Luxor,Unknown,Headphones,Electronics,3,1872.0,5,5616.0,5335.2,2025-03,Medium
105728,2025-10-28,CUST00328,Port Said,Unknown,Monitor,Electronics,4,9660.0,10,38640.0,34776.0,2025-10,Large
105729,2025-05-13,CUST00329,Cairo,Greater Cairo,Printer,Office Equipment,5,7208.0,15,36040.0,30634.0,2025-05,Large
105730,2025-12-26,CUST00330,Giza,Greater Cairo,Notebook Pack,Stationery,6,256.8,20,1540.8,1232.64,2025-12,Medium
105731,2025-07-11,CUST00331,Alexandria,Coastal,Laptop,Electronics,7,30780.0,0,215460.0,215460.0,2025-07,Large
105732,2025-02-24,CUST00332,Mansoura,Delta,Smartphone,Electronics,8,15805.0,5,126440.0,120118.0,2025-02,Large
105733,2025-09-09,CUST00333,Tanta,Unknown,Wireless Mouse,Accessories,9,495.0,10,4455.0,4009.5,2025-09,Medium
105734,2025-04-22,CUST00334,Aswan,Unknown,Keyboard,Accessories,10,765.0,15,7650.0,6502.5,2025-04,Medium
105735,2025-11-07,CUST00335,Luxor,Unknown,Office Chair,Furniture,11,4732.0,20,52052.0,41641.6,2025-11,Large
105736,2025-06-20,CUST00336,Port Said,Unknown,Desk,Furniture,12,6808.0,0,81696.0,81696.0,2025-06,Large
105737,2025-01-05,CUST00337,Cairo,Greater Cairo,Headphones,Electronics,1,1674.0,5,1674.0,1590.3,2025-01,Medium
105738,2025-08-18,CUST00338,Giza,Greater Cairo,Monitor,Electronics,2,8648.0,10,17296.0,15566.4,2025-08,Large
105739,2025-03-03,CUST00339,Alexandria,Coastal,Printer,Office Equipment,3,6460.0,15,19380.0,16473.0,2025-03,Large
105740,2025-10-16,CUST00340,Mansoura,Delta,Notebook Pack,Stationery,4,230.4,20,921.6,737.28,2025-10,Small
105741,2025-05-01,CUST00341,Tanta,Unknown,Laptop,Electronics,5,27645.0,0,138225.0,138225.0,2025-05,Large
105742,2025-12-14,CUST00342,Aswan,Unknown,Smartphone,Electronics,6,14210.0,5,85260.0,80997.0,2025-12,Large
105743,2025-07-27,CUST00343,Luxor,Unknown,Wireless Mouse,Accessories,7,445.5,10,3118.5,2806.65,2025-07,Medium
105744,2025-02-12,CUST00344,Port Said,Unknown,Keyboard,Accessories,8,850.0,15,6800.0,5780.0,2025-02,Medium
105745,2025-09-25,CUST00345,Cairo,Greater Cairo,Office Chair,Furniture,9,5252.0,20,47268.0,37814.4,2025-09,Large
105746,2025-04-10,CUST00346,Giza,Greater Cairo,Desk,Furniture,10,7548.0,0,75480.0,75480.0,2025-04,Large
105747,2025-11-23,CUST00347,Alexandria,Coastal,Headphones,Electronics,11,1854.0,5,20394.0,19374.3,2025-11,Large
105748,2025-06-08,CUST00348,Mansoura,Delta,Monitor,Electronics,12,9568.0,10,114816.0,103334.4,2025-06,Large
105749,2025-01-21,CUST00349,Tanta,Unknown,Printer,Office Equipment,1,7140.0,15,7140.0,6069.0,2025-01,Medium
105750,2025-08-06,CUST00350,Aswan,Unknown,Notebook Pack,Stationery,2,254.4,20,508.8,407.04,2025-08,Small
105751,2025-03-19,CUST00351,Luxor,Unknown,Laptop,Electronics,3,30495.0,0,91485.0,91485.0,2025-03,Large
105752,2025-10-04,CUST00352,Port Said,Unknown,Smartphone,Electronics,4,15660.0,5,62640.0,59508.0,2025-10,Large
105753,2025-05-17,CUST00353,Cairo,Greater Cairo,Wireless Mouse,Accessories,5,490.5,10,2452.5,2207.25,2025-05,Medium
105754,2025-12-02,CUST00354,Giza,Greater Cairo,Keyboard,Accessories,6,935.0,15,5610.0,4768.5,2025-12,Medium
105755,2025-07-15,CUST00355,Alexandria,Coastal,Office Chair,Furniture,7,4680.0,20,32760.0,26208.0,2025-07,Large
105756,2025-02-28,CUST00356,Mansoura,Delta,Desk,Furniture,8,6734.0,0,53872.0,53872.0,2025-02,Large
105757,2025-09-13,CUST00357,Tanta,Unknown,Headphones,Electronics,9,1656.0,5,14904.0,14158.8,2025-09,Large
105758,2025-04-26,CUST00358,Aswan,Unknown,Monitor,Electronics,10,8556.0,10,85560.0,77004.0,2025-04,Large
105759,2025-11-11,CUST00359,Luxor,Unknown,Printer,Office Equipment,11,6392.0,15,70312.0,59765.2,2025-11,Large
105760,2025-06-24,CUST00360,Port Said,Unknown,Notebook Pack,Stationery,12,228.0,20,2736.0,2188.8,2025-06,Medium
105761,2025-01-09,CUST00361,Cairo,Greater Cairo,Laptop,Electronics,1,27360.0,0,27360.0,27360.0,2025-01,Large
105762,2025-08-22,CUST00362,Giza,Greater Cairo,Smartphone,Electronics,2,14065.0,5,28130.0,26723.5,2025-08,Large
105763,2025-03-07,CUST00363,Alexandria,Coastal,Wireless Mouse,Accessories,3,441.0,10,1323.0,1190.7,2025-03,Medium
105764,2025-10-20,CUST00364,Mansoura,Delta,Keyboard,Accessories,4,841.5,15,3366.0,2861.1,2025-10,Medium
105765,2025-05-05,CUST00365,Tanta,Unknown,Office Chair,Furniture,5,5200.0,20,26000.0,20800.0,2025-05,Large
105766,2026-12-18,CUST00366,Aswan,Unknown,Desk,Furniture,6,7474.0,0,44844.0,44844.0,2026-12,Large
105767,2026-07-03,CUST00367,Luxor,Unknown,Headphones,Electronics,7,1836.0,5,12852.0,12209.4,2026-07,Large
105768,2026-02-16,CUST00368,Port Said,Unknown,Monitor,Electronics,8,9476.0,10,75808.0,68227.2,2026-02,Large
105769,2026-09-01,CUST00369,Cairo,Greater Cairo,Printer,Office Equipment,9,7072.0,15,63648.0,54100.8,2026-09,Large
105770,2026-04-14,CUST00370,Giza,Greater Cairo,Notebook Pack,Stationery,10,252.0,20,2520.0,2016.0,2026-04,Medium
105771,2026-11-27,CUST00371,Alexandria,Coastal,Laptop,Electronics,11,30210.0,0,332310.0,332310.0,2026-11,Large
105772,2026-06-12,CUST00372,Mansoura,Delta,Smartphone,Electronics,12,15515.0,5,186180.0,176871.0,2026-06,Large
105773,2026-01-25,CUST00373,Tanta,Unknown,Wireless Mouse,Accessories,1,486.0,10,486.0,437.4,2026-01,Small
105774,2026-08-10,CUST00374,Aswan,Unknown,Keyboard,Accessories,2,926.5,15,1853.0,1575.05,2026-08,Medium
105775,2026-03-23,CUST00375,Luxor,Unknown,Office Chair,Furniture,3,5720.0,20,17160.0,13728.0,2026-03,Large
105776,2026-10-08,CUST00376,Port Said,Unknown,Desk,Furniture,4,6660.0,0,26640.0,26640.0,2026-10,Large
105777,2026-05-21,CUST00377,Cairo,Greater Cairo,Headphones,Electronics,5,1638.0,5,8190.0,7780.5,2026-05,Medium
105778,2026-12-06,CUST00378,Giza,Greater Cairo,Monitor,Electronics,6,8464.0,10,50784.0,45705.6,2026-12,Large
105779,2026-07-19,CUST00379,Alexandria,Coastal,Printer,Office Equipment,7,6324.0,15,44268.0,37627.8,2026-07,Large
105780,2026-02-04,CUST00380,Mansoura,Delta,Notebook Pack,Stationery,8,225.6,20,1804.8,1443.84,2026-02,Medium
105781,2026-09-17,CUST00381,Tanta,Unknown,Laptop,Electronics,9,27075.0,0,243675.0,243675.0,2026-09,Large
105782,2026-04-02,CUST00382,Aswan,Unknown,Smartphone,Electronics,10,13920.0,5,139200.0,132240.0,2026-04,Large
105783,2026-11-15,CUST00383,Luxor,Unknown,Wireless Mouse,Accessories,11,436.5,10,4801.5,4321.35,2026-11,Medium
105784,2026-06-28,CUST00384,Port Said,Unknown,Keyboard,Accessories,12,833.0,15,9996.0,8496.6,2026-06,Medium
105785,2026-01-13,CUST00385,Cairo,Greater Cairo,Office Chair,Furniture,1,5148.0,20,5148.0,4118.4,2026-01,Medium
105786,2026-08-26,CUST00386,Giza,Greater Cairo,Desk,Furniture,2,7400.0,0,14800.0,14800.0,2026-08,Large
105787,2026-03-11,CUST00387,Alexandria,Coastal,Headphones,Electronics,3,1818.0,5,5454.0,5181.3,2026-03,Medium
105788,2026-10-24,CUST00388,Mansoura,Delta,Monitor,Electronics,4,9384.0,10,37536.0,33782.4,2026-10,Large
105789,2026-05-09,CUST00389,Tanta,Unknown,Printer,Office Equipment,5,7004.0,15,35020.0,29767.0,2026-05,Large
105790,2026-12-22,CUST00390,Aswan,Unknown,Notebook Pack,Stationery,6,249.6,20,1497.6,1198.08,2026-12,Medium
105791,2026-07-07,CUST00391,Luxor,Unknown,Laptop,Electronics,7,29925.0,0,209475.0,209475.0,2026-07,Large
105792,2026-02-20,CUST00392,Port Said,Unknown,Smartphone,Electronics,8,15370.0,5,122960.0,116812.0,2026-02,Large
105793,2026-09-05,CUST00393,Cairo,Greater Cairo,Wireless Mouse,Accessories,9,481.5,0,4333.5,4333.5,2026-09,Medium
105794,2026-04-18,CUST00394,Giza,Greater Cairo,Keyboard,Accessories,10,918.0,15,9180.0,7803.0,2026-04,Medium
105795,2026-11-03,CUST00395,Alexandria,Coastal,Office Chair,Furniture,11,5668.0,20,62348.0,49878.4,2026-11,Large
105796,2026-06-16,CUST00396,Mansoura,Delta,Desk,Furniture,12,8140.0,0,97680.0,97680.0,2026-06,Large
105797,2026-01-01,CUST00397,Tanta,Unknown,Headphones,Electronics,1,1620.0,5,1620.0,1539.0,2026-01,Medium
105798,2026-08-14,CUST00398,Aswan,Unknown,Monitor,Electronics,2,8372.0,10,16744.0,15069.6,2026-08,Large
105799,2026-03-27,CUST00399,Luxor,Unknown,Printer,Office Equipment,3,6256.0,15,18768.0,15952.8,2026-03,Large
105800,2026-10-12,CUST00400,Port Said,Unknown,Notebook Pack,Stationery,4,223.2,20,892.8,714.24,2026-10,Small
105801,2026-05-25,CUST00401,Cairo,Greater Cairo,Laptop,Electronics,5,26790.0,0,133950.0,133950.0,2026-05,Large
105802,2026-12-10,CUST00402,Giza,Greater Cairo,Smartphone,Electronics,6,13775.0,5,82650.0,78517.5,2026-12,Large
105803,2026-07-23,CUST00403,Alexandria,Coastal,Wireless Mouse,Accessories,7,432.0,10,3024.0,2721.6,2026-07,Medium
105804,2026-02-08,CUST00404,Mansoura,Delta,Keyboard,Accessories,8,824.5,15,6596.0,5606.6,2026-02,Medium
105805,2026-09-21,CUST00405,Tanta,Unknown,Office Chair,Furniture,9,5096.0,20,45864.0,36691.2,2026-09,Large
105806,2026-04-06,CUST00406,Aswan,Unknown,Desk,Furniture,10,7326.0,0,73260.0,73260.0,2026-04,Large
105807,2026-11-19,CUST00407,Luxor,Unknown,Headphones,Electronics,11,1800.0,5,19800.0,18810.0,2026-11,Large
105808,2026-06-04,CUST00408,Port Said,Unknown,Monitor,Electronics,12,9292.0,10,111504.0,100353.6,2026-06,Large
105809,2026-01-17,CUST00409,Cairo,Greater Cairo,Printer,Office Equipment,1,6936.0,15,6936.0,5895.6,2026-01,Medium
105810,2026-08-02,CUST00410,Giza,Greater Cairo,Notebook Pack,Stationery,2,247.2,20,494.4,395.52,2026-08,Small
105811,2026-03-15,CUST00411,Alexandria,Coastal,Laptop,Electronics,3,29640.0,0,88920.0,88920.0,2026-03,Large
105812,2026-10-28,CUST00412,Mansoura,Delta,Smartphone,Electronics,4,15225.0,5,60900.0,57855.0,2026-10,Large
105813,2026-05-13,CUST00413,Tanta,Unknown,Wireless Mouse,Accessories,5,477.0,10,2385.0,2146.5,2026-05,Medium
105814,2026-12-26,CUST00414,Aswan,Unknown,Keyboard,Accessories,6,909.5,15,5457.0,4638.45,2026-12,Medium
105815,2026-07-11,CUST00415,Luxor,Unknown,Office Chair,Furniture,7,5616.0,20,39312.0,31449.6,2026-07,Large
105816,2026-02-24,CUST00416,Port Said,Unknown,Desk,Furniture,8,8066.0,0,64528.0,64528.0,2026-02,Large
105817,2026-09-09,CUST00417,Cairo,Greater Cairo,Headphones,Electronics,9,1980.0,5,17820.0,16929.0,2026-09,Large
105818,2026-04-22,CUST00418,Giza,Greater Cairo,Monitor,Electronics,10,8280.0,10,82800.0,74520.0,2026-04,Large
105819,2026-11-07,CUST00419,Alexandria,Coastal,Printer,Office Equipment,11,6188.0,15,68068.0,57857.8,2026-11,Large
105820,2026-06-20,CUST00420,Mansoura,Delta,Notebook Pack,Stationery,12,220.8,20,2649.6,2119.68,2026-06,Medium
105821,2026-01-05,CUST00421,Unknown,Unknown,Laptop,Electronics,1,26505.0,0,26505.0,26505.0,2026-01,Large
105822,2026-08-18,CUST00422,Aswan,Unknown,Smartphone,Electronics,2,13630.0,5,27260.0,25897.0,2026-08,Large
105823,2026-03-03,CUST00423,Luxor,Unknown,Wireless Mouse,Accessories,3,427.5,10,1282.5,1154.25,2026-03,Medium
105824,2026-10-16,CUST00424,Port Said,Unknown,Keyboard,Accessories,4,816.0,15,3264.0,2774.4,2026-10,Medium
105825,2026-05-01,CUST00425,Cairo,Greater Cairo,Office Chair,Furniture,5,5044.0,20,25220.0,20176.0,2026-05,Large
105826,2026-12-14,CUST00426,Giza,Greater Cairo,Desk,Furniture,6,7252.0,0,43512.0,43512.0,2026-12,Large
105827,2026-07-27,CUST00427,Alexandria,Coastal,Headphones,Electronics,7,1782.0,5,12474.0,11850.3,2026-07,Large
105828,2026-02-12,CUST00428,Mansoura,Delta,Monitor,Electronics,8,9200.0,10,73600.0,66240.0,2026-02,Large
105829,2026-09-25,CUST00429,Tanta,Unknown,Printer,Office Equipment,9,6868.0,15,61812.0,52540.2,2026-09,Large
105830,2026-04-10,CUST00430,Aswan,Unknown,Notebook Pack,Stationery,10,244.8,20,2448.0,1958.4,2026-04,Medium
105831,2026-11-23,CUST00431,Luxor,Unknown,Laptop,Electronics,11,29355.0,0,322905.0,322905.0,2026-11,Large
105832,2026-06-08,CUST00432,Port Said,Unknown,Smartphone,Electronics,12,15080.0,5,180960.0,171912.0,2026-06,Large
105833,2026-01-21,CUST00433,Cairo,Greater Cairo,Wireless Mouse,Accessories,1,472.5,10,472.5,425.25,2026-01,Small
105834,2026-08-06,CUST00434,Giza,Greater Cairo,Keyboard,Accessories,2,901.0,15,1802.0,1531.7,2026-08,Medium
105835,2026-03-19,CUST00435,Alexandria,Coastal,Office Chair,Furniture,3,5564.0,20,16692.0,13353.6,2026-03,Large
105836,2026-10-04,CUST00436,Mansoura,Delta,Desk,Furniture,4,7992.0,0,31968.0,31968.0,2026-10,Large
105837,2026-05-17,CUST00437,Tanta,Unknown,Headphones,Electronics,5,1962.0,5,9810.0,9319.5,2026-05,Medium
105838,2026-12-02,CUST00438,Aswan,Unknown,Monitor,Electronics,6,10120.0,10,60720.0,54648.0,2026-12,Large
105839,2026-07-15,CUST00439,Luxor,Unknown,Printer,Office Equipment,7,6120.0,15,42840.0,36414.0,2026-07,Large
105840,2026-02-28,CUST00440,Port Said,Unknown,Notebook Pack,Stationery,8,218.4,20,1747.2,1397.76,2026-02,Medium
105841,2026-09-13,CUST00441,Cairo,Greater Cairo,Laptop,Electronics,9,26220.0,0,235980.0,235980.0,2026-09,Large
105842,2026-04-26,CUST00442,Giza,Greater Cairo,Smartphone,Electronics,10,13485.0,5,134850.0,128107.5,2026-04,Large
105843,2026-11-11,CUST00443,Alexandria,Coastal,Wireless Mouse,Accessories,11,423.0,10,4653.0,4187.7,2026-11,Medium
105844,2026-06-24,CUST00444,Mansoura,Delta,Keyboard,Accessories,12,807.5,15,9690.0,8236.5,2026-06,Medium
105845,2026-01-09,CUST00445,Tanta,Unknown,Office Chair,Furniture,1,4992.0,20,4992.0,3993.6,2026-01,Medium
105846,2026-08-22,CUST00446,Aswan,Unknown,Desk,Furniture,2,7178.0,0,14356.0,14356.0,2026-08,Large
105847,2026-03-07,CUST00447,Luxor,Unknown,Headphones,Electronics,3,1764.0,5,5292.0,5027.4,2026-03,Medium
105848,2026-10-20,CUST00448,Port Said,Unknown,Monitor,Electronics,4,9108.0,10,36432.0,32788.8,2026-10,Large
105849,2026-05-05,CUST00449,Cairo,Greater Cairo,Printer,Office Equipment,5,6800.0,15,34000.0,28900.0,2026-05,Large
105850,2026-12-18,CUST00450,Giza,Greater Cairo,Notebook Pack,Stationery,6,242.4,20,1454.4,1163.52,2026-12,Medium
105851,2026-07-03,CUST00451,Alexandria,Coastal,Laptop,Electronics,7,29070.0,0,203490.0,203490.0,2026-07,Large
105852,2026-02-16,CUST00452,Mansoura,Delta,Smartphone,Electronics,8,14935.0,5,119480.0,113506.0,2026-02,Large
105853,2026-09-01,CUST00453,Tanta,Unknown,Wireless Mouse,Accessories,9,468.0,10,4212.0,3790.8,2026-09,Medium
105854,2026-04-14,CUST00454,Aswan,Unknown,Keyboard,Accessories,10,892.5,15,8925.0,7586.25,2026-04,Medium
105855,2026-11-27,CUST00455,Luxor,Unknown,Office Chair,Furniture,11,5512.0,20,60632.0,48505.6,2026-11,Large
105856,2026-06-12,CUST00456,Port Said,Unknown,Desk,Furniture,12,7918.0,0,95016.0,95016.0,2026-06,Large
105857,2026-01-25,CUST00457,Cairo,Greater Cairo,Headphones,Electronics,1,1944.0,5,1944.0,1846.8,2026-01,Medium
105858,2026-08-10,CUST00458,Giza,Greater Cairo,Monitor,Electronics,2,10028.0,10,20056.0,18050.4,2026-08,Large
105859,2026-03-23,CUST00459,Alexandria,Coastal,Printer,Office Equipment,3,7480.0,15,22440.0,19074.0,2026-03,Large
105860,2026-10-08,CUST00460,Mansoura,Delta,Notebook Pack,Stationery,4,216.0,20,864.0,691.2,2026-10,Small
105861,2026-05-21,CUST00461,Tanta,Unknown,Laptop,Electronics,5,25935.0,0,129675.0,129675.0,2026-05,Large
105862,2026-12-06,CUST00462,Aswan,Unknown,Smartphone,Electronics,6,13340.0,5,80040.0,76038.0,2026-12,Large
105863,2026-07-19,CUST00463,Luxor,Unknown,Wireless Mouse,Accessories,7,418.5,10,2929.5,2636.55,2026-07,Medium
105864,2026-02-04,CUST00464,Port Said,Unknown,Keyboard,Accessories,8,799.0,15,6392.0,5433.2,2026-02,Medium
105865,2026-09-17,CUST00465,Cairo,Greater Cairo,Office Chair,Furniture,9,4940.0,20,44460.0,35568.0,2026-09,Large
105866,2026-04-02,CUST00466,Giza,Greater Cairo,Desk,Furniture,10,7104.0,0,71040.0,71040.0,2026-04,Large
105867,2026-11-15,CUST00467,Alexandria,Coastal,Headphones,Electronics,11,1746.0,5,19206.0,18245.7,2026-11,Large
105868,2026-06-28,CUST00468,Mansoura,Delta,Monitor,Electronics,12,9016.0,10,108192.0,97372.8,2026-06,Large
105869,2026-01-13,CUST00469,Tanta,Unknown,Printer,Office Equipment,1,6732.0,15,6732.0,5722.2,2026-01,Medium
105870,2026-08-26,CUST00470,Aswan,Unknown,Notebook Pack,Stationery,2,240.0,20,480.0,384.0,2026-08,Small
105871,2026-03-11,CUST00471,Luxor,Unknown,Laptop,Electronics,3,28785.0,0,86355.0,86355.0,2026-03,Large
105872,2026-10-24,CUST00472,Port Said,Unknown,Smartphone,Electronics,4,14790.0,5,59160.0,56202.0,2026-10,Large
105873,2026-05-09,CUST00473,Cairo,Greater Cairo,Wireless Mouse,Accessories,5,463.5,10,2317.5,2085.75,2026-05,Medium
105874,2026-12-22,CUST00474,Giza,Greater Cairo,Keyboard,Accessories,6,884.0,15,5304.0,4508.4,2026-12,Medium
105875,2026-07-07,CUST00475,Alexandria,Coastal,Office Chair,Furniture,7,5460.0,20,38220.0,30576.0,2026-07,Large
105876,2026-02-20,CUST00476,Mansoura,Delta,Desk,Furniture,8,7844.0,0,62752.0,62752.0,2026-02,Large
105877,2026-09-05,CUST00477,Tanta,Unknown,Headphones,Electronics,9,1926.0,5,17334.0,16467.3,2026-09,Large
105878,2026-04-18,CUST00478,Aswan,Unknown,Monitor,Electronics,10,9936.0,10,99360.0,89424.0,2026-04,Large
105879,2026-11-03,CUST00479,Luxor,Unknown,Printer,Office Equipment,11,7412.0,15,81532.0,69302.2,2026-11,Large
105880,2026-06-16,CUST00480,Port Said,Unknown,Notebook Pack,Stationery,12,264.0,20,3168.0,2534.4,2026-06,Medium
105881,2026-01-01,CUST00481,Cairo,Greater Cairo,Laptop,Electronics,1,25650.0,0,25650.0,25650.0,2026-01,Large
105882,2026-08-14,CUST00482,Giza,Greater Cairo,Smartphone,Electronics,2,13195.0,5,26390.0,25070.5,2026-08,Large
105883,2026-03-27,CUST00483,Alexandria,Coastal,Wireless Mouse,Accessories,3,414.0,10,1242.0,1117.8,2026-03,Medium
105884,2026-10-12,CUST00484,Mansoura,Delta,Keyboard,Accessories,4,790.5,15,3162.0,2687.7,2026-10,Medium
105885,2026-05-25,CUST00485,Tanta,Unknown,Office Chair,Furniture,5,4888.0,20,24440.0,19552.0,2026-05,Large
105886,2026-12-10,CUST00486,Aswan,Unknown,Desk,Furniture,6,7030.0,0,42180.0,42180.0,2026-12,Large
105887,2026-07-23,CUST00487,Luxor,Unknown,Headphones,Electronics,7,1728.0,5,12096.0,11491.2,2026-07,Large
105888,2026-02-08,CUST00488,Port Said,Unknown,Monitor,Electronics,8,8924.0,10,71392.0,64252.8,2026-02,Large
105889,2026-09-21,CUST00489,Cairo,Greater Cairo,Printer,Office Equipment,9,6664.0,15,59976.0,50979.6,2026-09,Large
105890,2026-04-06,CUST00490,Giza,Greater Cairo,Notebook Pack,Stationery,10,237.6,20,2376.0,1900.8,2026-04,Medium
105891,2026-11-19,CUST00491,Alexandria,Coastal,Laptop,Electronics,11,28500.0,0,313500.0,313500.0,2026-11,Large
105892,2026-06-04,CUST00492,Mansoura,Delta,Smartphone,Electronics,12,14645.0,5,175740.0,166953.0,2026-06,Large
105893,2026-01-17,CUST00493,Tanta,Unknown,Wireless Mouse,Accessories,1,459.0,10,459.0,413.1,2026-01,Small
105894,2026-08-02,CUST00494,Aswan,Unknown,Keyboard,Accessories,2,875.5,15,1751.0,1488.35,2026-08,Medium
105895,2026-03-15,CUST00495,Luxor,Unknown,Office Chair,Furniture,3,5408.0,20,16224.0,12979.2,2026-03,Large
105896,2026-10-28,CUST00496,Port Said,Unknown,Desk,Furniture,4,7770.0,0,31080.0,31080.0,2026-10,Large
105897,2026-05-13,CUST00497,Cairo,Greater Cairo,Headphones,Electronics,5,1908.0,5,9540.0,9063.0,2026-05,Medium
105898,2026-12-26,CUST00498,Giza,Greater Cairo,Monitor,Electronics,6,9844.0,10,59064.0,53157.6,2026-12,Large
105899,2026-07-11,CUST00499,Alexandria,Coastal,Printer,Office Equipment,7,7344.0,15,51408.0,43696.8,2026-07,Large
105900,2026-02-24,CUST00500,Mansoura,Delta,Notebook Pack,Stationery,8,261.6,20,2092.8,1674.24,2026-02,Medium
105901,2026-09-09,CUST00501,Tanta,Unknown,Laptop,Electronics,9,31350.0,0,282150.0,282150.0,2026-09,Large
105902,2026-04-22,CUST00502,Aswan,Unknown,Smartphone,Electronics,10,13050.0,5,130500.0,123975.0,2026-04,Large
105903,2026-11-07,CUST00503,Luxor,Unknown,Wireless Mouse,Accessories,11,409.5,10,4504.5,4054.05,2026-11,Medium
105904,2026-06-20,CUST00504,Port Said,Unknown,Keyboard,Accessories,12,782.0,15,9384.0,7976.4,2026-06,Medium
105905,2026-01-05,CUST00505,Cairo,Greater Cairo,Office Chair,Furniture,1,4836.0,20,4836.0,3868.8,2026-01,Medium
105906,2026-08-18,CUST00506,Giza,Greater Cairo,Desk,Furniture,2,6956.0,0,13912.0,13912.0,2026-08,Large
105907,2026-03-03,CUST00507,Alexandria,Coastal,Headphones,Electronics,3,1710.0,5,5130.0,4873.5,2026-03,Medium
105908,2026-10-16,CUST00508,Mansoura,Delta,Monitor,Electronics,4,8832.0,10,35328.0,31795.2,2026-10,Large
105909,2026-05-01,CUST00509,Tanta,Unknown,Printer,Office Equipment,5,6596.0,15,32980.0,28033.0,2026-05,Large
105910,2026-12-14,CUST00510,Aswan,Unknown,Notebook Pack,Stationery,6,235.2,20,1411.2,1128.96,2026-12,Medium
105911,2026-07-27,CUST00511,Luxor,Unknown,Laptop,Electronics,7,28215.0,0,197505.0,197505.0,2026-07,Large
105912,2026-02-12,CUST00512,Port Said,Unknown,Smartphone,Electronics,8,14500.0,5,116000.0,110200.0,2026-02,Large
105913,2026-09-25,CUST00513,Cairo,Greater Cairo,Wireless Mouse,Accessories,9,454.5,10,4090.5,3681.45,2026-09,Medium
105914,2026-04-10,CUST00514,Giza,Greater Cairo,Keyboard,Accessories,10,867.0,15,8670.0,7369.5,2026-04,Medium
105915,2026-11-23,CUST00515,Alexandria,Coastal,Office Chair,Furniture,11,5356.0,20,58916.0,47132.8,2026-11,Large
105916,2026-06-08,CUST00516,Mansoura,Delta,Desk,Furniture,12,7696.0,0,92352.0,92352.0,2026-06,Large
105917,2026-01-21,CUST00517,Tanta,Unknown,Headphones,Electronics,1,1890.0,5,1890.0,1795.5,2026-01,Medium
105918,2026-08-06,CUST00518,Unknown,Unknown,Monitor,Electronics,2,9752.0,10,19504.0,17553.6,2026-08,Large
105919,2026-03-19,CUST00519,Luxor,Unknown,Printer,Office Equipment,3,7276.0,15,21828.0,18553.8,2026-03,Large
105920,2026-10-04,CUST00520,Port Said,Unknown,Notebook Pack,Stationery,4,259.2,20,1036.8,829.44,2026-10,Small
105921,2026-05-17,CUST00521,Cairo,Greater Cairo,Laptop,Electronics,5,31065.0,0,155325.0,155325.0,2026-05,Large
105922,2026-12-02,CUST00522,Giza,Greater Cairo,Smartphone,Electronics,6,15950.0,5,95700.0,90915.0,2026-12,Large
105923,2026-07-15,CUST00523,Alexandria,Coastal,Wireless Mouse,Accessories,7,405.0,10,2835.0,2551.5,2026-07,Medium
105924,2026-02-28,CUST00524,Mansoura,Delta,Keyboard,Accessories,8,773.5,15,6188.0,5259.8,2026-02,Medium
105925,2026-09-13,CUST00525,Tanta,Unknown,Office Chair,Furniture,9,4784.0,20,43056.0,34444.8,2026-09,Large
105926,2026-04-26,CUST00526,Aswan,Unknown,Desk,Furniture,10,6882.0,0,68820.0,68820.0,2026-04,Large
105927,2026-11-11,CUST00527,Luxor,Unknown,Headphones,Electronics,11,1692.0,5,18612.0,17681.4,2026-11,Large
105928,2026-06-24,CUST00528,Port Said,Unknown,Monitor,Electronics,12,8740.0,10,104880.0,94392.0,2026-06,Large
105929,2026-01-09,CUST00529,Cairo,Greater Cairo,Printer,Office Equipment,1,6528.0,15,6528.0,5548.8,2026-01,Medium
105930,2026-08-22,CUST00530,Giza,Greater Cairo,Notebook Pack,Stationery,2,232.8,20,465.6,372.48,2026-08,Small
105931,2026-03-07,CUST00531,Alexandria,Coastal,Laptop,Electronics,3,27930.0,0,83790.0,83790.0,2026-03,Large
105932,2026-10-20,CUST00532,Mansoura,Delta,Smartphone,Electronics,4,14355.0,5,57420.0,54549.0,2026-10,Large
105933,2026-05-05,CUST00533,Tanta,Unknown,Wireless Mouse,Accessories,5,450.0,10,2250.0,2025.0,2026-05,Medium
105934,2026-12-18,CUST00534,Aswan,Unknown,Keyboard,Accessories,6,858.5,15,5151.0,4378.35,2026-12,Medium
105935,2026-07-03,CUST00535,Luxor,Unknown,Office Chair,Furniture,7,5304.0,20,37128.0,29702.4,2026-07,Large
105936,2026-02-16,CUST00536,Port Said,Unknown,Desk,Furniture,8,7622.0,0,60976.0,60976.0,2026-02,Large
105937,2026-09-01,CUST00537,Cairo,Greater Cairo,Headphones,Electronics,9,1872.0,5,16848.0,16005.6,2026-09,Large
105938,2026-04-14,CUST00538,Giza,Greater Cairo,Monitor,Electronics,10,9660.0,10,96600.0,86940.0,2026-04,Large
105939,2026-11-27,CUST00539,Alexandria,Coastal,Printer,Office Equipment,11,7208.0,15,79288.0,67394.8,2026-11,Large
105940,2026-06-12,CUST00540,Mansoura,Delta,Notebook Pack,Stationery,12,256.8,20,3081.6,2465.28,2026-06,Medium
105941,2025-01-25,CUST00541,Tanta,Unknown,Laptop,Electronics,1,30780.0,0,30780.0,30780.0,2025-01,Large
105942,2025-08-10,CUST00542,Aswan,Unknown,Smartphone,Electronics,2,15805.0,5,31610.0,30029.5,2025-08,Large
105943,2025-03-23,CUST00543,Luxor,Unknown,Wireless Mouse,Accessories,3,495.0,10,1485.0,1336.5,2025-03,Medium
105944,2025-10-08,CUST00544,Port Said,Unknown,Keyboard,Accessories,4,765.0,15,3060.0,2601.0,2025-10,Medium
105945,2025-05-21,CUST00545,Cairo,Greater Cairo,Office Chair,Furniture,5,4732.0,20,23660.0,18928.0,2025-05,Large
105946,2025-12-06,CUST00546,Giza,Greater Cairo,Desk,Furniture,6,6808.0,0,40848.0,40848.0,2025-12,Large
105947,2025-07-19,CUST00547,Alexandria,Coastal,Headphones,Electronics,7,1674.0,5,11718.0,11132.1,2025-07,Large
105948,2025-02-04,CUST00548,Mansoura,Delta,Monitor,Electronics,8,8648.0,10,69184.0,62265.6,2025-02,Large
105949,2025-09-17,CUST00549,Tanta,Unknown,Printer,Office Equipment,9,6460.0,15,58140.0,49419.0,2025-09,Large
105950,2025-04-02,CUST00550,Aswan,Unknown,Notebook Pack,Stationery,10,230.4,20,2304.0,1843.2,2025-04,Medium
105951,2025-11-15,CUST00551,Luxor,Unknown,Laptop,Electronics,11,27645.0,0,304095.0,304095.0,2025-11,Large
105952,2025-06-28,CUST00552,Port Said,Unknown,Smartphone,Electronics,12,14210.0,5,170520.0,161994.0,2025-06,Large
105953,2025-01-13,CUST00553,Cairo,Greater Cairo,Wireless Mouse,Accessories,1,445.5,10,445.5,400.95,2025-01,Small
105954,2025-08-26,CUST00554,Giza,Greater Cairo,Keyboard,Accessories,2,850.0,15,1700.0,1445.0,2025-08,Medium
105955,2025-03-11,CUST00555,Alexandria,Coastal,Office Chair,Furniture,3,5252.0,20,15756.0,12604.8,2025-03,Large
105956,2025-10-24,CUST00556,Mansoura,Delta,Desk,Furniture,4,7548.0,0,30192.0,30192.0,2025-10,Large
105957,2025-05-09,CUST00557,Tanta,Unknown,Headphones,Electronics,5,1854.0,5,9270.0,8806.5,2025-05,Medium
105958,2025-12-22,CUST00558,Aswan,Unknown,Monitor,Electronics,6,9568.0,10,57408.0,51667.2,2025-12,Large
105959,2025-07-07,CUST00559,Luxor,Unknown,Printer,Office Equipment,7,7140.0,15,49980.0,42483.0,2025-07,Large
105960,2025-02-20,CUST00560,Port Said,Unknown,Notebook Pack,Stationery,8,254.4,20,2035.2,1628.16,2025-02,Medium
105961,2025-09-05,CUST00561,Cairo,Greater Cairo,Laptop,Electronics,9,30495.0,0,274455.0,274455.0,2025-09,Large
105962,2025-04-18,CUST00562,Giza,Greater Cairo,Smartphone,Electronics,10,15660.0,5,156600.0,148770.0,2025-04,Large
105963,2025-11-03,CUST00563,Alexandria,Coastal,Wireless Mouse,Accessories,11,490.5,10,5395.5,4855.95,2025-11,Medium
105964,2025-06-16,CUST00564,Mansoura,Delta,Keyboard,Accessories,12,935.0,15,11220.0,9537.0,2025-06,Medium
105965,2025-01-01,CUST00565,Tanta,Unknown,Office Chair,Furniture,1,4680.0,20,4680.0,3744.0,2025-01,Medium
105966,2025-08-14,CUST00566,Aswan,Unknown,Desk,Furniture,2,6734.0,0,13468.0,13468.0,2025-08,Large
105967,2025-03-27,CUST00567,Luxor,Unknown,Headphones,Electronics,3,1656.0,5,4968.0,4719.6,2025-03,Medium
105968,2025-10-12,CUST00568,Port Said,Unknown,Monitor,Electronics,4,8556.0,10,34224.0,30801.6,2025-10,Large
105969,2025-05-25,CUST00569,Cairo,Greater Cairo,Printer,Office Equipment,5,6392.0,15,31960.0,27166.0,2025-05,Large
105970,2025-12-10,CUST00570,Giza,Greater Cairo,Notebook Pack,Stationery,6,228.0,20,1368.0,1094.4,2025-12,Medium
105971,2025-07-23,CUST00571,Alexandria,Coastal,Laptop,Electronics,7,27360.0,0,191520.0,191520.0,2025-07,Large
105972,2025-02-08,CUST00572,Mansoura,Delta,Smartphone,Electronics,8,14065.0,5,112520.0,106894.0,2025-02,Large
105973,2025-09-21,CUST00573,Tanta,Unknown,Wireless Mouse,Accessories,9,441.0,10,3969.0,3572.1,2025-09,Medium
105974,2025-04-06,CUST00574,Aswan,Unknown,Keyboard,Accessories,10,841.5,0,8415.0,8415.0,2025-04,Medium
105975,2025-11-19,CUST00575,Luxor,Unknown,Office Chair,Furniture,11,5200.0,20,57200.0,45760.0,2025-11,Large
105976,2025-06-04,CUST00576,Port Said,Unknown,Desk,Furniture,12,7474.0,0,89688.0,89688.0,2025-06,Large
105977,2025-01-17,CUST00577,Cairo,Greater Cairo,Headphones,Electronics,1,1836.0,5,1836.0,1744.2,2025-01,Medium
105978,2025-08-02,CUST00578,Giza,Greater Cairo,Monitor,Electronics,2,9476.0,10,18952.0,17056.8,2025-08,Large
105979,2025-03-15,CUST00579,Alexandria,Coastal,Printer,Office Equipment,3,7072.0,15,21216.0,18033.6,2025-03,Large
105980,2025-10-28,CUST00580,Mansoura,Delta,Notebook Pack,Stationery,4,252.0,20,1008.0,806.4,2025-10,Small
105981,2025-05-13,CUST00581,Tanta,Unknown,Laptop,Electronics,5,30210.0,0,151050.0,151050.0,2025-05,Large
105982,2025-12-26,CUST00582,Aswan,Unknown,Smartphone,Electronics,6,15515.0,5,93090.0,88435.5,2025-12,Large
105983,2025-07-11,CUST00583,Luxor,Unknown,Wireless Mouse,Accessories,7,486.0,10,3402.0,3061.8,2025-07,Medium
105984,2025-02-24,CUST00584,Port Said,Unknown,Keyboard,Accessories,8,926.5,15,7412.0,6300.2,2025-02,Medium
105985,2025-09-09,CUST00585,Cairo,Greater Cairo,Office Chair,Furniture,9,5720.0,20,51480.0,41184.0,2025-09,Large
105986,2025-04-22,CUST00586,Giza,Greater Cairo,Desk,Furniture,10,6660.0,0,66600.0,66600.0,2025-04,Large
105987,2025-11-07,CUST00587,Alexandria,Coastal,Headphones,Electronics,11,1638.0,5,18018.0,17117.1,2025-11,Large
105988,2025-06-20,CUST00588,Mansoura,Delta,Monitor,Electronics,12,8464.0,10,101568.0,91411.2,2025-06,Large
105989,2025-01-05,CUST00589,Tanta,Unknown,Printer,Office Equipment,1,6324.0,15,6324.0,5375.4,2025-01,Medium
105990,2025-08-18,CUST00590,Aswan,Unknown,Notebook Pack,Stationery,2,225.6,20,451.2,360.96,2025-08,Small
105991,2025-03-03,CUST00591,Luxor,Unknown,Laptop,Electronics,3,27075.0,0,81225.0,81225.0,2025-03,Large
105992,2025-10-16,CUST00592,Port Said,Unknown,Smartphone,Electronics,4,13920.0,5,55680.0,52896.0,2025-10,Large
105993,2025-05-01,CUST00593,Cairo,Greater Cairo,Wireless Mouse,Accessories,5,436.5,10,2182.5,1964.25,2025-05,Medium
105994,2025-12-14,CUST00594,Giza,Greater Cairo,Keyboard,Accessories,6,833.0,15,4998.0,4248.3,2025-12,Medium
105995,2025-07-27,CUST00595,Alexandria,Coastal,Office Chair,Furniture,7,5148.0,20,36036.0,28828.8,2025-07,Large
105996,2025-02-12,CUST00596,Mansoura,Delta,Desk,Furniture,8,7400.0,0,59200.0,59200.0,2025-02,Large
105997,2025-09-25,CUST00597,Tanta,Unknown,Headphones,Electronics,9,1818.0,5,16362.0,15543.9,2025-09,Large
105998,2025-04-10,CUST00598,Aswan,Unknown,Monitor,Electronics,10,9384.0,10,93840.0,84456.0,2025-04,Large
105999,2025-11-23,CUST00599,Luxor,Unknown,Printer,Office Equipment,11,7004.0,15,77044.0,65487.4,2025-11,Large
106000,2025-06-08,CUST00600,Port Said,Unknown,Notebook Pack,Stationery,12,249.6,20,2995.2,2396.16,2025-06,Medium
106001,2025-01-21,CUST00601,Cairo,Greater Cairo,Laptop,Electronics,1,29925.0,0,29925.0,29925.0,2025-01,Large
106002,2025-08-06,CUST00602,Giza,Greater Cairo,Smartphone,Electronics,2,15370.0,5,30740.0,29203.0,2025-08,Large
106003,2025-03-19,CUST00603,Alexandria,Coastal,Wireless Mouse,Accessories,3,481.5,10,1444.5,1300.05,2025-03,Medium
106004,2025-10-04,CUST00604,Mansoura,Delta,Keyboard,Accessories,4,918.0,15,3672.0,3121.2,2025-10,Medium
106005,2025-05-17,CUST00605,Tanta,Unknown,Office Chair,Furniture,5,5668.0,20,28340.0,22672.0,2025-05,Large
106006,2025-12-02,CUST00606,Aswan,Unknown,Desk,Furniture,6,8140.0,0,48840.0,48840.0,2025-12,Large
106007,2025-07-15,CUST00607,Luxor,Unknown,Headphones,Electronics,7,1620.0,5,11340.0,10773.0,2025-07,Large
106008,2025-02-28,CUST00608,Port Said,Unknown,Monitor,Electronics,8,8372.0,10,66976.0,60278.4,2025-02,Large
106009,2025-09-13,CUST00609,Cairo,Greater Cairo,Printer,Office Equipment,9,6256.0,15,56304.0,47858.4,2025-09,Large
106010,2025-04-26,CUST00610,Giza,Greater Cairo,Notebook Pack,Stationery,10,223.2,20,2232.0,1785.6,2025-04,Medium
106011,2025-11-11,CUST00611,Alexandria,Coastal,Laptop,Electronics,11,26790.0,0,294690.0,294690.0,2025-11,Large
106012,2025-06-24,CUST00612,Mansoura,Delta,Smartphone,Electronics,12,13775.0,5,165300.0,157035.0,2025-06,Large
106013,2025-01-09,CUST00613,Tanta,Unknown,Wireless Mouse,Accessories,1,432.0,10,432.0,388.8,2025-01,Small
106014,2025-08-22,CUST00614,Aswan,Unknown,Keyboard,Accessories,2,824.5,15,1649.0,1401.65,2025-08,Medium
106015,2025-03-07,CUST00615,Unknown,Unknown,Office Chair,Furniture,3,5096.0,20,15288.0,12230.4,2025-03,Large
106016,2025-10-20,CUST00616,Port Said,Unknown,Desk,Furniture,4,7326.0,0,29304.0,29304.0,2025-10,Large
106017,2025-05-05,CUST00617,Cairo,Greater Cairo,Headphones,Electronics,5,1800.0,5,9000.0,8550.0,2025-05,Medium
106018,2025-12-18,CUST00618,Giza,Greater Cairo,Monitor,Electronics,6,9292.0,10,55752.0,50176.8,2025-12,Large
106019,2025-07-03,CUST00619,Alexandria,Coastal,Printer,Office Equipment,7,6936.0,15,48552.0,41269.2,2025-07,Large
106020,2025-02-16,CUST00620,Mansoura,Delta,Notebook Pack,Stationery,8,247.2,20,1977.6,1582.08,2025-02,Medium
106021,2025-09-01,CUST00621,Tanta,Unknown,Laptop,Electronics,9,29640.0,0,266760.0,266760.0,2025-09,Large
106022,2025-04-14,CUST00622,Aswan,Unknown,Smartphone,Electronics,10,15225.0,5,152250.0,144637.5,2025-04,Large
106023,2025-11-27,CUST00623,Luxor,Unknown,Wireless Mouse,Accessories,11,477.0,10,5247.0,4722.3,2025-11,Medium
106024,2025-06-12,CUST00624,Port Said,Unknown,Keyboard,Accessories,12,909.5,15,10914.0,9276.9,2025-06,Medium
106025,2025-01-25,CUST00625,Cairo,Greater Cairo,Office Chair,Furniture,1,5616.0,20,5616.0,4492.8,2025-01,Medium
106026,2025-08-10,CUST00626,Giza,Greater Cairo,Desk,Furniture,2,8066.0,0,16132.0,16132.0,2025-08,Large
106027,2025-03-23,CUST00627,Alexandria,Coastal,Headphones,Electronics,3,1980.0,5,5940.0,5643.0,2025-03,Medium
106028,2025-10-08,CUST00628,Mansoura,Delta,Monitor,Electronics,4,8280.0,10,33120.0,29808.0,2025-10,Large
106029,2025-05-21,CUST00629,Tanta,Unknown,Printer,Office Equipment,5,6188.0,15,30940.0,26299.0,2025-05,Large
106030,2025-12-06,CUST00630,Aswan,Unknown,Notebook Pack,Stationery,6,220.8,20,1324.8,1059.84,2025-12,Medium
106031,2025-07-19,CUST00631,Luxor,Unknown,Laptop,Electronics,7,26505.0,0,185535.0,185535.0,2025-07,Large
106032,2025-02-04,CUST00632,Port Said,Unknown,Smartphone,Electronics,8,13630.0,5,109040.0,103588.0,2025-02,Large
106033,2025-09-17,CUST00633,Cairo,Greater Cairo,Wireless Mouse,Accessories,9,427.5,10,3847.5,3462.75,2025-09,Medium
106034,2025-04-02,CUST00634,Giza,Greater Cairo,Keyboard,Accessories,10,816.0,15,8160.0,6936.0,2025-04,Medium
106035,2025-11-15,CUST00635,Alexandria,Coastal,Office Chair,Furniture,11,5044.0,20,55484.0,44387.2,2025-11,Large
106036,2025-06-28,CUST00636,Mansoura,Delta,Desk,Furniture,12,7252.0,0,87024.0,87024.0,2025-06,Large
106037,2025-01-13,CUST00637,Tanta,Unknown,Headphones,Electronics,1,1782.0,5,1782.0,1692.9,2025-01,Medium
106038,2025-08-26,CUST00638,Aswan,Unknown,Monitor,Electronics,2,9200.0,10,18400.0,16560.0,2025-08,Large
106039,2025-03-11,CUST00639,Luxor,Unknown,Printer,Office Equipment,3,6868.0,15,20604.0,17513.4,2025-03,Large
106040,2025-10-24,CUST00640,Port Said,Unknown,Notebook Pack,Stationery,4,244.8,20,979.2,783.36,2025-10,Small
106041,2025-05-09,CUST00641,Cairo,Greater Cairo,Laptop,Electronics,5,29355.0,0,146775.0,146775.0,2025-05,Large
106042,2025-12-22,CUST00642,Giza,Greater Cairo,Smartphone,Electronics,6,15080.0,5,90480.0,85956.0,2025-12,Large
106043,2025-07-07,CUST00643,Alexandria,Coastal,Wireless Mouse,Accessories,7,472.5,10,3307.5,2976.75,2025-07,Medium
106044,2025-02-20,CUST00644,Mansoura,Delta,Keyboard,Accessories,8,901.0,15,7208.0,6126.8,2025-02,Medium
106045,2025-09-05,CUST00645,Tanta,Unknown,Office Chair,Furniture,9,5564.0,20,50076.0,40060.8,2025-09,Large
106046,2025-04-18,CUST00646,Aswan,Unknown,Desk,Furniture,10,7992.0,0,79920.0,79920.0,2025-04,Large
106047,2025-11-03,CUST00647,Luxor,Unknown,Headphones,Electronics,11,1962.0,5,21582.0,20502.9,2025-11,Large
106048,2025-06-16,CUST00648,Port Said,Unknown,Monitor,Electronics,12,10120.0,10,121440.0,109296.0,2025-06,Large
106049,2025-01-01,CUST00649,Cairo,Greater Cairo,Printer,Office Equipment,1,6120.0,15,6120.0,5202.0,2025-01,Medium
106050,2025-08-14,CUST00650,Giza,Greater Cairo,Notebook Pack,Stationery,2,218.4,20,436.8,349.44,2025-08,Small
106051,2025-03-27,CUST00651,Alexandria,Coastal,Laptop,Electronics,3,26220.0,0,78660.0,78660.0,2025-03,Large
106052,2025-10-12,CUST00652,Mansoura,Delta,Smartphone,Electronics,4,13485.0,5,53940.0,51243.0,2025-10,Large
106053,2025-05-25,CUST00653,Tanta,Unknown,Wireless Mouse,Accessories,5,423.0,10,2115.0,1903.5,2025-05,Medium
106054,2025-12-10,CUST00654,Aswan,Unknown,Keyboard,Accessories,6,807.5,15,4845.0,4118.25,2025-12,Medium
106055,2025-07-23,CUST00655,Luxor,Unknown,Office Chair,Furniture,7,4992.0,20,34944.0,27955.2,2025-07,Large
106056,2025-02-08,CUST00656,Port Said,Unknown,Desk,Furniture,8,7178.0,0,57424.0,57424.0,2025-02,Large
106057,2025-09-21,CUST00657,Cairo,Greater Cairo,Headphones,Electronics,9,1764.0,5,15876.0,15082.2,2025-09,Large
106058,2025-04-06,CUST00658,Giza,Greater Cairo,Monitor,Electronics,10,9108.0,10,91080.0,81972.0,2025-04,Large
106059,2025-11-19,CUST00659,Alexandria,Coastal,Printer,Office Equipment,11,6800.0,15,74800.0,63580.0,2025-11,Large
106060,2025-06-04,CUST00660,Mansoura,Delta,Notebook Pack,Stationery,12,242.4,20,2908.8,2327.04,2025-06,Medium
106061,2025-01-17,CUST00661,Tanta,Unknown,Laptop,Electronics,1,29070.0,0,29070.0,29070.0,2025-01,Large
106062,2025-08-02,CUST00662,Aswan,Unknown,Smartphone,Electronics,2,14935.0,5,29870.0,28376.5,2025-08,Large
106063,2025-03-15,CUST00663,Luxor,Unknown,Wireless Mouse,Accessories,3,468.0,10,1404.0,1263.6,2025-03,Medium
106064,2025-10-28,CUST00664,Port Said,Unknown,Keyboard,Accessories,4,892.5,15,3570.0,3034.5,2025-10,Medium
106065,2025-05-13,CUST00665,Cairo,Greater Cairo,Office Chair,Furniture,5,5512.0,20,27560.0,22048.0,2025-05,Large
106066,2025-12-26,CUST00666,Giza,Greater Cairo,Desk,Furniture,6,7918.0,0,47508.0,47508.0,2025-12,Large
106067,2025-07-11,CUST00667,Alexandria,Coastal,Headphones,Electronics,7,1944.0,5,13608.0,12927.6,2025-07,Large
106068,2025-02-24,CUST00668,Mansoura,Delta,Monitor,Electronics,8,10028.0,10,80224.0,72201.6,2025-02,Large
106069,2025-09-09,CUST00669,Tanta,Unknown,Printer,Office Equipment,9,7480.0,15,67320.0,57222.0,2025-09,Large
106070,2025-04-22,CUST00670,Aswan,Unknown,Notebook Pack,Stationery,10,216.0,20,2160.0,1728.0,2025-04,Medium
106071,2025-11-07,CUST00671,Luxor,Unknown,Laptop,Electronics,11,25935.0,0,285285.0,285285.0,2025-11,Large
106072,2025-06-20,CUST00672,Port Said,Unknown,Smartphone,Electronics,12,13340.0,5,160080.0,152076.0,2025-06,Large
106073,2025-01-05,CUST00673,Cairo,Greater Cairo,Wireless Mouse,Accessories,1,418.5,10,418.5,376.65,2025-01,Small
106074,2025-08-18,CUST00674,Giza,Greater Cairo,Keyboard,Accessories,2,799.0,15,1598.0,1358.3,2025-08,Medium
106075,2025-03-03,CUST00675,Alexandria,Coastal,Office Chair,Furniture,3,4940.0,20,14820.0,11856.0,2025-03,Large
106076,2025-10-16,CUST00676,Mansoura,Delta,Desk,Furniture,4,7104.0,0,28416.0,28416.0,2025-10,Large
106077,2025-05-01,CUST00677,Tanta,Unknown,Headphones,Electronics,5,1746.0,5,8730.0,8293.5,2025-05,Medium
106078,2025-12-14,CUST00678,Aswan,Unknown,Monitor,Electronics,6,9016.0,10,54096.0,48686.4,2025-12,Large
106079,2025-07-27,CUST00679,Luxor,Unknown,Printer,Office Equipment,7,6732.0,15,47124.0,40055.4,2025-07,Large
106080,2025-02-12,CUST00680,Port Said,Unknown,Notebook Pack,Stationery,8,240.0,20,1920.0,1536.0,2025-02,Medium
106081,2025-09-25,CUST00681,Cairo,Greater Cairo,Laptop,Electronics,9,28785.0,0,259065.0,259065.0,2025-09,Large
106082,2025-04-10,CUST00682,Giza,Greater Cairo,Smartphone,Electronics,10,14790.0,5,147900.0,140505.0,2025-04,Large
106083,2025-11-23,CUST00683,Alexandria,Coastal,Wireless Mouse,Accessories,11,463.5,10,5098.5,4588.65,2025-11,Medium
106084,2025-06-08,CUST00684,Mansoura,Delta,Keyboard,Accessories,12,884.0,15,10608.0,9016.8,2025-06,Medium
106085,2025-01-21,CUST00685,Tanta,Unknown,Office Chair,Furniture,1,5460.0,20,5460.0,4368.0,2025-01,Medium
106086,2025-08-06,CUST00686,Aswan,Unknown,Desk,Furniture,2,7844.0,0,15688.0,15688.0,2025-08,Large
106087,2025-03-19,CUST00687,Luxor,Unknown,Headphones,Electronics,3,1926.0,5,5778.0,5489.1,2025-03,Medium
106088,2025-10-04,CUST00688,Port Said,Unknown,Monitor,Electronics,4,9936.0,10,39744.0,35769.6,2025-10,Large
106089,2025-05-17,CUST00689,Cairo,Greater Cairo,Printer,Office Equipment,5,7412.0,15,37060.0,31501.0,2025-05,Large
106090,2025-12-02,CUST00690,Giza,Greater Cairo,Notebook Pack,Stationery,6,264.0,20,1584.0,1267.2,2025-12,Medium
106091,2025-07-15,CUST00691,Alexandria,Coastal,Laptop,Electronics,7,25650.0,0,179550.0,179550.0,2025-07,Large
106092,2025-02-28,CUST00692,Mansoura,Delta,Smartphone,Electronics,8,13195.0,5,105560.0,100282.0,2025-02,Large
106093,2025-09-13,CUST00693,Tanta,Unknown,Wireless Mouse,Accessories,9,414.0,10,3726.0,3353.4,2025-09,Medium
106094,2025-04-26,CUST00694,Aswan,Unknown,Keyboard,Accessories,10,790.5,15,7905.0,6719.25,2025-04,Medium
106095,2025-11-11,CUST00695,Luxor,Unknown,Office Chair,Furniture,11,4888.0,20,53768.0,43014.4,2025-11,Large
106096,2025-06-24,CUST00696,Port Said,Unknown,Desk,Furniture,12,7030.0,0,84360.0,84360.0,2025-06,Large
106097,2025-01-09,CUST00697,Cairo,Greater Cairo,Headphones,Electronics,1,1728.0,5,1728.0,1641.6,2025-01,Medium
106098,2025-08-22,CUST00698,Giza,Greater Cairo,Monitor,Electronics,2,8924.0,10,17848.0,16063.2,2025-08,Large
106099,2025-03-07,CUST00699,Alexandria,Coastal,Printer,Office Equipment,3,6664.0,15,19992.0,16993.2,2025-03,Large
106100,2025-10-20,CUST00700,Mansoura,Delta,Notebook Pack,Stationery,4,237.6,20,950.4,760.32,2025-10,Small
106101,2025-05-05,CUST00701,Tanta,Unknown,Laptop,Electronics,5,28500.0,0,142500.0,142500.0,2025-05,Large
106102,2025-12-18,CUST00702,Aswan,Unknown,Smartphone,Electronics,6,14645.0,5,87870.0,83476.5,2025-12,Large
106103,2025-07-03,CUST00703,Luxor,Unknown,Wireless Mouse,Accessories,7,459.0,10,3213.0,2891.7,2025-07,Medium
106104,2025-02-16,CUST00704,Port Said,Unknown,Keyboard,Accessories,8,875.5,15,7004.0,5953.4,2025-02,Medium
106105,2025-09-01,CUST00705,Cairo,Greater Cairo,Office Chair,Furniture,9,5408.0,20,48672.0,38937.6,2025-09,Large
106106,2025-04-14,CUST00706,Giza,Greater Cairo,Desk,Furniture,10,7770.0,0,77700.0,77700.0,2025-04,Large
106107,2025-11-27,CUST00707,Alexandria,Coastal,Headphones,Electronics,11,1908.0,5,20988.0,19938.6,2025-11,Large
106108,2025-06-12,CUST00708,Mansoura,Delta,Monitor,Electronics,12,9844.0,10,118128.0,106315.2,2025-06,Large
106109,2025-01-25,CUST00709,Tanta,Unknown,Printer,Office Equipment,1,7344.0,15,7344.0,6242.4,2025-01,Medium
106110,2025-08-10,CUST00710,Aswan,Unknown,Notebook Pack,Stationery,2,261.6,20,523.2,418.56,2025-08,Small
106111,2025-03-23,CUST00711,Luxor,Unknown,Laptop,Electronics,3,31350.0,0,94050.0,94050.0,2025-03,Large
106112,2025-10-08,CUST00712,Unknown,Unknown,Smartphone,Electronics,4,13050.0,5,52200.0,49590.0,2025-10,Large
106113,2025-05-21,CUST00713,Cairo,Greater Cairo,Wireless Mouse,Accessories,5,409.5,10,2047.5,1842.75,2025-05,Medium
106114,2025-12-06,CUST00714,Giza,Greater Cairo,Keyboard,Accessories,6,782.0,15,4692.0,3988.2,2025-12,Medium
106115,2025-07-19,CUST00715,Alexandria,Coastal,Office Chair,Furniture,7,4836.0,20,33852.0,27081.6,2025-07,Large
106116,2025-02-04,CUST00716,Mansoura,Delta,Desk,Furniture,8,6956.0,0,55648.0,55648.0,2025-02,Large
106117,2025-09-17,CUST00717,Tanta,Unknown,Headphones,Electronics,9,1710.0,5,15390.0,14620.5,2025-09,Large
106118,2025-04-02,CUST00718,Aswan,Unknown,Monitor,Electronics,10,8832.0,10,88320.0,79488.0,2025-04,Large
106119,2025-11-15,CUST00719,Luxor,Unknown,Printer,Office Equipment,11,6596.0,15,72556.0,61672.6,2025-11,Large
106120,2025-06-28,CUST00720,Port Said,Unknown,Notebook Pack,Stationery,12,235.2,20,2822.4,2257.92,2025-06,Medium
106121,2025-01-13,CUST00721,Cairo,Greater Cairo,Laptop,Electronics,1,28215.0,0,28215.0,28215.0,2025-01,Large
106122,2025-08-26,CUST00722,Giza,Greater Cairo,Smartphone,Electronics,2,14500.0,5,29000.0,27550.0,2025-08,Large
106123,2025-03-11,CUST00723,Alexandria,Coastal,Wireless Mouse,Accessories,3,454.5,10,1363.5,1227.15,2025-03,Medium
106124,2025-10-24,CUST00724,Mansoura,Delta,Keyboard,Accessories,4,867.0,15,3468.0,2947.8,2025-10,Medium
106125,2025-05-09,CUST00725,Tanta,Unknown,Office Chair,Furniture,5,5356.0,20,26780.0,21424.0,2025-05,Large
106126,2025-12-22,CUST00726,Aswan,Unknown,Desk,Furniture,6,7696.0,0,46176.0,46176.0,2025-12,Large
106127,2025-07-07,CUST00727,Luxor,Unknown,Headphones,Electronics,7,1890.0,5,13230.0,12568.5,2025-07,Large
106128,2025-02-20,CUST00728,Port Said,Unknown,Monitor,Electronics,8,9752.0,10,78016.0,70214.4,2025-02,Large
106129,2025-09-05,CUST00729,Cairo,Greater Cairo,Printer,Office Equipment,9,7276.0,15,65484.0,55661.4,2025-09,Large
106130,2025-04-18,CUST00730,Giza,Greater Cairo,Notebook Pack,Stationery,10,259.2,20,2592.0,2073.6,2025-04,Medium
106131,2025-11-03,CUST00731,Alexandria,Coastal,Laptop,Electronics,11,31065.0,0,341715.0,341715.0,2025-11,Large
106132,2025-06-16,CUST00732,Mansoura,Delta,Smartphone,Electronics,12,15950.0,5,191400.0,181830.0,2025-06,Large
106133,2025-01-01,CUST00733,Tanta,Unknown,Wireless Mouse,Accessories,1,405.0,10,405.0,364.5,2025-01,Small
106134,2025-08-14,CUST00734,Aswan,Unknown,Keyboard,Accessories,2,773.5,15,1547.0,1314.95,2025-08,Medium
106135,2025-03-27,CUST00735,Luxor,Unknown,Office Chair,Furniture,3,4784.0,20,14352.0,11481.6,2025-03,Large
106136,2025-10-12,CUST00736,Port Said,Unknown,Desk,Furniture,4,6882.0,0,27528.0,27528.0,2025-10,Large
106137,2025-05-25,CUST00737,Cairo,Greater Cairo,Headphones,Electronics,5,1692.0,5,8460.0,8037.0,2025-05,Medium
106138,2025-12-10,CUST00738,Giza,Greater Cairo,Monitor,Electronics,6,8740.0,10,52440.0,47196.0,2025-12,Large
106139,2025-07-23,CUST00739,Alexandria,Coastal,Printer,Office Equipment,7,6528.0,15,45696.0,38841.6,2025-07,Large
106140,2025-02-08,CUST00740,Mansoura,Delta,Notebook Pack,Stationery,8,232.8,20,1862.4,1489.92,2025-02,Medium
106141,2025-09-21,CUST00741,Tanta,Unknown,Laptop,Electronics,9,27930.0,0,251370.0,251370.0,2025-09,Large
106142,2025-04-06,CUST00742,Aswan,Unknown,Smartphone,Electronics,10,14355.0,5,143550.0,136372.5,2025-04,Large
106143,2025-11-19,CUST00743,Luxor,Unknown,Wireless Mouse,Accessories,11,450.0,10,4950.0,4455.0,2025-11,Medium
106144,2025-06-04,CUST00744,Port Said,Unknown,Keyboard,Accessories,12,858.5,15,10302.0,8756.7,2025-06,Medium
106145,2025-01-17,CUST00745,Cairo,Greater Cairo,Office Chair,Furniture,1,5304.0,20,5304.0,4243.2,2025-01,Medium
106146,2025-08-02,CUST00746,Giza,Greater Cairo,Desk,Furniture,2,7622.0,0,15244.0,15244.0,2025-08,Large
106147,2025-03-15,CUST00747,Alexandria,Coastal,Headphones,Electronics,3,1872.0,5,5616.0,5335.2,2025-03,Medium
106148,2025-10-28,CUST00748,Mansoura,Delta,Monitor,Electronics,4,9660.0,10,38640.0,34776.0,2025-10,Large
106149,2025-05-13,CUST00749,Tanta,Unknown,Printer,Office Equipment,5,7208.0,15,36040.0,30634.0,2025-05,Large
106150,2025-12-26,CUST00750,Aswan,Unknown,Notebook Pack,Stationery,6,256.8,20,1540.8,1232.64,2025-12,Medium
106151,2025-07-11,CUST00751,Luxor,Unknown,Laptop,Electronics,7,30780.0,0,215460.0,215460.0,2025-07,Large
106152,2025-02-24,CUST00752,Port Said,Unknown,Smartphone,Electronics,8,15805.0,5,126440.0,120118.0,2025-02,Large
106153,2025-09-09,CUST00753,Cairo,Greater Cairo,Wireless Mouse,Accessories,9,495.0,10,4455.0,4009.5,2025-09,Medium
106154,2025-04-22,CUST00754,Giza,Greater Cairo,Keyboard,Accessories,10,765.0,15,7650.0,6502.5,2025-04,Medium
106155,2025-11-07,CUST00755,Alexandria,Coastal,Office Chair,Furniture,11,4732.0,0,52052.0,52052.0,2025-11,Large
106156,2025-06-20,CUST00756,Mansoura,Delta,Desk,Furniture,12,6808.0,0,81696.0,81696.0,2025-06,Large
106157,2025-01-05,CUST00757,Tanta,Unknown,Headphones,Electronics,1,1674.0,5,1674.0,1590.3,2025-01,Medium
106158,2025-08-18,CUST00758,Aswan,Unknown,Monitor,Electronics,2,8648.0,10,17296.0,15566.4,2025-08,Large
106159,2025-03-03,CUST00759,Luxor,Unknown,Printer,Office Equipment,3,6460.0,15,19380.0,16473.0,2025-03,Large
106160,2025-10-16,CUST00760,Port Said,Unknown,Notebook Pack,Stationery,4,230.4,20,921.6,737.28,2025-10,Small
106161,2025-05-01,CUST00761,Cairo,Greater Cairo,Laptop,Electronics,5,27645.0,0,138225.0,138225.0,2025-05,Large
106162,2025-12-14,CUST00762,Giza,Greater Cairo,Smartphone,Electronics,6,14210.0,5,85260.0,80997.0,2025-12,Large
106163,2025-07-27,CUST00763,Alexandria,Coastal,Wireless Mouse,Accessories,7,445.5,10,3118.5,2806.65,2025-07,Medium
106164,2025-02-12,CUST00764,Mansoura,Delta,Keyboard,Accessories,8,850.0,15,6800.0,5780.0,2025-02,Medium
106165,2025-09-25,CUST00765,Tanta,Unknown,Office Chair,Furniture,9,5252.0,20,47268.0,37814.4,2025-09,Large
106166,2025-04-10,CUST00766,Aswan,Unknown,Desk,Furniture,10,7548.0,0,75480.0,75480.0,2025-04,Large
106167,2025-11-23,CUST00767,Luxor,Unknown,Headphones,Electronics,11,1854.0,5,20394.0,19374.3,2025-11,Large
106168,2025-06-08,CUST00768,Port Said,Unknown,Monitor,Electronics,12,9568.0,10,114816.0,103334.4,2025-06,Large
106169,2025-01-21,CUST00769,Cairo,Greater Cairo,Printer,Office Equipment,1,7140.0,15,7140.0,6069.0,2025-01,Medium
106170,2025-08-06,CUST00770,Giza,Greater Cairo,Notebook Pack,Stationery,2,254.4,20,508.8,407.04,2025-08,Small
106171,2025-03-19,CUST00771,Alexandria,Coastal,Laptop,Electronics,3,30495.0,0,91485.0,91485.0,2025-03,Large
106172,2025-10-04,CUST00772,Mansoura,Delta,Smartphone,Electronics,4,15660.0,5,62640.0,59508.0,2025-10,Large
106173,2025-05-17,CUST00773,Tanta,Unknown,Wireless Mouse,Accessories,5,490.5,10,2452.5,2207.25,2025-05,Medium
106174,2025-12-02,CUST00774,Aswan,Unknown,Keyboard,Accessories,6,935.0,15,5610.0,4768.5,2025-12,Medium
106175,2025-07-15,CUST00775,Luxor,Unknown,Office Chair,Furniture,7,4680.0,20,32760.0,26208.0,2025-07,Large
106176,2025-02-28,CUST00776,Port Said,Unknown,Desk,Furniture,8,6734.0,0,53872.0,53872.0,2025-02,Large
106177,2025-09-13,CUST00777,Cairo,Greater Cairo,Headphones,Electronics,9,1656.0,5,14904.0,14158.8,2025-09,Large
106178,2025-04-26,CUST00778,Giza,Greater Cairo,Monitor,Electronics,10,8556.0,10,85560.0,77004.0,2025-04,Large
106179,2025-11-11,CUST00779,Alexandria,Coastal,Printer,Office Equipment,11,6392.0,15,70312.0,59765.2,2025-11,Large
106180,2025-06-24,CUST00780,Mansoura,Delta,Notebook Pack,Stationery,12,228.0,20,2736.0,2188.8,2025-06,Medium
106181,2025-01-09,CUST00781,Tanta,Unknown,Laptop,Electronics,1,27360.0,0,27360.0,27360.0,2025-01,Large
106182,2025-08-22,CUST00782,Aswan,Unknown,Smartphone,Electronics,2,14065.0,5,28130.0,26723.5,2025-08,Large
106183,2025-03-07,CUST00783,Luxor,Unknown,Wireless Mouse,Accessories,3,441.0,10,1323.0,1190.7,2025-03,Medium
106184,2025-10-20,CUST00784,Port Said,Unknown,Keyboard,Accessories,4,841.5,15,3366.0,2861.1,2025-10,Medium
106185,2025-05-05,CUST00785,Cairo,Greater Cairo,Office Chair,Furniture,5,5200.0,20,26000.0,20800.0,2025-05,Large
106186,2025-12-18,CUST00786,Giza,Greater Cairo,Desk,Furniture,6,7474.0,0,44844.0,44844.0,2025-12,Large
106187,2025-07-03,CUST00787,Alexandria,Coastal,Headphones,Electronics,7,1836.0,5,12852.0,12209.4,2025-07,Large
106188,2025-02-16,CUST00788,Mansoura,Delta,Monitor,Electronics,8,9476.0,10,75808.0,68227.2,2025-02,Large
106189,2025-09-01,CUST00789,Tanta,Unknown,Printer,Office Equipment,9,7072.0,15,63648.0,54100.8,2025-09,Large
106190,2025-04-14,CUST00790,Aswan,Unknown,Notebook Pack,Stationery,10,252.0,20,2520.0,2016.0,2025-04,Medium
106191,2025-11-27,CUST00791,Luxor,Unknown,Laptop,Electronics,11,30210.0,0,332310.0,332310.0,2025-11,Large
106192,2025-06-12,CUST00792,Port Said,Unknown,Smartphone,Electronics,12,15515.0,5,186180.0,176871.0,2025-06,Large
106193,2025-01-25,CUST00793,Cairo,Greater Cairo,Wireless Mouse,Accessories,1,486.0,10,486.0,437.4,2025-01,Small
106194,2025-08-10,CUST00794,Giza,Greater Cairo,Keyboard,Accessories,2,926.5,15,1853.0,1575.05,2025-08,Medium
106195,2025-03-23,CUST00795,Alexandria,Coastal,Office Chair,Furniture,3,5720.0,20,17160.0,13728.0,2025-03,Large
106196,2025-10-08,CUST00796,Mansoura,Delta,Desk,Furniture,4,6660.0,0,26640.0,26640.0,2025-10,Large
106197,2025-05-21,CUST00797,Tanta,Unknown,Headphones,Electronics,5,1638.0,5,8190.0,7780.5,2025-05,Medium
106198,2025-12-06,CUST00798,Aswan,Unknown,Monitor,Electronics,6,8464.0,10,50784.0,45705.6,2025-12,Large
106199,2025-07-19,CUST00799,Luxor,Unknown,Printer,Office Equipment,7,6324.0,15,44268.0,37627.8,2025-07,Large
106200,2025-02-04,CUST00800,Port Said,Unknown,Notebook Pack,Stationery,8,225.6,20,1804.8,1443.84,2025-02,Medium
106201,2025-09-17,CUST00801,Cairo,Greater Cairo,Laptop,Electronics,9,27075.0,0,243675.0,243675.0,2025-09,Large
106202,2025-04-02,CUST00802,Giza,Greater Cairo,Smartphone,Electronics,10,13920.0,5,139200.0,132240.0,2025-04,Large
106203,2025-11-15,CUST00803,Alexandria,Coastal,Wireless Mouse,Accessories,11,436.5,10,4801.5,4321.35,2025-11,Medium
106204,2025-06-28,CUST00804,Mansoura,Delta,Keyboard,Accessories,12,833.0,15,9996.0,8496.6,2025-06,Medium
106205,2025-01-13,CUST00805,Tanta,Unknown,Office Chair,Furniture,1,5148.0,20,5148.0,4118.4,2025-01,Medium
106206,2025-08-26,CUST00806,Aswan,Unknown,Desk,Furniture,2,7400.0,0,14800.0,14800.0,2025-08,Large
106207,2025-03-11,CUST00807,Luxor,Unknown,Headphones,Electronics,3,1818.0,5,5454.0,5181.3,2025-03,Medium
106208,2025-10-24,CUST00808,Port Said,Unknown,Monitor,Electronics,4,9384.0,10,37536.0,33782.4,2025-10,Large
106209,2025-05-09,CUST00809,Unknown,Unknown,Printer,Office Equipment,5,7004.0,15,35020.0,29767.0,2025-05,Large
106210,2025-12-22,CUST00810,Giza,Greater Cairo,Notebook Pack,Stationery,6,249.6,20,1497.6,1198.08,2025-12,Medium
106211,2025-07-07,CUST00811,Alexandria,Coastal,Laptop,Electronics,7,29925.0,0,209475.0,209475.0,2025-07,Large
106212,2025-02-20,CUST00812,Mansoura,Delta,Smartphone,Electronics,8,15370.0,5,122960.0,116812.0,2025-02,Large
106213,2025-09-05,CUST00813,Tanta,Unknown,Wireless Mouse,Accessories,9,481.5,10,4333.5,3900.15,2025-09,Medium
106214,2025-04-18,CUST00814,Aswan,Unknown,Keyboard,Accessories,10,918.0,15,9180.0,7803.0,2025-04,Medium
106215,2025-11-03,CUST00815,Luxor,Unknown,Office Chair,Furniture,11,5668.0,20,62348.0,49878.4,2025-11,Large
106216,2025-06-16,CUST00816,Port Said,Unknown,Desk,Furniture,12,8140.0,0,97680.0,97680.0,2025-06,Large
106217,2025-01-01,CUST00817,Cairo,Greater Cairo,Headphones,Electronics,1,1620.0,5,1620.0,1539.0,2025-01,Medium
106218,2025-08-14,CUST00818,Giza,Greater Cairo,Monitor,Electronics,2,8372.0,10,16744.0,15069.6,2025-08,Large
106219,2025-03-27,CUST00819,Alexandria,Coastal,Printer,Office Equipment,3,6256.0,15,18768.0,15952.8,2025-03,Large
106220,2025-10-12,CUST00820,Mansoura,Delta,Notebook Pack,Stationery,4,223.2,20,892.8,714.24,2025-10,Small
106221,2025-05-25,CUST00821,Tanta,Unknown,Laptop,Electronics,5,26790.0,0,133950.0,133950.0,2025-05,Large
106222,2025-12-10,CUST00822,Aswan,Unknown,Smartphone,Electronics,6,13775.0,5,82650.0,78517.5,2025-12,Large
106223,2025-07-23,CUST00823,Luxor,Unknown,Wireless Mouse,Accessories,7,432.0,10,3024.0,2721.6,2025-07,Medium
106224,2025-02-08,CUST00824,Port Said,Unknown,Keyboard,Accessories,8,824.5,15,6596.0,5606.6,2025-02,Medium
106225,2025-09-21,CUST00825,Cairo,Greater Cairo,Office Chair,Furniture,9,5096.0,20,45864.0,36691.2,2025-09,Large
106226,2025-04-06,CUST00826,Giza,Greater Cairo,Desk,Furniture,10,7326.0,0,73260.0,73260.0,2025-04,Large
106227,2025-11-19,CUST00827,Alexandria,Coastal,Headphones,Electronics,11,1800.0,5,19800.0,18810.0,2025-11,Large
106228,2025-06-04,CUST00828,Mansoura,Delta,Monitor,Electronics,12,9292.0,10,111504.0,100353.6,2025-06,Large
106229,2025-01-17,CUST00829,Tanta,Unknown,Printer,Office Equipment,1,6936.0,15,6936.0,5895.6,2025-01,Medium
106230,2025-08-02,CUST00830,Aswan,Unknown,Notebook Pack,Stationery,2,247.2,20,494.4,395.52,2025-08,Small
106231,2025-03-15,CUST00831,Luxor,Unknown,Laptop,Electronics,3,29640.0,0,88920.0,88920.0,2025-03,Large
106232,2025-10-28,CUST00832,Port Said,Unknown,Smartphone,Electronics,4,15225.0,5,60900.0,57855.0,2025-10,Large
106233,2025-05-13,CUST00833,Cairo,Greater Cairo,Wireless Mouse,Accessories,5,477.0,10,2385.0,2146.5,2025-05,Medium
106234,2025-12-26,CUST00834,Giza,Greater Cairo,Keyboard,Accessories,6,909.5,15,5457.0,4638.45,2025-12,Medium
106235,2025-07-11,CUST00835,Alexandria,Coastal,Office Chair,Furniture,7,5616.0,20,39312.0,31449.6,2025-07,Large
106236,2025-02-24,CUST00836,Mansoura,Delta,Desk,Furniture,8,8066.0,0,64528.0,64528.0,2025-02,Large
106237,2025-09-09,CUST00837,Tanta,Unknown,Headphones,Electronics,9,1980.0,5,17820.0,16929.0,2025-09,Large
106238,2025-04-22,CUST00838,Aswan,Unknown,Monitor,Electronics,10,8280.0,10,82800.0,74520.0,2025-04,Large
106239,2025-11-07,CUST00839,Luxor,Unknown,Printer,Office Equipment,11,6188.0,15,68068.0,57857.8,2025-11,Large
106240,2025-06-20,CUST00840,Port Said,Unknown,Notebook Pack,Stationery,12,220.8,20,2649.6,2119.68,2025-06,Medium
106241,2025-01-05,CUST00841,Cairo,Greater Cairo,Laptop,Electronics,1,26505.0,0,26505.0,26505.0,2025-01,Large
106242,2025-08-18,CUST00842,Giza,Greater Cairo,Smartphone,Electronics,2,13630.0,5,27260.0,25897.0,2025-08,Large
106243,2025-03-03,CUST00843,Alexandria,Coastal,Wireless Mouse,Accessories,3,427.5,10,1282.5,1154.25,2025-03,Medium
106244,2025-10-16,CUST00844,Mansoura,Delta,Keyboard,Accessories,4,816.0,15,3264.0,2774.4,2025-10,Medium
106245,2025-05-01,CUST00845,Tanta,Unknown,Office Chair,Furniture,5,5044.0,20,25220.0,20176.0,2025-05,Large
106246,2025-12-14,CUST00846,Aswan,Unknown,Desk,Furniture,6,7252.0,0,43512.0,43512.0,2025-12,Large
106247,2025-07-27,CUST00847,Luxor,Unknown,Headphones,Electronics,7,1782.0,5,12474.0,11850.3,2025-07,Large
106248,2025-02-12,CUST00848,Port Said,Unknown,Monitor,Electronics,8,9200.0,10,73600.0,66240.0,2025-02,Large
106249,2025-09-25,CUST00849,Cairo,Greater Cairo,Printer,Office Equipment,9,6868.0,15,61812.0,52540.2,2025-09,Large
106250,2025-04-10,CUST00850,Giza,Greater Cairo,Notebook Pack,Stationery,10,244.8,20,2448.0,1958.4,2025-04,Medium
106251,2025-11-23,CUST00851,Alexandria,Coastal,Laptop,Electronics,11,29355.0,0,322905.0,322905.0,2025-11,Large
106252,2025-06-08,CUST00852,Mansoura,Delta,Smartphone,Electronics,12,15080.0,5,180960.0,171912.0,2025-06,Large
106253,2025-01-21,CUST00853,Tanta,Unknown,Wireless Mouse,Accessories,1,472.5,10,472.5,425.25,2025-01,Small
106254,2025-08-06,CUST00854,Aswan,Unknown,Keyboard,Accessories,2,901.0,15,1802.0,1531.7,2025-08,Medium
106255,2025-03-19,CUST00855,Luxor,Unknown,Office Chair,Furniture,3,5564.0,20,16692.0,13353.6,2025-03,Large
106256,2025-10-04,CUST00856,Port Said,Unknown,Desk,Furniture,4,7992.0,0,31968.0,31968.0,2025-10,Large
106257,2025-05-17,CUST00857,Cairo,Greater Cairo,Headphones,Electronics,5,1962.0,5,9810.0,9319.5,2025-05,Medium
106258,2025-12-02,CUST00858,Giza,Greater Cairo,Monitor,Electronics,6,10120.0,10,60720.0,54648.0,2025-12,Large
106259,2025-07-15,CUST00859,Alexandria,Coastal,Printer,Office Equipment,7,6120.0,15,42840.0,36414.0,2025-07,Large
106260,2025-02-28,CUST00860,Mansoura,Delta,Notebook Pack,Stationery,8,218.4,20,1747.2,1397.76,2025-02,Medium
106261,2025-09-13,CUST00861,Tanta,Unknown,Laptop,Electronics,9,26220.0,0,235980.0,235980.0,2025-09,Large
106262,2025-04-26,CUST00862,Aswan,Unknown,Smartphone,Electronics,10,13485.0,5,134850.0,128107.5,2025-04,Large
106263,2025-11-11,CUST00863,Luxor,Unknown,Wireless Mouse,Accessories,11,423.0,10,4653.0,4187.7,2025-11,Medium
106264,2025-06-24,CUST00864,Port Said,Unknown,Keyboard,Accessories,12,807.5,15,9690.0,8236.5,2025-06,Medium
106265,2025-01-09,CUST00865,Cairo,Greater Cairo,Office Chair,Furniture,1,4992.0,20,4992.0,3993.6,2025-01,Medium
106266,2025-08-22,CUST00866,Giza,Greater Cairo,Desk,Furniture,2,7178.0,0,14356.0,14356.0,2025-08,Large
106267,2025-03-07,CUST00867,Alexandria,Coastal,Headphones,Electronics,3,1764.0,5,5292.0,5027.4,2025-03,Medium
106268,2025-10-20,CUST00868,Mansoura,Delta,Monitor,Electronics,4,9108.0,10,36432.0,32788.8,2025-10,Large
106269,2025-05-05,CUST00869,Tanta,Unknown,Printer,Office Equipment,5,6800.0,15,34000.0,28900.0,2025-05,Large
106270,2025-12-18,CUST00870,Aswan,Unknown,Notebook Pack,Stationery,6,242.4,20,1454.4,1163.52,2025-12,Medium
106271,2025-07-03,CUST00871,Luxor,Unknown,Laptop,Electronics,7,29070.0,0,203490.0,203490.0,2025-07,Large
106272,2025-02-16,CUST00872,Port Said,Unknown,Smartphone,Electronics,8,14935.0,5,119480.0,113506.0,2025-02,Large
106273,2025-09-01,CUST00873,Cairo,Greater Cairo,Wireless Mouse,Accessories,9,468.0,10,4212.0,3790.8,2025-09,Medium
106274,2025-04-14,CUST00874,Giza,Greater Cairo,Keyboard,Accessories,10,892.5,15,8925.0,7586.25,2025-04,Medium
106275,2025-11-27,CUST00875,Alexandria,Coastal,Office Chair,Furniture,11,5512.0,20,60632.0,48505.6,2025-11,Large
106276,2025-06-12,CUST00876,Mansoura,Delta,Desk,Furniture,12,7918.0,0,95016.0,95016.0,2025-06,Large
106277,2025-01-25,CUST00877,Tanta,Unknown,Headphones,Electronics,1,1944.0,5,1944.0,1846.8,2025-01,Medium
106278,2025-08-10,CUST00878,Aswan,Unknown,Monitor,Electronics,2,10028.0,10,20056.0,18050.4,2025-08,Large
106279,2025-03-23,CUST00879,Luxor,Unknown,Printer,Office Equipment,3,7480.0,15,22440.0,19074.0,2025-03,Large
106280,2025-10-08,CUST00880,Port Said,Unknown,Notebook Pack,Stationery,4,216.0,20,864.0,691.2,2025-10,Small
106281,2025-05-21,CUST00881,Cairo,Greater Cairo,Laptop,Electronics,5,25935.0,0,129675.0,129675.0,2025-05,Large
106282,2025-12-06,CUST00882,Giza,Greater Cairo,Smartphone,Electronics,6,13340.0,5,80040.0,76038.0,2025-12,Large
106283,2025-07-19,CUST00883,Alexandria,Coastal,Wireless Mouse,Accessories,7,418.5,10,2929.5,2636.55,2025-07,Medium
106284,2025-02-04,CUST00884,Mansoura,Delta,Keyboard,Accessories,8,799.0,15,6392.0,5433.2,2025-02,Medium
106285,2025-09-17,CUST00885,Tanta,Unknown,Office Chair,Furniture,9,4940.0,20,44460.0,35568.0,2025-09,Large
106286,2025-04-02,CUST00886,Aswan,Unknown,Desk,Furniture,10,7104.0,0,71040.0,71040.0,2025-04,Large
106287,2025-11-15,CUST00887,Luxor,Unknown,Headphones,Electronics,11,1746.0,5,19206.0,18245.7,2025-11,Large
106288,2025-06-28,CUST00888,Port Said,Unknown,Monitor,Electronics,12,9016.0,10,108192.0,97372.8,2025-06,Large
106289,2025-01-13,CUST00889,Cairo,Greater Cairo,Printer,Office Equipment,1,6732.0,15,6732.0,5722.2,2025-01,Medium
106290,2025-08-26,CUST00890,Giza,Greater Cairo,Notebook Pack,Stationery,2,240.0,20,480.0,384.0,2025-08,Small
106291,2025-03-11,CUST00891,Alexandria,Coastal,Laptop,Electronics,3,28785.0,0,86355.0,86355.0,2025-03,Large
106292,2025-10-24,CUST00892,Mansoura,Delta,Smartphone,Electronics,4,14790.0,5,59160.0,56202.0,2025-10,Large
106293,2025-05-09,CUST00893,Tanta,Unknown,Wireless Mouse,Accessories,5,463.5,10,2317.5,2085.75,2025-05,Medium
106294,2025-12-22,CUST00894,Aswan,Unknown,Keyboard,Accessories,6,884.0,15,5304.0,4508.4,2025-12,Medium
106295,2025-07-07,CUST00895,Luxor,Unknown,Office Chair,Furniture,7,5460.0,20,38220.0,30576.0,2025-07,Large
106296,2025-02-20,CUST00896,Port Said,Unknown,Desk,Furniture,8,7844.0,0,62752.0,62752.0,2025-02,Large
106297,2025-09-05,CUST00897,Cairo,Greater Cairo,Headphones,Electronics,9,1926.0,5,17334.0,16467.3,2025-09,Large
106298,2025-04-18,CUST00898,Giza,Greater Cairo,Monitor,Electronics,10,9936.0,10,99360.0,89424.0,2025-04,Large
106299,2025-11-03,CUST00899,Alexandria,Coastal,Printer,Office Equipment,11,7412.0,15,81532.0,69302.2,2025-11,Large
106300,2025-06-16,CUST00900,Mansoura,Delta,Notebook Pack,Stationery,12,264.0,20,3168.0,2534.4,2025-06,Medium
106301,2025-01-01,CUST00901,Tanta,Unknown,Laptop,Electronics,1,25650.0,0,25650.0,25650.0,2025-01,Large
106302,2025-08-14,CUST00902,Aswan,Unknown,Smartphone,Electronics,2,13195.0,5,26390.0,25070.5,2025-08,Large
106303,2025-03-27,CUST00903,Luxor,Unknown,Wireless Mouse,Accessories,3,414.0,10,1242.0,1117.8,2025-03,Medium
106304,2025-10-12,CUST00904,Port Said,Unknown,Keyboard,Accessories,4,790.5,15,3162.0,2687.7,2025-10,Medium
106305,2025-05-25,CUST00905,Cairo,Greater Cairo,Office Chair,Furniture,5,4888.0,20,24440.0,19552.0,2025-05,Large
106306,2026-12-10,CUST00906,Unknown,Unknown,Desk,Furniture,6,7030.0,0,42180.0,42180.0,2026-12,Large
106307,2026-07-23,CUST00907,Alexandria,Coastal,Headphones,Electronics,7,1728.0,5,12096.0,11491.2,2026-07,Large
106308,2026-02-08,CUST00908,Mansoura,Delta,Monitor,Electronics,8,8924.0,10,71392.0,64252.8,2026-02,Large
106309,2026-09-21,CUST00909,Tanta,Unknown,Printer,Office Equipment,9,6664.0,15,59976.0,50979.6,2026-09,Large
106310,2026-04-06,CUST00910,Aswan,Unknown,Notebook Pack,Stationery,10,237.6,20,2376.0,1900.8,2026-04,Medium
106311,2026-11-19,CUST00911,Luxor,Unknown,Laptop,Electronics,11,28500.0,0,313500.0,313500.0,2026-11,Large
106312,2026-06-04,CUST00912,Port Said,Unknown,Smartphone,Electronics,12,14645.0,5,175740.0,166953.0,2026-06,Large
106313,2026-01-17,CUST00913,Cairo,Greater Cairo,Wireless Mouse,Accessories,1,459.0,10,459.0,413.1,2026-01,Small
106314,2026-08-02,CUST00914,Giza,Greater Cairo,Keyboard,Accessories,2,875.5,15,1751.0,1488.35,2026-08,Medium
106315,2026-03-15,CUST00915,Alexandria,Coastal,Office Chair,Furniture,3,5408.0,20,16224.0,12979.2,2026-03,Large
106316,2026-10-28,CUST00916,Mansoura,Delta,Desk,Furniture,4,7770.0,0,31080.0,31080.0,2026-10,Large
106317,2026-05-13,CUST00917,Tanta,Unknown,Headphones,Electronics,5,1908.0,5,9540.0,9063.0,2026-05,Medium
106318,2026-12-26,CUST00918,Aswan,Unknown,Monitor,Electronics,6,9844.0,10,59064.0,53157.6,2026-12,Large
106319,2026-07-11,CUST00919,Luxor,Unknown,Printer,Office Equipment,7,7344.0,15,51408.0,43696.8,2026-07,Large
106320,2026-02-24,CUST00920,Port Said,Unknown,Notebook Pack,Stationery,8,261.6,20,2092.8,1674.24,2026-02,Medium
106321,2026-09-09,CUST00921,Cairo,Greater Cairo,Laptop,Electronics,9,31350.0,0,282150.0,282150.0,2026-09,Large
106322,2026-04-22,CUST00922,Giza,Greater Cairo,Smartphone,Electronics,10,13050.0,5,130500.0,123975.0,2026-04,Large
106323,2026-11-07,CUST00923,Alexandria,Coastal,Wireless Mouse,Accessories,11,409.5,10,4504.5,4054.05,2026-11,Medium
106324,2026-06-20,CUST00924,Mansoura,Delta,Keyboard,Accessories,12,782.0,15,9384.0,7976.4,2026-06,Medium
106325,2026-01-05,CUST00925,Tanta,Unknown,Office Chair,Furniture,1,4836.0,20,4836.0,3868.8,2026-01,Medium
106326,2026-08-18,CUST00926,Aswan,Unknown,Desk,Furniture,2,6956.0,0,13912.0,13912.0,2026-08,Large
106327,2026-03-03,CUST00927,Luxor,Unknown,Headphones,Electronics,3,1710.0,5,5130.0,4873.5,2026-03,Medium
106328,2026-10-16,CUST00928,Port Said,Unknown,Monitor,Electronics,4,8832.0,10,35328.0,31795.2,2026-10,Large
106329,2026-05-01,CUST00929,Cairo,Greater Cairo,Printer,Office Equipment,5,6596.0,15,32980.0,28033.0,2026-05,Large
106330,2026-12-14,CUST00930,Giza,Greater Cairo,Notebook Pack,Stationery,6,235.2,20,1411.2,1128.96,2026-12,Medium
106331,2026-07-27,CUST00931,Alexandria,Coastal,Laptop,Electronics,7,28215.0,0,197505.0,197505.0,2026-07,Large
106332,2026-02-12,CUST00932,Mansoura,Delta,Smartphone,Electronics,8,14500.0,5,116000.0,110200.0,2026-02,Large
106333,2026-09-25,CUST00933,Tanta,Unknown,Wireless Mouse,Accessories,9,454.5,10,4090.5,3681.45,2026-09,Medium
106334,2026-04-10,CUST00934,Aswan,Unknown,Keyboard,Accessories,10,867.0,15,8670.0,7369.5,2026-04,Medium
106335,2026-11-23,CUST00935,Luxor,Unknown,Office Chair,Furniture,11,5356.0,20,58916.0,47132.8,2026-11,Large
106336,2026-06-08,CUST00936,Port Said,Unknown,Desk,Furniture,12,7696.0,0,92352.0,92352.0,2026-06,Large
106337,2026-01-21,CUST00937,Cairo,Greater Cairo,Headphones,Electronics,1,1890.0,5,1890.0,1795.5,2026-01,Medium
106338,2026-08-06,CUST00938,Giza,Greater Cairo,Monitor,Electronics,2,9752.0,10,19504.0,17553.6,2026-08,Large
106339,2026-03-19,CUST00939,Alexandria,Coastal,Printer,Office Equipment,3,7276.0,15,21828.0,18553.8,2026-03,Large
106340,2026-10-04,CUST00940,Mansoura,Delta,Notebook Pack,Stationery,4,259.2,20,1036.8,829.44,2026-10,Small
106341,2026-05-17,CUST00941,Tanta,Unknown,Laptop,Electronics,5,31065.0,0,155325.0,155325.0,2026-05,Large
106342,2026-12-02,CUST00942,Aswan,Unknown,Smartphone,Electronics,6,15950.0,5,95700.0,90915.0,2026-12,Large
106343,2026-07-15,CUST00943,Luxor,Unknown,Wireless Mouse,Accessories,7,405.0,10,2835.0,2551.5,2026-07,Medium
106344,2026-02-28,CUST00944,Port Said,Unknown,Keyboard,Accessories,8,773.5,15,6188.0,5259.8,2026-02,Medium
106345,2026-09-13,CUST00945,Cairo,Greater Cairo,Office Chair,Furniture,9,4784.0,20,43056.0,34444.8,2026-09,Large
106346,2026-04-26,CUST00946,Giza,Greater Cairo,Desk,Furniture,10,6882.0,0,68820.0,68820.0,2026-04,Large
106347,2026-11-11,CUST00947,Alexandria,Coastal,Headphones,Electronics,11,1692.0,5,18612.0,17681.4,2026-11,Large
106348,2026-06-24,CUST00948,Mansoura,Delta,Monitor,Electronics,12,8740.0,10,104880.0,94392.0,2026-06,Large
106349,2026-01-09,CUST00949,Tanta,Unknown,Printer,Office Equipment,1,6528.0,15,6528.0,5548.8,2026-01,Medium
106350,2026-08-22,CUST00950,Aswan,Unknown,Notebook Pack,Stationery,2,232.8,20,465.6,372.48,2026-08,Small
106351,2026-03-07,CUST00951,Luxor,Unknown,Laptop,Electronics,3,27930.0,0,83790.0,83790.0,2026-03,Large
106352,2026-10-20,CUST00952,Port Said,Unknown,Smartphone,Electronics,4,14355.0,5,57420.0,54549.0,2026-10,Large
106353,2026-05-05,CUST00953,Cairo,Greater Cairo,Wireless Mouse,Accessories,5,450.0,10,2250.0,2025.0,2026-05,Medium
106354,2026-12-18,CUST00954,Giza,Greater Cairo,Keyboard,Accessories,6,858.5,15,5151.0,4378.35,2026-12,Medium
106355,2026-07-03,CUST00955,Alexandria,Coastal,Office Chair,Furniture,7,5304.0,20,37128.0,29702.4,2026-07,Large
106356,2026-02-16,CUST00956,Mansoura,Delta,Desk,Furniture,8,7622.0,0,60976.0,60976.0,2026-02,Large
106357,2026-09-01,CUST00957,Tanta,Unknown,Headphones,Electronics,9,1872.0,5,16848.0,16005.6,2026-09,Large
106358,2026-04-14,CUST00958,Aswan,Unknown,Monitor,Electronics,10,9660.0,10,96600.0,86940.0,2026-04,Large
106359,2026-11-27,CUST00959,Luxor,Unknown,Printer,Office Equipment,11,7208.0,15,79288.0,67394.8,2026-11,Large
106360,2026-06-12,CUST00960,Port Said,Unknown,Notebook Pack,Stationery,12,256.8,20,3081.6,2465.28,2026-06,Medium
106361,2026-01-25,CUST00961,Cairo,Greater Cairo,Laptop,Electronics,1,30780.0,0,30780.0,30780.0,2026-01,Large
106362,2026-08-10,CUST00962,Giza,Greater Cairo,Smartphone,Electronics,2,15805.0,5,31610.0,30029.5,2026-08,Large
106363,2026-03-23,CUST00963,Alexandria,Coastal,Wireless Mouse,Accessories,3,495.0,10,1485.0,1336.5,2026-03,Medium
106364,2026-10-08,CUST00964,Mansoura,Delta,Keyboard,Accessories,4,765.0,15,3060.0,2601.0,2026-10,Medium
106365,2026-05-21,CUST00965,Tanta,Unknown,Office Chair,Furniture,5,4732.0,20,23660.0,18928.0,2026-05,Large
106366,2026-12-06,CUST00966,Aswan,Unknown,Desk,Furniture,6,6808.0,0,40848.0,40848.0,2026-12,Large
106367,2026-07-19,CUST00967,Luxor,Unknown,Headphones,Electronics,7,1674.0,5,11718.0,11132.1,2026-07,Large
106368,2026-02-04,CUST00968,Port Said,Unknown,Monitor,Electronics,8,8648.0,10,69184.0,62265.6,2026-02,Large
106369,2026-09-17,CUST00969,Cairo,Greater Cairo,Printer,Office Equipment,9,6460.0,15,58140.0,49419.0,2026-09,Large
106370,2026-04-02,CUST00970,Giza,Greater Cairo,Notebook Pack,Stationery,10,230.4,20,2304.0,1843.2,2026-04,Medium
106371,2026-11-15,CUST00971,Alexandria,Coastal,Laptop,Electronics,11,27645.0,0,304095.0,304095.0,2026-11,Large
106372,2026-06-28,CUST00972,Mansoura,Delta,Smartphone,Electronics,12,14210.0,5,170520.0,161994.0,2026-06,Large
106373,2026-01-13,CUST00973,Tanta,Unknown,Wireless Mouse,Accessories,1,445.5,10,445.5,400.95,2026-01,Small
106374,2026-08-26,CUST00974,Aswan,Unknown,Keyboard,Accessories,2,850.0,15,1700.0,1445.0,2026-08,Medium
106375,2026-03-11,CUST00975,Luxor,Unknown,Office Chair,Furniture,3,5252.0,20,15756.0,12604.8,2026-03,Large
106376,2026-10-24,CUST00976,Port Said,Unknown,Desk,Furniture,4,7548.0,0,30192.0,30192.0,2026-10,Large
106377,2026-05-09,CUST00977,Cairo,Greater Cairo,Headphones,Electronics,5,1854.0,5,9270.0,8806.5,2026-05,Medium
106378,2026-12-22,CUST00978,Giza,Greater Cairo,Monitor,Electronics,6,9568.0,10,57408.0,51667.2,2026-12,Large
106379,2026-07-07,CUST00979,Alexandria,Coastal,Printer,Office Equipment,7,7140.0,15,49980.0,42483.0,2026-07,Large
106380,2026-02-20,CUST00980,Mansoura,Delta,Notebook Pack,Stationery,8,254.4,20,2035.2,1628.16,2026-02,Medium
106381,2026-09-05,CUST00981,Tanta,Unknown,Laptop,Electronics,9,30495.0,0,274455.0,274455.0,2026-09,Large
106382,2026-04-18,CUST00982,Aswan,Unknown,Smartphone,Electronics,10,15660.0,5,156600.0,148770.0,2026-04,Large
106383,2026-11-03,CUST00983,Luxor,Unknown,Wireless Mouse,Accessories,11,490.5,10,5395.5,4855.95,2026-11,Medium
106384,2026-06-16,CUST00984,Port Said,Unknown,Keyboard,Accessories,12,935.0,15,11220.0,9537.0,2026-06,Medium
106385,2026-01-01,CUST00985,Cairo,Greater Cairo,Office Chair,Furniture,1,4680.0,20,4680.0,3744.0,2026-01,Medium
106386,2026-08-14,CUST00986,Giza,Greater Cairo,Desk,Furniture,2,6734.0,0,13468.0,13468.0,2026-08,Large
106387,2026-03-27,CUST00987,Alexandria,Coastal,Headphones,Electronics,3,1656.0,5,4968.0,4719.6,2026-03,Medium
106388,2026-10-12,CUST00988,Mansoura,Delta,Monitor,Electronics,4,8556.0,10,34224.0,30801.6,2026-10,Large
106389,2026-05-25,CUST00989,Tanta,Unknown,Printer,Office Equipment,5,6392.0,15,31960.0,27166.0,2026-05,Large
106390,2026-12-10,CUST00990,Aswan,Unknown,Notebook Pack,Stationery,6,228.0,20,1368.0,1094.4,2026-12,Medium
106391,2026-07-23,CUST00991,Luxor,Unknown,Laptop,Electronics,7,27360.0,0,191520.0,191520.0,2026-07,Large
106392,2026-02-08,CUST00992,Port Said,Unknown,Smartphone,Electronics,8,14065.0,5,112520.0,106894.0,2026-02,Large
106393,2026-09-21,CUST00993,Cairo,Greater Cairo,Wireless Mouse,Accessories,9,441.0,10,3969.0,3572.1,2026-09,Medium
106394,2026-04-06,CUST00994,Giza,Greater Cairo,Keyboard,Accessories,10,841.5,15,8415.0,7152.75,2026-04,Medium
106395,2026-11-19,CUST00995,Alexandria,Coastal,Office Chair,Furniture,11,5200.0,20,57200.0,45760.0,2026-11,Large
106396,2026-06-04,CUST00996,Mansoura,Delta,Desk,Furniture,12,7474.0,0,89688.0,89688.0,2026-06,Large
106397,2026-01-17,CUST00997,Tanta,Unknown,Headphones,Electronics,1,1836.0,5,1836.0,1744.2,2026-01,Medium
106398,2026-08-02,CUST00998,Aswan,Unknown,Monitor,Electronics,2,9476.0,10,18952.0,17056.8,2026-08,Large
106399,2026-03-15,CUST00999,Luxor,Unknown,Printer,Office Equipment,3,7072.0,15,21216.0,18033.6,2026-03,Large
106400,2026-10-28,CUST01000,Port Said,Unknown,Notebook Pack,Stationery,4,252.0,20,1008.0,806.4,2026-10,Small
106401,2026-05-13,CUST01001,Cairo,Greater Cairo,Laptop,Electronics,5,30210.0,0,151050.0,151050.0,2026-05,Large
106402,2026-12-26,CUST01002,Giza,Greater Cairo,Smartphone,Electronics,6,15515.0,5,93090.0,88435.5,2026-12,Large
106403,2026-07-11,CUST01003,Unknown,Unknown,Wireless Mouse,Accessories,7,486.0,10,3402.0,3061.8,2026-07,Medium
106404,2026-02-24,CUST01004,Mansoura,Delta,Keyboard,Accessories,8,926.5,15,7412.0,6300.2,2026-02,Medium
106405,2026-09-09,CUST01005,Tanta,Unknown,Office Chair,Furniture,9,5720.0,20,51480.0,41184.0,2026-09,Large
106406,2026-04-22,CUST01006,Aswan,Unknown,Desk,Furniture,10,6660.0,0,66600.0,66600.0,2026-04,Large
106407,2026-11-07,CUST01007,Luxor,Unknown,Headphones,Electronics,11,1638.0,5,18018.0,17117.1,2026-11,Large
106408,2026-06-20,CUST01008,Port Said,Unknown,Monitor,Electronics,12,8464.0,10,101568.0,91411.2,2026-06,Large
106409,2026-01-05,CUST01009,Cairo,Greater Cairo,Printer,Office Equipment,1,6324.0,15,6324.0,5375.4,2026-01,Medium
106410,2026-08-18,CUST01010,Giza,Greater Cairo,Notebook Pack,Stationery,2,225.6,20,451.2,360.96,2026-08,Small
106411,2026-03-03,CUST01011,Alexandria,Coastal,Laptop,Electronics,3,27075.0,0,81225.0,81225.0,2026-03,Large
106412,2026-10-16,CUST01012,Mansoura,Delta,Smartphone,Electronics,4,13920.0,5,55680.0,52896.0,2026-10,Large
106413,2026-05-01,CUST01013,Tanta,Unknown,Wireless Mouse,Accessories,5,436.5,10,2182.5,1964.25,2026-05,Medium
106414,2026-12-14,CUST01014,Aswan,Unknown,Keyboard,Accessories,6,833.0,15,4998.0,4248.3,2026-12,Medium
106415,2026-07-27,CUST01015,Luxor,Unknown,Office Chair,Furniture,7,5148.0,20,36036.0,28828.8,2026-07,Large
106416,2026-02-12,CUST01016,Port Said,Unknown,Desk,Furniture,8,7400.0,0,59200.0,59200.0,2026-02,Large
106417,2026-09-25,CUST01017,Cairo,Greater Cairo,Headphones,Electronics,9,1818.0,5,16362.0,15543.9,2026-09,Large
106418,2026-04-10,CUST01018,Giza,Greater Cairo,Monitor,Electronics,10,9384.0,10,93840.0,84456.0,2026-04,Large
106419,2026-11-23,CUST01019,Alexandria,Coastal,Printer,Office Equipment,11,7004.0,15,77044.0,65487.4,2026-11,Large
106420,2026-06-08,CUST01020,Mansoura,Delta,Notebook Pack,Stationery,12,249.6,20,2995.2,2396.16,2026-06,Medium
106421,2026-01-21,CUST01021,Tanta,Unknown,Laptop,Electronics,1,29925.0,0,29925.0,29925.0,2026-01,Large
106422,2026-08-06,CUST01022,Aswan,Unknown,Smartphone,Electronics,2,15370.0,5,30740.0,29203.0,2026-08,Large
106423,2026-03-19,CUST01023,Luxor,Unknown,Wireless Mouse,Accessories,3,481.5,10,1444.5,1300.05,2026-03,Medium
106424,2026-10-04,CUST01024,Port Said,Unknown,Keyboard,Accessories,4,918.0,15,3672.0,3121.2,2026-10,Medium
106425,2026-05-17,CUST01025,Cairo,Greater Cairo,Office Chair,Furniture,5,5668.0,20,28340.0,22672.0,2026-05,Large
106426,2026-12-02,CUST01026,Giza,Greater Cairo,Desk,Furniture,6,8140.0,0,48840.0,48840.0,2026-12,Large
106427,2026-07-15,CUST01027,Alexandria,Coastal,Headphones,Electronics,7,1620.0,5,11340.0,10773.0,2026-07,Large
106428,2026-02-28,CUST01028,Mansoura,Delta,Monitor,Electronics,8,8372.0,10,66976.0,60278.4,2026-02,Large
106429,2026-09-13,CUST01029,Tanta,Unknown,Printer,Office Equipment,9,6256.0,15,56304.0,47858.4,2026-09,Large
106430,2026-04-26,CUST01030,Aswan,Unknown,Notebook Pack,Stationery,10,223.2,20,2232.0,1785.6,2026-04,Medium
106431,2026-11-11,CUST01031,Luxor,Unknown,Laptop,Electronics,11,26790.0,0,294690.0,294690.0,2026-11,Large
106432,2026-06-24,CUST01032,Port Said,Unknown,Smartphone,Electronics,12,13775.0,5,165300.0,157035.0,2026-06,Large
106433,2026-01-09,CUST01033,Cairo,Greater Cairo,Wireless Mouse,Accessories,1,432.0,10,432.0,388.8,2026-01,Small
106434,2026-08-22,CUST01034,Giza,Greater Cairo,Keyboard,Accessories,2,824.5,15,1649.0,1401.65,2026-08,Medium
106435,2026-03-07,CUST01035,Alexandria,Coastal,Office Chair,Furniture,3,5096.0,20,15288.0,12230.4,2026-03,Large
106436,2026-10-20,CUST01036,Mansoura,Delta,Desk,Furniture,4,7326.0,0,29304.0,29304.0,2026-10,Large
106437,2026-05-05,CUST01037,Tanta,Unknown,Headphones,Electronics,5,1800.0,5,9000.0,8550.0,2026-05,Medium
106438,2026-12-18,CUST01038,Aswan,Unknown,Monitor,Electronics,6,9292.0,10,55752.0,50176.8,2026-12,Large
106439,2026-07-03,CUST01039,Luxor,Unknown,Printer,Office Equipment,7,6936.0,15,48552.0,41269.2,2026-07,Large
106440,2026-02-16,CUST01040,Port Said,Unknown,Notebook Pack,Stationery,8,247.2,20,1977.6,1582.08,2026-02,Medium
106441,2026-09-01,CUST01041,Cairo,Greater Cairo,Laptop,Electronics,9,29640.0,0,266760.0,266760.0,2026-09,Large
106442,2026-04-14,CUST01042,Giza,Greater Cairo,Smartphone,Electronics,10,15225.0,5,152250.0,144637.5,2026-04,Large
106443,2026-11-27,CUST01043,Alexandria,Coastal,Wireless Mouse,Accessories,11,477.0,10,5247.0,4722.3,2026-11,Medium
106444,2026-06-12,CUST01044,Mansoura,Delta,Keyboard,Accessories,12,909.5,15,10914.0,9276.9,2026-06,Medium
106445,2026-01-25,CUST01045,Tanta,Unknown,Office Chair,Furniture,1,5616.0,20,5616.0,4492.8,2026-01,Medium
106446,2026-08-10,CUST01046,Aswan,Unknown,Desk,Furniture,2,8066.0,0,16132.0,16132.0,2026-08,Large
106447,2026-03-23,CUST01047,Luxor,Unknown,Headphones,Electronics,3,1980.0,5,5940.0,5643.0,2026-03,Medium
106448,2026-10-08,CUST01048,Port Said,Unknown,Monitor,Electronics,4,8280.0,10,33120.0,29808.0,2026-10,Large
106449,2026-05-21,CUST01049,Cairo,Greater Cairo,Printer,Office Equipment,5,6188.0,15,30940.0,26299.0,2026-05,Large
106450,2026-12-06,CUST01050,Giza,Greater Cairo,Notebook Pack,Stationery,6,220.8,20,1324.8,1059.84,2026-12,Medium
106451,2026-07-19,CUST01051,Alexandria,Coastal,Laptop,Electronics,7,26505.0,0,185535.0,185535.0,2026-07,Large
106452,2026-02-04,CUST01052,Mansoura,Delta,Smartphone,Electronics,8,13630.0,5,109040.0,103588.0,2026-02,Large
106453,2026-09-17,CUST01053,Tanta,Unknown,Wireless Mouse,Accessories,9,427.5,10,3847.5,3462.75,2026-09,Medium
106454,2026-04-02,CUST01054,Aswan,Unknown,Keyboard,Accessories,10,816.0,15,8160.0,6936.0,2026-04,Medium
106455,2026-11-15,CUST01055,Luxor,Unknown,Office Chair,Furniture,11,5044.0,20,55484.0,44387.2,2026-11,Large
106456,2026-06-28,CUST01056,Port Said,Unknown,Desk,Furniture,12,7252.0,0,87024.0,87024.0,2026-06,Large
106457,2026-01-13,CUST01057,Cairo,Greater Cairo,Headphones,Electronics,1,1782.0,5,1782.0,1692.9,2026-01,Medium
106458,2026-08-26,CUST01058,Giza,Greater Cairo,Monitor,Electronics,2,9200.0,10,18400.0,16560.0,2026-08,Large
106459,2026-03-11,CUST01059,Alexandria,Coastal,Printer,Office Equipment,3,6868.0,15,20604.0,17513.4,2026-03,Large
106460,2026-10-24,CUST01060,Mansoura,Delta,Notebook Pack,Stationery,4,244.8,20,979.2,783.36,2026-10,Small
106461,2026-05-09,CUST01061,Tanta,Unknown,Laptop,Electronics,5,29355.0,0,146775.0,146775.0,2026-05,Large
106462,2026-12-22,CUST01062,Aswan,Unknown,Smartphone,Electronics,6,15080.0,5,90480.0,85956.0,2026-12,Large
106463,2026-07-07,CUST01063,Luxor,Unknown,Wireless Mouse,Accessories,7,472.5,10,3307.5,2976.75,2026-07,Medium
106464,2026-02-20,CUST01064,Port Said,Unknown,Keyboard,Accessories,8,901.0,15,7208.0,6126.8,2026-02,Medium
106465,2026-09-05,CUST01065,Cairo,Greater Cairo,Office Chair,Furniture,9,5564.0,20,50076.0,40060.8,2026-09,Large
106466,2026-04-18,CUST01066,Giza,Greater Cairo,Desk,Furniture,10,7992.0,0,79920.0,79920.0,2026-04,Large
106467,2026-11-03,CUST01067,Alexandria,Coastal,Headphones,Electronics,11,1962.0,5,21582.0,20502.9,2026-11,Large
106468,2026-06-16,CUST01068,Mansoura,Delta,Monitor,Electronics,12,10120.0,10,121440.0,109296.0,2026-06,Large
106469,2026-01-01,CUST01069,Tanta,Unknown,Printer,Office Equipment,1,6120.0,15,6120.0,5202.0,2026-01,Medium
106470,2026-08-14,CUST01070,Aswan,Unknown,Notebook Pack,Stationery,2,218.4,20,436.8,349.44,2026-08,Small
106471,2026-03-27,CUST01071,Luxor,Unknown,Laptop,Electronics,3,26220.0,0,78660.0,78660.0,2026-03,Large
106472,2026-10-12,CUST01072,Port Said,Unknown,Smartphone,Electronics,4,13485.0,5,53940.0,51243.0,2026-10,Large
106473,2026-05-25,CUST01073,Cairo,Greater Cairo,Wireless Mouse,Accessories,5,423.0,10,2115.0,1903.5,2026-05,Medium
106474,2026-12-10,CUST01074,Giza,Greater Cairo,Keyboard,Accessories,6,807.5,15,4845.0,4118.25,2026-12,Medium
106475,2026-07-23,CUST01075,Alexandria,Coastal,Office Chair,Furniture,7,4992.0,20,34944.0,27955.2,2026-07,Large
106476,2026-02-08,CUST01076,Mansoura,Delta,Desk,Furniture,8,7178.0,0,57424.0,57424.0,2026-02,Large
106477,2026-09-21,CUST01077,Tanta,Unknown,Headphones,Electronics,9,1764.0,5,15876.0,15082.2,2026-09,Large
106478,2026-04-06,CUST01078,Aswan,Unknown,Monitor,Electronics,10,9108.0,10,91080.0,81972.0,2026-04,Large
106479,2026-11-19,CUST01079,Luxor,Unknown,Printer,Office Equipment,11,6800.0,15,74800.0,63580.0,2026-11,Large
106480,2026-06-04,CUST01080,Port Said,Unknown,Notebook Pack,Stationery,12,242.4,20,2908.8,2327.04,2026-06,Medium
106481,2025-01-17,CUST01081,Cairo,Greater Cairo,Laptop,Electronics,1,29070.0,0,29070.0,29070.0,2025-01,Large
106482,2025-08-02,CUST01082,Giza,Greater Cairo,Smartphone,Electronics,2,14935.0,5,29870.0,28376.5,2025-08,Large
106483,2025-03-15,CUST01083,Alexandria,Coastal,Wireless Mouse,Accessories,3,468.0,10,1404.0,1263.6,2025-03,Medium
106484,2025-10-28,CUST01084,Mansoura,Delta,Keyboard,Accessories,4,892.5,15,3570.0,3034.5,2025-10,Medium
106485,2025-05-13,CUST01085,Tanta,Unknown,Office Chair,Furniture,5,5512.0,20,27560.0,22048.0,2025-05,Large
106486,2025-12-26,CUST01086,Aswan,Unknown,Desk,Furniture,6,7918.0,0,47508.0,47508.0,2025-12,Large
106487,2025-07-11,CUST01087,Luxor,Unknown,Headphones,Electronics,7,1944.0,5,13608.0,12927.6,2025-07,Large
106488,2025-02-24,CUST01088,Port Said,Unknown,Monitor,Electronics,8,10028.0,10,80224.0,72201.6,2025-02,Large
106489,2025-09-09,CUST01089,Cairo,Greater Cairo,Printer,Office Equipment,9,7480.0,15,67320.0,57222.0,2025-09,Large
106490,2025-04-22,CUST01090,Giza,Greater Cairo,Notebook Pack,Stationery,10,216.0,20,2160.0,1728.0,2025-04,Medium
106491,2025-11-07,CUST01091,Alexandria,Coastal,Laptop,Electronics,11,25935.0,0,285285.0,285285.0,2025-11,Large
106492,2025-06-20,CUST01092,Mansoura,Delta,Smartphone,Electronics,12,13340.0,5,160080.0,152076.0,2025-06,Large
106493,2025-01-05,CUST01093,Tanta,Unknown,Wireless Mouse,Accessories,1,418.5,10,418.5,376.65,2025-01,Small
106494,2025-08-18,CUST01094,Aswan,Unknown,Keyboard,Accessories,2,799.0,15,1598.0,1358.3,2025-08,Medium
106495,2025-03-03,CUST01095,Luxor,Unknown,Office Chair,Furniture,3,4940.0,20,14820.0,11856.0,2025-03,Large
106496,2025-10-16,CUST01096,Port Said,Unknown,Desk,Furniture,4,7104.0,0,28416.0,28416.0,2025-10,Large
106497,2025-05-01,CUST01097,Cairo,Greater Cairo,Headphones,Electronics,5,1746.0,5,8730.0,8293.5,2025-05,Medium
106498,2025-12-14,CUST01098,Giza,Greater Cairo,Monitor,Electronics,6,9016.0,10,54096.0,48686.4,2025-12,Large
106499,2025-07-27,CUST01099,Alexandria,Coastal,Printer,Office Equipment,7,6732.0,15,47124.0,40055.4,2025-07,Large
106500,2025-02-12,CUST01100,Unknown,Unknown,Notebook Pack,Stationery,8,240.0,20,1920.0,1536.0,2025-02,Medium
106501,2025-09-25,CUST01101,Tanta,Unknown,Laptop,Electronics,9,28785.0,0,259065.0,259065.0,2025-09,Large
106502,2025-04-10,CUST01102,Aswan,Unknown,Smartphone,Electronics,10,14790.0,5,147900.0,140505.0,2025-04,Large
106503,2025-11-23,CUST01103,Luxor,Unknown,Wireless Mouse,Accessories,11,463.5,10,5098.5,4588.65,2025-11,Medium
106504,2025-06-08,CUST01104,Port Said,Unknown,Keyboard,Accessories,12,884.0,15,10608.0,9016.8,2025-06,Medium
106505,2025-01-21,CUST01105,Cairo,Greater Cairo,Office Chair,Furniture,1,5460.0,20,5460.0,4368.0,2025-01,Medium
106506,2025-08-06,CUST01106,Giza,Greater Cairo,Desk,Furniture,2,7844.0,0,15688.0,15688.0,2025-08,Large
106507,2025-03-19,CUST01107,Alexandria,Coastal,Headphones,Electronics,3,1926.0,5,5778.0,5489.1,2025-03,Medium
106508,2025-10-04,CUST01108,Mansoura,Delta,Monitor,Electronics,4,9936.0,10,39744.0,35769.6,2025-10,Large
106509,2025-05-17,CUST01109,Tanta,Unknown,Printer,Office Equipment,5,7412.0,15,37060.0,31501.0,2025-05,Large
106510,2025-12-02,CUST01110,Aswan,Unknown,Notebook Pack,Stationery,6,264.0,20,1584.0,1267.2,2025-12,Medium
106511,2025-07-15,CUST01111,Luxor,Unknown,Laptop,Electronics,7,25650.0,0,179550.0,179550.0,2025-07,Large
106512,2025-02-28,CUST01112,Port Said,Unknown,Smartphone,Electronics,8,13195.0,5,105560.0,100282.0,2025-02,Large
106513,2025-09-13,CUST01113,Cairo,Greater Cairo,Wireless Mouse,Accessories,9,414.0,10,3726.0,3353.4,2025-09,Medium
106514,2025-04-26,CUST01114,Giza,Greater Cairo,Keyboard,Accessories,10,790.5,15,7905.0,6719.25,2025-04,Medium
106515,2025-11-11,CUST01115,Alexandria,Coastal,Office Chair,Furniture,11,4888.0,20,53768.0,43014.4,2025-11,Large
106516,2025-06-24,CUST01116,Mansoura,Delta,Desk,Furniture,12,7030.0,0,84360.0,84360.0,2025-06,Large
106517,2025-01-09,CUST01117,Tanta,Unknown,Headphones,Electronics,1,1728.0,0,1728.0,1728.0,2025-01,Medium
106518,2025-08-22,CUST01118,Aswan,Unknown,Monitor,Electronics,2,8924.0,10,17848.0,16063.2,2025-08,Large
106519,2025-03-07,CUST01119,Luxor,Unknown,Printer,Office Equipment,3,6664.0,15,19992.0,16993.2,2025-03,Large
106520,2025-10-20,CUST01120,Port Said,Unknown,Notebook Pack,Stationery,4,237.6,20,950.4,760.32,2025-10,Small
106521,2025-05-05,CUST01121,Cairo,Greater Cairo,Laptop,Electronics,5,28500.0,0,142500.0,142500.0,2025-05,Large
106522,2025-12-18,CUST01122,Giza,Greater Cairo,Smartphone,Electronics,6,14645.0,5,87870.0,83476.5,2025-12,Large
106523,2025-07-03,CUST01123,Alexandria,Coastal,Wireless Mouse,Accessories,7,459.0,10,3213.0,2891.7,2025-07,Medium
106524,2025-02-16,CUST01124,Mansoura,Delta,Keyboard,Accessories,8,875.5,15,7004.0,5953.4,2025-02,Medium
106525,2025-09-01,CUST01125,Tanta,Unknown,Office Chair,Furniture,9,5408.0,20,48672.0,38937.6,2025-09,Large
106526,2025-04-14,CUST01126,Aswan,Unknown,Desk,Furniture,10,7770.0,0,77700.0,77700.0,2025-04,Large
106527,2025-11-27,CUST01127,Luxor,Unknown,Headphones,Electronics,11,1908.0,5,20988.0,19938.6,2025-11,Large
106528,2025-06-12,CUST01128,Port Said,Unknown,Monitor,Electronics,12,9844.0,10,118128.0,106315.2,2025-06,Large
106529,2025-01-25,CUST01129,Cairo,Greater Cairo,Printer,Office Equipment,1,7344.0,15,7344.0,6242.4,2025-01,Medium
106530,2025-08-10,CUST01130,Giza,Greater Cairo,Notebook Pack,Stationery,2,261.6,20,523.2,418.56,2025-08,Small
106531,2025-03-23,CUST01131,Alexandria,Coastal,Laptop,Electronics,3,31350.0,0,94050.0,94050.0,2025-03,Large
106532,2025-10-08,CUST01132,Mansoura,Delta,Smartphone,Electronics,4,13050.0,5,52200.0,49590.0,2025-10,Large
106533,2025-05-21,CUST01133,Tanta,Unknown,Wireless Mouse,Accessories,5,409.5,10,2047.5,1842.75,2025-05,Medium
106534,2025-12-06,CUST01134,Aswan,Unknown,Keyboard,Accessories,6,782.0,15,4692.0,3988.2,2025-12,Medium
106535,2025-07-19,CUST01135,Luxor,Unknown,Office Chair,Furniture,7,4836.0,20,33852.0,27081.6,2025-07,Large
106536,2025-02-04,CUST01136,Port Said,Unknown,Desk,Furniture,8,6956.0,0,55648.0,55648.0,2025-02,Large
106537,2025-09-17,CUST01137,Cairo,Greater Cairo,Headphones,Electronics,9,1710.0,5,15390.0,14620.5,2025-09,Large
106538,2025-04-02,CUST01138,Giza,Greater Cairo,Monitor,Electronics,10,8832.0,10,88320.0,79488.0,2025-04,Large
106539,2025-11-15,CUST01139,Alexandria,Coastal,Printer,Office Equipment,11,6596.0,15,72556.0,61672.6,2025-11,Large
106540,2025-06-28,CUST01140,Mansoura,Delta,Notebook Pack,Stationery,12,235.2,20,2822.4,2257.92,2025-06,Medium
106541,2025-01-13,CUST01141,Tanta,Unknown,Laptop,Electronics,1,28215.0,0,28215.0,28215.0,2025-01,Large
106542,2025-08-26,CUST01142,Aswan,Unknown,Smartphone,Electronics,2,14500.0,5,29000.0,27550.0,2025-08,Large
106543,2025-03-11,CUST01143,Luxor,Unknown,Wireless Mouse,Accessories,3,454.5,10,1363.5,1227.15,2025-03,Medium
106544,2025-10-24,CUST01144,Port Said,Unknown,Keyboard,Accessories,4,867.0,15,3468.0,2947.8,2025-10,Medium
106545,2025-05-09,CUST01145,Cairo,Greater Cairo,Office Chair,Furniture,5,5356.0,20,26780.0,21424.0,2025-05,Large
106546,2025-12-22,CUST01146,Giza,Greater Cairo,Desk,Furniture,6,7696.0,0,46176.0,46176.0,2025-12,Large
106547,2025-07-07,CUST01147,Alexandria,Coastal,Headphones,Electronics,7,1890.0,5,13230.0,12568.5,2025-07,Large
106548,2025-02-20,CUST01148,Mansoura,Delta,Monitor,Electronics,8,9752.0,10,78016.0,70214.4,2025-02,Large
106549,2025-09-05,CUST01149,Tanta,Unknown,Printer,Office Equipment,9,7276.0,15,65484.0,55661.4,2025-09,Large
106550,2025-04-18,CUST01150,Aswan,Unknown,Notebook Pack,Stationery,10,259.2,20,2592.0,2073.6,2025-04,Medium
106551,2025-11-03,CUST01151,Luxor,Unknown,Laptop,Electronics,11,31065.0,0,341715.0,341715.0,2025-11,Large
106552,2025-06-16,CUST01152,Port Said,Unknown,Smartphone,Electronics,12,15950.0,5,191400.0,181830.0,2025-06,Large
106553,2025-01-01,CUST01153,Cairo,Greater Cairo,Wireless Mouse,Accessories,1,405.0,10,405.0,364.5,2025-01,Small
106554,2025-08-14,CUST01154,Giza,Greater Cairo,Keyboard,Accessories,2,773.5,15,1547.0,1314.95,2025-08,Medium
106555,2025-03-27,CUST01155,Alexandria,Coastal,Office Chair,Furniture,3,4784.0,20,14352.0,11481.6,2025-03,Large
106556,2025-10-12,CUST01156,Mansoura,Delta,Desk,Furniture,4,6882.0,0,27528.0,27528.0,2025-10,Large
106557,2025-05-25,CUST01157,Tanta,Unknown,Headphones,Electronics,5,1692.0,5,8460.0,8037.0,2025-05,Medium
106558,2025-12-10,CUST01158,Aswan,Unknown,Monitor,Electronics,6,8740.0,10,52440.0,47196.0,2025-12,Large
106559,2025-07-23,CUST01159,Luxor,Unknown,Printer,Office Equipment,7,6528.0,15,45696.0,38841.6,2025-07,Large
106560,2025-02-08,CUST01160,Port Said,Unknown,Notebook Pack,Stationery,8,232.8,20,1862.4,1489.92,2025-02,Medium
106561,2025-09-21,CUST01161,Cairo,Greater Cairo,Laptop,Electronics,9,27930.0,0,251370.0,251370.0,2025-09,Large
106562,2025-04-06,CUST01162,Giza,Greater Cairo,Smartphone,Electronics,10,14355.0,5,143550.0,136372.5,2025-04,Large
106563,2025-11-19,CUST01163,Alexandria,Coastal,Wireless Mouse,Accessories,11,450.0,10,4950.0,4455.0,2025-11,Medium
106564,2025-06-04,CUST01164,Mansoura,Delta,Keyboard,Accessories,12,858.5,15,10302.0,8756.7,2025-06,Medium
106565,2025-01-17,CUST01165,Tanta,Unknown,Office Chair,Furniture,1,5304.0,20,5304.0,4243.2,2025-01,Medium
106566,2025-08-02,CUST01166,Aswan,Unknown,Desk,Furniture,2,7622.0,0,15244.0,15244.0,2025-08,Large
106567,2025-03-15,CUST01167,Luxor,Unknown,Headphones,Electronics,3,1872.0,5,5616.0,5335.2,2025-03,Medium
106568,2025-10-28,CUST01168,Port Said,Unknown,Monitor,Electronics,4,9660.0,10,38640.0,34776.0,2025-10,Large
106569,2025-05-13,CUST01169,Cairo,Greater Cairo,Printer,Office Equipment,5,7208.0,15,36040.0,30634.0,2025-05,Large
106570,2025-12-26,CUST01170,Giza,Greater Cairo,Notebook Pack,Stationery,6,256.8,20,1540.8,1232.64,2025-12,Medium
106571,2025-07-11,CUST01171,Alexandria,Coastal,Laptop,Electronics,7,30780.0,0,215460.0,215460.0,2025-07,Large
106572,2025-02-24,CUST01172,Mansoura,Delta,Smartphone,Electronics,8,15805.0,5,126440.0,120118.0,2025-02,Large
106573,2025-09-09,CUST01173,Tanta,Unknown,Wireless Mouse,Accessories,9,495.0,10,4455.0,4009.5,2025-09,Medium
106574,2025-04-22,CUST01174,Aswan,Unknown,Keyboard,Accessories,10,765.0,15,7650.0,6502.5,2025-04,Medium
106575,2025-11-07,CUST01175,Luxor,Unknown,Office Chair,Furniture,11,4732.0,20,52052.0,41641.6,2025-11,Large
106576,2025-06-20,CUST01176,Port Said,Unknown,Desk,Furniture,12,6808.0,0,81696.0,81696.0,2025-06,Large
106577,2025-01-05,CUST01177,Cairo,Greater Cairo,Headphones,Electronics,1,1674.0,5,1674.0,1590.3,2025-01,Medium
106578,2025-08-18,CUST01178,Giza,Greater Cairo,Monitor,Electronics,2,8648.0,10,17296.0,15566.4,2025-08,Large
106579,2025-03-03,CUST01179,Alexandria,Coastal,Printer,Office Equipment,3,6460.0,15,19380.0,16473.0,2025-03,Large
106580,2025-10-16,CUST01180,Mansoura,Delta,Notebook Pack,Stationery,4,230.4,20,921.6,737.28,2025-10,Small
106581,2025-05-01,CUST01181,Tanta,Unknown,Laptop,Electronics,5,27645.0,0,138225.0,138225.0,2025-05,Large
106582,2025-12-14,CUST01182,Aswan,Unknown,Smartphone,Electronics,6,14210.0,5,85260.0,80997.0,2025-12,Large
106583,2025-07-27,CUST01183,Luxor,Unknown,Wireless Mouse,Accessories,7,445.5,10,3118.5,2806.65,2025-07,Medium
106584,2025-02-12,CUST01184,Port Said,Unknown,Keyboard,Accessories,8,850.0,15,6800.0,5780.0,2025-02,Medium
106585,2025-09-25,CUST01185,Cairo,Greater Cairo,Office Chair,Furniture,9,5252.0,20,47268.0,37814.4,2025-09,Large
106586,2025-04-10,CUST01186,Giza,Greater Cairo,Desk,Furniture,10,7548.0,0,75480.0,75480.0,2025-04,Large
106587,2025-11-23,CUST01187,Alexandria,Coastal,Headphones,Electronics,11,1854.0,5,20394.0,19374.3,2025-11,Large
106588,2025-06-08,CUST01188,Mansoura,Delta,Monitor,Electronics,12,9568.0,10,114816.0,103334.4,2025-06,Large
106589,2025-01-21,CUST01189,Tanta,Unknown,Printer,Office Equipment,1,7140.0,15,7140.0,6069.0,2025-01,Medium
106590,2025-08-06,CUST01190,Aswan,Unknown,Notebook Pack,Stationery,2,254.4,20,508.8,407.04,2025-08,Small
106591,2025-03-19,CUST01191,Luxor,Unknown,Laptop,Electronics,3,30495.0,0,91485.0,91485.0,2025-03,Large
106592,2025-10-04,CUST01192,Port Said,Unknown,Smartphone,Electronics,4,15660.0,5,62640.0,59508.0,2025-10,Large
106593,2025-05-17,CUST01193,Cairo,Greater Cairo,Wireless Mouse,Accessories,5,490.5,10,2452.5,2207.25,2025-05,Medium
106594,2025-12-02,CUST01194,Giza,Greater Cairo,Keyboard,Accessories,6,935.0,15,5610.0,4768.5,2025-12,Medium
106595,2025-07-15,CUST01195,Alexandria,Coastal,Office Chair,Furniture,7,4680.0,20,32760.0,26208.0,2025-07,Large
106596,2025-02-28,CUST01196,Mansoura,Delta,Desk,Furniture,8,6734.0,0,53872.0,53872.0,2025-02,Large
106597,2025-09-13,CUST01197,Unknown,Unknown,Headphones,Electronics,9,1656.0,5,14904.0,14158.8,2025-09,Large
106598,2025-04-26,CUST01198,Aswan,Unknown,Monitor,Electronics,10,8556.0,10,85560.0,77004.0,2025-04,Large
106599,2025-11-11,CUST01199,Luxor,Unknown,Printer,Office Equipment,11,6392.0,15,70312.0,59765.2,2025-11,Large
106600,2025-06-24,CUST01200,Port Said,Unknown,Notebook Pack,Stationery,12,228.0,20,2736.0,2188.8,2025-06,Medium
106601,2025-01-09,CUST01201,Cairo,Greater Cairo,Laptop,Electronics,1,27360.0,0,27360.0,27360.0,2025-01,Large
106602,2025-08-22,CUST01202,Giza,Greater Cairo,Smartphone,Electronics,2,14065.0,5,28130.0,26723.5,2025-08,Large
106603,2025-03-07,CUST01203,Alexandria,Coastal,Wireless Mouse,Accessories,3,441.0,10,1323.0,1190.7,2025-03,Medium
106604,2025-10-20,CUST01204,Mansoura,Delta,Keyboard,Accessories,4,841.5,15,3366.0,2861.1,2025-10,Medium
106605,2025-05-05,CUST01205,Tanta,Unknown,Office Chair,Furniture,5,5200.0,20,26000.0,20800.0,2025-05,Large
106606,2025-12-18,CUST01206,Aswan,Unknown,Desk,Furniture,6,7474.0,0,44844.0,44844.0,2025-12,Large
106607,2025-07-03,CUST01207,Luxor,Unknown,Headphones,Electronics,7,1836.0,5,12852.0,12209.4,2025-07,Large
106608,2025-02-16,CUST01208,Port Said,Unknown,Monitor,Electronics,8,9476.0,10,75808.0,68227.2,2025-02,Large
106609,2025-09-01,CUST01209,Cairo,Greater Cairo,Printer,Office Equipment,9,7072.0,15,63648.0,54100.8,2025-09,Large
106610,2025-04-14,CUST01210,Giza,Greater Cairo,Notebook Pack,Stationery,10,252.0,20,2520.0,2016.0,2025-04,Medium
106611,2025-11-27,CUST01211,Alexandria,Coastal,Laptop,Electronics,11,30210.0,0,332310.0,332310.0,2025-11,Large
106612,2025-06-12,CUST01212,Mansoura,Delta,Smartphone,Electronics,12,15515.0,5,186180.0,176871.0,2025-06,Large
106613,2025-01-25,CUST01213,Tanta,Unknown,Wireless Mouse,Accessories,1,486.0,10,486.0,437.4,2025-01,Small
106614,2025-08-10,CUST01214,Aswan,Unknown,Keyboard,Accessories,2,926.5,15,1853.0,1575.05,2025-08,Medium
106615,2025-03-23,CUST01215,Luxor,Unknown,Office Chair,Furniture,3,5720.0,20,17160.0,13728.0,2025-03,Large
106616,2025-10-08,CUST01216,Port Said,Unknown,Desk,Furniture,4,6660.0,0,26640.0,26640.0,2025-10,Large
106617,2025-05-21,CUST01217,Cairo,Greater Cairo,Headphones,Electronics,5,1638.0,5,8190.0,7780.5,2025-05,Medium
106618,2025-12-06,CUST01218,Giza,Greater Cairo,Monitor,Electronics,6,8464.0,10,50784.0,45705.6,2025-12,Large
106619,2025-07-19,CUST01219,Alexandria,Coastal,Printer,Office Equipment,7,6324.0,15,44268.0,37627.8,2025-07,Large
106620,2025-02-04,CUST01220,Mansoura,Delta,Notebook Pack,Stationery,8,225.6,20,1804.8,1443.84,2025-02,Medium
106621,2025-09-17,CUST01221,Tanta,Unknown,Laptop,Electronics,9,27075.0,0,243675.0,243675.0,2025-09,Large
106622,2025-04-02,CUST01222,Aswan,Unknown,Smartphone,Electronics,10,13920.0,5,139200.0,132240.0,2025-04,Large
106623,2025-11-15,CUST01223,Luxor,Unknown,Wireless Mouse,Accessories,11,436.5,10,4801.5,4321.35,2025-11,Medium
106624,2025-06-28,CUST01224,Port Said,Unknown,Keyboard,Accessories,12,833.0,15,9996.0,8496.6,2025-06,Medium
106625,2025-01-13,CUST01225,Cairo,Greater Cairo,Office Chair,Furniture,1,5148.0,20,5148.0,4118.4,2025-01,Medium
106626,2025-08-26,CUST01226,Giza,Greater Cairo,Desk,Furniture,2,7400.0,0,14800.0,14800.0,2025-08,Large
106627,2025-03-11,CUST01227,Alexandria,Coastal,Headphones,Electronics,3,1818.0,5,5454.0,5181.3,2025-03,Medium
106628,2025-10-24,CUST01228,Mansoura,Delta,Monitor,Electronics,4,9384.0,10,37536.0,33782.4,2025-10,Large
106629,2025-05-09,CUST01229,Tanta,Unknown,Printer,Office Equipment,5,7004.0,15,35020.0,29767.0,2025-05,Large
106630,2025-12-22,CUST01230,Aswan,Unknown,Notebook Pack,Stationery,6,249.6,20,1497.6,1198.08,2025-12,Medium
106631,2025-07-07,CUST01231,Luxor,Unknown,Laptop,Electronics,7,29925.0,0,209475.0,209475.0,2025-07,Large
106632,2025-02-20,CUST01232,Port Said,Unknown,Smartphone,Electronics,8,15370.0,5,122960.0,116812.0,2025-02,Large
106633,2025-09-05,CUST01233,Cairo,Greater Cairo,Wireless Mouse,Accessories,9,481.5,10,4333.5,3900.15,2025-09,Medium
106634,2025-04-18,CUST01234,Giza,Greater Cairo,Keyboard,Accessories,10,918.0,15,9180.0,7803.0,2025-04,Medium
106635,2025-11-03,CUST01235,Alexandria,Coastal,Office Chair,Furniture,11,5668.0,20,62348.0,49878.4,2025-11,Large
106636,2025-06-16,CUST01236,Mansoura,Delta,Desk,Furniture,12,8140.0,0,97680.0,97680.0,2025-06,Large
106637,2025-01-01,CUST01237,Tanta,Unknown,Headphones,Electronics,1,1620.0,5,1620.0,1539.0,2025-01,Medium
106638,2025-08-14,CUST01238,Aswan,Unknown,Monitor,Electronics,2,8372.0,10,16744.0,15069.6,2025-08,Large
106639,2025-03-27,CUST01239,Luxor,Unknown,Printer,Office Equipment,3,6256.0,15,18768.0,15952.8,2025-03,Large
106640,2025-10-12,CUST01240,Port Said,Unknown,Notebook Pack,Stationery,4,223.2,20,892.8,714.24,2025-10,Small
106641,2025-05-25,CUST01241,Cairo,Greater Cairo,Laptop,Electronics,5,26790.0,0,133950.0,133950.0,2025-05,Large
106642,2025-12-10,CUST01242,Giza,Greater Cairo,Smartphone,Electronics,6,13775.0,5,82650.0,78517.5,2025-12,Large
106643,2025-07-23,CUST01243,Alexandria,Coastal,Wireless Mouse,Accessories,7,432.0,10,3024.0,2721.6,2025-07,Medium
106644,2025-02-08,CUST01244,Mansoura,Delta,Keyboard,Accessories,8,824.5,15,6596.0,5606.6,2025-02,Medium
106645,2025-09-21,CUST01245,Tanta,Unknown,Office Chair,Furniture,9,5096.0,20,45864.0,36691.2,2025-09,Large
106646,2025-04-06,CUST01246,Aswan,Unknown,Desk,Furniture,10,7326.0,0,73260.0,73260.0,2025-04,Large
106647,2025-11-19,CUST01247,Luxor,Unknown,Headphones,Electronics,11,1800.0,5,19800.0,18810.0,2025-11,Large
106648,2025-06-04,CUST01248,Port Said,Unknown,Monitor,Electronics,12,9292.0,10,111504.0,100353.6,2025-06,Large
106649,2025-01-17,CUST01249,Cairo,Greater Cairo,Printer,Office Equipment,1,6936.0,15,6936.0,5895.6,2025-01,Medium
106650,2025-08-02,CUST01250,Giza,Greater Cairo,Notebook Pack,Stationery,2,247.2,20,494.4,395.52,2025-08,Small
106651,2025-03-15,CUST01251,Alexandria,Coastal,Laptop,Electronics,3,29640.0,0,88920.0,88920.0,2025-03,Large
106652,2025-10-28,CUST01252,Mansoura,Delta,Smartphone,Electronics,4,15225.0,5,60900.0,57855.0,2025-10,Large
106653,2025-05-13,CUST01253,Tanta,Unknown,Wireless Mouse,Accessories,5,477.0,10,2385.0,2146.5,2025-05,Medium
106654,2025-12-26,CUST01254,Aswan,Unknown,Keyboard,Accessories,6,909.5,15,5457.0,4638.45,2025-12,Medium
106655,2025-07-11,CUST01255,Luxor,Unknown,Office Chair,Furniture,7,5616.0,20,39312.0,31449.6,2025-07,Large
106656,2025-02-24,CUST01256,Port Said,Unknown,Desk,Furniture,8,8066.0,0,64528.0,64528.0,2025-02,Large
106657,2025-09-09,CUST01257,Cairo,Greater Cairo,Headphones,Electronics,9,1980.0,5,17820.0,16929.0,2025-09,Large
106658,2025-04-22,CUST01258,Giza,Greater Cairo,Monitor,Electronics,10,8280.0,10,82800.0,74520.0,2025-04,Large
106659,2025-11-07,CUST01259,Alexandria,Coastal,Printer,Office Equipment,11,6188.0,15,68068.0,57857.8,2025-11,Large
106660,2025-06-20,CUST01260,Mansoura,Delta,Notebook Pack,Stationery,12,220.8,20,2649.6,2119.68,2025-06,Medium
106661,2025-01-05,CUST01261,Tanta,Unknown,Laptop,Electronics,1,26505.0,0,26505.0,26505.0,2025-01,Large
106662,2025-08-18,CUST01262,Aswan,Unknown,Smartphone,Electronics,2,13630.0,5,27260.0,25897.0,2025-08,Large
106663,2025-03-03,CUST01263,Luxor,Unknown,Wireless Mouse,Accessories,3,427.5,10,1282.5,1154.25,2025-03,Medium
106664,2025-10-16,CUST01264,Port Said,Unknown,Keyboard,Accessories,4,816.0,15,3264.0,2774.4,2025-10,Medium
106665,2025-05-01,CUST01265,Cairo,Greater Cairo,Office Chair,Furniture,5,5044.0,20,25220.0,20176.0,2025-05,Large
106666,2025-12-14,CUST01266,Giza,Greater Cairo,Desk,Furniture,6,7252.0,0,43512.0,43512.0,2025-12,Large
106667,2025-07-27,CUST01267,Alexandria,Coastal,Headphones,Electronics,7,1782.0,5,12474.0,11850.3,2025-07,Large
106668,2025-02-12,CUST01268,Mansoura,Delta,Monitor,Electronics,8,9200.0,10,73600.0,66240.0,2025-02,Large
106669,2025-09-25,CUST01269,Tanta,Unknown,Printer,Office Equipment,9,6868.0,15,61812.0,52540.2,2025-09,Large
106670,2025-04-10,CUST01270,Aswan,Unknown,Notebook Pack,Stationery,10,244.8,20,2448.0,1958.4,2025-04,Medium
106671,2025-11-23,CUST01271,Luxor,Unknown,Laptop,Electronics,11,29355.0,0,322905.0,322905.0,2025-11,Large
106672,2025-06-08,CUST01272,Port Said,Unknown,Smartphone,Electronics,12,15080.0,5,180960.0,171912.0,2025-06,Large
106673,2025-01-21,CUST01273,Cairo,Greater Cairo,Wireless Mouse,Accessories,1,472.5,10,472.5,425.25,2025-01,Small
106674,2025-08-06,CUST01274,Giza,Greater Cairo,Keyboard,Accessories,2,901.0,15,1802.0,1531.7,2025-08,Medium
106675,2025-03-19,CUST01275,Alexandria,Coastal,Office Chair,Furniture,3,5564.0,20,16692.0,13353.6,2025-03,Large
106676,2025-10-04,CUST01276,Mansoura,Delta,Desk,Furniture,4,7992.0,0,31968.0,31968.0,2025-10,Large
106677,2025-05-17,CUST01277,Tanta,Unknown,Headphones,Electronics,5,1962.0,5,9810.0,9319.5,2025-05,Medium
106678,2025-12-02,CUST01278,Aswan,Unknown,Monitor,Electronics,6,10120.0,10,60720.0,54648.0,2025-12,Large
106679,2025-07-15,CUST01279,Luxor,Unknown,Printer,Office Equipment,7,6120.0,15,42840.0,36414.0,2025-07,Large
106680,2025-02-28,CUST01280,Port Said,Unknown,Notebook Pack,Stationery,8,218.4,20,1747.2,1397.76,2025-02,Medium
106681,2025-09-13,CUST01281,Cairo,Greater Cairo,Laptop,Electronics,9,26220.0,0,235980.0,235980.0,2025-09,Large
106682,2025-04-26,CUST01282,Giza,Greater Cairo,Smartphone,Electronics,10,13485.0,5,134850.0,128107.5,2025-04,Large
106683,2025-11-11,CUST01283,Alexandria,Coastal,Wireless Mouse,Accessories,11,423.0,10,4653.0,4187.7,2025-11,Medium
106684,2025-06-24,CUST01284,Mansoura,Delta,Keyboard,Accessories,12,807.5,15,9690.0,8236.5,2025-06,Medium
106685,2025-01-09,CUST01285,Tanta,Unknown,Office Chair,Furniture,1,4992.0,20,4992.0,3993.6,2025-01,Medium
106686,2025-08-22,CUST01286,Aswan,Unknown,Desk,Furniture,2,7178.0,0,14356.0,14356.0,2025-08,Large
106687,2025-03-07,CUST01287,Luxor,Unknown,Headphones,Electronics,3,1764.0,5,5292.0,5027.4,2025-03,Medium
106688,2025-10-20,CUST01288,Port Said,Unknown,Monitor,Electronics,4,9108.0,10,36432.0,32788.8,2025-10,Large
106689,2025-05-05,CUST01289,Cairo,Greater Cairo,Printer,Office Equipment,5,6800.0,15,34000.0,28900.0,2025-05,Large
106690,2025-12-18,CUST01290,Giza,Greater Cairo,Notebook Pack,Stationery,6,242.4,20,1454.4,1163.52,2025-12,Medium
106691,2025-07-03,CUST01291,Alexandria,Coastal,Laptop,Electronics,7,29070.0,0,203490.0,203490.0,2025-07,Large
106692,2025-02-16,CUST01292,Mansoura,Delta,Smartphone,Electronics,8,14935.0,5,119480.0,113506.0,2025-02,Large
106693,2025-09-01,CUST01293,Tanta,Unknown,Wireless Mouse,Accessories,9,468.0,10,4212.0,3790.8,2025-09,Medium
106694,2025-04-14,CUST01294,Unknown,Unknown,Keyboard,Accessories,10,892.5,15,8925.0,7586.25,2025-04,Medium
106695,2025-11-27,CUST01295,Luxor,Unknown,Office Chair,Furniture,11,5512.0,20,60632.0,48505.6,2025-11,Large
106696,2025-06-12,CUST01296,Port Said,Unknown,Desk,Furniture,12,7918.0,0,95016.0,95016.0,2025-06,Large
106697,2025-01-25,CUST01297,Cairo,Greater Cairo,Headphones,Electronics,1,1944.0,5,1944.0,1846.8,2025-01,Medium
106698,2025-08-10,CUST01298,Giza,Greater Cairo,Monitor,Electronics,2,10028.0,0,20056.0,20056.0,2025-08,Large
106699,2025-03-23,CUST01299,Alexandria,Coastal,Printer,Office Equipment,3,7480.0,15,22440.0,19074.0,2025-03,Large
106700,2025-10-08,CUST01300,Mansoura,Delta,Notebook Pack,Stationery,4,216.0,20,864.0,691.2,2025-10,Small
106701,2025-05-21,CUST01301,Tanta,Unknown,Laptop,Electronics,5,25935.0,0,129675.0,129675.0,2025-05,Large
106702,2025-12-06,CUST01302,Aswan,Unknown,Smartphone,Electronics,6,13340.0,5,80040.0,76038.0,2025-12,Large
106703,2025-07-19,CUST01303,Luxor,Unknown,Wireless Mouse,Accessories,7,418.5,10,2929.5,2636.55,2025-07,Medium
106704,2025-02-04,CUST01304,Port Said,Unknown,Keyboard,Accessories,8,799.0,15,6392.0,5433.2,2025-02,Medium
106705,2025-09-17,CUST01305,Cairo,Greater Cairo,Office Chair,Furniture,9,4940.0,20,44460.0,35568.0,2025-09,Large
106706,2025-04-02,CUST01306,Giza,Greater Cairo,Desk,Furniture,10,7104.0,0,71040.0,71040.0,2025-04,Large
106707,2025-11-15,CUST01307,Alexandria,Coastal,Headphones,Electronics,11,1746.0,5,19206.0,18245.7,2025-11,Large
106708,2025-06-28,CUST01308,Mansoura,Delta,Monitor,Electronics,12,9016.0,10,108192.0,97372.8,2025-06,Large
106709,2025-01-13,CUST01309,Tanta,Unknown,Printer,Office Equipment,1,6732.0,15,6732.0,5722.2,2025-01,Medium
106710,2025-08-26,CUST01310,Aswan,Unknown,Notebook Pack,Stationery,2,240.0,20,480.0,384.0,2025-08,Small
106711,2025-03-11,CUST01311,Luxor,Unknown,Laptop,Electronics,3,28785.0,0,86355.0,86355.0,2025-03,Large
106712,2025-10-24,CUST01312,Port Said,Unknown,Smartphone,Electronics,4,14790.0,5,59160.0,56202.0,2025-10,Large
106713,2025-05-09,CUST01313,Cairo,Greater Cairo,Wireless Mouse,Accessories,5,463.5,10,2317.5,2085.75,2025-05,Medium
106714,2025-12-22,CUST01314,Giza,Greater Cairo,Keyboard,Accessories,6,884.0,15,5304.0,4508.4,2025-12,Medium
106715,2025-07-07,CUST01315,Alexandria,Coastal,Office Chair,Furniture,7,5460.0,20,38220.0,30576.0,2025-07,Large
106716,2025-02-20,CUST01316,Mansoura,Delta,Desk,Furniture,8,7844.0,0,62752.0,62752.0,2025-02,Large
106717,2025-09-05,CUST01317,Tanta,Unknown,Headphones,Electronics,9,1926.0,5,17334.0,16467.3,2025-09,Large
106718,2025-04-18,CUST01318,Aswan,Unknown,Monitor,Electronics,10,9936.0,10,99360.0,89424.0,2025-04,Large
106719,2025-11-03,CUST01319,Luxor,Unknown,Printer,Office Equipment,11,7412.0,15,81532.0,69302.2,2025-11,Large
106720,2025-06-16,CUST01320,Port Said,Unknown,Notebook Pack,Stationery,12,264.0,20,3168.0,2534.4,2025-06,Medium
106721,2025-01-01,CUST01321,Cairo,Greater Cairo,Laptop,Electronics,1,25650.0,0,25650.0,25650.0,2025-01,Large
106722,2025-08-14,CUST01322,Giza,Greater Cairo,Smartphone,Electronics,2,13195.0,5,26390.0,25070.5,2025-08,Large
106723,2025-03-27,CUST01323,Alexandria,Coastal,Wireless Mouse,Accessories,3,414.0,10,1242.0,1117.8,2025-03,Medium
106724,2025-10-12,CUST01324,Mansoura,Delta,Keyboard,Accessories,4,790.5,15,3162.0,2687.7,2025-10,Medium
106725,2025-05-25,CUST01325,Tanta,Unknown,Office Chair,Furniture,5,4888.0,20,24440.0,19552.0,2025-05,Large
106726,2025-12-10,CUST01326,Aswan,Unknown,Desk,Furniture,6,7030.0,0,42180.0,42180.0,2025-12,Large
106727,2025-07-23,CUST01327,Luxor,Unknown,Headphones,Electronics,7,1728.0,5,12096.0,11491.2,2025-07,Large
106728,2025-02-08,CUST01328,Port Said,Unknown,Monitor,Electronics,8,8924.0,10,71392.0,64252.8,2025-02,Large
106729,2025-09-21,CUST01329,Cairo,Greater Cairo,Printer,Office Equipment,9,6664.0,15,59976.0,50979.6,2025-09,Large
106730,2025-04-06,CUST01330,Giza,Greater Cairo,Notebook Pack,Stationery,10,237.6,20,2376.0,1900.8,2025-04,Medium
106731,2025-11-19,CUST01331,Alexandria,Coastal,Laptop,Electronics,11,28500.0,0,313500.0,313500.0,2025-11,Large
106732,2025-06-04,CUST01332,Mansoura,Delta,Smartphone,Electronics,12,14645.0,5,175740.0,166953.0,2025-06,Large
106733,2025-01-17,CUST01333,Tanta,Unknown,Wireless Mouse,Accessories,1,459.0,10,459.0,413.1,2025-01,Small
106734,2025-08-02,CUST01334,Aswan,Unknown,Keyboard,Accessories,2,875.5,15,1751.0,1488.35,2025-08,Medium
106735,2025-03-15,CUST01335,Luxor,Unknown,Office Chair,Furniture,3,5408.0,20,16224.0,12979.2,2025-03,Large
106736,2025-10-28,CUST01336,Port Said,Unknown,Desk,Furniture,4,7770.0,0,31080.0,31080.0,2025-10,Large
106737,2025-05-13,CUST01337,Cairo,Greater Cairo,Headphones,Electronics,5,1908.0,5,9540.0,9063.0,2025-05,Medium
106738,2025-12-26,CUST01338,Giza,Greater Cairo,Monitor,Electronics,6,9844.0,10,59064.0,53157.6,2025-12,Large
106739,2025-07-11,CUST01339,Alexandria,Coastal,Printer,Office Equipment,7,7344.0,15,51408.0,43696.8,2025-07,Large
106740,2025-02-24,CUST01340,Mansoura,Delta,Notebook Pack,Stationery,8,261.6,20,2092.8,1674.24,2025-02,Medium
106741,2025-09-09,CUST01341,Tanta,Unknown,Laptop,Electronics,9,31350.0,0,282150.0,282150.0,2025-09,Large
106742,2025-04-22,CUST01342,Aswan,Unknown,Smartphone,Electronics,10,13050.0,5,130500.0,123975.0,2025-04,Large
106743,2025-11-07,CUST01343,Luxor,Unknown,Wireless Mouse,Accessories,11,409.5,10,4504.5,4054.05,2025-11,Medium
106744,2025-06-20,CUST01344,Port Said,Unknown,Keyboard,Accessories,12,782.0,15,9384.0,7976.4,2025-06,Medium
106745,2025-01-05,CUST01345,Cairo,Greater Cairo,Office Chair,Furniture,1,4836.0,20,4836.0,3868.8,2025-01,Medium
106746,2025-08-18,CUST01346,Giza,Greater Cairo,Desk,Furniture,2,6956.0,0,13912.0,13912.0,2025-08,Large
106747,2025-03-03,CUST01347,Alexandria,Coastal,Headphones,Electronics,3,1710.0,5,5130.0,4873.5,2025-03,Medium
106748,2025-10-16,CUST01348,Mansoura,Delta,Monitor,Electronics,4,8832.0,10,35328.0,31795.2,2025-10,Large
106749,2025-05-01,CUST01349,Tanta,Unknown,Printer,Office Equipment,5,6596.0,15,32980.0,28033.0,2025-05,Large
106750,2025-12-14,CUST01350,Aswan,Unknown,Notebook Pack,Stationery,6,235.2,20,1411.2,1128.96,2025-12,Medium
106751,2025-07-27,CUST01351,Luxor,Unknown,Laptop,Electronics,7,28215.0,0,197505.0,197505.0,2025-07,Large
106752,2025-02-12,CUST01352,Port Said,Unknown,Smartphone,Electronics,8,14500.0,5,116000.0,110200.0,2025-02,Large
106753,2025-09-25,CUST01353,Cairo,Greater Cairo,Wireless Mouse,Accessories,9,454.5,10,4090.5,3681.45,2025-09,Medium
106754,2025-04-10,CUST01354,Giza,Greater Cairo,Keyboard,Accessories,10,867.0,15,8670.0,7369.5,2025-04,Medium
106755,2025-11-23,CUST01355,Alexandria,Coastal,Office Chair,Furniture,11,5356.0,20,58916.0,47132.8,2025-11,Large
106756,2025-06-08,CUST01356,Mansoura,Delta,Desk,Furniture,12,7696.0,0,92352.0,92352.0,2025-06,Large
106757,2025-01-21,CUST01357,Tanta,Unknown,Headphones,Electronics,1,1890.0,5,1890.0,1795.5,2025-01,Medium
106758,2025-08-06,CUST01358,Aswan,Unknown,Monitor,Electronics,2,9752.0,10,19504.0,17553.6,2025-08,Large
106759,2025-03-19,CUST01359,Luxor,Unknown,Printer,Office Equipment,3,7276.0,15,21828.0,18553.8,2025-03,Large
106760,2025-10-04,CUST01360,Port Said,Unknown,Notebook Pack,Stationery,4,259.2,20,1036.8,829.44,2025-10,Small
106761,2025-05-17,CUST01361,Cairo,Greater Cairo,Laptop,Electronics,5,31065.0,0,155325.0,155325.0,2025-05,Large
106762,2025-12-02,CUST01362,Giza,Greater Cairo,Smartphone,Electronics,6,15950.0,5,95700.0,90915.0,2025-12,Large
106763,2025-07-15,CUST01363,Alexandria,Coastal,Wireless Mouse,Accessories,7,405.0,10,2835.0,2551.5,2025-07,Medium
106764,2025-02-28,CUST01364,Mansoura,Delta,Keyboard,Accessories,8,773.5,15,6188.0,5259.8,2025-02,Medium
106765,2025-09-13,CUST01365,Tanta,Unknown,Office Chair,Furniture,9,4784.0,20,43056.0,34444.8,2025-09,Large
106766,2025-04-26,CUST01366,Aswan,Unknown,Desk,Furniture,10,6882.0,0,68820.0,68820.0,2025-04,Large
106767,2025-11-11,CUST01367,Luxor,Unknown,Headphones,Electronics,11,1692.0,5,18612.0,17681.4,2025-11,Large
106768,2025-06-24,CUST01368,Port Said,Unknown,Monitor,Electronics,12,8740.0,10,104880.0,94392.0,2025-06,Large
106769,2025-01-09,CUST01369,Cairo,Greater Cairo,Printer,Office Equipment,1,6528.0,15,6528.0,5548.8,2025-01,Medium
106770,2025-08-22,CUST01370,Giza,Greater Cairo,Notebook Pack,Stationery,2,232.8,20,465.6,372.48,2025-08,Small
106771,2025-03-07,CUST01371,Alexandria,Coastal,Laptop,Electronics,3,27930.0,0,83790.0,83790.0,2025-03,Large
106772,2025-10-20,CUST01372,Mansoura,Delta,Smartphone,Electronics,4,14355.0,5,57420.0,54549.0,2025-10,Large
106773,2025-05-05,CUST01373,Tanta,Unknown,Wireless Mouse,Accessories,5,450.0,10,2250.0,2025.0,2025-05,Medium
106774,2025-12-18,CUST01374,Aswan,Unknown,Keyboard,Accessories,6,858.5,15,5151.0,4378.35,2025-12,Medium
106775,2025-07-03,CUST01375,Luxor,Unknown,Office Chair,Furniture,7,5304.0,20,37128.0,29702.4,2025-07,Large
106776,2025-02-16,CUST01376,Port Said,Unknown,Desk,Furniture,8,7622.0,0,60976.0,60976.0,2025-02,Large
106777,2025-09-01,CUST01377,Cairo,Greater Cairo,Headphones,Electronics,9,1872.0,5,16848.0,16005.6,2025-09,Large
106778,2025-04-14,CUST01378,Giza,Greater Cairo,Monitor,Electronics,10,9660.0,10,96600.0,86940.0,2025-04,Large
106779,2025-11-27,CUST01379,Alexandria,Coastal,Printer,Office Equipment,11,7208.0,15,79288.0,67394.8,2025-11,Large
106780,2025-06-12,CUST01380,Mansoura,Delta,Notebook Pack,Stationery,12,256.8,20,3081.6,2465.28,2025-06,Medium
106781,2025-01-25,CUST01381,Tanta,Unknown,Laptop,Electronics,1,30780.0,0,30780.0,30780.0,2025-01,Large
106782,2025-08-10,CUST01382,Aswan,Unknown,Smartphone,Electronics,2,15805.0,5,31610.0,30029.5,2025-08,Large
106783,2025-03-23,CUST01383,Luxor,Unknown,Wireless Mouse,Accessories,3,495.0,10,1485.0,1336.5,2025-03,Medium
106784,2025-10-08,CUST01384,Port Said,Unknown,Keyboard,Accessories,4,765.0,15,3060.0,2601.0,2025-10,Medium
106785,2025-05-21,CUST01385,Cairo,Greater Cairo,Office Chair,Furniture,5,4732.0,20,23660.0,18928.0,2025-05,Large
106786,2025-12-06,CUST01386,Giza,Greater Cairo,Desk,Furniture,6,6808.0,0,40848.0,40848.0,2025-12,Large
106787,2025-07-19,CUST01387,Alexandria,Coastal,Headphones,Electronics,7,1674.0,5,11718.0,11132.1,2025-07,Large
106788,2025-02-04,CUST01388,Mansoura,Delta,Monitor,Electronics,8,8648.0,10,69184.0,62265.6,2025-02,Large
106789,2025-09-17,CUST01389,Tanta,Unknown,Printer,Office Equipment,9,6460.0,15,58140.0,49419.0,2025-09,Large
106790,2025-04-02,CUST01390,Aswan,Unknown,Notebook Pack,Stationery,10,230.4,20,2304.0,1843.2,2025-04,Medium
106791,2025-11-15,CUST01391,Unknown,Unknown,Laptop,Electronics,11,27645.0,0,304095.0,304095.0,2025-11,Large
106792,2025-06-28,CUST01392,Port Said,Unknown,Smartphone,Electronics,12,14210.0,5,170520.0,161994.0,2025-06,Large
106793,2025-01-13,CUST01393,Cairo,Greater Cairo,Wireless Mouse,Accessories,1,445.5,10,445.5,400.95,2025-01,Small
106794,2025-08-26,CUST01394,Giza,Greater Cairo,Keyboard,Accessories,2,850.0,15,1700.0,1445.0,2025-08,Medium
106795,2025-03-11,CUST01395,Alexandria,Coastal,Office Chair,Furniture,3,5252.0,20,15756.0,12604.8,2025-03,Large
106796,2025-10-24,CUST01396,Mansoura,Delta,Desk,Furniture,4,7548.0,0,30192.0,30192.0,2025-10,Large
106797,2025-05-09,CUST01397,Tanta,Unknown,Headphones,Electronics,5,1854.0,5,9270.0,8806.5,2025-05,Medium
106798,2025-12-22,CUST01398,Aswan,Unknown,Monitor,Electronics,6,9568.0,10,57408.0,51667.2,2025-12,Large
106799,2025-07-07,CUST01399,Luxor,Unknown,Printer,Office Equipment,7,7140.0,15,49980.0,42483.0,2025-07,Large
106800,2025-02-20,CUST01400,Port Said,Unknown,Notebook Pack,Stationery,8,254.4,20,2035.2,1628.16,2025-02,Medium
106801,2025-09-05,CUST01401,Cairo,Greater Cairo,Laptop,Electronics,9,30495.0,0,274455.0,274455.0,2025-09,Large
106802,2025-04-18,CUST01402,Giza,Greater Cairo,Smartphone,Electronics,10,15660.0,5,156600.0,148770.0,2025-04,Large
106803,2025-11-03,CUST01403,Alexandria,Coastal,Wireless Mouse,Accessories,11,490.5,10,5395.5,4855.95,2025-11,Medium
106804,2025-06-16,CUST01404,Mansoura,Delta,Keyboard,Accessories,12,935.0,15,11220.0,9537.0,2025-06,Medium
106805,2025-01-01,CUST01405,Tanta,Unknown,Office Chair,Furniture,1,4680.0,20,4680.0,3744.0,2025-01,Medium
106806,2025-08-14,CUST01406,Aswan,Unknown,Desk,Furniture,2,6734.0,0,13468.0,13468.0,2025-08,Large
106807,2025-03-27,CUST01407,Luxor,Unknown,Headphones,Electronics,3,1656.0,5,4968.0,4719.6,2025-03,Medium
106808,2025-10-12,CUST01408,Port Said,Unknown,Monitor,Electronics,4,8556.0,10,34224.0,30801.6,2025-10,Large
106809,2025-05-25,CUST01409,Cairo,Greater Cairo,Printer,Office Equipment,5,6392.0,15,31960.0,27166.0,2025-05,Large
106810,2025-12-10,CUST01410,Giza,Greater Cairo,Notebook Pack,Stationery,6,228.0,20,1368.0,1094.4,2025-12,Medium
106811,2025-07-23,CUST01411,Alexandria,Coastal,Laptop,Electronics,7,27360.0,0,191520.0,191520.0,2025-07,Large
106812,2025-02-08,CUST01412,Mansoura,Delta,Smartphone,Electronics,8,14065.0,5,112520.0,106894.0,2025-02,Large
106813,2025-09-21,CUST01413,Tanta,Unknown,Wireless Mouse,Accessories,9,441.0,10,3969.0,3572.1,2025-09,Medium
106814,2025-04-06,CUST01414,Aswan,Unknown,Keyboard,Accessories,10,841.5,15,8415.0,7152.75,2025-04,Medium
106815,2025-11-19,CUST01415,Luxor,Unknown,Office Chair,Furniture,11,5200.0,20,57200.0,45760.0,2025-11,Large
106816,2025-06-04,CUST01416,Port Said,Unknown,Desk,Furniture,12,7474.0,0,89688.0,89688.0,2025-06,Large
106817,2025-01-17,CUST01417,Cairo,Greater Cairo,Headphones,Electronics,1,1836.0,5,1836.0,1744.2,2025-01,Medium
106818,2025-08-02,CUST01418,Giza,Greater Cairo,Monitor,Electronics,2,9476.0,10,18952.0,17056.8,2025-08,Large
106819,2025-03-15,CUST01419,Alexandria,Coastal,Printer,Office Equipment,3,7072.0,15,21216.0,18033.6,2025-03,Large
106820,2025-10-28,CUST01420,Mansoura,Delta,Notebook Pack,Stationery,4,252.0,20,1008.0,806.4,2025-10,Small
106821,2025-05-13,CUST01421,Tanta,Unknown,Laptop,Electronics,5,30210.0,0,151050.0,151050.0,2025-05,Large
106822,2025-12-26,CUST01422,Aswan,Unknown,Smartphone,Electronics,6,15515.0,5,93090.0,88435.5,2025-12,Large
106823,2025-07-11,CUST01423,Luxor,Unknown,Wireless Mouse,Accessories,7,486.0,10,3402.0,3061.8,2025-07,Medium
106824,2025-02-24,CUST01424,Port Said,Unknown,Keyboard,Accessories,8,926.5,15,7412.0,6300.2,2025-02,Medium
106825,2025-09-09,CUST01425,Cairo,Greater Cairo,Office Chair,Furniture,9,5720.0,20,51480.0,41184.0,2025-09,Large
106826,2025-04-22,CUST01426,Giza,Greater Cairo,Desk,Furniture,10,6660.0,0,66600.0,66600.0,2025-04,Large
106827,2025-11-07,CUST01427,Alexandria,Coastal,Headphones,Electronics,11,1638.0,5,18018.0,17117.1,2025-11,Large
106828,2025-06-20,CUST01428,Mansoura,Delta,Monitor,Electronics,12,8464.0,10,101568.0,91411.2,2025-06,Large
106829,2025-01-05,CUST01429,Tanta,Unknown,Printer,Office Equipment,1,6324.0,15,6324.0,5375.4,2025-01,Medium
106830,2025-08-18,CUST01430,Aswan,Unknown,Notebook Pack,Stationery,2,225.6,20,451.2,360.96,2025-08,Small
106831,2025-03-03,CUST01431,Luxor,Unknown,Laptop,Electronics,3,27075.0,0,81225.0,81225.0,2025-03,Large
106832,2025-10-16,CUST01432,Port Said,Unknown,Smartphone,Electronics,4,13920.0,5,55680.0,52896.0,2025-10,Large
106833,2025-05-01,CUST01433,Cairo,Greater Cairo,Wireless Mouse,Accessories,5,436.5,10,2182.5,1964.25,2025-05,Medium
106834,2025-12-14,CUST01434,Giza,Greater Cairo,Keyboard,Accessories,6,833.0,15,4998.0,4248.3,2025-12,Medium
106835,2025-07-27,CUST01435,Alexandria,Coastal,Office Chair,Furniture,7,5148.0,20,36036.0,28828.8,2025-07,Large
106836,2025-02-12,CUST01436,Mansoura,Delta,Desk,Furniture,8,7400.0,0,59200.0,59200.0,2025-02,Large
106837,2025-09-25,CUST01437,Tanta,Unknown,Headphones,Electronics,9,1818.0,5,16362.0,15543.9,2025-09,Large
106838,2025-04-10,CUST01438,Aswan,Unknown,Monitor,Electronics,10,9384.0,10,93840.0,84456.0,2025-04,Large
106839,2025-11-23,CUST01439,Luxor,Unknown,Printer,Office Equipment,11,7004.0,15,77044.0,65487.4,2025-11,Large
106840,2025-06-08,CUST01440,Port Said,Unknown,Notebook Pack,Stationery,12,249.6,20,2995.2,2396.16,2025-06,Medium
106841,2025-01-21,CUST01441,Cairo,Greater Cairo,Laptop,Electronics,1,29925.0,0,29925.0,29925.0,2025-01,Large
106842,2025-08-06,CUST01442,Giza,Greater Cairo,Smartphone,Electronics,2,15370.0,5,30740.0,29203.0,2025-08,Large
106843,2025-03-19,CUST01443,Alexandria,Coastal,Wireless Mouse,Accessories,3,481.5,10,1444.5,1300.05,2025-03,Medium
106844,2025-10-04,CUST01444,Mansoura,Delta,Keyboard,Accessories,4,918.0,15,3672.0,3121.2,2025-10,Medium
106845,2025-05-17,CUST01445,Tanta,Unknown,Office Chair,Furniture,5,5668.0,20,28340.0,22672.0,2025-05,Large
106846,2026-12-02,CUST01446,Aswan,Unknown,Desk,Furniture,6,8140.0,0,48840.0,48840.0,2026-12,Large
106847,2026-07-15,CUST01447,Luxor,Unknown,Headphones,Electronics,7,1620.0,5,11340.0,10773.0,2026-07,Large
106848,2026-02-28,CUST01448,Port Said,Unknown,Monitor,Electronics,8,8372.0,10,66976.0,60278.4,2026-02,Large
106849,2026-09-13,CUST01449,Cairo,Greater Cairo,Printer,Office Equipment,9,6256.0,15,56304.0,47858.4,2026-09,Large
106850,2026-04-26,CUST01450,Giza,Greater Cairo,Notebook Pack,Stationery,10,223.2,20,2232.0,1785.6,2026-04,Medium
106851,2026-11-11,CUST01451,Alexandria,Coastal,Laptop,Electronics,11,26790.0,0,294690.0,294690.0,2026-11,Large
106852,2026-06-24,CUST01452,Mansoura,Delta,Smartphone,Electronics,12,13775.0,5,165300.0,157035.0,2026-06,Large
106853,2026-01-09,CUST01453,Tanta,Unknown,Wireless Mouse,Accessories,1,432.0,10,432.0,388.8,2026-01,Small
106854,2026-08-22,CUST01454,Aswan,Unknown,Keyboard,Accessories,2,824.5,15,1649.0,1401.65,2026-08,Medium
106855,2026-03-07,CUST01455,Luxor,Unknown,Office Chair,Furniture,3,5096.0,20,15288.0,12230.4,2026-03,Large
106856,2026-10-20,CUST01456,Port Said,Unknown,Desk,Furniture,4,7326.0,0,29304.0,29304.0,2026-10,Large
106857,2026-05-05,CUST01457,Cairo,Greater Cairo,Headphones,Electronics,5,1800.0,5,9000.0,8550.0,2026-05,Medium
106858,2026-12-18,CUST01458,Giza,Greater Cairo,Monitor,Electronics,6,9292.0,10,55752.0,50176.8,2026-12,Large
106859,2026-07-03,CUST01459,Alexandria,Coastal,Printer,Office Equipment,7,6936.0,15,48552.0,41269.2,2026-07,Large
106860,2026-02-16,CUST01460,Mansoura,Delta,Notebook Pack,Stationery,8,247.2,20,1977.6,1582.08,2026-02,Medium
106861,2026-09-01,CUST01461,Tanta,Unknown,Laptop,Electronics,9,29640.0,0,266760.0,266760.0,2026-09,Large
106862,2026-04-14,CUST01462,Aswan,Unknown,Smartphone,Electronics,10,15225.0,5,152250.0,144637.5,2026-04,Large
106863,2026-11-27,CUST01463,Luxor,Unknown,Wireless Mouse,Accessories,11,477.0,10,5247.0,4722.3,2026-11,Medium
106864,2026-06-12,CUST01464,Port Said,Unknown,Keyboard,Accessories,12,909.5,15,10914.0,9276.9,2026-06,Medium
106865,2026-01-25,CUST01465,Cairo,Greater Cairo,Office Chair,Furniture,1,5616.0,20,5616.0,4492.8,2026-01,Medium
106866,2026-08-10,CUST01466,Giza,Greater Cairo,Desk,Furniture,2,8066.0,0,16132.0,16132.0,2026-08,Large
106867,2026-03-23,CUST01467,Alexandria,Coastal,Headphones,Electronics,3,1980.0,5,5940.0,5643.0,2026-03,Medium
106868,2026-10-08,CUST01468,Mansoura,Delta,Monitor,Electronics,4,8280.0,10,33120.0,29808.0,2026-10,Large
106869,2026-05-21,CUST01469,Tanta,Unknown,Printer,Office Equipment,5,6188.0,15,30940.0,26299.0,2026-05,Large
106870,2026-12-06,CUST01470,Aswan,Unknown,Notebook Pack,Stationery,6,220.8,20,1324.8,1059.84,2026-12,Medium
106871,2026-07-19,CUST01471,Luxor,Unknown,Laptop,Electronics,7,26505.0,0,185535.0,185535.0,2026-07,Large
106872,2026-02-04,CUST01472,Port Said,Unknown,Smartphone,Electronics,8,13630.0,5,109040.0,103588.0,2026-02,Large
106873,2026-09-17,CUST01473,Cairo,Greater Cairo,Wireless Mouse,Accessories,9,427.5,10,3847.5,3462.75,2026-09,Medium
106874,2026-04-02,CUST01474,Giza,Greater Cairo,Keyboard,Accessories,10,816.0,15,8160.0,6936.0,2026-04,Medium
106875,2026-11-15,CUST01475,Alexandria,Coastal,Office Chair,Furniture,11,5044.0,20,55484.0,44387.2,2026-11,Large
106876,2026-06-28,CUST01476,Mansoura,Delta,Desk,Furniture,12,7252.0,0,87024.0,87024.0,2026-06,Large
106877,2026-01-13,CUST01477,Tanta,Unknown,Headphones,Electronics,1,1782.0,5,1782.0,1692.9,2026-01,Medium
106878,2026-08-26,CUST01478,Aswan,Unknown,Monitor,Electronics,2,9200.0,10,18400.0,16560.0,2026-08,Large
106879,2026-03-11,CUST01479,Luxor,Unknown,Printer,Office Equipment,3,6868.0,0,20604.0,20604.0,2026-03,Large
106880,2026-10-24,CUST01480,Port Said,Unknown,Notebook Pack,Stationery,4,244.8,20,979.2,783.36,2026-10,Small
106881,2026-05-09,CUST01481,Cairo,Greater Cairo,Laptop,Electronics,5,29355.0,0,146775.0,146775.0,2026-05,Large
106882,2026-12-22,CUST01482,Giza,Greater Cairo,Smartphone,Electronics,6,15080.0,5,90480.0,85956.0,2026-12,Large
106883,2026-07-07,CUST01483,Alexandria,Coastal,Wireless Mouse,Accessories,7,472.5,10,3307.5,2976.75,2026-07,Medium
106884,2026-02-20,CUST01484,Mansoura,Delta,Keyboard,Accessories,8,901.0,15,7208.0,6126.8,2026-02,Medium
106885,2026-09-05,CUST01485,Tanta,Unknown,Office Chair,Furniture,9,5564.0,20,50076.0,40060.8,2026-09,Large
106886,2026-04-18,CUST01486,Aswan,Unknown,Desk,Furniture,10,7992.0,0,79920.0,79920.0,2026-04,Large
106887,2026-11-03,CUST01487,Luxor,Unknown,Headphones,Electronics,11,1962.0,5,21582.0,20502.9,2026-11,Large
106888,2026-06-16,CUST01488,Unknown,Unknown,Monitor,Electronics,12,10120.0,10,121440.0,109296.0,2026-06,Large
106889,2026-01-01,CUST01489,Cairo,Greater Cairo,Printer,Office Equipment,1,6120.0,15,6120.0,5202.0,2026-01,Medium
106890,2026-08-14,CUST01490,Giza,Greater Cairo,Notebook Pack,Stationery,2,218.4,20,436.8,349.44,2026-08,Small
106891,2026-03-27,CUST01491,Alexandria,Coastal,Laptop,Electronics,3,26220.0,0,78660.0,78660.0,2026-03,Large
106892,2026-10-12,CUST01492,Mansoura,Delta,Smartphone,Electronics,4,13485.0,5,53940.0,51243.0,2026-10,Large
106893,2026-05-25,CUST01493,Tanta,Unknown,Wireless Mouse,Accessories,5,423.0,10,2115.0,1903.5,2026-05,Medium
106894,2026-12-10,CUST01494,Aswan,Unknown,Keyboard,Accessories,6,807.5,15,4845.0,4118.25,2026-12,Medium
106895,2026-07-23,CUST01495,Luxor,Unknown,Office Chair,Furniture,7,4992.0,20,34944.0,27955.2,2026-07,Large
106896,2026-02-08,CUST01496,Port Said,Unknown,Desk,Furniture,8,7178.0,0,57424.0,57424.0,2026-02,Large
106897,2026-09-21,CUST01497,Cairo,Greater Cairo,Headphones,Electronics,9,1764.0,5,15876.0,15082.2,2026-09,Large
106898,2026-04-06,CUST01498,Giza,Greater Cairo,Monitor,Electronics,10,9108.0,10,91080.0,81972.0,2026-04,Large
106899,2026-11-19,CUST01499,Alexandria,Coastal,Printer,Office Equipment,11,6800.0,15,74800.0,63580.0,2026-11,Large
106900,2026-06-04,CUST01500,Mansoura,Delta,Notebook Pack,Stationery,12,242.4,20,2908.8,2327.04,2026-06,Medium
106901,2026-01-17,CUST01501,Tanta,Unknown,Laptop,Electronics,1,29070.0,0,29070.0,29070.0,2026-01,Large
106902,2026-08-02,CUST01502,Aswan,Unknown,Smartphone,Electronics,2,14935.0,5,29870.0,28376.5,2026-08,Large
106903,2026-03-15,CUST01503,Luxor,Unknown,Wireless Mouse,Accessories,3,468.0,10,1404.0,1263.6,2026-03,Medium
106904,2026-10-28,CUST01504,Port Said,Unknown,Keyboard,Accessories,4,892.5,15,3570.0,3034.5,2026-10,Medium
106905,2026-05-13,CUST01505,Cairo,Greater Cairo,Office Chair,Furniture,5,5512.0,20,27560.0,22048.0,2026-05,Large
106906,2026-12-26,CUST01506,Giza,Greater Cairo,Desk,Furniture,6,7918.0,0,47508.0,47508.0,2026-12,Large
106907,2026-07-11,CUST01507,Alexandria,Coastal,Headphones,Electronics,7,1944.0,5,13608.0,12927.6,2026-07,Large
106908,2026-02-24,CUST01508,Mansoura,Delta,Monitor,Electronics,8,10028.0,10,80224.0,72201.6,2026-02,Large
106909,2026-09-09,CUST01509,Tanta,Unknown,Printer,Office Equipment,9,7480.0,15,67320.0,57222.0,2026-09,Large
106910,2026-04-22,CUST01510,Aswan,Unknown,Notebook Pack,Stationery,10,216.0,20,2160.0,1728.0,2026-04,Medium
106911,2026-11-07,CUST01511,Luxor,Unknown,Laptop,Electronics,11,25935.0,0,285285.0,285285.0,2026-11,Large
106912,2026-06-20,CUST01512,Port Said,Unknown,Smartphone,Electronics,12,13340.0,5,160080.0,152076.0,2026-06,Large
106913,2026-01-05,CUST01513,Cairo,Greater Cairo,Wireless Mouse,Accessories,1,418.5,10,418.5,376.65,2026-01,Small
106914,2026-08-18,CUST01514,Giza,Greater Cairo,Keyboard,Accessories,2,799.0,15,1598.0,1358.3,2026-08,Medium
106915,2026-03-03,CUST01515,Alexandria,Coastal,Office Chair,Furniture,3,4940.0,20,14820.0,11856.0,2026-03,Large
106916,2026-10-16,CUST01516,Mansoura,Delta,Desk,Furniture,4,7104.0,0,28416.0,28416.0,2026-10,Large
106917,2026-05-01,CUST01517,Tanta,Unknown,Headphones,Electronics,5,1746.0,5,8730.0,8293.5,2026-05,Medium
106918,2026-12-14,CUST01518,Aswan,Unknown,Monitor,Electronics,6,9016.0,10,54096.0,48686.4,2026-12,Large
106919,2026-07-27,CUST01519,Luxor,Unknown,Printer,Office Equipment,7,6732.0,15,47124.0,40055.4,2026-07,Large
106920,2026-02-12,CUST01520,Port Said,Unknown,Notebook Pack,Stationery,8,240.0,20,1920.0,1536.0,2026-02,Medium
106921,2026-09-25,CUST01521,Cairo,Greater Cairo,Laptop,Electronics,9,28785.0,0,259065.0,259065.0,2026-09,Large
106922,2026-04-10,CUST01522,Giza,Greater Cairo,Smartphone,Electronics,10,14790.0,5,147900.0,140505.0,2026-04,Large
106923,2026-11-23,CUST01523,Alexandria,Coastal,Wireless Mouse,Accessories,11,463.5,10,5098.5,4588.65,2026-11,Medium
106924,2026-06-08,CUST01524,Mansoura,Delta,Keyboard,Accessories,12,884.0,15,10608.0,9016.8,2026-06,Medium
106925,2026-01-21,CUST01525,Tanta,Unknown,Office Chair,Furniture,1,5460.0,20,5460.0,4368.0,2026-01,Medium
106926,2026-08-06,CUST01526,Aswan,Unknown,Desk,Furniture,2,7844.0,0,15688.0,15688.0,2026-08,Large
106927,2026-03-19,CUST01527,Luxor,Unknown,Headphones,Electronics,3,1926.0,5,5778.0,5489.1,2026-03,Medium
106928,2026-10-04,CUST01528,Port Said,Unknown,Monitor,Electronics,4,9936.0,10,39744.0,35769.6,2026-10,Large
106929,2026-05-17,CUST01529,Cairo,Greater Cairo,Printer,Office Equipment,5,7412.0,15,37060.0,31501.0,2026-05,Large
106930,2026-12-02,CUST01530,Giza,Greater Cairo,Notebook Pack,Stationery,6,264.0,20,1584.0,1267.2,2026-12,Medium
106931,2026-07-15,CUST01531,Alexandria,Coastal,Laptop,Electronics,7,25650.0,0,179550.0,179550.0,2026-07,Large
106932,2026-02-28,CUST01532,Mansoura,Delta,Smartphone,Electronics,8,13195.0,5,105560.0,100282.0,2026-02,Large
106933,2026-09-13,CUST01533,Tanta,Unknown,Wireless Mouse,Accessories,9,414.0,10,3726.0,3353.4,2026-09,Medium
106934,2026-04-26,CUST01534,Aswan,Unknown,Keyboard,Accessories,10,790.5,15,7905.0,6719.25,2026-04,Medium
106935,2026-11-11,CUST01535,Luxor,Unknown,Office Chair,Furniture,11,4888.0,20,53768.0,43014.4,2026-11,Large
106936,2026-06-24,CUST01536,Port Said,Unknown,Desk,Furniture,12,7030.0,0,84360.0,84360.0,2026-06,Large
106937,2026-01-09,CUST01537,Cairo,Greater Cairo,Headphones,Electronics,1,1728.0,5,1728.0,1641.6,2026-01,Medium
106938,2026-08-22,CUST01538,Giza,Greater Cairo,Monitor,Electronics,2,8924.0,10,17848.0,16063.2,2026-08,Large
106939,2026-03-07,CUST01539,Alexandria,Coastal,Printer,Office Equipment,3,6664.0,15,19992.0,16993.2,2026-03,Large
106940,2026-10-20,CUST01540,Mansoura,Delta,Notebook Pack,Stationery,4,237.6,20,950.4,760.32,2026-10,Small
106941,2026-05-05,CUST01541,Tanta,Unknown,Laptop,Electronics,5,28500.0,0,142500.0,142500.0,2026-05,Large
106942,2026-12-18,CUST01542,Aswan,Unknown,Smartphone,Electronics,6,14645.0,5,87870.0,83476.5,2026-12,Large
106943,2026-07-03,CUST01543,Luxor,Unknown,Wireless Mouse,Accessories,7,459.0,10,3213.0,2891.7,2026-07,Medium
106944,2026-02-16,CUST01544,Port Said,Unknown,Keyboard,Accessories,8,875.5,15,7004.0,5953.4,2026-02,Medium
106945,2026-09-01,CUST01545,Cairo,Greater Cairo,Office Chair,Furniture,9,5408.0,20,48672.0,38937.6,2026-09,Large
106946,2026-04-14,CUST01546,Giza,Greater Cairo,Desk,Furniture,10,7770.0,0,77700.0,77700.0,2026-04,Large
106947,2026-11-27,CUST01547,Alexandria,Coastal,Headphones,Electronics,11,1908.0,5,20988.0,19938.6,2026-11,Large
106948,2026-06-12,CUST01548,Mansoura,Delta,Monitor,Electronics,12,9844.0,10,118128.0,106315.2,2026-06,Large
106949,2026-01-25,CUST01549,Tanta,Unknown,Printer,Office Equipment,1,7344.0,15,7344.0,6242.4,2026-01,Medium
106950,2026-08-10,CUST01550,Aswan,Unknown,Notebook Pack,Stationery,2,261.6,20,523.2,418.56,2026-08,Small
106951,2026-03-23,CUST01551,Luxor,Unknown,Laptop,Electronics,3,31350.0,0,94050.0,94050.0,2026-03,Large
106952,2026-10-08,CUST01552,Port Said,Unknown,Smartphone,Electronics,4,13050.0,5,52200.0,49590.0,2026-10,Large
106953,2026-05-21,CUST01553,Cairo,Greater Cairo,Wireless Mouse,Accessories,5,409.5,10,2047.5,1842.75,2026-05,Medium
106954,2026-12-06,CUST01554,Giza,Greater Cairo,Keyboard,Accessories,6,782.0,15,4692.0,3988.2,2026-12,Medium
106955,2026-07-19,CUST01555,Alexandria,Coastal,Office Chair,Furniture,7,4836.0,20,33852.0,27081.6,2026-07,Large
106956,2026-02-04,CUST01556,Mansoura,Delta,Desk,Furniture,8,6956.0,0,55648.0,55648.0,2026-02,Large
106957,2026-09-17,CUST01557,Tanta,Unknown,Headphones,Electronics,9,1710.0,5,15390.0,14620.5,2026-09,Large
106958,2026-04-02,CUST01558,Aswan,Unknown,Monitor,Electronics,10,8832.0,10,88320.0,79488.0,2026-04,Large
106959,2026-11-15,CUST01559,Luxor,Unknown,Printer,Office Equipment,11,6596.0,15,72556.0,61672.6,2026-11,Large
106960,2026-06-28,CUST01560,Port Said,Unknown,Notebook Pack,Stationery,12,235.2,20,2822.4,2257.92,2026-06,Medium
106961,2026-01-13,CUST01561,Cairo,Greater Cairo,Laptop,Electronics,1,28215.0,0,28215.0,28215.0,2026-01,Large
106962,2026-08-26,CUST01562,Giza,Greater Cairo,Smartphone,Electronics,2,14500.0,5,29000.0,27550.0,2026-08,Large
106963,2026-03-11,CUST01563,Alexandria,Coastal,Wireless Mouse,Accessories,3,454.5,10,1363.5,1227.15,2026-03,Medium
106964,2026-10-24,CUST01564,Mansoura,Delta,Keyboard,Accessories,4,867.0,15,3468.0,2947.8,2026-10,Medium
106965,2026-05-09,CUST01565,Tanta,Unknown,Office Chair,Furniture,5,5356.0,20,26780.0,21424.0,2026-05,Large
106966,2026-12-22,CUST01566,Aswan,Unknown,Desk,Furniture,6,7696.0,0,46176.0,46176.0,2026-12,Large
106967,2026-07-07,CUST01567,Luxor,Unknown,Headphones,Electronics,7,1890.0,5,13230.0,12568.5,2026-07,Large
106968,2026-02-20,CUST01568,Port Said,Unknown,Monitor,Electronics,8,9752.0,10,78016.0,70214.4,2026-02,Large
106969,2026-09-05,CUST01569,Cairo,Greater Cairo,Printer,Office Equipment,9,7276.0,15,65484.0,55661.4,2026-09,Large
106970,2026-04-18,CUST01570,Giza,Greater Cairo,Notebook Pack,Stationery,10,259.2,20,2592.0,2073.6,2026-04,Medium
106971,2026-11-03,CUST01571,Alexandria,Coastal,Laptop,Electronics,11,31065.0,0,341715.0,341715.0,2026-11,Large
106972,2026-06-16,CUST01572,Mansoura,Delta,Smartphone,Electronics,12,15950.0,5,191400.0,181830.0,2026-06,Large
106973,2026-01-01,CUST01573,Tanta,Unknown,Wireless Mouse,Accessories,1,405.0,10,405.0,364.5,2026-01,Small
106974,2026-08-14,CUST01574,Aswan,Unknown,Keyboard,Accessories,2,773.5,15,1547.0,1314.95,2026-08,Medium
106975,2026-03-27,CUST01575,Luxor,Unknown,Office Chair,Furniture,3,4784.0,20,14352.0,11481.6,2026-03,Large
106976,2026-10-12,CUST01576,Port Said,Unknown,Desk,Furniture,4,6882.0,0,27528.0,27528.0,2026-10,Large
106977,2026-05-25,CUST01577,Cairo,Greater Cairo,Headphones,Electronics,5,1692.0,5,8460.0,8037.0,2026-05,Medium
106978,2026-12-10,CUST01578,Giza,Greater Cairo,Monitor,Electronics,6,8740.0,10,52440.0,47196.0,2026-12,Large
106979,2026-07-23,CUST01579,Alexandria,Coastal,Printer,Office Equipment,7,6528.0,15,45696.0,38841.6,2026-07,Large
106980,2026-02-08,CUST01580,Mansoura,Delta,Notebook Pack,Stationery,8,232.8,20,1862.4,1489.92,2026-02,Medium
106981,2026-09-21,CUST01581,Tanta,Unknown,Laptop,Electronics,9,27930.0,0,251370.0,251370.0,2026-09,Large
106982,2026-04-06,CUST01582,Aswan,Unknown,Smartphone,Electronics,10,14355.0,5,143550.0,136372.5,2026-04,Large
106983,2026-11-19,CUST01583,Luxor,Unknown,Wireless Mouse,Accessories,11,450.0,10,4950.0,4455.0,2026-11,Medium
106984,2026-06-04,CUST01584,Port Said,Unknown,Keyboard,Accessories,12,858.5,15,10302.0,8756.7,2026-06,Medium
106985,2026-01-17,CUST01585,Unknown,Unknown,Office Chair,Furniture,1,5304.0,20,5304.0,4243.2,2026-01,Medium
106986,2026-08-02,CUST01586,Giza,Greater Cairo,Desk,Furniture,2,7622.0,0,15244.0,15244.0,2026-08,Large
106987,2026-03-15,CUST01587,Alexandria,Coastal,Headphones,Electronics,3,1872.0,5,5616.0,5335.2,2026-03,Medium
106988,2026-10-28,CUST01588,Mansoura,Delta,Monitor,Electronics,4,9660.0,10,38640.0,34776.0,2026-10,Large
106989,2026-05-13,CUST01589,Tanta,Unknown,Printer,Office Equipment,5,7208.0,15,36040.0,30634.0,2026-05,Large
106990,2026-12-26,CUST01590,Aswan,Unknown,Notebook Pack,Stationery,6,256.8,20,1540.8,1232.64,2026-12,Medium
106991,2026-07-11,CUST01591,Luxor,Unknown,Laptop,Electronics,7,30780.0,0,215460.0,215460.0,2026-07,Large
106992,2026-02-24,CUST01592,Port Said,Unknown,Smartphone,Electronics,8,15805.0,5,126440.0,120118.0,2026-02,Large
106993,2026-09-09,CUST01593,Cairo,Greater Cairo,Wireless Mouse,Accessories,9,495.0,10,4455.0,4009.5,2026-09,Medium
106994,2026-04-22,CUST01594,Giza,Greater Cairo,Keyboard,Accessories,10,765.0,15,7650.0,6502.5,2026-04,Medium
106995,2026-11-07,CUST01595,Alexandria,Coastal,Office Chair,Furniture,11,4732.0,20,52052.0,41641.6,2026-11,Large
106996,2026-06-20,CUST01596,Mansoura,Delta,Desk,Furniture,12,6808.0,0,81696.0,81696.0,2026-06,Large
106997,2026-01-05,CUST01597,Tanta,Unknown,Headphones,Electronics,1,1674.0,5,1674.0,1590.3,2026-01,Medium
106998,2026-08-18,CUST01598,Aswan,Unknown,Monitor,Electronics,2,8648.0,10,17296.0,15566.4,2026-08,Large
106999,2026-03-03,CUST01599,Luxor,Unknown,Printer,Office Equipment,3,6460.0,15,19380.0,16473.0,2026-03,Large
107000,2026-10-16,CUST01600,Port Said,Unknown,Notebook Pack,Stationery,4,230.4,20,921.6,737.28,2026-10,Small
107001,2026-05-01,CUST01601,Cairo,Greater Cairo,Laptop,Electronics,5,27645.0,0,138225.0,138225.0,2026-05,Large
107002,2026-12-14,CUST01602,Giza,Greater Cairo,Smartphone,Electronics,6,14210.0,5,85260.0,80997.0,2026-12,Large
107003,2026-07-27,CUST01603,Alexandria,Coastal,Wireless Mouse,Accessories,7,445.5,10,3118.5,2806.65,2026-07,Medium
107004,2026-02-12,CUST01604,Mansoura,Delta,Keyboard,Accessories,8,850.0,15,6800.0,5780.0,2026-02,Medium
107005,2026-09-25,CUST01605,Tanta,Unknown,Office Chair,Furniture,9,5252.0,20,47268.0,37814.4,2026-09,Large
107006,2026-04-10,CUST01606,Aswan,Unknown,Desk,Furniture,10,7548.0,0,75480.0,75480.0,2026-04,Large
107007,2026-11-23,CUST01607,Luxor,Unknown,Headphones,Electronics,11,1854.0,5,20394.0,19374.3,2026-11,Large
107008,2026-06-08,CUST01608,Port Said,Unknown,Monitor,Electronics,12,9568.0,10,114816.0,103334.4,2026-06,Large
107009,2026-01-21,CUST01609,Cairo,Greater Cairo,Printer,Office Equipment,1,7140.0,15,7140.0,6069.0,2026-01,Medium
107010,2026-08-06,CUST01610,Giza,Greater Cairo,Notebook Pack,Stationery,2,254.4,20,508.8,407.04,2026-08,Small
107011,2026-03-19,CUST01611,Alexandria,Coastal,Laptop,Electronics,3,30495.0,0,91485.0,91485.0,2026-03,Large
107012,2026-10-04,CUST01612,Mansoura,Delta,Smartphone,Electronics,4,15660.0,5,62640.0,59508.0,2026-10,Large
107013,2026-05-17,CUST01613,Tanta,Unknown,Wireless Mouse,Accessories,5,490.5,10,2452.5,2207.25,2026-05,Medium
107014,2026-12-02,CUST01614,Aswan,Unknown,Keyboard,Accessories,6,935.0,15,5610.0,4768.5,2026-12,Medium
107015,2026-07-15,CUST01615,Luxor,Unknown,Office Chair,Furniture,7,4680.0,20,32760.0,26208.0,2026-07,Large
107016,2026-02-28,CUST01616,Port Said,Unknown,Desk,Furniture,8,6734.0,0,53872.0,53872.0,2026-02,Large
107017,2026-09-13,CUST01617,Cairo,Greater Cairo,Headphones,Electronics,9,1656.0,5,14904.0,14158.8,2026-09,Large
107018,2026-04-26,CUST01618,Giza,Greater Cairo,Monitor,Electronics,10,8556.0,10,85560.0,77004.0,2026-04,Large
107019,2026-11-11,CUST01619,Alexandria,Coastal,Printer,Office Equipment,11,6392.0,15,70312.0,59765.2,2026-11,Large
107020,2026-06-24,CUST01620,Mansoura,Delta,Notebook Pack,Stationery,12,228.0,20,2736.0,2188.8,2026-06,Medium
107021,2025-01-09,CUST01621,Tanta,Unknown,Laptop,Electronics,1,27360.0,0,27360.0,27360.0,2025-01,Large
107022,2025-08-22,CUST01622,Aswan,Unknown,Smartphone,Electronics,2,14065.0,5,28130.0,26723.5,2025-08,Large
107023,2025-03-07,CUST01623,Luxor,Unknown,Wireless Mouse,Accessories,3,441.0,10,1323.0,1190.7,2025-03,Medium
107024,2025-10-20,CUST01624,Port Said,Unknown,Keyboard,Accessories,4,841.5,15,3366.0,2861.1,2025-10,Medium
107025,2025-05-05,CUST01625,Cairo,Greater Cairo,Office Chair,Furniture,5,5200.0,20,26000.0,20800.0,2025-05,Large
107026,2025-12-18,CUST01626,Giza,Greater Cairo,Desk,Furniture,6,7474.0,0,44844.0,44844.0,2025-12,Large
107027,2025-07-03,CUST01627,Alexandria,Coastal,Headphones,Electronics,7,1836.0,5,12852.0,12209.4,2025-07,Large
107028,2025-02-16,CUST01628,Mansoura,Delta,Monitor,Electronics,8,9476.0,10,75808.0,68227.2,2025-02,Large
107029,2025-09-01,CUST01629,Tanta,Unknown,Printer,Office Equipment,9,7072.0,15,63648.0,54100.8,2025-09,Large
107030,2025-04-14,CUST01630,Aswan,Unknown,Notebook Pack,Stationery,10,252.0,20,2520.0,2016.0,2025-04,Medium
107031,2025-11-27,CUST01631,Luxor,Unknown,Laptop,Electronics,11,30210.0,0,332310.0,332310.0,2025-11,Large
107032,2025-06-12,CUST01632,Port Said,Unknown,Smartphone,Electronics,12,15515.0,5,186180.0,176871.0,2025-06,Large
107033,2025-01-25,CUST01633,Cairo,Greater Cairo,Wireless Mouse,Accessories,1,486.0,10,486.0,437.4,2025-01,Small
107034,2025-08-10,CUST01634,Giza,Greater Cairo,Keyboard,Accessories,2,926.5,15,1853.0,1575.05,2025-08,Medium
107035,2025-03-23,CUST01635,Alexandria,Coastal,Office Chair,Furniture,3,5720.0,20,17160.0,13728.0,2025-03,Large
107036,2025-10-08,CUST01636,Mansoura,Delta,Desk,Furniture,4,6660.0,0,26640.0,26640.0,2025-10,Large
107037,2025-05-21,CUST01637,Tanta,Unknown,Headphones,Electronics,5,1638.0,5,8190.0,7780.5,2025-05,Medium
107038,2025-12-06,CUST01638,Aswan,Unknown,Monitor,Electronics,6,8464.0,10,50784.0,45705.6,2025-12,Large
107039,2025-07-19,CUST01639,Luxor,Unknown,Printer,Office Equipment,7,6324.0,15,44268.0,37627.8,2025-07,Large
107040,2025-02-04,CUST01640,Port Said,Unknown,Notebook Pack,Stationery,8,225.6,20,1804.8,1443.84,2025-02,Medium
107041,2025-09-17,CUST01641,Cairo,Greater Cairo,Laptop,Electronics,9,27075.0,0,243675.0,243675.0,2025-09,Large
107042,2025-04-02,CUST01642,Giza,Greater Cairo,Smartphone,Electronics,10,13920.0,5,139200.0,132240.0,2025-04,Large
107043,2025-11-15,CUST01643,Alexandria,Coastal,Wireless Mouse,Accessories,11,436.5,10,4801.5,4321.35,2025-11,Medium
107044,2025-06-28,CUST01644,Mansoura,Delta,Keyboard,Accessories,12,833.0,15,9996.0,8496.6,2025-06,Medium
107045,2025-01-13,CUST01645,Tanta,Unknown,Office Chair,Furniture,1,5148.0,20,5148.0,4118.4,2025-01,Medium
107046,2025-08-26,CUST01646,Aswan,Unknown,Desk,Furniture,2,7400.0,0,14800.0,14800.0,2025-08,Large
107047,2025-03-11,CUST01647,Luxor,Unknown,Headphones,Electronics,3,1818.0,5,5454.0,5181.3,2025-03,Medium
107048,2025-10-24,CUST01648,Port Said,Unknown,Monitor,Electronics,4,9384.0,10,37536.0,33782.4,2025-10,Large
107049,2025-05-09,CUST01649,Cairo,Greater Cairo,Printer,Office Equipment,5,7004.0,15,35020.0,29767.0,2025-05,Large
107050,2025-12-22,CUST01650,Giza,Greater Cairo,Notebook Pack,Stationery,6,249.6,20,1497.6,1198.08,2025-12,Medium
107051,2025-07-07,CUST01651,Alexandria,Coastal,Laptop,Electronics,7,29925.0,0,209475.0,209475.0,2025-07,Large
107052,2025-02-20,CUST01652,Mansoura,Delta,Smartphone,Electronics,8,15370.0,5,122960.0,116812.0,2025-02,Large
107053,2025-09-05,CUST01653,Tanta,Unknown,Wireless Mouse,Accessories,9,481.5,10,4333.5,3900.15,2025-09,Medium
107054,2025-04-18,CUST01654,Aswan,Unknown,Keyboard,Accessories,10,918.0,15,9180.0,7803.0,2025-04,Medium
107055,2025-11-03,CUST01655,Luxor,Unknown,Office Chair,Furniture,11,5668.0,20,62348.0,49878.4,2025-11,Large
107056,2025-06-16,CUST01656,Port Said,Unknown,Desk,Furniture,12,8140.0,0,97680.0,97680.0,2025-06,Large
107057,2025-01-01,CUST01657,Cairo,Greater Cairo,Headphones,Electronics,1,1620.0,5,1620.0,1539.0,2025-01,Medium
107058,2025-08-14,CUST01658,Giza,Greater Cairo,Monitor,Electronics,2,8372.0,10,16744.0,15069.6,2025-08,Large
107059,2025-03-27,CUST01659,Alexandria,Coastal,Printer,Office Equipment,3,6256.0,15,18768.0,15952.8,2025-03,Large
107060,2025-10-12,CUST01660,Mansoura,Delta,Notebook Pack,Stationery,4,223.2,0,892.8,892.8,2025-10,Small
107061,2025-05-25,CUST01661,Tanta,Unknown,Laptop,Electronics,5,26790.0,0,133950.0,133950.0,2025-05,Large
107062,2025-12-10,CUST01662,Aswan,Unknown,Smartphone,Electronics,6,13775.0,5,82650.0,78517.5,2025-12,Large
107063,2025-07-23,CUST01663,Luxor,Unknown,Wireless Mouse,Accessories,7,432.0,10,3024.0,2721.6,2025-07,Medium
107064,2025-02-08,CUST01664,Port Said,Unknown,Keyboard,Accessories,8,824.5,15,6596.0,5606.6,2025-02,Medium
107065,2025-09-21,CUST01665,Cairo,Greater Cairo,Office Chair,Furniture,9,5096.0,20,45864.0,36691.2,2025-09,Large
107066,2025-04-06,CUST01666,Giza,Greater Cairo,Desk,Furniture,10,7326.0,0,73260.0,73260.0,2025-04,Large
107067,2025-11-19,CUST01667,Alexandria,Coastal,Headphones,Electronics,11,1800.0,5,19800.0,18810.0,2025-11,Large
107068,2025-06-04,CUST01668,Mansoura,Delta,Monitor,Electronics,12,9292.0,10,111504.0,100353.6,2025-06,Large
107069,2025-01-17,CUST01669,Tanta,Unknown,Printer,Office Equipment,1,6936.0,15,6936.0,5895.6,2025-01,Medium
107070,2025-08-02,CUST01670,Aswan,Unknown,Notebook Pack,Stationery,2,247.2,20,494.4,395.52,2025-08,Small
107071,2025-03-15,CUST01671,Luxor,Unknown,Laptop,Electronics,3,29640.0,0,88920.0,88920.0,2025-03,Large
107072,2025-10-28,CUST01672,Port Said,Unknown,Smartphone,Electronics,4,15225.0,5,60900.0,57855.0,2025-10,Large
107073,2025-05-13,CUST01673,Cairo,Greater Cairo,Wireless Mouse,Accessories,5,477.0,10,2385.0,2146.5,2025-05,Medium
107074,2025-12-26,CUST01674,Giza,Greater Cairo,Keyboard,Accessories,6,909.5,15,5457.0,4638.45,2025-12,Medium
107075,2025-07-11,CUST01675,Alexandria,Coastal,Office Chair,Furniture,7,5616.0,20,39312.0,31449.6,2025-07,Large
107076,2025-02-24,CUST01676,Mansoura,Delta,Desk,Furniture,8,8066.0,0,64528.0,64528.0,2025-02,Large
107077,2025-09-09,CUST01677,Tanta,Unknown,Headphones,Electronics,9,1980.0,5,17820.0,16929.0,2025-09,Large
107078,2025-04-22,CUST01678,Aswan,Unknown,Monitor,Electronics,10,8280.0,10,82800.0,74520.0,2025-04,Large
107079,2025-11-07,CUST01679,Luxor,Unknown,Printer,Office Equipment,11,6188.0,15,68068.0,57857.8,2025-11,Large
107080,2025-06-20,CUST01680,Port Said,Unknown,Notebook Pack,Stationery,12,220.8,20,2649.6,2119.68,2025-06,Medium
107081,2025-01-05,CUST01681,Cairo,Greater Cairo,Laptop,Electronics,1,26505.0,0,26505.0,26505.0,2025-01,Large
107082,2025-08-18,CUST01682,Unknown,Unknown,Smartphone,Electronics,2,13630.0,5,27260.0,25897.0,2025-08,Large
107083,2025-03-03,CUST01683,Alexandria,Coastal,Wireless Mouse,Accessories,3,427.5,10,1282.5,1154.25,2025-03,Medium
107084,2025-10-16,CUST01684,Mansoura,Delta,Keyboard,Accessories,4,816.0,15,3264.0,2774.4,2025-10,Medium
107085,2025-05-01,CUST01685,Tanta,Unknown,Office Chair,Furniture,5,5044.0,20,25220.0,20176.0,2025-05,Large
107086,2025-12-14,CUST01686,Aswan,Unknown,Desk,Furniture,6,7252.0,0,43512.0,43512.0,2025-12,Large
107087,2025-07-27,CUST01687,Luxor,Unknown,Headphones,Electronics,7,1782.0,5,12474.0,11850.3,2025-07,Large
107088,2025-02-12,CUST01688,Port Said,Unknown,Monitor,Electronics,8,9200.0,10,73600.0,66240.0,2025-02,Large
107089,2025-09-25,CUST01689,Cairo,Greater Cairo,Printer,Office Equipment,9,6868.0,15,61812.0,52540.2,2025-09,Large
107090,2025-04-10,CUST01690,Giza,Greater Cairo,Notebook Pack,Stationery,10,244.8,20,2448.0,1958.4,2025-04,Medium
107091,2025-11-23,CUST01691,Alexandria,Coastal,Laptop,Electronics,11,29355.0,0,322905.0,322905.0,2025-11,Large
107092,2025-06-08,CUST01692,Mansoura,Delta,Smartphone,Electronics,12,15080.0,5,180960.0,171912.0,2025-06,Large
107093,2025-01-21,CUST01693,Tanta,Unknown,Wireless Mouse,Accessories,1,472.5,10,472.5,425.25,2025-01,Small
107094,2025-08-06,CUST01694,Aswan,Unknown,Keyboard,Accessories,2,901.0,15,1802.0,1531.7,2025-08,Medium
107095,2025-03-19,CUST01695,Luxor,Unknown,Office Chair,Furniture,3,5564.0,20,16692.0,13353.6,2025-03,Large
107096,2025-10-04,CUST01696,Port Said,Unknown,Desk,Furniture,4,7992.0,0,31968.0,31968.0,2025-10,Large
107097,2025-05-17,CUST01697,Cairo,Greater Cairo,Headphones,Electronics,5,1962.0,5,9810.0,9319.5,2025-05,Medium
107098,2025-12-02,CUST01698,Giza,Greater Cairo,Monitor,Electronics,6,10120.0,10,60720.0,54648.0,2025-12,Large
107099,2025-07-15,CUST01699,Alexandria,Coastal,Printer,Office Equipment,7,6120.0,15,42840.0,36414.0,2025-07,Large
107100,2025-02-28,CUST01700,Mansoura,Delta,Notebook Pack,Stationery,8,218.4,20,1747.2,1397.76,2025-02,Medium
107101,2025-09-13,CUST01701,Tanta,Unknown,Laptop,Electronics,9,26220.0,0,235980.0,235980.0,2025-09,Large
107102,2025-04-26,CUST01702,Aswan,Unknown,Smartphone,Electronics,10,13485.0,5,134850.0,128107.5,2025-04,Large
107103,2025-11-11,CUST01703,Luxor,Unknown,Wireless Mouse,Accessories,11,423.0,10,4653.0,4187.7,2025-11,Medium
107104,2025-06-24,CUST01704,Port Said,Unknown,Keyboard,Accessories,12,807.5,15,9690.0,8236.5,2025-06,Medium
107105,2025-01-09,CUST01705,Cairo,Greater Cairo,Office Chair,Furniture,1,4992.0,20,4992.0,3993.6,2025-01,Medium
107106,2025-08-22,CUST01706,Giza,Greater Cairo,Desk,Furniture,2,7178.0,0,14356.0,14356.0,2025-08,Large
107107,2025-03-07,CUST01707,Alexandria,Coastal,Headphones,Electronics,3,1764.0,5,5292.0,5027.4,2025-03,Medium
107108,2025-10-20,CUST01708,Mansoura,Delta,Monitor,Electronics,4,9108.0,10,36432.0,32788.8,2025-10,Large
107109,2025-05-05,CUST01709,Tanta,Unknown,Printer,Office Equipment,5,6800.0,15,34000.0,28900.0,2025-05,Large
107110,2025-12-18,CUST01710,Aswan,Unknown,Notebook Pack,Stationery,6,242.4,20,1454.4,1163.52,2025-12,Medium
107111,2025-07-03,CUST01711,Luxor,Unknown,Laptop,Electronics,7,29070.0,0,203490.0,203490.0,2025-07,Large
107112,2025-02-16,CUST01712,Port Said,Unknown,Smartphone,Electronics,8,14935.0,5,119480.0,113506.0,2025-02,Large
107113,2025-09-01,CUST01713,Cairo,Greater Cairo,Wireless Mouse,Accessories,9,468.0,10,4212.0,3790.8,2025-09,Medium
107114,2025-04-14,CUST01714,Giza,Greater Cairo,Keyboard,Accessories,10,892.5,15,8925.0,7586.25,2025-04,Medium
107115,2025-11-27,CUST01715,Alexandria,Coastal,Office Chair,Furniture,11,5512.0,20,60632.0,48505.6,2025-11,Large
107116,2025-06-12,CUST01716,Mansoura,Delta,Desk,Furniture,12,7918.0,0,95016.0,95016.0,2025-06,Large
107117,2025-01-25,CUST01717,Tanta,Unknown,Headphones,Electronics,1,1944.0,5,1944.0,1846.8,2025-01,Medium
107118,2025-08-10,CUST01718,Aswan,Unknown,Monitor,Electronics,2,10028.0,10,20056.0,18050.4,2025-08,Large
107119,2025-03-23,CUST01719,Luxor,Unknown,Printer,Office Equipment,3,7480.0,15,22440.0,19074.0,2025-03,Large
107120,2025-10-08,CUST01720,Port Said,Unknown,Notebook Pack,Stationery,4,216.0,20,864.0,691.2,2025-10,Small
107121,2025-05-21,CUST01721,Cairo,Greater Cairo,Laptop,Electronics,5,25935.0,0,129675.0,129675.0,2025-05,Large
107122,2025-12-06,CUST01722,Giza,Greater Cairo,Smartphone,Electronics,6,13340.0,5,80040.0,76038.0,2025-12,Large
107123,2025-07-19,CUST01723,Alexandria,Coastal,Wireless Mouse,Accessories,7,418.5,10,2929.5,2636.55,2025-07,Medium
107124,2025-02-04,CUST01724,Mansoura,Delta,Keyboard,Accessories,8,799.0,15,6392.0,5433.2,2025-02,Medium
107125,2025-09-17,CUST01725,Tanta,Unknown,Office Chair,Furniture,9,4940.0,20,44460.0,35568.0,2025-09,Large
107126,2025-04-02,CUST01726,Aswan,Unknown,Desk,Furniture,10,7104.0,0,71040.0,71040.0,2025-04,Large
107127,2025-11-15,CUST01727,Luxor,Unknown,Headphones,Electronics,11,1746.0,5,19206.0,18245.7,2025-11,Large
107128,2025-06-28,CUST01728,Port Said,Unknown,Monitor,Electronics,12,9016.0,10,108192.0,97372.8,2025-06,Large
107129,2025-01-13,CUST01729,Cairo,Greater Cairo,Printer,Office Equipment,1,6732.0,15,6732.0,5722.2,2025-01,Medium
107130,2025-08-26,CUST01730,Giza,Greater Cairo,Notebook Pack,Stationery,2,240.0,20,480.0,384.0,2025-08,Small
107131,2025-03-11,CUST01731,Alexandria,Coastal,Laptop,Electronics,3,28785.0,0,86355.0,86355.0,2025-03,Large
107132,2025-10-24,CUST01732,Mansoura,Delta,Smartphone,Electronics,4,14790.0,5,59160.0,56202.0,2025-10,Large
107133,2025-05-09,CUST01733,Tanta,Unknown,Wireless Mouse,Accessories,5,463.5,10,2317.5,2085.75,2025-05,Medium
107134,2025-12-22,CUST01734,Aswan,Unknown,Keyboard,Accessories,6,884.0,15,5304.0,4508.4,2025-12,Medium
107135,2025-07-07,CUST01735,Luxor,Unknown,Office Chair,Furniture,7,5460.0,20,38220.0,30576.0,2025-07,Large
107136,2025-02-20,CUST01736,Port Said,Unknown,Desk,Furniture,8,7844.0,0,62752.0,62752.0,2025-02,Large
107137,2025-09-05,CUST01737,Cairo,Greater Cairo,Headphones,Electronics,9,1926.0,5,17334.0,16467.3,2025-09,Large
107138,2025-04-18,CUST01738,Giza,Greater Cairo,Monitor,Electronics,10,9936.0,10,99360.0,89424.0,2025-04,Large
107139,2025-11-03,CUST01739,Alexandria,Coastal,Printer,Office Equipment,11,7412.0,15,81532.0,69302.2,2025-11,Large
107140,2025-06-16,CUST01740,Mansoura,Delta,Notebook Pack,Stationery,12,264.0,20,3168.0,2534.4,2025-06,Medium
107141,2025-01-01,CUST01741,Tanta,Unknown,Laptop,Electronics,1,25650.0,0,25650.0,25650.0,2025-01,Large
107142,2025-08-14,CUST01742,Aswan,Unknown,Smartphone,Electronics,2,13195.0,5,26390.0,25070.5,2025-08,Large
107143,2025-03-27,CUST01743,Luxor,Unknown,Wireless Mouse,Accessories,3,414.0,10,1242.0,1117.8,2025-03,Medium
107144,2025-10-12,CUST01744,Port Said,Unknown,Keyboard,Accessories,4,790.5,15,3162.0,2687.7,2025-10,Medium
107145,2025-05-25,CUST01745,Cairo,Greater Cairo,Office Chair,Furniture,5,4888.0,20,24440.0,19552.0,2025-05,Large
107146,2025-12-10,CUST01746,Giza,Greater Cairo,Desk,Furniture,6,7030.0,0,42180.0,42180.0,2025-12,Large
107147,2025-07-23,CUST01747,Alexandria,Coastal,Headphones,Electronics,7,1728.0,5,12096.0,11491.2,2025-07,Large
107148,2025-02-08,CUST01748,Mansoura,Delta,Monitor,Electronics,8,8924.0,10,71392.0,64252.8,2025-02,Large
107149,2025-09-21,CUST01749,Tanta,Unknown,Printer,Office Equipment,9,6664.0,15,59976.0,50979.6,2025-09,Large
107150,2025-04-06,CUST01750,Aswan,Unknown,Notebook Pack,Stationery,10,237.6,20,2376.0,1900.8,2025-04,Medium
107151,2025-11-19,CUST01751,Luxor,Unknown,Laptop,Electronics,11,28500.0,0,313500.0,313500.0,2025-11,Large
107152,2025-06-04,CUST01752,Port Said,Unknown,Smartphone,Electronics,12,14645.0,5,175740.0,166953.0,2025-06,Large
107153,2025-01-17,CUST01753,Cairo,Greater Cairo,Wireless Mouse,Accessories,1,459.0,10,459.0,413.1,2025-01,Small
107154,2025-08-02,CUST01754,Giza,Greater Cairo,Keyboard,Accessories,2,875.5,15,1751.0,1488.35,2025-08,Medium
107155,2025-03-15,CUST01755,Alexandria,Coastal,Office Chair,Furniture,3,5408.0,20,16224.0,12979.2,2025-03,Large
107156,2025-10-28,CUST01756,Mansoura,Delta,Desk,Furniture,4,7770.0,0,31080.0,31080.0,2025-10,Large
107157,2025-05-13,CUST01757,Tanta,Unknown,Headphones,Electronics,5,1908.0,5,9540.0,9063.0,2025-05,Medium
107158,2025-12-26,CUST01758,Aswan,Unknown,Monitor,Electronics,6,9844.0,10,59064.0,53157.6,2025-12,Large
107159,2025-07-11,CUST01759,Luxor,Unknown,Printer,Office Equipment,7,7344.0,15,51408.0,43696.8,2025-07,Large
107160,2025-02-24,CUST01760,Port Said,Unknown,Notebook Pack,Stationery,8,261.6,20,2092.8,1674.24,2025-02,Medium
107161,2025-09-09,CUST01761,Cairo,Greater Cairo,Laptop,Electronics,9,31350.0,0,282150.0,282150.0,2025-09,Large
107162,2025-04-22,CUST01762,Giza,Greater Cairo,Smartphone,Electronics,10,13050.0,5,130500.0,123975.0,2025-04,Large
107163,2025-11-07,CUST01763,Alexandria,Coastal,Wireless Mouse,Accessories,11,409.5,10,4504.5,4054.05,2025-11,Medium
107164,2025-06-20,CUST01764,Mansoura,Delta,Keyboard,Accessories,12,782.0,15,9384.0,7976.4,2025-06,Medium
107165,2025-01-05,CUST01765,Tanta,Unknown,Office Chair,Furniture,1,4836.0,20,4836.0,3868.8,2025-01,Medium
107166,2025-08-18,CUST01766,Aswan,Unknown,Desk,Furniture,2,6956.0,0,13912.0,13912.0,2025-08,Large
107167,2025-03-03,CUST01767,Luxor,Unknown,Headphones,Electronics,3,1710.0,5,5130.0,4873.5,2025-03,Medium
107168,2025-10-16,CUST01768,Port Said,Unknown,Monitor,Electronics,4,8832.0,10,35328.0,31795.2,2025-10,Large
107169,2025-05-01,CUST01769,Cairo,Greater Cairo,Printer,Office Equipment,5,6596.0,15,32980.0,28033.0,2025-05,Large
107170,2025-12-14,CUST01770,Giza,Greater Cairo,Notebook Pack,Stationery,6,235.2,20,1411.2,1128.96,2025-12,Medium
107171,2025-07-27,CUST01771,Alexandria,Coastal,Laptop,Electronics,7,28215.0,0,197505.0,197505.0,2025-07,Large
107172,2025-02-12,CUST01772,Mansoura,Delta,Smartphone,Electronics,8,14500.0,5,116000.0,110200.0,2025-02,Large
107173,2025-09-25,CUST01773,Tanta,Unknown,Wireless Mouse,Accessories,9,454.5,10,4090.5,3681.45,2025-09,Medium
107174,2025-04-10,CUST01774,Aswan,Unknown,Keyboard,Accessories,10,867.0,15,8670.0,7369.5,2025-04,Medium
107175,2025-11-23,CUST01775,Luxor,Unknown,Office Chair,Furniture,11,5356.0,20,58916.0,47132.8,2025-11,Large
107176,2025-06-08,CUST01776,Port Said,Unknown,Desk,Furniture,12,7696.0,0,92352.0,92352.0,2025-06,Large
107177,2025-01-21,CUST01777,Cairo,Greater Cairo,Headphones,Electronics,1,1890.0,5,1890.0,1795.5,2025-01,Medium
107178,2025-08-06,CUST01778,Giza,Greater Cairo,Monitor,Electronics,2,9752.0,10,19504.0,17553.6,2025-08,Large
107179,2025-03-19,CUST01779,Unknown,Unknown,Printer,Office Equipment,3,7276.0,15,21828.0,18553.8,2025-03,Large
107180,2025-10-04,CUST01780,Mansoura,Delta,Notebook Pack,Stationery,4,259.2,20,1036.8,829.44,2025-10,Small
107181,2025-05-17,CUST01781,Tanta,Unknown,Laptop,Electronics,5,31065.0,0,155325.0,155325.0,2025-05,Large
107182,2025-12-02,CUST01782,Aswan,Unknown,Smartphone,Electronics,6,15950.0,5,95700.0,90915.0,2025-12,Large
107183,2025-07-15,CUST01783,Luxor,Unknown,Wireless Mouse,Accessories,7,405.0,10,2835.0,2551.5,2025-07,Medium
107184,2025-02-28,CUST01784,Port Said,Unknown,Keyboard,Accessories,8,773.5,15,6188.0,5259.8,2025-02,Medium
107185,2025-09-13,CUST01785,Cairo,Greater Cairo,Office Chair,Furniture,9,4784.0,20,43056.0,34444.8,2025-09,Large
107186,2025-04-26,CUST01786,Giza,Greater Cairo,Desk,Furniture,10,6882.0,0,68820.0,68820.0,2025-04,Large
107187,2025-11-11,CUST01787,Alexandria,Coastal,Headphones,Electronics,11,1692.0,5,18612.0,17681.4,2025-11,Large
107188,2025-06-24,CUST01788,Mansoura,Delta,Monitor,Electronics,12,8740.0,10,104880.0,94392.0,2025-06,Large
107189,2025-01-09,CUST01789,Tanta,Unknown,Printer,Office Equipment,1,6528.0,15,6528.0,5548.8,2025-01,Medium
107190,2025-08-22,CUST01790,Aswan,Unknown,Notebook Pack,Stationery,2,232.8,20,465.6,372.48,2025-08,Small
107191,2025-03-07,CUST01791,Luxor,Unknown,Laptop,Electronics,3,27930.0,0,83790.0,83790.0,2025-03,Large
107192,2025-10-20,CUST01792,Port Said,Unknown,Smartphone,Electronics,4,14355.0,5,57420.0,54549.0,2025-10,Large
107193,2025-05-05,CUST01793,Cairo,Greater Cairo,Wireless Mouse,Accessories,5,450.0,10,2250.0,2025.0,2025-05,Medium
107194,2025-12-18,CUST01794,Giza,Greater Cairo,Keyboard,Accessories,6,858.5,15,5151.0,4378.35,2025-12,Medium
107195,2025-07-03,CUST01795,Alexandria,Coastal,Office Chair,Furniture,7,5304.0,20,37128.0,29702.4,2025-07,Large
107196,2025-02-16,CUST01796,Mansoura,Delta,Desk,Furniture,8,7622.0,0,60976.0,60976.0,2025-02,Large
107197,2025-09-01,CUST01797,Tanta,Unknown,Headphones,Electronics,9,1872.0,5,16848.0,16005.6,2025-09,Large
107198,2025-04-14,CUST01798,Aswan,Unknown,Monitor,Electronics,10,9660.0,10,96600.0,86940.0,2025-04,Large
107199,2025-11-27,CUST01799,Luxor,Unknown,Printer,Office Equipment,11,7208.0,15,79288.0,67394.8,2025-11,Large
107200,2025-06-12,CUST01800,Port Said,Unknown,Notebook Pack,Stationery,12,256.8,20,3081.6,2465.28,2025-06,Medium
107201,2025-01-25,CUST00001,Cairo,Greater Cairo,Laptop,Electronics,1,30780.0,0,30780.0,30780.0,2025-01,Large
107202,2025-08-10,CUST00002,Giza,Greater Cairo,Smartphone,Electronics,2,15805.0,5,31610.0,30029.5,2025-08,Large
107203,2025-03-23,CUST00003,Alexandria,Coastal,Wireless Mouse,Accessories,3,495.0,10,1485.0,1336.5,2025-03,Medium
107204,2025-10-08,CUST00004,Mansoura,Delta,Keyboard,Accessories,4,765.0,15,3060.0,2601.0,2025-10,Medium
107205,2025-05-21,CUST00005,Tanta,Unknown,Office Chair,Furniture,5,4732.0,20,23660.0,18928.0,2025-05,Large
107206,2025-12-06,CUST00006,Aswan,Unknown,Desk,Furniture,6,6808.0,0,40848.0,40848.0,2025-12,Large
107207,2025-07-19,CUST00007,Luxor,Unknown,Headphones,Electronics,7,1674.0,5,11718.0,11132.1,2025-07,Large
107208,2025-02-04,CUST00008,Port Said,Unknown,Monitor,Electronics,8,8648.0,10,69184.0,62265.6,2025-02,Large
107209,2025-09-17,CUST00009,Cairo,Greater Cairo,Printer,Office Equipment,9,6460.0,15,58140.0,49419.0,2025-09,Large
107210,2025-04-02,CUST00010,Giza,Greater Cairo,Notebook Pack,Stationery,10,230.4,20,2304.0,1843.2,2025-04,Medium
107211,2025-11-15,CUST00011,Alexandria,Coastal,Laptop,Electronics,11,27645.0,0,304095.0,304095.0,2025-11,Large
107212,2025-06-28,CUST00012,Mansoura,Delta,Smartphone,Electronics,12,14210.0,5,170520.0,161994.0,2025-06,Large
107213,2025-01-13,CUST00013,Tanta,Unknown,Wireless Mouse,Accessories,1,445.5,10,445.5,400.95,2025-01,Small
107214,2025-08-26,CUST00014,Aswan,Unknown,Keyboard,Accessories,2,850.0,15,1700.0,1445.0,2025-08,Medium
107215,2025-03-11,CUST00015,Luxor,Unknown,Office Chair,Furniture,3,5252.0,20,15756.0,12604.8,2025-03,Large
107216,2025-10-24,CUST00016,Port Said,Unknown,Desk,Furniture,4,7548.0,0,30192.0,30192.0,2025-10,Large
107217,2025-05-09,CUST00017,Cairo,Greater Cairo,Headphones,Electronics,5,1854.0,5,9270.0,8806.5,2025-05,Medium
107218,2025-12-22,CUST00018,Giza,Greater Cairo,Monitor,Electronics,6,9568.0,10,57408.0,51667.2,2025-12,Large
107219,2025-07-07,CUST00019,Alexandria,Coastal,Printer,Office Equipment,7,7140.0,15,49980.0,42483.0,2025-07,Large
107220,2025-02-20,CUST00020,Mansoura,Delta,Notebook Pack,Stationery,8,254.4,20,2035.2,1628.16,2025-02,Medium
107221,2025-09-05,CUST00021,Tanta,Unknown,Laptop,Electronics,9,30495.0,0,274455.0,274455.0,2025-09,Large
107222,2025-04-18,CUST00022,Aswan,Unknown,Smartphone,Electronics,10,15660.0,5,156600.0,148770.0,2025-04,Large
107223,2025-11-03,CUST00023,Luxor,Unknown,Wireless Mouse,Accessories,11,490.5,10,5395.5,4855.95,2025-11,Medium
107224,2025-06-16,CUST00024,Port Said,Unknown,Keyboard,Accessories,12,935.0,15,11220.0,9537.0,2025-06,Medium
107225,2025-01-01,CUST00025,Cairo,Greater Cairo,Office Chair,Furniture,1,4680.0,20,4680.0,3744.0,2025-01,Medium
107226,2025-08-14,CUST00026,Giza,Greater Cairo,Desk,Furniture,2,6734.0,0,13468.0,13468.0,2025-08,Large
107227,2025-03-27,CUST00027,Alexandria,Coastal,Headphones,Electronics,3,1656.0,5,4968.0,4719.6,2025-03,Medium
107228,2025-10-12,CUST00028,Mansoura,Delta,Monitor,Electronics,4,8556.0,10,34224.0,30801.6,2025-10,Large
107229,2025-05-25,CUST00029,Tanta,Unknown,Printer,Office Equipment,5,6392.0,15,31960.0,27166.0,2025-05,Large
107230,2025-12-10,CUST00030,Aswan,Unknown,Notebook Pack,Stationery,6,228.0,20,1368.0,1094.4,2025-12,Medium
107231,2025-07-23,CUST00031,Luxor,Unknown,Laptop,Electronics,7,27360.0,0,191520.0,191520.0,2025-07,Large
107232,2025-02-08,CUST00032,Port Said,Unknown,Smartphone,Electronics,8,14065.0,5,112520.0,106894.0,2025-02,Large
107233,2025-09-21,CUST00033,Cairo,Greater Cairo,Wireless Mouse,Accessories,9,441.0,10,3969.0,3572.1,2025-09,Medium
107234,2025-04-06,CUST00034,Giza,Greater Cairo,Keyboard,Accessories,10,841.5,15,8415.0,7152.75,2025-04,Medium
107235,2025-11-19,CUST00035,Alexandria,Coastal,Office Chair,Furniture,11,5200.0,20,57200.0,45760.0,2025-11,Large
107236,2025-06-04,CUST00036,Mansoura,Delta,Desk,Furniture,12,7474.0,0,89688.0,89688.0,2025-06,Large
107237,2025-01-17,CUST00037,Tanta,Unknown,Headphones,Electronics,1,1836.0,5,1836.0,1744.2,2025-01,Medium
107238,2025-08-02,CUST00038,Aswan,Unknown,Monitor,Electronics,2,9476.0,10,18952.0,17056.8,2025-08,Large
107239,2025-03-15,CUST00039,Luxor,Unknown,Printer,Office Equipment,3,7072.0,15,21216.0,18033.6,2025-03,Large
107240,2025-10-28,CUST00040,Port Said,Unknown,Notebook Pack,Stationery,4,252.0,20,1008.0,806.4,2025-10,Small
107241,2025-05-13,CUST00041,Cairo,Greater Cairo,Laptop,Electronics,5,30210.0,0,151050.0,151050.0,2025-05,Large
107242,2025-12-26,CUST00042,Giza,Greater Cairo,Smartphone,Electronics,6,15515.0,5,93090.0,88435.5,2025-12,Large
107243,2025-07-11,CUST00043,Alexandria,Coastal,Wireless Mouse,Accessories,7,486.0,10,3402.0,3061.8,2025-07,Medium
107244,2025-02-24,CUST00044,Mansoura,Delta,Keyboard,Accessories,8,926.5,15,7412.0,6300.2,2025-02,Medium
107245,2025-09-09,CUST00045,Tanta,Unknown,Office Chair,Furniture,9,5720.0,20,51480.0,41184.0,2025-09,Large
107246,2025-04-22,CUST00046,Aswan,Unknown,Desk,Furniture,10,6660.0,0,66600.0,66600.0,2025-04,Large
107247,2025-11-07,CUST00047,Luxor,Unknown,Headphones,Electronics,11,1638.0,5,18018.0,17117.1,2025-11,Large
107248,2025-06-20,CUST00048,Port Said,Unknown,Monitor,Electronics,12,8464.0,10,101568.0,91411.2,2025-06,Large
107249,2025-01-05,CUST00049,Cairo,Greater Cairo,Printer,Office Equipment,1,6324.0,15,6324.0,5375.4,2025-01,Medium
107250,2025-08-18,CUST00050,Giza,Greater Cairo,Notebook Pack,Stationery,2,225.6,20,451.2,360.96,2025-08,Small
107251,2025-03-03,CUST00051,Alexandria,Coastal,Laptop,Electronics,3,27075.0,0,81225.0,81225.0,2025-03,Large
107252,2025-10-16,CUST00052,Mansoura,Delta,Smartphone,Electronics,4,13920.0,5,55680.0,52896.0,2025-10,Large
107253,2025-05-01,CUST00053,Tanta,Unknown,Wireless Mouse,Accessories,5,436.5,10,2182.5,1964.25,2025-05,Medium
107254,2025-12-14,CUST00054,Aswan,Unknown,Keyboard,Accessories,6,833.0,15,4998.0,4248.3,2025-12,Medium
107255,2025-07-27,CUST00055,Luxor,Unknown,Office Chair,Furniture,7,5148.0,20,36036.0,28828.8,2025-07,Large
107256,2025-02-12,CUST00056,Port Said,Unknown,Desk,Furniture,8,7400.0,0,59200.0,59200.0,2025-02,Large
107257,2025-09-25,CUST00057,Cairo,Greater Cairo,Headphones,Electronics,9,1818.0,5,16362.0,15543.9,2025-09,Large
107258,2025-04-10,CUST00058,Giza,Greater Cairo,Monitor,Electronics,10,9384.0,10,93840.0,84456.0,2025-04,Large
107259,2025-11-23,CUST00059,Alexandria,Coastal,Printer,Office Equipment,11,7004.0,15,77044.0,65487.4,2025-11,Large
107260,2025-06-08,CUST00060,Mansoura,Delta,Notebook Pack,Stationery,12,249.6,20,2995.2,2396.16,2025-06,Medium
107261,2025-01-21,CUST00061,Tanta,Unknown,Laptop,Electronics,1,29925.0,0,29925.0,29925.0,2025-01,Large
107262,2025-08-06,CUST00062,Aswan,Unknown,Smartphone,Electronics,2,15370.0,5,30740.0,29203.0,2025-08,Large
107263,2025-03-19,CUST00063,Luxor,Unknown,Wireless Mouse,Accessories,3,481.5,10,1444.5,1300.05,2025-03,Medium
107264,2025-10-04,CUST00064,Port Said,Unknown,Keyboard,Accessories,4,918.0,15,3672.0,3121.2,2025-10,Medium
107265,2025-05-17,CUST00065,Cairo,Greater Cairo,Office Chair,Furniture,5,5668.0,20,28340.0,22672.0,2025-05,Large
107266,2025-12-02,CUST00066,Giza,Greater Cairo,Desk,Furniture,6,8140.0,0,48840.0,48840.0,2025-12,Large
107267,2025-07-15,CUST00067,Alexandria,Coastal,Headphones,Electronics,7,1620.0,5,11340.0,10773.0,2025-07,Large
107268,2025-02-28,CUST00068,Mansoura,Delta,Monitor,Electronics,8,8372.0,10,66976.0,60278.4,2025-02,Large
107269,2025-09-13,CUST00069,Tanta,Unknown,Printer,Office Equipment,9,6256.0,15,56304.0,47858.4,2025-09,Large
107270,2025-04-26,CUST00070,Aswan,Unknown,Notebook Pack,Stationery,10,223.2,20,2232.0,1785.6,2025-04,Medium
107271,2025-11-11,CUST00071,Luxor,Unknown,Laptop,Electronics,11,26790.0,0,294690.0,294690.0,2025-11,Large
107272,2025-06-24,CUST00072,Port Said,Unknown,Smartphone,Electronics,12,13775.0,5,165300.0,157035.0,2025-06,Large
107273,2025-01-09,CUST00073,Cairo,Greater Cairo,Wireless Mouse,Accessories,1,432.0,10,432.0,388.8,2025-01,Small
107274,2025-08-22,CUST00074,Giza,Greater Cairo,Keyboard,Accessories,2,824.5,15,1649.0,1401.65,2025-08,Medium
107275,2025-03-07,CUST00075,Alexandria,Coastal,Office Chair,Furniture,3,5096.0,20,15288.0,12230.4,2025-03,Large
107276,2025-10-20,CUST00076,Unknown,Unknown,Desk,Furniture,4,7326.0,0,29304.0,29304.0,2025-10,Large
107277,2025-05-05,CUST00077,Tanta,Unknown,Headphones,Electronics,5,1800.0,5,9000.0,8550.0,2025-05,Medium
107278,2025-12-18,CUST00078,Aswan,Unknown,Monitor,Electronics,6,9292.0,10,55752.0,50176.8,2025-12,Large
107279,2025-07-03,CUST00079,Luxor,Unknown,Printer,Office Equipment,7,6936.0,15,48552.0,41269.2,2025-07,Large
107280,2025-02-16,CUST00080,Port Said,Unknown,Notebook Pack,Stationery,8,247.2,20,1977.6,1582.08,2025-02,Medium
107281,2025-09-01,CUST00081,Cairo,Greater Cairo,Laptop,Electronics,9,29640.0,0,266760.0,266760.0,2025-09,Large
107282,2025-04-14,CUST00082,Giza,Greater Cairo,Smartphone,Electronics,10,15225.0,5,152250.0,144637.5,2025-04,Large
107283,2025-11-27,CUST00083,Alexandria,Coastal,Wireless Mouse,Accessories,11,477.0,10,5247.0,4722.3,2025-11,Medium
107284,2025-06-12,CUST00084,Mansoura,Delta,Keyboard,Accessories,12,909.5,15,10914.0,9276.9,2025-06,Medium
107285,2025-01-25,CUST00085,Tanta,Unknown,Office Chair,Furniture,1,5616.0,20,5616.0,4492.8,2025-01,Medium
107286,2025-08-10,CUST00086,Aswan,Unknown,Desk,Furniture,2,8066.0,0,16132.0,16132.0,2025-08,Large
107287,2025-03-23,CUST00087,Luxor,Unknown,Headphones,Electronics,3,1980.0,5,5940.0,5643.0,2025-03,Medium
107288,2025-10-08,CUST00088,Port Said,Unknown,Monitor,Electronics,4,8280.0,10,33120.0,29808.0,2025-10,Large
107289,2025-05-21,CUST00089,Cairo,Greater Cairo,Printer,Office Equipment,5,6188.0,15,30940.0,26299.0,2025-05,Large
107290,2025-12-06,CUST00090,Giza,Greater Cairo,Notebook Pack,Stationery,6,220.8,20,1324.8,1059.84,2025-12,Medium
107291,2025-07-19,CUST00091,Alexandria,Coastal,Laptop,Electronics,7,26505.0,0,185535.0,185535.0,2025-07,Large
107292,2025-02-04,CUST00092,Mansoura,Delta,Smartphone,Electronics,8,13630.0,5,109040.0,103588.0,2025-02,Large
107293,2025-09-17,CUST00093,Tanta,Unknown,Wireless Mouse,Accessories,9,427.5,10,3847.5,3462.75,2025-09,Medium
107294,2025-04-02,CUST00094,Aswan,Unknown,Keyboard,Accessories,10,816.0,15,8160.0,6936.0,2025-04,Medium
107295,2025-11-15,CUST00095,Luxor,Unknown,Office Chair,Furniture,11,5044.0,20,55484.0,44387.2,2025-11,Large
107296,2025-06-28,CUST00096,Port Said,Unknown,Desk,Furniture,12,7252.0,0,87024.0,87024.0,2025-06,Large
107297,2025-01-13,CUST00097,Cairo,Greater Cairo,Headphones,Electronics,1,1782.0,5,1782.0,1692.9,2025-01,Medium
107298,2025-08-26,CUST00098,Giza,Greater Cairo,Monitor,Electronics,2,9200.0,10,18400.0,16560.0,2025-08,Large
107299,2025-03-11,CUST00099,Alexandria,Coastal,Printer,Office Equipment,3,6868.0,15,20604.0,17513.4,2025-03,Large
107300,2025-10-24,CUST00100,Mansoura,Delta,Notebook Pack,Stationery,4,244.8,20,979.2,783.36,2025-10,Small
107301,2025-05-09,CUST00101,Tanta,Unknown,Laptop,Electronics,5,29355.0,0,146775.0,146775.0,2025-05,Large
107302,2025-12-22,CUST00102,Aswan,Unknown,Smartphone,Electronics,6,15080.0,5,90480.0,85956.0,2025-12,Large
107303,2025-07-07,CUST00103,Luxor,Unknown,Wireless Mouse,Accessories,7,472.5,10,3307.5,2976.75,2025-07,Medium
107304,2025-02-20,CUST00104,Port Said,Unknown,Keyboard,Accessories,8,901.0,15,7208.0,6126.8,2025-02,Medium
107305,2025-09-05,CUST00105,Cairo,Greater Cairo,Office Chair,Furniture,9,5564.0,20,50076.0,40060.8,2025-09,Large
107306,2025-04-18,CUST00106,Giza,Greater Cairo,Desk,Furniture,10,7992.0,0,79920.0,79920.0,2025-04,Large
107307,2025-11-03,CUST00107,Alexandria,Coastal,Headphones,Electronics,11,1962.0,5,21582.0,20502.9,2025-11,Large
107308,2025-06-16,CUST00108,Mansoura,Delta,Monitor,Electronics,12,10120.0,10,121440.0,109296.0,2025-06,Large
107309,2025-01-01,CUST00109,Tanta,Unknown,Printer,Office Equipment,1,6120.0,15,6120.0,5202.0,2025-01,Medium
107310,2025-08-14,CUST00110,Aswan,Unknown,Notebook Pack,Stationery,2,218.4,20,436.8,349.44,2025-08,Small
107311,2025-03-27,CUST00111,Luxor,Unknown,Laptop,Electronics,3,26220.0,0,78660.0,78660.0,2025-03,Large
107312,2025-10-12,CUST00112,Port Said,Unknown,Smartphone,Electronics,4,13485.0,5,53940.0,51243.0,2025-10,Large
107313,2025-05-25,CUST00113,Cairo,Greater Cairo,Wireless Mouse,Accessories,5,423.0,10,2115.0,1903.5,2025-05,Medium
107314,2025-12-10,CUST00114,Giza,Greater Cairo,Keyboard,Accessories,6,807.5,15,4845.0,4118.25,2025-12,Medium
107315,2025-07-23,CUST00115,Alexandria,Coastal,Office Chair,Furniture,7,4992.0,20,34944.0,27955.2,2025-07,Large
107316,2025-02-08,CUST00116,Mansoura,Delta,Desk,Furniture,8,7178.0,0,57424.0,57424.0,2025-02,Large
107317,2025-09-21,CUST00117,Tanta,Unknown,Headphones,Electronics,9,1764.0,5,15876.0,15082.2,2025-09,Large
107318,2025-04-06,CUST00118,Aswan,Unknown,Monitor,Electronics,10,9108.0,10,91080.0,81972.0,2025-04,Large
107319,2025-11-19,CUST00119,Luxor,Unknown,Printer,Office Equipment,11,6800.0,15,74800.0,63580.0,2025-11,Large
107320,2025-06-04,CUST00120,Port Said,Unknown,Notebook Pack,Stationery,12,242.4,20,2908.8,2327.04,2025-06,Medium
107321,2025-01-17,CUST00121,Cairo,Greater Cairo,Laptop,Electronics,1,29070.0,0,29070.0,29070.0,2025-01,Large
107322,2025-08-02,CUST00122,Giza,Greater Cairo,Smartphone,Electronics,2,14935.0,5,29870.0,28376.5,2025-08,Large
107323,2025-03-15,CUST00123,Alexandria,Coastal,Wireless Mouse,Accessories,3,468.0,10,1404.0,1263.6,2025-03,Medium
107324,2025-10-28,CUST00124,Mansoura,Delta,Keyboard,Accessories,4,892.5,15,3570.0,3034.5,2025-10,Medium
107325,2025-05-13,CUST00125,Tanta,Unknown,Office Chair,Furniture,5,5512.0,20,27560.0,22048.0,2025-05,Large
107326,2025-12-26,CUST00126,Aswan,Unknown,Desk,Furniture,6,7918.0,0,47508.0,47508.0,2025-12,Large
107327,2025-07-11,CUST00127,Luxor,Unknown,Headphones,Electronics,7,1944.0,5,13608.0,12927.6,2025-07,Large
107328,2025-02-24,CUST00128,Port Said,Unknown,Monitor,Electronics,8,10028.0,10,80224.0,72201.6,2025-02,Large
107329,2025-09-09,CUST00129,Cairo,Greater Cairo,Printer,Office Equipment,9,7480.0,15,67320.0,57222.0,2025-09,Large
107330,2025-04-22,CUST00130,Giza,Greater Cairo,Notebook Pack,Stationery,10,216.0,20,2160.0,1728.0,2025-04,Medium
107331,2025-11-07,CUST00131,Alexandria,Coastal,Laptop,Electronics,11,25935.0,0,285285.0,285285.0,2025-11,Large
107332,2025-06-20,CUST00132,Mansoura,Delta,Smartphone,Electronics,12,13340.0,5,160080.0,152076.0,2025-06,Large
107333,2025-01-05,CUST00133,Tanta,Unknown,Wireless Mouse,Accessories,1,418.5,10,418.5,376.65,2025-01,Small
107334,2025-08-18,CUST00134,Aswan,Unknown,Keyboard,Accessories,2,799.0,15,1598.0,1358.3,2025-08,Medium
107335,2025-03-03,CUST00135,Luxor,Unknown,Office Chair,Furniture,3,4940.0,20,14820.0,11856.0,2025-03,Large
107336,2025-10-16,CUST00136,Port Said,Unknown,Desk,Furniture,4,7104.0,0,28416.0,28416.0,2025-10,Large
107337,2025-05-01,CUST00137,Cairo,Greater Cairo,Headphones,Electronics,5,1746.0,5,8730.0,8293.5,2025-05,Medium
107338,2025-12-14,CUST00138,Giza,Greater Cairo,Monitor,Electronics,6,9016.0,10,54096.0,48686.4,2025-12,Large
107339,2025-07-27,CUST00139,Alexandria,Coastal,Printer,Office Equipment,7,6732.0,15,47124.0,40055.4,2025-07,Large
107340,2025-02-12,CUST00140,Mansoura,Delta,Notebook Pack,Stationery,8,240.0,20,1920.0,1536.0,2025-02,Medium
107341,2025-09-25,CUST00141,Tanta,Unknown,Laptop,Electronics,9,28785.0,0,259065.0,259065.0,2025-09,Large
107342,2025-04-10,CUST00142,Aswan,Unknown,Smartphone,Electronics,10,14790.0,5,147900.0,140505.0,2025-04,Large
107343,2025-11-23,CUST00143,Luxor,Unknown,Wireless Mouse,Accessories,11,463.5,10,5098.5,4588.65,2025-11,Medium
107344,2025-06-08,CUST00144,Port Said,Unknown,Keyboard,Accessories,12,884.0,15,10608.0,9016.8,2025-06,Medium
107345,2025-01-21,CUST00145,Cairo,Greater Cairo,Office Chair,Furniture,1,5460.0,20,5460.0,4368.0,2025-01,Medium
107346,2025-08-06,CUST00146,Giza,Greater Cairo,Desk,Furniture,2,7844.0,0,15688.0,15688.0,2025-08,Large
107347,2025-03-19,CUST00147,Alexandria,Coastal,Headphones,Electronics,3,1926.0,5,5778.0,5489.1,2025-03,Medium
107348,2025-10-04,CUST00148,Mansoura,Delta,Monitor,Electronics,4,9936.0,10,39744.0,35769.6,2025-10,Large
107349,2025-05-17,CUST00149,Tanta,Unknown,Printer,Office Equipment,5,7412.0,15,37060.0,31501.0,2025-05,Large
107350,2025-12-02,CUST00150,Aswan,Unknown,Notebook Pack,Stationery,6,264.0,20,1584.0,1267.2,2025-12,Medium
107351,2025-07-15,CUST00151,Luxor,Unknown,Laptop,Electronics,7,25650.0,0,179550.0,179550.0,2025-07,Large
107352,2025-02-28,CUST00152,Port Said,Unknown,Smartphone,Electronics,8,13195.0,5,105560.0,100282.0,2025-02,Large
107353,2025-09-13,CUST00153,Cairo,Greater Cairo,Wireless Mouse,Accessories,9,414.0,10,3726.0,3353.4,2025-09,Medium
107354,2025-04-26,CUST00154,Giza,Greater Cairo,Keyboard,Accessories,10,790.5,15,7905.0,6719.25,2025-04,Medium
107355,2025-11-11,CUST00155,Alexandria,Coastal,Office Chair,Furniture,11,4888.0,20,53768.0,43014.4,2025-11,Large
107356,2025-06-24,CUST00156,Mansoura,Delta,Desk,Furniture,12,7030.0,0,84360.0,84360.0,2025-06,Large
107357,2025-01-09,CUST00157,Tanta,Unknown,Headphones,Electronics,1,1728.0,5,1728.0,1641.6,2025-01,Medium
107358,2025-08-22,CUST00158,Aswan,Unknown,Monitor,Electronics,2,8924.0,10,17848.0,16063.2,2025-08,Large
107359,2025-03-07,CUST00159,Luxor,Unknown,Printer,Office Equipment,3,6664.0,15,19992.0,16993.2,2025-03,Large
107360,2025-10-20,CUST00160,Port Said,Unknown,Notebook Pack,Stationery,4,237.6,20,950.4,760.32,2025-10,Small
107361,2025-05-05,CUST00161,Cairo,Greater Cairo,Laptop,Electronics,5,28500.0,0,142500.0,142500.0,2025-05,Large
107362,2025-12-18,CUST00162,Giza,Greater Cairo,Smartphone,Electronics,6,14645.0,5,87870.0,83476.5,2025-12,Large
107363,2025-07-03,CUST00163,Alexandria,Coastal,Wireless Mouse,Accessories,7,459.0,10,3213.0,2891.7,2025-07,Medium
107364,2025-02-16,CUST00164,Mansoura,Delta,Keyboard,Accessories,8,875.5,15,7004.0,5953.4,2025-02,Medium
107365,2025-09-01,CUST00165,Tanta,Unknown,Office Chair,Furniture,9,5408.0,20,48672.0,38937.6,2025-09,Large
107366,2025-04-14,CUST00166,Aswan,Unknown,Desk,Furniture,10,7770.0,0,77700.0,77700.0,2025-04,Large
107367,2025-11-27,CUST00167,Luxor,Unknown,Headphones,Electronics,11,1908.0,5,20988.0,19938.6,2025-11,Large
107368,2025-06-12,CUST00168,Port Said,Unknown,Monitor,Electronics,12,9844.0,10,118128.0,106315.2,2025-06,Large
107369,2025-01-25,CUST00169,Cairo,Greater Cairo,Printer,Office Equipment,1,7344.0,15,7344.0,6242.4,2025-01,Medium
107370,2025-08-10,CUST00170,Giza,Greater Cairo,Notebook Pack,Stationery,2,261.6,20,523.2,418.56,2025-08,Small
107371,2025-03-23,CUST00171,Alexandria,Coastal,Laptop,Electronics,3,31350.0,0,94050.0,94050.0,2025-03,Large
107372,2025-10-08,CUST00172,Mansoura,Delta,Smartphone,Electronics,4,13050.0,5,52200.0,49590.0,2025-10,Large
107373,2025-05-21,CUST00173,Unknown,Unknown,Wireless Mouse,Accessories,5,409.5,10,2047.5,1842.75,2025-05,Medium
107374,2025-12-06,CUST00174,Aswan,Unknown,Keyboard,Accessories,6,782.0,15,4692.0,3988.2,2025-12,Medium
107375,2025-07-19,CUST00175,Luxor,Unknown,Office Chair,Furniture,7,4836.0,20,33852.0,27081.6,2025-07,Large
107376,2025-02-04,CUST00176,Port Said,Unknown,Desk,Furniture,8,6956.0,0,55648.0,55648.0,2025-02,Large
107377,2025-09-17,CUST00177,Cairo,Greater Cairo,Headphones,Electronics,9,1710.0,5,15390.0,14620.5,2025-09,Large
107378,2025-04-02,CUST00178,Giza,Greater Cairo,Monitor,Electronics,10,8832.0,10,88320.0,79488.0,2025-04,Large
107379,2025-11-15,CUST00179,Alexandria,Coastal,Printer,Office Equipment,11,6596.0,15,72556.0,61672.6,2025-11,Large
107380,2025-06-28,CUST00180,Mansoura,Delta,Notebook Pack,Stationery,12,235.2,20,2822.4,2257.92,2025-06,Medium
107381,2025-01-13,CUST00181,Tanta,Unknown,Laptop,Electronics,1,28215.0,0,28215.0,28215.0,2025-01,Large
107382,2025-08-26,CUST00182,Aswan,Unknown,Smartphone,Electronics,2,14500.0,5,29000.0,27550.0,2025-08,Large
107383,2025-03-11,CUST00183,Luxor,Unknown,Wireless Mouse,Accessories,3,454.5,10,1363.5,1227.15,2025-03,Medium
107384,2025-10-24,CUST00184,Port Said,Unknown,Keyboard,Accessories,4,867.0,15,3468.0,2947.8,2025-10,Medium
107385,2025-05-09,CUST00185,Cairo,Greater Cairo,Office Chair,Furniture,5,5356.0,20,26780.0,21424.0,2025-05,Large
107386,2026-12-22,CUST00186,Giza,Greater Cairo,Desk,Furniture,6,7696.0,0,46176.0,46176.0,2026-12,Large
107387,2026-07-07,CUST00187,Alexandria,Coastal,Headphones,Electronics,7,1890.0,5,13230.0,12568.5,2026-07,Large
107388,2026-02-20,CUST00188,Mansoura,Delta,Monitor,Electronics,8,9752.0,10,78016.0,70214.4,2026-02,Large
107389,2026-09-05,CUST00189,Tanta,Unknown,Printer,Office Equipment,9,7276.0,15,65484.0,55661.4,2026-09,Large
107390,2026-04-18,CUST00190,Aswan,Unknown,Notebook Pack,Stationery,10,259.2,20,2592.0,2073.6,2026-04,Medium
107391,2026-11-03,CUST00191,Luxor,Unknown,Laptop,Electronics,11,31065.0,0,341715.0,341715.0,2026-11,Large
107392,2026-06-16,CUST00192,Port Said,Unknown,Smartphone,Electronics,12,15950.0,5,191400.0,181830.0,2026-06,Large
107393,2026-01-01,CUST00193,Cairo,Greater Cairo,Wireless Mouse,Accessories,1,405.0,10,405.0,364.5,2026-01,Small
107394,2026-08-14,CUST00194,Giza,Greater Cairo,Keyboard,Accessories,2,773.5,15,1547.0,1314.95,2026-08,Medium
107395,2026-03-27,CUST00195,Alexandria,Coastal,Office Chair,Furniture,3,4784.0,20,14352.0,11481.6,2026-03,Large
107396,2026-10-12,CUST00196,Mansoura,Delta,Desk,Furniture,4,6882.0,0,27528.0,27528.0,2026-10,Large
107397,2026-05-25,CUST00197,Tanta,Unknown,Headphones,Electronics,5,1692.0,5,8460.0,8037.0,2026-05,Medium
107398,2026-12-10,CUST00198,Aswan,Unknown,Monitor,Electronics,6,8740.0,10,52440.0,47196.0,2026-12,Large
107399,2026-07-23,CUST00199,Luxor,Unknown,Printer,Office Equipment,7,6528.0,15,45696.0,38841.6,2026-07,Large
107400,2026-02-08,CUST00200,Port Said,Unknown,Notebook Pack,Stationery,8,232.8,20,1862.4,1489.92,2026-02,Medium
107401,2026-09-21,CUST00201,Cairo,Greater Cairo,Laptop,Electronics,9,27930.0,0,251370.0,251370.0,2026-09,Large
107402,2026-04-06,CUST00202,Giza,Greater Cairo,Smartphone,Electronics,10,14355.0,5,143550.0,136372.5,2026-04,Large
107403,2026-11-19,CUST00203,Alexandria,Coastal,Wireless Mouse,Accessories,11,450.0,10,4950.0,4455.0,2026-11,Medium
107404,2026-06-04,CUST00204,Mansoura,Delta,Keyboard,Accessories,12,858.5,15,10302.0,8756.7,2026-06,Medium
107405,2026-01-17,CUST00205,Tanta,Unknown,Office Chair,Furniture,1,5304.0,20,5304.0,4243.2,2026-01,Medium
107406,2026-08-02,CUST00206,Aswan,Unknown,Desk,Furniture,2,7622.0,0,15244.0,15244.0,2026-08,Large
107407,2026-03-15,CUST00207,Luxor,Unknown,Headphones,Electronics,3,1872.0,5,5616.0,5335.2,2026-03,Medium
107408,2026-10-28,CUST00208,Port Said,Unknown,Monitor,Electronics,4,9660.0,10,38640.0,34776.0,2026-10,Large
107409,2026-05-13,CUST00209,Cairo,Greater Cairo,Printer,Office Equipment,5,7208.0,15,36040.0,30634.0,2026-05,Large
107410,2026-12-26,CUST00210,Giza,Greater Cairo,Notebook Pack,Stationery,6,256.8,20,1540.8,1232.64,2026-12,Medium
107411,2026-07-11,CUST00211,Alexandria,Coastal,Laptop,Electronics,7,30780.0,0,215460.0,215460.0,2026-07,Large
107412,2026-02-24,CUST00212,Mansoura,Delta,Smartphone,Electronics,8,15805.0,5,126440.0,120118.0,2026-02,Large
107413,2026-09-09,CUST00213,Tanta,Unknown,Wireless Mouse,Accessories,9,495.0,10,4455.0,4009.5,2026-09,Medium
107414,2026-04-22,CUST00214,Aswan,Unknown,Keyboard,Accessories,10,765.0,15,7650.0,6502.5,2026-04,Medium
107415,2026-11-07,CUST00215,Luxor,Unknown,Office Chair,Furniture,11,4732.0,20,52052.0,41641.6,2026-11,Large
107416,2026-06-20,CUST00216,Port Said,Unknown,Desk,Furniture,12,6808.0,0,81696.0,81696.0,2026-06,Large
107417,2026-01-05,CUST00217,Cairo,Greater Cairo,Headphones,Electronics,1,1674.0,5,1674.0,1590.3,2026-01,Medium
107418,2026-08-18,CUST00218,Giza,Greater Cairo,Monitor,Electronics,2,8648.0,10,17296.0,15566.4,2026-08,Large
107419,2026-03-03,CUST00219,Alexandria,Coastal,Printer,Office Equipment,3,6460.0,15,19380.0,16473.0,2026-03,Large
107420,2026-10-16,CUST00220,Mansoura,Delta,Notebook Pack,Stationery,4,230.4,20,921.6,737.28,2026-10,Small
107421,2026-05-01,CUST00221,Tanta,Unknown,Laptop,Electronics,5,27645.0,0,138225.0,138225.0,2026-05,Large
107422,2026-12-14,CUST00222,Aswan,Unknown,Smartphone,Electronics,6,14210.0,0,85260.0,85260.0,2026-12,Large
107423,2026-07-27,CUST00223,Luxor,Unknown,Wireless Mouse,Accessories,7,445.5,10,3118.5,2806.65,2026-07,Medium
107424,2026-02-12,CUST00224,Port Said,Unknown,Keyboard,Accessories,8,850.0,15,6800.0,5780.0,2026-02,Medium
107425,2026-09-25,CUST00225,Cairo,Greater Cairo,Office Chair,Furniture,9,5252.0,20,47268.0,37814.4,2026-09,Large
107426,2026-04-10,CUST00226,Giza,Greater Cairo,Desk,Furniture,10,7548.0,0,75480.0,75480.0,2026-04,Large
107427,2026-11-23,CUST00227,Alexandria,Coastal,Headphones,Electronics,11,1854.0,5,20394.0,19374.3,2026-11,Large
107428,2026-06-08,CUST00228,Mansoura,Delta,Monitor,Electronics,12,9568.0,10,114816.0,103334.4,2026-06,Large
107429,2026-01-21,CUST00229,Tanta,Unknown,Printer,Office Equipment,1,7140.0,15,7140.0,6069.0,2026-01,Medium
107430,2026-08-06,CUST00230,Aswan,Unknown,Notebook Pack,Stationery,2,254.4,20,508.8,407.04,2026-08,Small
107431,2026-03-19,CUST00231,Luxor,Unknown,Laptop,Electronics,3,30495.0,0,91485.0,91485.0,2026-03,Large
107432,2026-10-04,CUST00232,Port Said,Unknown,Smartphone,Electronics,4,15660.0,5,62640.0,59508.0,2026-10,Large
107433,2026-05-17,CUST00233,Cairo,Greater Cairo,Wireless Mouse,Accessories,5,490.5,10,2452.5,2207.25,2026-05,Medium
107434,2026-12-02,CUST00234,Giza,Greater Cairo,Keyboard,Accessories,6,935.0,15,5610.0,4768.5,2026-12,Medium
107435,2026-07-15,CUST00235,Alexandria,Coastal,Office Chair,Furniture,7,4680.0,20,32760.0,26208.0,2026-07,Large
107436,2026-02-28,CUST00236,Mansoura,Delta,Desk,Furniture,8,6734.0,0,53872.0,53872.0,2026-02,Large
107437,2026-09-13,CUST00237,Tanta,Unknown,Headphones,Electronics,9,1656.0,5,14904.0,14158.8,2026-09,Large
107438,2026-04-26,CUST00238,Aswan,Unknown,Monitor,Electronics,10,8556.0,10,85560.0,77004.0,2026-04,Large
107439,2026-11-11,CUST00239,Luxor,Unknown,Printer,Office Equipment,11,6392.0,15,70312.0,59765.2,2026-11,Large
107440,2026-06-24,CUST00240,Port Said,Unknown,Notebook Pack,Stationery,12,228.0,20,2736.0,2188.8,2026-06,Medium
107441,2026-01-09,CUST00241,Cairo,Greater Cairo,Laptop,Electronics,1,27360.0,0,27360.0,27360.0,2026-01,Large
107442,2026-08-22,CUST00242,Giza,Greater Cairo,Smartphone,Electronics,2,14065.0,5,28130.0,26723.5,2026-08,Large
107443,2026-03-07,CUST00243,Alexandria,Coastal,Wireless Mouse,Accessories,3,441.0,10,1323.0,1190.7,2026-03,Medium
107444,2026-10-20,CUST00244,Mansoura,Delta,Keyboard,Accessories,4,841.5,15,3366.0,2861.1,2026-10,Medium
107445,2026-05-05,CUST00245,Tanta,Unknown,Office Chair,Furniture,5,5200.0,20,26000.0,20800.0,2026-05,Large
107446,2026-12-18,CUST00246,Aswan,Unknown,Desk,Furniture,6,7474.0,0,44844.0,44844.0,2026-12,Large
107447,2026-07-03,CUST00247,Luxor,Unknown,Headphones,Electronics,7,1836.0,5,12852.0,12209.4,2026-07,Large
107448,2026-02-16,CUST00248,Port Said,Unknown,Monitor,Electronics,8,9476.0,10,75808.0,68227.2,2026-02,Large
107449,2026-09-01,CUST00249,Cairo,Greater Cairo,Printer,Office Equipment,9,7072.0,15,63648.0,54100.8,2026-09,Large
107450,2026-04-14,CUST00250,Giza,Greater Cairo,Notebook Pack,Stationery,10,252.0,20,2520.0,2016.0,2026-04,Medium
107451,2026-11-27,CUST00251,Alexandria,Coastal,Laptop,Electronics,11,30210.0,0,332310.0,332310.0,2026-11,Large
107452,2026-06-12,CUST00252,Mansoura,Delta,Smartphone,Electronics,12,15515.0,5,186180.0,176871.0,2026-06,Large
107453,2026-01-25,CUST00253,Tanta,Unknown,Wireless Mouse,Accessories,1,486.0,10,486.0,437.4,2026-01,Small
107454,2026-08-10,CUST00254,Aswan,Unknown,Keyboard,Accessories,2,926.5,15,1853.0,1575.05,2026-08,Medium
107455,2026-03-23,CUST00255,Luxor,Unknown,Office Chair,Furniture,3,5720.0,20,17160.0,13728.0,2026-03,Large
107456,2026-10-08,CUST00256,Port Said,Unknown,Desk,Furniture,4,6660.0,0,26640.0,26640.0,2026-10,Large
107457,2026-05-21,CUST00257,Cairo,Greater Cairo,Headphones,Electronics,5,1638.0,5,8190.0,7780.5,2026-05,Medium
107458,2026-12-06,CUST00258,Giza,Greater Cairo,Monitor,Electronics,6,8464.0,10,50784.0,45705.6,2026-12,Large
107459,2026-07-19,CUST00259,Alexandria,Coastal,Printer,Office Equipment,7,6324.0,15,44268.0,37627.8,2026-07,Large
107460,2026-02-04,CUST00260,Mansoura,Delta,Notebook Pack,Stationery,8,225.6,20,1804.8,1443.84,2026-02,Medium
107461,2026-09-17,CUST00261,Tanta,Unknown,Laptop,Electronics,9,27075.0,0,243675.0,243675.0,2026-09,Large
107462,2026-04-02,CUST00262,Aswan,Unknown,Smartphone,Electronics,10,13920.0,5,139200.0,132240.0,2026-04,Large
107463,2026-11-15,CUST00263,Luxor,Unknown,Wireless Mouse,Accessories,11,436.5,10,4801.5,4321.35,2026-11,Medium
107464,2026-06-28,CUST00264,Port Said,Unknown,Keyboard,Accessories,12,833.0,15,9996.0,8496.6,2026-06,Medium
107465,2026-01-13,CUST00265,Cairo,Greater Cairo,Office Chair,Furniture,1,5148.0,20,5148.0,4118.4,2026-01,Medium
107466,2026-08-26,CUST00266,Giza,Greater Cairo,Desk,Furniture,2,7400.0,0,14800.0,14800.0,2026-08,Large
107467,2026-03-11,CUST00267,Alexandria,Coastal,Headphones,Electronics,3,1818.0,5,5454.0,5181.3,2026-03,Medium
107468,2026-10-24,CUST00268,Mansoura,Delta,Monitor,Electronics,4,9384.0,10,37536.0,33782.4,2026-10,Large
107469,2026-05-09,CUST00269,Tanta,Unknown,Printer,Office Equipment,5,7004.0,15,35020.0,29767.0,2026-05,Large
107470,2026-12-22,CUST00270,Unknown,Unknown,Notebook Pack,Stationery,6,249.6,20,1497.6,1198.08,2026-12,Medium
107471,2026-07-07,CUST00271,Luxor,Unknown,Laptop,Electronics,7,29925.0,0,209475.0,209475.0,2026-07,Large
107472,2026-02-20,CUST00272,Port Said,Unknown,Smartphone,Electronics,8,15370.0,5,122960.0,116812.0,2026-02,Large
107473,2026-09-05,CUST00273,Cairo,Greater Cairo,Wireless Mouse,Accessories,9,481.5,10,4333.5,3900.15,2026-09,Medium
107474,2026-04-18,CUST00274,Giza,Greater Cairo,Keyboard,Accessories,10,918.0,15,9180.0,7803.0,2026-04,Medium
107475,2026-11-03,CUST00275,Alexandria,Coastal,Office Chair,Furniture,11,5668.0,20,62348.0,49878.4,2026-11,Large
107476,2026-06-16,CUST00276,Mansoura,Delta,Desk,Furniture,12,8140.0,0,97680.0,97680.0,2026-06,Large
107477,2026-01-01,CUST00277,Tanta,Unknown,Headphones,Electronics,1,1620.0,5,1620.0,1539.0,2026-01,Medium
107478,2026-08-14,CUST00278,Aswan,Unknown,Monitor,Electronics,2,8372.0,10,16744.0,15069.6,2026-08,Large
107479,2026-03-27,CUST00279,Luxor,Unknown,Printer,Office Equipment,3,6256.0,15,18768.0,15952.8,2026-03,Large
107480,2026-10-12,CUST00280,Port Said,Unknown,Notebook Pack,Stationery,4,223.2,20,892.8,714.24,2026-10,Small
107481,2026-05-25,CUST00281,Cairo,Greater Cairo,Laptop,Electronics,5,26790.0,0,133950.0,133950.0,2026-05,Large
107482,2026-12-10,CUST00282,Giza,Greater Cairo,Smartphone,Electronics,6,13775.0,5,82650.0,78517.5,2026-12,Large
107483,2026-07-23,CUST00283,Alexandria,Coastal,Wireless Mouse,Accessories,7,432.0,10,3024.0,2721.6,2026-07,Medium
107484,2026-02-08,CUST00284,Mansoura,Delta,Keyboard,Accessories,8,824.5,15,6596.0,5606.6,2026-02,Medium
107485,2026-09-21,CUST00285,Tanta,Unknown,Office Chair,Furniture,9,5096.0,20,45864.0,36691.2,2026-09,Large
107486,2026-04-06,CUST00286,Aswan,Unknown,Desk,Furniture,10,7326.0,0,73260.0,73260.0,2026-04,Large
107487,2026-11-19,CUST00287,Luxor,Unknown,Headphones,Electronics,11,1800.0,5,19800.0,18810.0,2026-11,Large
107488,2026-06-04,CUST00288,Port Said,Unknown,Monitor,Electronics,12,9292.0,10,111504.0,100353.6,2026-06,Large
107489,2026-01-17,CUST00289,Cairo,Greater Cairo,Printer,Office Equipment,1,6936.0,15,6936.0,5895.6,2026-01,Medium
107490,2026-08-02,CUST00290,Giza,Greater Cairo,Notebook Pack,Stationery,2,247.2,20,494.4,395.52,2026-08,Small
107491,2026-03-15,CUST00291,Alexandria,Coastal,Laptop,Electronics,3,29640.0,0,88920.0,88920.0,2026-03,Large
107492,2026-10-28,CUST00292,Mansoura,Delta,Smartphone,Electronics,4,15225.0,5,60900.0,57855.0,2026-10,Large
107493,2026-05-13,CUST00293,Tanta,Unknown,Wireless Mouse,Accessories,5,477.0,10,2385.0,2146.5,2026-05,Medium
107494,2026-12-26,CUST00294,Aswan,Unknown,Keyboard,Accessories,6,909.5,15,5457.0,4638.45,2026-12,Medium
107495,2026-07-11,CUST00295,Luxor,Unknown,Office Chair,Furniture,7,5616.0,20,39312.0,31449.6,2026-07,Large
107496,2026-02-24,CUST00296,Port Said,Unknown,Desk,Furniture,8,8066.0,0,64528.0,64528.0,2026-02,Large
107497,2026-09-09,CUST00297,Cairo,Greater Cairo,Headphones,Electronics,9,1980.0,5,17820.0,16929.0,2026-09,Large
107498,2026-04-22,CUST00298,Giza,Greater Cairo,Monitor,Electronics,10,8280.0,10,82800.0,74520.0,2026-04,Large
107499,2026-11-07,CUST00299,Alexandria,Coastal,Printer,Office Equipment,11,6188.0,15,68068.0,57857.8,2026-11,Large
107500,2026-06-20,CUST00300,Mansoura,Delta,Notebook Pack,Stationery,12,220.8,20,2649.6,2119.68,2026-06,Medium
107501,2026-01-05,CUST00301,Tanta,Unknown,Laptop,Electronics,1,26505.0,0,26505.0,26505.0,2026-01,Large
107502,2026-08-18,CUST00302,Aswan,Unknown,Smartphone,Electronics,2,13630.0,5,27260.0,25897.0,2026-08,Large
107503,2026-03-03,CUST00303,Luxor,Unknown,Wireless Mouse,Accessories,3,427.5,10,1282.5,1154.25,2026-03,Medium
107504,2026-10-16,CUST00304,Port Said,Unknown,Keyboard,Accessories,4,816.0,15,3264.0,2774.4,2026-10,Medium
107505,2026-05-01,CUST00305,Cairo,Greater Cairo,Office Chair,Furniture,5,5044.0,20,25220.0,20176.0,2026-05,Large
107506,2026-12-14,CUST00306,Giza,Greater Cairo,Desk,Furniture,6,7252.0,0,43512.0,43512.0,2026-12,Large
107507,2026-07-27,CUST00307,Alexandria,Coastal,Headphones,Electronics,7,1782.0,5,12474.0,11850.3,2026-07,Large
107508,2026-02-12,CUST00308,Mansoura,Delta,Monitor,Electronics,8,9200.0,10,73600.0,66240.0,2026-02,Large
107509,2026-09-25,CUST00309,Tanta,Unknown,Printer,Office Equipment,9,6868.0,15,61812.0,52540.2,2026-09,Large
107510,2026-04-10,CUST00310,Aswan,Unknown,Notebook Pack,Stationery,10,244.8,20,2448.0,1958.4,2026-04,Medium
107511,2026-11-23,CUST00311,Luxor,Unknown,Laptop,Electronics,11,29355.0,0,322905.0,322905.0,2026-11,Large
107512,2026-06-08,CUST00312,Port Said,Unknown,Smartphone,Electronics,12,15080.0,5,180960.0,171912.0,2026-06,Large
107513,2026-01-21,CUST00313,Cairo,Greater Cairo,Wireless Mouse,Accessories,1,472.5,10,472.5,425.25,2026-01,Small
107514,2026-08-06,CUST00314,Giza,Greater Cairo,Keyboard,Accessories,2,901.0,15,1802.0,1531.7,2026-08,Medium
107515,2026-03-19,CUST00315,Alexandria,Coastal,Office Chair,Furniture,3,5564.0,20,16692.0,13353.6,2026-03,Large
107516,2026-10-04,CUST00316,Mansoura,Delta,Desk,Furniture,4,7992.0,0,31968.0,31968.0,2026-10,Large
107517,2026-05-17,CUST00317,Tanta,Unknown,Headphones,Electronics,5,1962.0,5,9810.0,9319.5,2026-05,Medium
107518,2026-12-02,CUST00318,Aswan,Unknown,Monitor,Electronics,6,10120.0,10,60720.0,54648.0,2026-12,Large
107519,2026-07-15,CUST00319,Luxor,Unknown,Printer,Office Equipment,7,6120.0,15,42840.0,36414.0,2026-07,Large
107520,2026-02-28,CUST00320,Port Said,Unknown,Notebook Pack,Stationery,8,218.4,20,1747.2,1397.76,2026-02,Medium
107521,2026-09-13,CUST00321,Cairo,Greater Cairo,Laptop,Electronics,9,26220.0,0,235980.0,235980.0,2026-09,Large
107522,2026-04-26,CUST00322,Giza,Greater Cairo,Smartphone,Electronics,10,13485.0,5,134850.0,128107.5,2026-04,Large
107523,2026-11-11,CUST00323,Alexandria,Coastal,Wireless Mouse,Accessories,11,423.0,10,4653.0,4187.7,2026-11,Medium
107524,2026-06-24,CUST00324,Mansoura,Delta,Keyboard,Accessories,12,807.5,15,9690.0,8236.5,2026-06,Medium
107525,2026-01-09,CUST00325,Tanta,Unknown,Office Chair,Furniture,1,4992.0,20,4992.0,3993.6,2026-01,Medium
107526,2026-08-22,CUST00326,Aswan,Unknown,Desk,Furniture,2,7178.0,0,14356.0,14356.0,2026-08,Large
107527,2026-03-07,CUST00327,Luxor,Unknown,Headphones,Electronics,3,1764.0,5,5292.0,5027.4,2026-03,Medium
107528,2026-10-20,CUST00328,Port Said,Unknown,Monitor,Electronics,4,9108.0,10,36432.0,32788.8,2026-10,Large
107529,2026-05-05,CUST00329,Cairo,Greater Cairo,Printer,Office Equipment,5,6800.0,15,34000.0,28900.0,2026-05,Large
107530,2026-12-18,CUST00330,Giza,Greater Cairo,Notebook Pack,Stationery,6,242.4,20,1454.4,1163.52,2026-12,Medium
107531,2026-07-03,CUST00331,Alexandria,Coastal,Laptop,Electronics,7,29070.0,0,203490.0,203490.0,2026-07,Large
107532,2026-02-16,CUST00332,Mansoura,Delta,Smartphone,Electronics,8,14935.0,5,119480.0,113506.0,2026-02,Large
107533,2026-09-01,CUST00333,Tanta,Unknown,Wireless Mouse,Accessories,9,468.0,10,4212.0,3790.8,2026-09,Medium
107534,2026-04-14,CUST00334,Aswan,Unknown,Keyboard,Accessories,10,892.5,15,8925.0,7586.25,2026-04,Medium
107535,2026-11-27,CUST00335,Luxor,Unknown,Office Chair,Furniture,11,5512.0,20,60632.0,48505.6,2026-11,Large
107536,2026-06-12,CUST00336,Port Said,Unknown,Desk,Furniture,12,7918.0,0,95016.0,95016.0,2026-06,Large
107537,2026-01-25,CUST00337,Cairo,Greater Cairo,Headphones,Electronics,1,1944.0,5,1944.0,1846.8,2026-01,Medium
107538,2026-08-10,CUST00338,Giza,Greater Cairo,Monitor,Electronics,2,10028.0,10,20056.0,18050.4,2026-08,Large
107539,2026-03-23,CUST00339,Alexandria,Coastal,Printer,Office Equipment,3,7480.0,15,22440.0,19074.0,2026-03,Large
107540,2026-10-08,CUST00340,Mansoura,Delta,Notebook Pack,Stationery,4,216.0,20,864.0,691.2,2026-10,Small
107541,2026-05-21,CUST00341,Tanta,Unknown,Laptop,Electronics,5,25935.0,0,129675.0,129675.0,2026-05,Large
107542,2026-12-06,CUST00342,Aswan,Unknown,Smartphone,Electronics,6,13340.0,5,80040.0,76038.0,2026-12,Large
107543,2026-07-19,CUST00343,Luxor,Unknown,Wireless Mouse,Accessories,7,418.5,10,2929.5,2636.55,2026-07,Medium
107544,2026-02-04,CUST00344,Port Said,Unknown,Keyboard,Accessories,8,799.0,15,6392.0,5433.2,2026-02,Medium
107545,2026-09-17,CUST00345,Cairo,Greater Cairo,Office Chair,Furniture,9,4940.0,20,44460.0,35568.0,2026-09,Large
107546,2026-04-02,CUST00346,Giza,Greater Cairo,Desk,Furniture,10,7104.0,0,71040.0,71040.0,2026-04,Large
107547,2026-11-15,CUST00347,Alexandria,Coastal,Headphones,Electronics,11,1746.0,5,19206.0,18245.7,2026-11,Large
107548,2026-06-28,CUST00348,Mansoura,Delta,Monitor,Electronics,12,9016.0,10,108192.0,97372.8,2026-06,Large
107549,2026-01-13,CUST00349,Tanta,Unknown,Printer,Office Equipment,1,6732.0,15,6732.0,5722.2,2026-01,Medium
107550,2026-08-26,CUST00350,Aswan,Unknown,Notebook Pack,Stationery,2,240.0,20,480.0,384.0,2026-08,Small
107551,2026-03-11,CUST00351,Luxor,Unknown,Laptop,Electronics,3,28785.0,0,86355.0,86355.0,2026-03,Large
107552,2026-10-24,CUST00352,Port Said,Unknown,Smartphone,Electronics,4,14790.0,5,59160.0,56202.0,2026-10,Large
107553,2026-05-09,CUST00353,Cairo,Greater Cairo,Wireless Mouse,Accessories,5,463.5,10,2317.5,2085.75,2026-05,Medium
107554,2026-12-22,CUST00354,Giza,Greater Cairo,Keyboard,Accessories,6,884.0,15,5304.0,4508.4,2026-12,Medium
107555,2026-07-07,CUST00355,Alexandria,Coastal,Office Chair,Furniture,7,5460.0,20,38220.0,30576.0,2026-07,Large
107556,2026-02-20,CUST00356,Mansoura,Delta,Desk,Furniture,8,7844.0,0,62752.0,62752.0,2026-02,Large
107557,2026-09-05,CUST00357,Tanta,Unknown,Headphones,Electronics,9,1926.0,5,17334.0,16467.3,2026-09,Large
107558,2026-04-18,CUST00358,Aswan,Unknown,Monitor,Electronics,10,9936.0,10,99360.0,89424.0,2026-04,Large
107559,2026-11-03,CUST00359,Luxor,Unknown,Printer,Office Equipment,11,7412.0,15,81532.0,69302.2,2026-11,Large
107560,2026-06-16,CUST00360,Port Said,Unknown,Notebook Pack,Stationery,12,264.0,20,3168.0,2534.4,2026-06,Medium
107561,2025-01-01,CUST00361,Cairo,Greater Cairo,Laptop,Electronics,1,25650.0,0,25650.0,25650.0,2025-01,Large
107562,2025-08-14,CUST00362,Giza,Greater Cairo,Smartphone,Electronics,2,13195.0,5,26390.0,25070.5,2025-08,Large
107563,2025-03-27,CUST00363,Alexandria,Coastal,Wireless Mouse,Accessories,3,414.0,10,1242.0,1117.8,2025-03,Medium
107564,2025-10-12,CUST00364,Mansoura,Delta,Keyboard,Accessories,4,790.5,15,3162.0,2687.7,2025-10,Medium
107565,2025-05-25,CUST00365,Tanta,Unknown,Office Chair,Furniture,5,4888.0,20,24440.0,19552.0,2025-05,Large
107566,2025-12-10,CUST00366,Aswan,Unknown,Desk,Furniture,6,7030.0,0,42180.0,42180.0,2025-12,Large
107567,2025-07-23,CUST00367,Unknown,Unknown,Headphones,Electronics,7,1728.0,5,12096.0,11491.2,2025-07,Large
107568,2025-02-08,CUST00368,Port Said,Unknown,Monitor,Electronics,8,8924.0,10,71392.0,64252.8,2025-02,Large
107569,2025-09-21,CUST00369,Cairo,Greater Cairo,Printer,Office Equipment,9,6664.0,15,59976.0,50979.6,2025-09,Large
107570,2025-04-06,CUST00370,Giza,Greater Cairo,Notebook Pack,Stationery,10,237.6,20,2376.0,1900.8,2025-04,Medium
107571,2025-11-19,CUST00371,Alexandria,Coastal,Laptop,Electronics,11,28500.0,0,313500.0,313500.0,2025-11,Large
107572,2025-06-04,CUST00372,Mansoura,Delta,Smartphone,Electronics,12,14645.0,5,175740.0,166953.0,2025-06,Large
107573,2025-01-17,CUST00373,Tanta,Unknown,Wireless Mouse,Accessories,1,459.0,10,459.0,413.1,2025-01,Small
107574,2025-08-02,CUST00374,Aswan,Unknown,Keyboard,Accessories,2,875.5,15,1751.0,1488.35,2025-08,Medium
107575,2025-03-15,CUST00375,Luxor,Unknown,Office Chair,Furniture,3,5408.0,20,16224.0,12979.2,2025-03,Large
107576,2025-10-28,CUST00376,Port Said,Unknown,Desk,Furniture,4,7770.0,0,31080.0,31080.0,2025-10,Large
107577,2025-05-13,CUST00377,Cairo,Greater Cairo,Headphones,Electronics,5,1908.0,5,9540.0,9063.0,2025-05,Medium
107578,2025-12-26,CUST00378,Giza,Greater Cairo,Monitor,Electronics,6,9844.0,10,59064.0,53157.6,2025-12,Large
107579,2025-07-11,CUST00379,Alexandria,Coastal,Printer,Office Equipment,7,7344.0,15,51408.0,43696.8,2025-07,Large
107580,2025-02-24,CUST00380,Mansoura,Delta,Notebook Pack,Stationery,8,261.6,20,2092.8,1674.24,2025-02,Medium
107581,2025-09-09,CUST00381,Tanta,Unknown,Laptop,Electronics,9,31350.0,0,282150.0,282150.0,2025-09,Large
107582,2025-04-22,CUST00382,Aswan,Unknown,Smartphone,Electronics,10,13050.0,5,130500.0,123975.0,2025-04,Large
107583,2025-11-07,CUST00383,Luxor,Unknown,Wireless Mouse,Accessories,11,409.5,10,4504.5,4054.05,2025-11,Medium
107584,2025-06-20,CUST00384,Port Said,Unknown,Keyboard,Accessories,12,782.0,15,9384.0,7976.4,2025-06,Medium
107585,2025-01-05,CUST00385,Cairo,Greater Cairo,Office Chair,Furniture,1,4836.0,20,4836.0,3868.8,2025-01,Medium
107586,2025-08-18,CUST00386,Giza,Greater Cairo,Desk,Furniture,2,6956.0,0,13912.0,13912.0,2025-08,Large
107587,2025-03-03,CUST00387,Alexandria,Coastal,Headphones,Electronics,3,1710.0,5,5130.0,4873.5,2025-03,Medium
107588,2025-10-16,CUST00388,Mansoura,Delta,Monitor,Electronics,4,8832.0,10,35328.0,31795.2,2025-10,Large
107589,2025-05-01,CUST00389,Tanta,Unknown,Printer,Office Equipment,5,6596.0,15,32980.0,28033.0,2025-05,Large
107590,2025-12-14,CUST00390,Aswan,Unknown,Notebook Pack,Stationery,6,235.2,20,1411.2,1128.96,2025-12,Medium
107591,2025-07-27,CUST00391,Luxor,Unknown,Laptop,Electronics,7,28215.0,0,197505.0,197505.0,2025-07,Large
107592,2025-02-12,CUST00392,Port Said,Unknown,Smartphone,Electronics,8,14500.0,5,116000.0,110200.0,2025-02,Large
107593,2025-09-25,CUST00393,Cairo,Greater Cairo,Wireless Mouse,Accessories,9,454.5,10,4090.5,3681.45,2025-09,Medium
107594,2025-04-10,CUST00394,Giza,Greater Cairo,Keyboard,Accessories,10,867.0,15,8670.0,7369.5,2025-04,Medium
107595,2025-11-23,CUST00395,Alexandria,Coastal,Office Chair,Furniture,11,5356.0,20,58916.0,47132.8,2025-11,Large
107596,2025-06-08,CUST00396,Mansoura,Delta,Desk,Furniture,12,7696.0,0,92352.0,92352.0,2025-06,Large
107597,2025-01-21,CUST00397,Tanta,Unknown,Headphones,Electronics,1,1890.0,5,1890.0,1795.5,2025-01,Medium
107598,2025-08-06,CUST00398,Aswan,Unknown,Monitor,Electronics,2,9752.0,10,19504.0,17553.6,2025-08,Large
107599,2025-03-19,CUST00399,Luxor,Unknown,Printer,Office Equipment,3,7276.0,15,21828.0,18553.8,2025-03,Large
107600,2025-10-04,CUST00400,Port Said,Unknown,Notebook Pack,Stationery,4,259.2,20,1036.8,829.44,2025-10,Small
107601,2025-05-17,CUST00401,Cairo,Greater Cairo,Laptop,Electronics,5,31065.0,0,155325.0,155325.0,2025-05,Large
107602,2025-12-02,CUST00402,Giza,Greater Cairo,Smartphone,Electronics,6,15950.0,5,95700.0,90915.0,2025-12,Large
107603,2025-07-15,CUST00403,Alexandria,Coastal,Wireless Mouse,Accessories,7,405.0,0,2835.0,2835.0,2025-07,Medium
107604,2025-02-28,CUST00404,Mansoura,Delta,Keyboard,Accessories,8,773.5,15,6188.0,5259.8,2025-02,Medium
107605,2025-09-13,CUST00405,Tanta,Unknown,Office Chair,Furniture,9,4784.0,20,43056.0,34444.8,2025-09,Large
107606,2025-04-26,CUST00406,Aswan,Unknown,Desk,Furniture,10,6882.0,0,68820.0,68820.0,2025-04,Large
107607,2025-11-11,CUST00407,Luxor,Unknown,Headphones,Electronics,11,1692.0,5,18612.0,17681.4,2025-11,Large
107608,2025-06-24,CUST00408,Port Said,Unknown,Monitor,Electronics,12,8740.0,10,104880.0,94392.0,2025-06,Large
107609,2025-01-09,CUST00409,Cairo,Greater Cairo,Printer,Office Equipment,1,6528.0,15,6528.0,5548.8,2025-01,Medium
107610,2025-08-22,CUST00410,Giza,Greater Cairo,Notebook Pack,Stationery,2,232.8,20,465.6,372.48,2025-08,Small
107611,2025-03-07,CUST00411,Alexandria,Coastal,Laptop,Electronics,3,27930.0,0,83790.0,83790.0,2025-03,Large
107612,2025-10-20,CUST00412,Mansoura,Delta,Smartphone,Electronics,4,14355.0,5,57420.0,54549.0,2025-10,Large
107613,2025-05-05,CUST00413,Tanta,Unknown,Wireless Mouse,Accessories,5,450.0,10,2250.0,2025.0,2025-05,Medium
107614,2025-12-18,CUST00414,Aswan,Unknown,Keyboard,Accessories,6,858.5,15,5151.0,4378.35,2025-12,Medium
107615,2025-07-03,CUST00415,Luxor,Unknown,Office Chair,Furniture,7,5304.0,20,37128.0,29702.4,2025-07,Large
107616,2025-02-16,CUST00416,Port Said,Unknown,Desk,Furniture,8,7622.0,0,60976.0,60976.0,2025-02,Large
107617,2025-09-01,CUST00417,Cairo,Greater Cairo,Headphones,Electronics,9,1872.0,5,16848.0,16005.6,2025-09,Large
107618,2025-04-14,CUST00418,Giza,Greater Cairo,Monitor,Electronics,10,9660.0,10,96600.0,86940.0,2025-04,Large
107619,2025-11-27,CUST00419,Alexandria,Coastal,Printer,Office Equipment,11,7208.0,15,79288.0,67394.8,2025-11,Large
107620,2025-06-12,CUST00420,Mansoura,Delta,Notebook Pack,Stationery,12,256.8,20,3081.6,2465.28,2025-06,Medium
107621,2025-01-25,CUST00421,Tanta,Unknown,Laptop,Electronics,1,30780.0,0,30780.0,30780.0,2025-01,Large
107622,2025-08-10,CUST00422,Aswan,Unknown,Smartphone,Electronics,2,15805.0,5,31610.0,30029.5,2025-08,Large
107623,2025-03-23,CUST00423,Luxor,Unknown,Wireless Mouse,Accessories,3,495.0,10,1485.0,1336.5,2025-03,Medium
107624,2025-10-08,CUST00424,Port Said,Unknown,Keyboard,Accessories,4,765.0,15,3060.0,2601.0,2025-10,Medium
107625,2025-05-21,CUST00425,Cairo,Greater Cairo,Office Chair,Furniture,5,4732.0,20,23660.0,18928.0,2025-05,Large
107626,2025-12-06,CUST00426,Giza,Greater Cairo,Desk,Furniture,6,6808.0,0,40848.0,40848.0,2025-12,Large
107627,2025-07-19,CUST00427,Alexandria,Coastal,Headphones,Electronics,7,1674.0,5,11718.0,11132.1,2025-07,Large
107628,2025-02-04,CUST00428,Mansoura,Delta,Monitor,Electronics,8,8648.0,10,69184.0,62265.6,2025-02,Large
107629,2025-09-17,CUST00429,Tanta,Unknown,Printer,Office Equipment,9,6460.0,15,58140.0,49419.0,2025-09,Large
107630,2025-04-02,CUST00430,Aswan,Unknown,Notebook Pack,Stationery,10,230.4,20,2304.0,1843.2,2025-04,Medium
107631,2025-11-15,CUST00431,Luxor,Unknown,Laptop,Electronics,11,27645.0,0,304095.0,304095.0,2025-11,Large
107632,2025-06-28,CUST00432,Port Said,Unknown,Smartphone,Electronics,12,14210.0,5,170520.0,161994.0,2025-06,Large
107633,2025-01-13,CUST00433,Cairo,Greater Cairo,Wireless Mouse,Accessories,1,445.5,10,445.5,400.95,2025-01,Small
107634,2025-08-26,CUST00434,Giza,Greater Cairo,Keyboard,Accessories,2,850.0,15,1700.0,1445.0,2025-08,Medium
107635,2025-03-11,CUST00435,Alexandria,Coastal,Office Chair,Furniture,3,5252.0,20,15756.0,12604.8,2025-03,Large
107636,2025-10-24,CUST00436,Mansoura,Delta,Desk,Furniture,4,7548.0,0,30192.0,30192.0,2025-10,Large
107637,2025-05-09,CUST00437,Tanta,Unknown,Headphones,Electronics,5,1854.0,5,9270.0,8806.5,2025-05,Medium
107638,2025-12-22,CUST00438,Aswan,Unknown,Monitor,Electronics,6,9568.0,10,57408.0,51667.2,2025-12,Large
107639,2025-07-07,CUST00439,Luxor,Unknown,Printer,Office Equipment,7,7140.0,15,49980.0,42483.0,2025-07,Large
107640,2025-02-20,CUST00440,Port Said,Unknown,Notebook Pack,Stationery,8,254.4,20,2035.2,1628.16,2025-02,Medium
107641,2025-09-05,CUST00441,Cairo,Greater Cairo,Laptop,Electronics,9,30495.0,0,274455.0,274455.0,2025-09,Large
107642,2025-04-18,CUST00442,Giza,Greater Cairo,Smartphone,Electronics,10,15660.0,5,156600.0,148770.0,2025-04,Large
107643,2025-11-03,CUST00443,Alexandria,Coastal,Wireless Mouse,Accessories,11,490.5,10,5395.5,4855.95,2025-11,Medium
107644,2025-06-16,CUST00444,Mansoura,Delta,Keyboard,Accessories,12,935.0,15,11220.0,9537.0,2025-06,Medium
107645,2025-01-01,CUST00445,Tanta,Unknown,Office Chair,Furniture,1,4680.0,20,4680.0,3744.0,2025-01,Medium
107646,2025-08-14,CUST00446,Aswan,Unknown,Desk,Furniture,2,6734.0,0,13468.0,13468.0,2025-08,Large
107647,2025-03-27,CUST00447,Luxor,Unknown,Headphones,Electronics,3,1656.0,5,4968.0,4719.6,2025-03,Medium
107648,2025-10-12,CUST00448,Port Said,Unknown,Monitor,Electronics,4,8556.0,10,34224.0,30801.6,2025-10,Large
107649,2025-05-25,CUST00449,Cairo,Greater Cairo,Printer,Office Equipment,5,6392.0,15,31960.0,27166.0,2025-05,Large
107650,2025-12-10,CUST00450,Giza,Greater Cairo,Notebook Pack,Stationery,6,228.0,20,1368.0,1094.4,2025-12,Medium
107651,2025-07-23,CUST00451,Alexandria,Coastal,Laptop,Electronics,7,27360.0,0,191520.0,191520.0,2025-07,Large
107652,2025-02-08,CUST00452,Mansoura,Delta,Smartphone,Electronics,8,14065.0,5,112520.0,106894.0,2025-02,Large
107653,2025-09-21,CUST00453,Tanta,Unknown,Wireless Mouse,Accessories,9,441.0,10,3969.0,3572.1,2025-09,Medium
107654,2025-04-06,CUST00454,Aswan,Unknown,Keyboard,Accessories,10,841.5,15,8415.0,7152.75,2025-04,Medium
107655,2025-11-19,CUST00455,Luxor,Unknown,Office Chair,Furniture,11,5200.0,20,57200.0,45760.0,2025-11,Large
107656,2025-06-04,CUST00456,Port Said,Unknown,Desk,Furniture,12,7474.0,0,89688.0,89688.0,2025-06,Large
107657,2025-01-17,CUST00457,Cairo,Greater Cairo,Headphones,Electronics,1,1836.0,5,1836.0,1744.2,2025-01,Medium
107658,2025-08-02,CUST00458,Giza,Greater Cairo,Monitor,Electronics,2,9476.0,10,18952.0,17056.8,2025-08,Large
107659,2025-03-15,CUST00459,Alexandria,Coastal,Printer,Office Equipment,3,7072.0,15,21216.0,18033.6,2025-03,Large
107660,2025-10-28,CUST00460,Mansoura,Delta,Notebook Pack,Stationery,4,252.0,20,1008.0,806.4,2025-10,Small
107661,2025-05-13,CUST00461,Tanta,Unknown,Laptop,Electronics,5,30210.0,0,151050.0,151050.0,2025-05,Large
107662,2025-12-26,CUST00462,Aswan,Unknown,Smartphone,Electronics,6,15515.0,5,93090.0,88435.5,2025-12,Large
107663,2025-07-11,CUST00463,Luxor,Unknown,Wireless Mouse,Accessories,7,486.0,10,3402.0,3061.8,2025-07,Medium
107664,2025-02-24,CUST00464,Unknown,Unknown,Keyboard,Accessories,8,926.5,15,7412.0,6300.2,2025-02,Medium
107665,2025-09-09,CUST00465,Cairo,Greater Cairo,Office Chair,Furniture,9,5720.0,20,51480.0,41184.0,2025-09,Large
107666,2025-04-22,CUST00466,Giza,Greater Cairo,Desk,Furniture,10,6660.0,0,66600.0,66600.0,2025-04,Large
107667,2025-11-07,CUST00467,Alexandria,Coastal,Headphones,Electronics,11,1638.0,5,18018.0,17117.1,2025-11,Large
107668,2025-06-20,CUST00468,Mansoura,Delta,Monitor,Electronics,12,8464.0,10,101568.0,91411.2,2025-06,Large
107669,2025-01-05,CUST00469,Tanta,Unknown,Printer,Office Equipment,1,6324.0,15,6324.0,5375.4,2025-01,Medium
107670,2025-08-18,CUST00470,Aswan,Unknown,Notebook Pack,Stationery,2,225.6,20,451.2,360.96,2025-08,Small
107671,2025-03-03,CUST00471,Luxor,Unknown,Laptop,Electronics,3,27075.0,0,81225.0,81225.0,2025-03,Large
107672,2025-10-16,CUST00472,Port Said,Unknown,Smartphone,Electronics,4,13920.0,5,55680.0,52896.0,2025-10,Large
107673,2025-05-01,CUST00473,Cairo,Greater Cairo,Wireless Mouse,Accessories,5,436.5,10,2182.5,1964.25,2025-05,Medium
107674,2025-12-14,CUST00474,Giza,Greater Cairo,Keyboard,Accessories,6,833.0,15,4998.0,4248.3,2025-12,Medium
107675,2025-07-27,CUST00475,Alexandria,Coastal,Office Chair,Furniture,7,5148.0,20,36036.0,28828.8,2025-07,Large
107676,2025-02-12,CUST00476,Mansoura,Delta,Desk,Furniture,8,7400.0,0,59200.0,59200.0,2025-02,Large
107677,2025-09-25,CUST00477,Tanta,Unknown,Headphones,Electronics,9,1818.0,5,16362.0,15543.9,2025-09,Large
107678,2025-04-10,CUST00478,Aswan,Unknown,Monitor,Electronics,10,9384.0,10,93840.0,84456.0,2025-04,Large
107679,2025-11-23,CUST00479,Luxor,Unknown,Printer,Office Equipment,11,7004.0,15,77044.0,65487.4,2025-11,Large
107680,2025-06-08,CUST00480,Port Said,Unknown,Notebook Pack,Stationery,12,249.6,20,2995.2,2396.16,2025-06,Medium
107681,2025-01-21,CUST00481,Cairo,Greater Cairo,Laptop,Electronics,1,29925.0,0,29925.0,29925.0,2025-01,Large
107682,2025-08-06,CUST00482,Giza,Greater Cairo,Smartphone,Electronics,2,15370.0,5,30740.0,29203.0,2025-08,Large
107683,2025-03-19,CUST00483,Alexandria,Coastal,Wireless Mouse,Accessories,3,481.5,10,1444.5,1300.05,2025-03,Medium
107684,2025-10-04,CUST00484,Mansoura,Delta,Keyboard,Accessories,4,918.0,15,3672.0,3121.2,2025-10,Medium
107685,2025-05-17,CUST00485,Tanta,Unknown,Office Chair,Furniture,5,5668.0,20,28340.0,22672.0,2025-05,Large
107686,2025-12-02,CUST00486,Aswan,Unknown,Desk,Furniture,6,8140.0,0,48840.0,48840.0,2025-12,Large
107687,2025-07-15,CUST00487,Luxor,Unknown,Headphones,Electronics,7,1620.0,5,11340.0,10773.0,2025-07,Large
107688,2025-02-28,CUST00488,Port Said,Unknown,Monitor,Electronics,8,8372.0,10,66976.0,60278.4,2025-02,Large
107689,2025-09-13,CUST00489,Cairo,Greater Cairo,Printer,Office Equipment,9,6256.0,15,56304.0,47858.4,2025-09,Large
107690,2025-04-26,CUST00490,Giza,Greater Cairo,Notebook Pack,Stationery,10,223.2,20,2232.0,1785.6,2025-04,Medium
107691,2025-11-11,CUST00491,Alexandria,Coastal,Laptop,Electronics,11,26790.0,0,294690.0,294690.0,2025-11,Large
107692,2025-06-24,CUST00492,Mansoura,Delta,Smartphone,Electronics,12,13775.0,5,165300.0,157035.0,2025-06,Large
107693,2025-01-09,CUST00493,Tanta,Unknown,Wireless Mouse,Accessories,1,432.0,10,432.0,388.8,2025-01,Small
107694,2025-08-22,CUST00494,Aswan,Unknown,Keyboard,Accessories,2,824.5,15,1649.0,1401.65,2025-08,Medium
107695,2025-03-07,CUST00495,Luxor,Unknown,Office Chair,Furniture,3,5096.0,20,15288.0,12230.4,2025-03,Large
107696,2025-10-20,CUST00496,Port Said,Unknown,Desk,Furniture,4,7326.0,0,29304.0,29304.0,2025-10,Large
107697,2025-05-05,CUST00497,Cairo,Greater Cairo,Headphones,Electronics,5,1800.0,5,9000.0,8550.0,2025-05,Medium
107698,2025-12-18,CUST00498,Giza,Greater Cairo,Monitor,Electronics,6,9292.0,10,55752.0,50176.8,2025-12,Large
107699,2025-07-03,CUST00499,Alexandria,Coastal,Printer,Office Equipment,7,6936.0,15,48552.0,41269.2,2025-07,Large
107700,2025-02-16,CUST00500,Mansoura,Delta,Notebook Pack,Stationery,8,247.2,20,1977.6,1582.08,2025-02,Medium
107701,2025-09-01,CUST00501,Tanta,Unknown,Laptop,Electronics,9,29640.0,0,266760.0,266760.0,2025-09,Large
107702,2025-04-14,CUST00502,Aswan,Unknown,Smartphone,Electronics,10,15225.0,5,152250.0,144637.5,2025-04,Large
107703,2025-11-27,CUST00503,Luxor,Unknown,Wireless Mouse,Accessories,11,477.0,10,5247.0,4722.3,2025-11,Medium
107704,2025-06-12,CUST00504,Port Said,Unknown,Keyboard,Accessories,12,909.5,15,10914.0,9276.9,2025-06,Medium
107705,2025-01-25,CUST00505,Cairo,Greater Cairo,Office Chair,Furniture,1,5616.0,20,5616.0,4492.8,2025-01,Medium
107706,2025-08-10,CUST00506,Giza,Greater Cairo,Desk,Furniture,2,8066.0,0,16132.0,16132.0,2025-08,Large
107707,2025-03-23,CUST00507,Alexandria,Coastal,Headphones,Electronics,3,1980.0,5,5940.0,5643.0,2025-03,Medium
107708,2025-10-08,CUST00508,Mansoura,Delta,Monitor,Electronics,4,8280.0,10,33120.0,29808.0,2025-10,Large
107709,2025-05-21,CUST00509,Tanta,Unknown,Printer,Office Equipment,5,6188.0,15,30940.0,26299.0,2025-05,Large
107710,2025-12-06,CUST00510,Aswan,Unknown,Notebook Pack,Stationery,6,220.8,20,1324.8,1059.84,2025-12,Medium
107711,2025-07-19,CUST00511,Luxor,Unknown,Laptop,Electronics,7,26505.0,0,185535.0,185535.0,2025-07,Large
107712,2025-02-04,CUST00512,Port Said,Unknown,Smartphone,Electronics,8,13630.0,5,109040.0,103588.0,2025-02,Large
107713,2025-09-17,CUST00513,Cairo,Greater Cairo,Wireless Mouse,Accessories,9,427.5,10,3847.5,3462.75,2025-09,Medium
107714,2025-04-02,CUST00514,Giza,Greater Cairo,Keyboard,Accessories,10,816.0,15,8160.0,6936.0,2025-04,Medium
107715,2025-11-15,CUST00515,Alexandria,Coastal,Office Chair,Furniture,11,5044.0,20,55484.0,44387.2,2025-11,Large
107716,2025-06-28,CUST00516,Mansoura,Delta,Desk,Furniture,12,7252.0,0,87024.0,87024.0,2025-06,Large
107717,2025-01-13,CUST00517,Tanta,Unknown,Headphones,Electronics,1,1782.0,5,1782.0,1692.9,2025-01,Medium
107718,2025-08-26,CUST00518,Aswan,Unknown,Monitor,Electronics,2,9200.0,10,18400.0,16560.0,2025-08,Large
107719,2025-03-11,CUST00519,Luxor,Unknown,Printer,Office Equipment,3,6868.0,15,20604.0,17513.4,2025-03,Large
107720,2025-10-24,CUST00520,Port Said,Unknown,Notebook Pack,Stationery,4,244.8,20,979.2,783.36,2025-10,Small
107721,2025-05-09,CUST00521,Cairo,Greater Cairo,Laptop,Electronics,5,29355.0,0,146775.0,146775.0,2025-05,Large
107722,2025-12-22,CUST00522,Giza,Greater Cairo,Smartphone,Electronics,6,15080.0,5,90480.0,85956.0,2025-12,Large
107723,2025-07-07,CUST00523,Alexandria,Coastal,Wireless Mouse,Accessories,7,472.5,10,3307.5,2976.75,2025-07,Medium
107724,2025-02-20,CUST00524,Mansoura,Delta,Keyboard,Accessories,8,901.0,15,7208.0,6126.8,2025-02,Medium
107725,2025-09-05,CUST00525,Tanta,Unknown,Office Chair,Furniture,9,5564.0,20,50076.0,40060.8,2025-09,Large
107726,2025-04-18,CUST00526,Aswan,Unknown,Desk,Furniture,10,7992.0,0,79920.0,79920.0,2025-04,Large
107727,2025-11-03,CUST00527,Luxor,Unknown,Headphones,Electronics,11,1962.0,5,21582.0,20502.9,2025-11,Large
107728,2025-06-16,CUST00528,Port Said,Unknown,Monitor,Electronics,12,10120.0,10,121440.0,109296.0,2025-06,Large
107729,2025-01-01,CUST00529,Cairo,Greater Cairo,Printer,Office Equipment,1,6120.0,15,6120.0,5202.0,2025-01,Medium
107730,2025-08-14,CUST00530,Giza,Greater Cairo,Notebook Pack,Stationery,2,218.4,20,436.8,349.44,2025-08,Small
107731,2025-03-27,CUST00531,Alexandria,Coastal,Laptop,Electronics,3,26220.0,0,78660.0,78660.0,2025-03,Large
107732,2025-10-12,CUST00532,Mansoura,Delta,Smartphone,Electronics,4,13485.0,5,53940.0,51243.0,2025-10,Large
107733,2025-05-25,CUST00533,Tanta,Unknown,Wireless Mouse,Accessories,5,423.0,10,2115.0,1903.5,2025-05,Medium
107734,2025-12-10,CUST00534,Aswan,Unknown,Keyboard,Accessories,6,807.5,15,4845.0,4118.25,2025-12,Medium
107735,2025-07-23,CUST00535,Luxor,Unknown,Office Chair,Furniture,7,4992.0,20,34944.0,27955.2,2025-07,Large
107736,2025-02-08,CUST00536,Port Said,Unknown,Desk,Furniture,8,7178.0,0,57424.0,57424.0,2025-02,Large
107737,2025-09-21,CUST00537,Cairo,Greater Cairo,Headphones,Electronics,9,1764.0,5,15876.0,15082.2,2025-09,Large
107738,2025-04-06,CUST00538,Giza,Greater Cairo,Monitor,Electronics,10,9108.0,10,91080.0,81972.0,2025-04,Large
107739,2025-11-19,CUST00539,Alexandria,Coastal,Printer,Office Equipment,11,6800.0,15,74800.0,63580.0,2025-11,Large
107740,2025-06-04,CUST00540,Mansoura,Delta,Notebook Pack,Stationery,12,242.4,20,2908.8,2327.04,2025-06,Medium
107741,2025-01-17,CUST00541,Tanta,Unknown,Laptop,Electronics,1,29070.0,0,29070.0,29070.0,2025-01,Large
107742,2025-08-02,CUST00542,Aswan,Unknown,Smartphone,Electronics,2,14935.0,5,29870.0,28376.5,2025-08,Large
107743,2025-03-15,CUST00543,Luxor,Unknown,Wireless Mouse,Accessories,3,468.0,10,1404.0,1263.6,2025-03,Medium
107744,2025-10-28,CUST00544,Port Said,Unknown,Keyboard,Accessories,4,892.5,15,3570.0,3034.5,2025-10,Medium
107745,2025-05-13,CUST00545,Cairo,Greater Cairo,Office Chair,Furniture,5,5512.0,20,27560.0,22048.0,2025-05,Large
107746,2025-12-26,CUST00546,Giza,Greater Cairo,Desk,Furniture,6,7918.0,0,47508.0,47508.0,2025-12,Large
107747,2025-07-11,CUST00547,Alexandria,Coastal,Headphones,Electronics,7,1944.0,5,13608.0,12927.6,2025-07,Large
107748,2025-02-24,CUST00548,Mansoura,Delta,Monitor,Electronics,8,10028.0,10,80224.0,72201.6,2025-02,Large
107749,2025-09-09,CUST00549,Tanta,Unknown,Printer,Office Equipment,9,7480.0,15,67320.0,57222.0,2025-09,Large
107750,2025-04-22,CUST00550,Aswan,Unknown,Notebook Pack,Stationery,10,216.0,20,2160.0,1728.0,2025-04,Medium
107751,2025-11-07,CUST00551,Luxor,Unknown,Laptop,Electronics,11,25935.0,0,285285.0,285285.0,2025-11,Large
107752,2025-06-20,CUST00552,Port Said,Unknown,Smartphone,Electronics,12,13340.0,5,160080.0,152076.0,2025-06,Large
107753,2025-01-05,CUST00553,Cairo,Greater Cairo,Wireless Mouse,Accessories,1,418.5,10,418.5,376.65,2025-01,Small
107754,2025-08-18,CUST00554,Giza,Greater Cairo,Keyboard,Accessories,2,799.0,15,1598.0,1358.3,2025-08,Medium
107755,2025-03-03,CUST00555,Alexandria,Coastal,Office Chair,Furniture,3,4940.0,20,14820.0,11856.0,2025-03,Large
107756,2025-10-16,CUST00556,Mansoura,Delta,Desk,Furniture,4,7104.0,0,28416.0,28416.0,2025-10,Large
107757,2025-05-01,CUST00557,Tanta,Unknown,Headphones,Electronics,5,1746.0,5,8730.0,8293.5,2025-05,Medium
107758,2025-12-14,CUST00558,Aswan,Unknown,Monitor,Electronics,6,9016.0,10,54096.0,48686.4,2025-12,Large
107759,2025-07-27,CUST00559,Luxor,Unknown,Printer,Office Equipment,7,6732.0,15,47124.0,40055.4,2025-07,Large
107760,2025-02-12,CUST00560,Port Said,Unknown,Notebook Pack,Stationery,8,240.0,20,1920.0,1536.0,2025-02,Medium
107761,2025-09-25,CUST00561,Unknown,Unknown,Laptop,Electronics,9,28785.0,0,259065.0,259065.0,2025-09,Large
107762,2025-04-10,CUST00562,Giza,Greater Cairo,Smartphone,Electronics,10,14790.0,5,147900.0,140505.0,2025-04,Large
107763,2025-11-23,CUST00563,Alexandria,Coastal,Wireless Mouse,Accessories,11,463.5,10,5098.5,4588.65,2025-11,Medium
107764,2025-06-08,CUST00564,Mansoura,Delta,Keyboard,Accessories,12,884.0,15,10608.0,9016.8,2025-06,Medium
107765,2025-01-21,CUST00565,Tanta,Unknown,Office Chair,Furniture,1,5460.0,20,5460.0,4368.0,2025-01,Medium
107766,2025-08-06,CUST00566,Aswan,Unknown,Desk,Furniture,2,7844.0,0,15688.0,15688.0,2025-08,Large
107767,2025-03-19,CUST00567,Luxor,Unknown,Headphones,Electronics,3,1926.0,5,5778.0,5489.1,2025-03,Medium
107768,2025-10-04,CUST00568,Port Said,Unknown,Monitor,Electronics,4,9936.0,10,39744.0,35769.6,2025-10,Large
107769,2025-05-17,CUST00569,Cairo,Greater Cairo,Printer,Office Equipment,5,7412.0,15,37060.0,31501.0,2025-05,Large
107770,2025-12-02,CUST00570,Giza,Greater Cairo,Notebook Pack,Stationery,6,264.0,20,1584.0,1267.2,2025-12,Medium
107771,2025-07-15,CUST00571,Alexandria,Coastal,Laptop,Electronics,7,25650.0,0,179550.0,179550.0,2025-07,Large
107772,2025-02-28,CUST00572,Mansoura,Delta,Smartphone,Electronics,8,13195.0,5,105560.0,100282.0,2025-02,Large
107773,2025-09-13,CUST00573,Tanta,Unknown,Wireless Mouse,Accessories,9,414.0,10,3726.0,3353.4,2025-09,Medium
107774,2025-04-26,CUST00574,Aswan,Unknown,Keyboard,Accessories,10,790.5,15,7905.0,6719.25,2025-04,Medium
107775,2025-11-11,CUST00575,Luxor,Unknown,Office Chair,Furniture,11,4888.0,20,53768.0,43014.4,2025-11,Large
107776,2025-06-24,CUST00576,Port Said,Unknown,Desk,Furniture,12,7030.0,0,84360.0,84360.0,2025-06,Large
107777,2025-01-09,CUST00577,Cairo,Greater Cairo,Headphones,Electronics,1,1728.0,5,1728.0,1641.6,2025-01,Medium
107778,2025-08-22,CUST00578,Giza,Greater Cairo,Monitor,Electronics,2,8924.0,10,17848.0,16063.2,2025-08,Large
107779,2025-03-07,CUST00579,Alexandria,Coastal,Printer,Office Equipment,3,6664.0,15,19992.0,16993.2,2025-03,Large
107780,2025-10-20,CUST00580,Mansoura,Delta,Notebook Pack,Stationery,4,237.6,20,950.4,760.32,2025-10,Small
107781,2025-05-05,CUST00581,Tanta,Unknown,Laptop,Electronics,5,28500.0,0,142500.0,142500.0,2025-05,Large
107782,2025-12-18,CUST00582,Aswan,Unknown,Smartphone,Electronics,6,14645.0,5,87870.0,83476.5,2025-12,Large
107783,2025-07-03,CUST00583,Luxor,Unknown,Wireless Mouse,Accessories,7,459.0,10,3213.0,2891.7,2025-07,Medium
107784,2025-02-16,CUST00584,Port Said,Unknown,Keyboard,Accessories,8,875.5,0,7004.0,7004.0,2025-02,Medium
107785,2025-09-01,CUST00585,Cairo,Greater Cairo,Office Chair,Furniture,9,5408.0,20,48672.0,38937.6,2025-09,Large
107786,2025-04-14,CUST00586,Giza,Greater Cairo,Desk,Furniture,10,7770.0,0,77700.0,77700.0,2025-04,Large
107787,2025-11-27,CUST00587,Alexandria,Coastal,Headphones,Electronics,11,1908.0,5,20988.0,19938.6,2025-11,Large
107788,2025-06-12,CUST00588,Mansoura,Delta,Monitor,Electronics,12,9844.0,10,118128.0,106315.2,2025-06,Large
107789,2025-01-25,CUST00589,Tanta,Unknown,Printer,Office Equipment,1,7344.0,15,7344.0,6242.4,2025-01,Medium
107790,2025-08-10,CUST00590,Aswan,Unknown,Notebook Pack,Stationery,2,261.6,20,523.2,418.56,2025-08,Small
107791,2025-03-23,CUST00591,Luxor,Unknown,Laptop,Electronics,3,31350.0,0,94050.0,94050.0,2025-03,Large
107792,2025-10-08,CUST00592,Port Said,Unknown,Smartphone,Electronics,4,13050.0,5,52200.0,49590.0,2025-10,Large
107793,2025-05-21,CUST00593,Cairo,Greater Cairo,Wireless Mouse,Accessories,5,409.5,10,2047.5,1842.75,2025-05,Medium
107794,2025-12-06,CUST00594,Giza,Greater Cairo,Keyboard,Accessories,6,782.0,15,4692.0,3988.2,2025-12,Medium
107795,2025-07-19,CUST00595,Alexandria,Coastal,Office Chair,Furniture,7,4836.0,20,33852.0,27081.6,2025-07,Large
107796,2025-02-04,CUST00596,Mansoura,Delta,Desk,Furniture,8,6956.0,0,55648.0,55648.0,2025-02,Large
107797,2025-09-17,CUST00597,Tanta,Unknown,Headphones,Electronics,9,1710.0,5,15390.0,14620.5,2025-09,Large
107798,2025-04-02,CUST00598,Aswan,Unknown,Monitor,Electronics,10,8832.0,10,88320.0,79488.0,2025-04,Large
107799,2025-11-15,CUST00599,Luxor,Unknown,Printer,Office Equipment,11,6596.0,15,72556.0,61672.6,2025-11,Large
107800,2025-06-28,CUST00600,Port Said,Unknown,Notebook Pack,Stationery,12,235.2,20,2822.4,2257.92,2025-06,Medium
107801,2025-01-13,CUST00601,Cairo,Greater Cairo,Laptop,Electronics,1,28215.0,0,28215.0,28215.0,2025-01,Large
107802,2025-08-26,CUST00602,Giza,Greater Cairo,Smartphone,Electronics,2,14500.0,5,29000.0,27550.0,2025-08,Large
107803,2025-03-11,CUST00603,Alexandria,Coastal,Wireless Mouse,Accessories,3,454.5,10,1363.5,1227.15,2025-03,Medium
107804,2025-10-24,CUST00604,Mansoura,Delta,Keyboard,Accessories,4,867.0,15,3468.0,2947.8,2025-10,Medium
107805,2025-05-09,CUST00605,Tanta,Unknown,Office Chair,Furniture,5,5356.0,20,26780.0,21424.0,2025-05,Large
107806,2025-12-22,CUST00606,Aswan,Unknown,Desk,Furniture,6,7696.0,0,46176.0,46176.0,2025-12,Large
107807,2025-07-07,CUST00607,Luxor,Unknown,Headphones,Electronics,7,1890.0,5,13230.0,12568.5,2025-07,Large
107808,2025-02-20,CUST00608,Port Said,Unknown,Monitor,Electronics,8,9752.0,10,78016.0,70214.4,2025-02,Large
107809,2025-09-05,CUST00609,Cairo,Greater Cairo,Printer,Office Equipment,9,7276.0,15,65484.0,55661.4,2025-09,Large
107810,2025-04-18,CUST00610,Giza,Greater Cairo,Notebook Pack,Stationery,10,259.2,20,2592.0,2073.6,2025-04,Medium
107811,2025-11-03,CUST00611,Alexandria,Coastal,Laptop,Electronics,11,31065.0,0,341715.0,341715.0,2025-11,Large
107812,2025-06-16,CUST00612,Mansoura,Delta,Smartphone,Electronics,12,15950.0,5,191400.0,181830.0,2025-06,Large
107813,2025-01-01,CUST00613,Tanta,Unknown,Wireless Mouse,Accessories,1,405.0,10,405.0,364.5,2025-01,Small
107814,2025-08-14,CUST00614,Aswan,Unknown,Keyboard,Accessories,2,773.5,15,1547.0,1314.95,2025-08,Medium
107815,2025-03-27,CUST00615,Luxor,Unknown,Office Chair,Furniture,3,4784.0,20,14352.0,11481.6,2025-03,Large
107816,2025-10-12,CUST00616,Port Said,Unknown,Desk,Furniture,4,6882.0,0,27528.0,27528.0,2025-10,Large
107817,2025-05-25,CUST00617,Cairo,Greater Cairo,Headphones,Electronics,5,1692.0,5,8460.0,8037.0,2025-05,Medium
107818,2025-12-10,CUST00618,Giza,Greater Cairo,Monitor,Electronics,6,8740.0,10,52440.0,47196.0,2025-12,Large
107819,2025-07-23,CUST00619,Alexandria,Coastal,Printer,Office Equipment,7,6528.0,15,45696.0,38841.6,2025-07,Large
107820,2025-02-08,CUST00620,Mansoura,Delta,Notebook Pack,Stationery,8,232.8,20,1862.4,1489.92,2025-02,Medium
107821,2025-09-21,CUST00621,Tanta,Unknown,Laptop,Electronics,9,27930.0,0,251370.0,251370.0,2025-09,Large
107822,2025-04-06,CUST00622,Aswan,Unknown,Smartphone,Electronics,10,14355.0,5,143550.0,136372.5,2025-04,Large
107823,2025-11-19,CUST00623,Luxor,Unknown,Wireless Mouse,Accessories,11,450.0,10,4950.0,4455.0,2025-11,Medium
107824,2025-06-04,CUST00624,Port Said,Unknown,Keyboard,Accessories,12,858.5,15,10302.0,8756.7,2025-06,Medium
107825,2025-01-17,CUST00625,Cairo,Greater Cairo,Office Chair,Furniture,1,5304.0,20,5304.0,4243.2,2025-01,Medium
107826,2025-08-02,CUST00626,Giza,Greater Cairo,Desk,Furniture,2,7622.0,0,15244.0,15244.0,2025-08,Large
107827,2025-03-15,CUST00627,Alexandria,Coastal,Headphones,Electronics,3,1872.0,5,5616.0,5335.2,2025-03,Medium
107828,2025-10-28,CUST00628,Mansoura,Delta,Monitor,Electronics,4,9660.0,10,38640.0,34776.0,2025-10,Large
107829,2025-05-13,CUST00629,Tanta,Unknown,Printer,Office Equipment,5,7208.0,15,36040.0,30634.0,2025-05,Large
107830,2025-12-26,CUST00630,Aswan,Unknown,Notebook Pack,Stationery,6,256.8,20,1540.8,1232.64,2025-12,Medium
107831,2025-07-11,CUST00631,Luxor,Unknown,Laptop,Electronics,7,30780.0,0,215460.0,215460.0,2025-07,Large
107832,2025-02-24,CUST00632,Port Said,Unknown,Smartphone,Electronics,8,15805.0,5,126440.0,120118.0,2025-02,Large
107833,2025-09-09,CUST00633,Cairo,Greater Cairo,Wireless Mouse,Accessories,9,495.0,10,4455.0,4009.5,2025-09,Medium
107834,2025-04-22,CUST00634,Giza,Greater Cairo,Keyboard,Accessories,10,765.0,15,7650.0,6502.5,2025-04,Medium
107835,2025-11-07,CUST00635,Alexandria,Coastal,Office Chair,Furniture,11,4732.0,20,52052.0,41641.6,2025-11,Large
107836,2025-06-20,CUST00636,Mansoura,Delta,Desk,Furniture,12,6808.0,0,81696.0,81696.0,2025-06,Large
107837,2025-01-05,CUST00637,Tanta,Unknown,Headphones,Electronics,1,1674.0,5,1674.0,1590.3,2025-01,Medium
107838,2025-08-18,CUST00638,Aswan,Unknown,Monitor,Electronics,2,8648.0,10,17296.0,15566.4,2025-08,Large
107839,2025-03-03,CUST00639,Luxor,Unknown,Printer,Office Equipment,3,6460.0,15,19380.0,16473.0,2025-03,Large
107840,2025-10-16,CUST00640,Port Said,Unknown,Notebook Pack,Stationery,4,230.4,20,921.6,737.28,2025-10,Small
107841,2025-05-01,CUST00641,Cairo,Greater Cairo,Laptop,Electronics,5,27645.0,0,138225.0,138225.0,2025-05,Large
107842,2025-12-14,CUST00642,Giza,Greater Cairo,Smartphone,Electronics,6,14210.0,5,85260.0,80997.0,2025-12,Large
107843,2025-07-27,CUST00643,Alexandria,Coastal,Wireless Mouse,Accessories,7,445.5,10,3118.5,2806.65,2025-07,Medium
107844,2025-02-12,CUST00644,Mansoura,Delta,Keyboard,Accessories,8,850.0,15,6800.0,5780.0,2025-02,Medium
107845,2025-09-25,CUST00645,Tanta,Unknown,Office Chair,Furniture,9,5252.0,20,47268.0,37814.4,2025-09,Large
107846,2025-04-10,CUST00646,Aswan,Unknown,Desk,Furniture,10,7548.0,0,75480.0,75480.0,2025-04,Large
107847,2025-11-23,CUST00647,Luxor,Unknown,Headphones,Electronics,11,1854.0,5,20394.0,19374.3,2025-11,Large
107848,2025-06-08,CUST00648,Port Said,Unknown,Monitor,Electronics,12,9568.0,10,114816.0,103334.4,2025-06,Large
107849,2025-01-21,CUST00649,Cairo,Greater Cairo,Printer,Office Equipment,1,7140.0,15,7140.0,6069.0,2025-01,Medium
107850,2025-08-06,CUST00650,Giza,Greater Cairo,Notebook Pack,Stationery,2,254.4,20,508.8,407.04,2025-08,Small
107851,2025-03-19,CUST00651,Alexandria,Coastal,Laptop,Electronics,3,30495.0,0,91485.0,91485.0,2025-03,Large
107852,2025-10-04,CUST00652,Mansoura,Delta,Smartphone,Electronics,4,15660.0,5,62640.0,59508.0,2025-10,Large
107853,2025-05-17,CUST00653,Tanta,Unknown,Wireless Mouse,Accessories,5,490.5,10,2452.5,2207.25,2025-05,Medium
107854,2025-12-02,CUST00654,Aswan,Unknown,Keyboard,Accessories,6,935.0,15,5610.0,4768.5,2025-12,Medium
107855,2025-07-15,CUST00655,Luxor,Unknown,Office Chair,Furniture,7,4680.0,20,32760.0,26208.0,2025-07,Large
107856,2025-02-28,CUST00656,Port Said,Unknown,Desk,Furniture,8,6734.0,0,53872.0,53872.0,2025-02,Large
107857,2025-09-13,CUST00657,Cairo,Greater Cairo,Headphones,Electronics,9,1656.0,5,14904.0,14158.8,2025-09,Large
107858,2025-04-26,CUST00658,Unknown,Unknown,Monitor,Electronics,10,8556.0,10,85560.0,77004.0,2025-04,Large
107859,2025-11-11,CUST00659,Alexandria,Coastal,Printer,Office Equipment,11,6392.0,15,70312.0,59765.2,2025-11,Large
107860,2025-06-24,CUST00660,Mansoura,Delta,Notebook Pack,Stationery,12,228.0,20,2736.0,2188.8,2025-06,Medium
107861,2025-01-09,CUST00661,Tanta,Unknown,Laptop,Electronics,1,27360.0,0,27360.0,27360.0,2025-01,Large
107862,2025-08-22,CUST00662,Aswan,Unknown,Smartphone,Electronics,2,14065.0,5,28130.0,26723.5,2025-08,Large
107863,2025-03-07,CUST00663,Luxor,Unknown,Wireless Mouse,Accessories,3,441.0,10,1323.0,1190.7,2025-03,Medium
107864,2025-10-20,CUST00664,Port Said,Unknown,Keyboard,Accessories,4,841.5,15,3366.0,2861.1,2025-10,Medium
107865,2025-05-05,CUST00665,Cairo,Greater Cairo,Office Chair,Furniture,5,5200.0,20,26000.0,20800.0,2025-05,Large
107866,2025-12-18,CUST00666,Giza,Greater Cairo,Desk,Furniture,6,7474.0,0,44844.0,44844.0,2025-12,Large
107867,2025-07-03,CUST00667,Alexandria,Coastal,Headphones,Electronics,7,1836.0,5,12852.0,12209.4,2025-07,Large
107868,2025-02-16,CUST00668,Mansoura,Delta,Monitor,Electronics,8,9476.0,10,75808.0,68227.2,2025-02,Large
107869,2025-09-01,CUST00669,Tanta,Unknown,Printer,Office Equipment,9,7072.0,15,63648.0,54100.8,2025-09,Large
107870,2025-04-14,CUST00670,Aswan,Unknown,Notebook Pack,Stationery,10,252.0,20,2520.0,2016.0,2025-04,Medium
107871,2025-11-27,CUST00671,Luxor,Unknown,Laptop,Electronics,11,30210.0,0,332310.0,332310.0,2025-11,Large
107872,2025-06-12,CUST00672,Port Said,Unknown,Smartphone,Electronics,12,15515.0,5,186180.0,176871.0,2025-06,Large
107873,2025-01-25,CUST00673,Cairo,Greater Cairo,Wireless Mouse,Accessories,1,486.0,10,486.0,437.4,2025-01,Small
107874,2025-08-10,CUST00674,Giza,Greater Cairo,Keyboard,Accessories,2,926.5,15,1853.0,1575.05,2025-08,Medium
107875,2025-03-23,CUST00675,Alexandria,Coastal,Office Chair,Furniture,3,5720.0,20,17160.0,13728.0,2025-03,Large
107876,2025-10-08,CUST00676,Mansoura,Delta,Desk,Furniture,4,6660.0,0,26640.0,26640.0,2025-10,Large
107877,2025-05-21,CUST00677,Tanta,Unknown,Headphones,Electronics,5,1638.0,5,8190.0,7780.5,2025-05,Medium
107878,2025-12-06,CUST00678,Aswan,Unknown,Monitor,Electronics,6,8464.0,10,50784.0,45705.6,2025-12,Large
107879,2025-07-19,CUST00679,Luxor,Unknown,Printer,Office Equipment,7,6324.0,15,44268.0,37627.8,2025-07,Large
107880,2025-02-04,CUST00680,Port Said,Unknown,Notebook Pack,Stationery,8,225.6,20,1804.8,1443.84,2025-02,Medium
107881,2025-09-17,CUST00681,Cairo,Greater Cairo,Laptop,Electronics,9,27075.0,0,243675.0,243675.0,2025-09,Large
107882,2025-04-02,CUST00682,Giza,Greater Cairo,Smartphone,Electronics,10,13920.0,5,139200.0,132240.0,2025-04,Large
107883,2025-11-15,CUST00683,Alexandria,Coastal,Wireless Mouse,Accessories,11,436.5,10,4801.5,4321.35,2025-11,Medium
107884,2025-06-28,CUST00684,Mansoura,Delta,Keyboard,Accessories,12,833.0,15,9996.0,8496.6,2025-06,Medium
107885,2025-01-13,CUST00685,Tanta,Unknown,Office Chair,Furniture,1,5148.0,20,5148.0,4118.4,2025-01,Medium
107886,2025-08-26,CUST00686,Aswan,Unknown,Desk,Furniture,2,7400.0,0,14800.0,14800.0,2025-08,Large
107887,2025-03-11,CUST00687,Luxor,Unknown,Headphones,Electronics,3,1818.0,5,5454.0,5181.3,2025-03,Medium
107888,2025-10-24,CUST00688,Port Said,Unknown,Monitor,Electronics,4,9384.0,10,37536.0,33782.4,2025-10,Large
107889,2025-05-09,CUST00689,Cairo,Greater Cairo,Printer,Office Equipment,5,7004.0,15,35020.0,29767.0,2025-05,Large
107890,2025-12-22,CUST00690,Giza,Greater Cairo,Notebook Pack,Stationery,6,249.6,20,1497.6,1198.08,2025-12,Medium
107891,2025-07-07,CUST00691,Alexandria,Coastal,Laptop,Electronics,7,29925.0,0,209475.0,209475.0,2025-07,Large
107892,2025-02-20,CUST00692,Mansoura,Delta,Smartphone,Electronics,8,15370.0,5,122960.0,116812.0,2025-02,Large
107893,2025-09-05,CUST00693,Tanta,Unknown,Wireless Mouse,Accessories,9,481.5,10,4333.5,3900.15,2025-09,Medium
107894,2025-04-18,CUST00694,Aswan,Unknown,Keyboard,Accessories,10,918.0,15,9180.0,7803.0,2025-04,Medium
107895,2025-11-03,CUST00695,Luxor,Unknown,Office Chair,Furniture,11,5668.0,20,62348.0,49878.4,2025-11,Large
107896,2025-06-16,CUST00696,Port Said,Unknown,Desk,Furniture,12,8140.0,0,97680.0,97680.0,2025-06,Large
107897,2025-01-01,CUST00697,Cairo,Greater Cairo,Headphones,Electronics,1,1620.0,5,1620.0,1539.0,2025-01,Medium
107898,2025-08-14,CUST00698,Giza,Greater Cairo,Monitor,Electronics,2,8372.0,10,16744.0,15069.6,2025-08,Large
107899,2025-03-27,CUST00699,Alexandria,Coastal,Printer,Office Equipment,3,6256.0,15,18768.0,15952.8,2025-03,Large
107900,2025-10-12,CUST00700,Mansoura,Delta,Notebook Pack,Stationery,4,223.2,20,892.8,714.24,2025-10,Small
107901,2025-05-25,CUST00701,Tanta,Unknown,Laptop,Electronics,5,26790.0,0,133950.0,133950.0,2025-05,Large
107902,2025-12-10,CUST00702,Aswan,Unknown,Smartphone,Electronics,6,13775.0,5,82650.0,78517.5,2025-12,Large
107903,2025-07-23,CUST00703,Luxor,Unknown,Wireless Mouse,Accessories,7,432.0,10,3024.0,2721.6,2025-07,Medium
107904,2025-02-08,CUST00704,Port Said,Unknown,Keyboard,Accessories,8,824.5,15,6596.0,5606.6,2025-02,Medium
107905,2025-09-21,CUST00705,Cairo,Greater Cairo,Office Chair,Furniture,9,5096.0,20,45864.0,36691.2,2025-09,Large
107906,2025-04-06,CUST00706,Giza,Greater Cairo,Desk,Furniture,10,7326.0,0,73260.0,73260.0,2025-04,Large
107907,2025-11-19,CUST00707,Alexandria,Coastal,Headphones,Electronics,11,1800.0,5,19800.0,18810.0,2025-11,Large
107908,2025-06-04,CUST00708,Mansoura,Delta,Monitor,Electronics,12,9292.0,10,111504.0,100353.6,2025-06,Large
107909,2025-01-17,CUST00709,Tanta,Unknown,Printer,Office Equipment,1,6936.0,15,6936.0,5895.6,2025-01,Medium
107910,2025-08-02,CUST00710,Aswan,Unknown,Notebook Pack,Stationery,2,247.2,20,494.4,395.52,2025-08,Small
107911,2025-03-15,CUST00711,Luxor,Unknown,Laptop,Electronics,3,29640.0,0,88920.0,88920.0,2025-03,Large
107912,2025-10-28,CUST00712,Port Said,Unknown,Smartphone,Electronics,4,15225.0,5,60900.0,57855.0,2025-10,Large
107913,2025-05-13,CUST00713,Cairo,Greater Cairo,Wireless Mouse,Accessories,5,477.0,10,2385.0,2146.5,2025-05,Medium
107914,2025-12-26,CUST00714,Giza,Greater Cairo,Keyboard,Accessories,6,909.5,15,5457.0,4638.45,2025-12,Medium
107915,2025-07-11,CUST00715,Alexandria,Coastal,Office Chair,Furniture,7,5616.0,20,39312.0,31449.6,2025-07,Large
107916,2025-02-24,CUST00716,Mansoura,Delta,Desk,Furniture,8,8066.0,0,64528.0,64528.0,2025-02,Large
107917,2025-09-09,CUST00717,Tanta,Unknown,Headphones,Electronics,9,1980.0,5,17820.0,16929.0,2025-09,Large
107918,2025-04-22,CUST00718,Aswan,Unknown,Monitor,Electronics,10,8280.0,10,82800.0,74520.0,2025-04,Large
107919,2025-11-07,CUST00719,Luxor,Unknown,Printer,Office Equipment,11,6188.0,15,68068.0,57857.8,2025-11,Large
107920,2025-06-20,CUST00720,Port Said,Unknown,Notebook Pack,Stationery,12,220.8,20,2649.6,2119.68,2025-06,Medium
107921,2025-01-05,CUST00721,Cairo,Greater Cairo,Laptop,Electronics,1,26505.0,0,26505.0,26505.0,2025-01,Large
107922,2025-08-18,CUST00722,Giza,Greater Cairo,Smartphone,Electronics,2,13630.0,5,27260.0,25897.0,2025-08,Large
107923,2025-03-03,CUST00723,Alexandria,Coastal,Wireless Mouse,Accessories,3,427.5,10,1282.5,1154.25,2025-03,Medium
107924,2025-10-16,CUST00724,Mansoura,Delta,Keyboard,Accessories,4,816.0,15,3264.0,2774.4,2025-10,Medium
107925,2025-05-01,CUST00725,Tanta,Unknown,Office Chair,Furniture,5,5044.0,20,25220.0,20176.0,2025-05,Large
107926,2026-12-14,CUST00726,Aswan,Unknown,Desk,Furniture,6,7252.0,0,43512.0,43512.0,2026-12,Large
107927,2026-07-27,CUST00727,Luxor,Unknown,Headphones,Electronics,7,1782.0,5,12474.0,11850.3,2026-07,Large
107928,2026-02-12,CUST00728,Port Said,Unknown,Monitor,Electronics,8,9200.0,10,73600.0,66240.0,2026-02,Large
107929,2026-09-25,CUST00729,Cairo,Greater Cairo,Printer,Office Equipment,9,6868.0,15,61812.0,52540.2,2026-09,Large
107930,2026-04-10,CUST00730,Giza,Greater Cairo,Notebook Pack,Stationery,10,244.8,20,2448.0,1958.4,2026-04,Medium
107931,2026-11-23,CUST00731,Alexandria,Coastal,Laptop,Electronics,11,29355.0,0,322905.0,322905.0,2026-11,Large
107932,2026-06-08,CUST00732,Mansoura,Delta,Smartphone,Electronics,12,15080.0,5,180960.0,171912.0,2026-06,Large
107933,2026-01-21,CUST00733,Tanta,Unknown,Wireless Mouse,Accessories,1,472.5,10,472.5,425.25,2026-01,Small
107934,2026-08-06,CUST00734,Aswan,Unknown,Keyboard,Accessories,2,901.0,15,1802.0,1531.7,2026-08,Medium
107935,2026-03-19,CUST00735,Luxor,Unknown,Office Chair,Furniture,3,5564.0,20,16692.0,13353.6,2026-03,Large
107936,2026-10-04,CUST00736,Port Said,Unknown,Desk,Furniture,4,7992.0,0,31968.0,31968.0,2026-10,Large
107937,2026-05-17,CUST00737,Cairo,Greater Cairo,Headphones,Electronics,5,1962.0,5,9810.0,9319.5,2026-05,Medium
107938,2026-12-02,CUST00738,Giza,Greater Cairo,Monitor,Electronics,6,10120.0,10,60720.0,54648.0,2026-12,Large
107939,2026-07-15,CUST00739,Alexandria,Coastal,Printer,Office Equipment,7,6120.0,15,42840.0,36414.0,2026-07,Large
107940,2026-02-28,CUST00740,Mansoura,Delta,Notebook Pack,Stationery,8,218.4,20,1747.2,1397.76,2026-02,Medium
107941,2026-09-13,CUST00741,Tanta,Unknown,Laptop,Electronics,9,26220.0,0,235980.0,235980.0,2026-09,Large
107942,2026-04-26,CUST00742,Aswan,Unknown,Smartphone,Electronics,10,13485.0,5,134850.0,128107.5,2026-04,Large
107943,2026-11-11,CUST00743,Luxor,Unknown,Wireless Mouse,Accessories,11,423.0,10,4653.0,4187.7,2026-11,Medium
107944,2026-06-24,CUST00744,Port Said,Unknown,Keyboard,Accessories,12,807.5,15,9690.0,8236.5,2026-06,Medium
107945,2026-01-09,CUST00745,Cairo,Greater Cairo,Office Chair,Furniture,1,4992.0,20,4992.0,3993.6,2026-01,Medium
107946,2026-08-22,CUST00746,Giza,Greater Cairo,Desk,Furniture,2,7178.0,0,14356.0,14356.0,2026-08,Large
107947,2026-03-07,CUST00747,Alexandria,Coastal,Headphones,Electronics,3,1764.0,5,5292.0,5027.4,2026-03,Medium
107948,2026-10-20,CUST00748,Mansoura,Delta,Monitor,Electronics,4,9108.0,10,36432.0,32788.8,2026-10,Large
107949,2026-05-05,CUST00749,Tanta,Unknown,Printer,Office Equipment,5,6800.0,15,34000.0,28900.0,2026-05,Large
107950,2026-12-18,CUST00750,Aswan,Unknown,Notebook Pack,Stationery,6,242.4,20,1454.4,1163.52,2026-12,Medium
107951,2026-07-03,CUST00751,Luxor,Unknown,Laptop,Electronics,7,29070.0,0,203490.0,203490.0,2026-07,Large
107952,2026-02-16,CUST00752,Port Said,Unknown,Smartphone,Electronics,8,14935.0,5,119480.0,113506.0,2026-02,Large
107953,2026-09-01,CUST00753,Cairo,Greater Cairo,Wireless Mouse,Accessories,9,468.0,10,4212.0,3790.8,2026-09,Medium
107954,2026-04-14,CUST00754,Giza,Greater Cairo,Keyboard,Accessories,10,892.5,15,8925.0,7586.25,2026-04,Medium
107955,2026-11-27,CUST00755,Unknown,Unknown,Office Chair,Furniture,11,5512.0,20,60632.0,48505.6,2026-11,Large
107956,2026-06-12,CUST00756,Mansoura,Delta,Desk,Furniture,12,7918.0,0,95016.0,95016.0,2026-06,Large
107957,2026-01-25,CUST00757,Tanta,Unknown,Headphones,Electronics,1,1944.0,5,1944.0,1846.8,2026-01,Medium
107958,2026-08-10,CUST00758,Aswan,Unknown,Monitor,Electronics,2,10028.0,10,20056.0,18050.4,2026-08,Large
107959,2026-03-23,CUST00759,Luxor,Unknown,Printer,Office Equipment,3,7480.0,15,22440.0,19074.0,2026-03,Large
107960,2026-10-08,CUST00760,Port Said,Unknown,Notebook Pack,Stationery,4,216.0,20,864.0,691.2,2026-10,Small
107961,2026-05-21,CUST00761,Cairo,Greater Cairo,Laptop,Electronics,5,25935.0,0,129675.0,129675.0,2026-05,Large
107962,2026-12-06,CUST00762,Giza,Greater Cairo,Smartphone,Electronics,6,13340.0,5,80040.0,76038.0,2026-12,Large
107963,2026-07-19,CUST00763,Alexandria,Coastal,Wireless Mouse,Accessories,7,418.5,10,2929.5,2636.55,2026-07,Medium
107964,2026-02-04,CUST00764,Mansoura,Delta,Keyboard,Accessories,8,799.0,15,6392.0,5433.2,2026-02,Medium
107965,2026-09-17,CUST00765,Tanta,Unknown,Office Chair,Furniture,9,4940.0,0,44460.0,44460.0,2026-09,Large
107966,2026-04-02,CUST00766,Aswan,Unknown,Desk,Furniture,10,7104.0,0,71040.0,71040.0,2026-04,Large
107967,2026-11-15,CUST00767,Luxor,Unknown,Headphones,Electronics,11,1746.0,5,19206.0,18245.7,2026-11,Large
107968,2026-06-28,CUST00768,Port Said,Unknown,Monitor,Electronics,12,9016.0,10,108192.0,97372.8,2026-06,Large
107969,2026-01-13,CUST00769,Cairo,Greater Cairo,Printer,Office Equipment,1,6732.0,15,6732.0,5722.2,2026-01,Medium
107970,2026-08-26,CUST00770,Giza,Greater Cairo,Notebook Pack,Stationery,2,240.0,20,480.0,384.0,2026-08,Small
107971,2026-03-11,CUST00771,Alexandria,Coastal,Laptop,Electronics,3,28785.0,0,86355.0,86355.0,2026-03,Large
107972,2026-10-24,CUST00772,Mansoura,Delta,Smartphone,Electronics,4,14790.0,5,59160.0,56202.0,2026-10,Large
107973,2026-05-09,CUST00773,Tanta,Unknown,Wireless Mouse,Accessories,5,463.5,10,2317.5,2085.75,2026-05,Medium
107974,2026-12-22,CUST00774,Aswan,Unknown,Keyboard,Accessories,6,884.0,15,5304.0,4508.4,2026-12,Medium
107975,2026-07-07,CUST00775,Luxor,Unknown,Office Chair,Furniture,7,5460.0,20,38220.0,30576.0,2026-07,Large
107976,2026-02-20,CUST00776,Port Said,Unknown,Desk,Furniture,8,7844.0,0,62752.0,62752.0,2026-02,Large
107977,2026-09-05,CUST00777,Cairo,Greater Cairo,Headphones,Electronics,9,1926.0,5,17334.0,16467.3,2026-09,Large
107978,2026-04-18,CUST00778,Giza,Greater Cairo,Monitor,Electronics,10,9936.0,10,99360.0,89424.0,2026-04,Large
107979,2026-11-03,CUST00779,Alexandria,Coastal,Printer,Office Equipment,11,7412.0,15,81532.0,69302.2,2026-11,Large
107980,2026-06-16,CUST00780,Mansoura,Delta,Notebook Pack,Stationery,12,264.0,20,3168.0,2534.4,2026-06,Medium
107981,2026-01-01,CUST00781,Tanta,Unknown,Laptop,Electronics,1,25650.0,0,25650.0,25650.0,2026-01,Large
107982,2026-08-14,CUST00782,Aswan,Unknown,Smartphone,Electronics,2,13195.0,5,26390.0,25070.5,2026-08,Large
107983,2026-03-27,CUST00783,Luxor,Unknown,Wireless Mouse,Accessories,3,414.0,10,1242.0,1117.8,2026-03,Medium
107984,2026-10-12,CUST00784,Port Said,Unknown,Keyboard,Accessories,4,790.5,15,3162.0,2687.7,2026-10,Medium
107985,2026-05-25,CUST00785,Cairo,Greater Cairo,Office Chair,Furniture,5,4888.0,20,24440.0,19552.0,2026-05,Large
107986,2026-12-10,CUST00786,Giza,Greater Cairo,Desk,Furniture,6,7030.0,0,42180.0,42180.0,2026-12,Large
107987,2026-07-23,CUST00787,Alexandria,Coastal,Headphones,Electronics,7,1728.0,5,12096.0,11491.2,2026-07,Large
107988,2026-02-08,CUST00788,Mansoura,Delta,Monitor,Electronics,8,8924.0,10,71392.0,64252.8,2026-02,Large
107989,2026-09-21,CUST00789,Tanta,Unknown,Printer,Office Equipment,9,6664.0,15,59976.0,50979.6,2026-09,Large
107990,2026-04-06,CUST00790,Aswan,Unknown,Notebook Pack,Stationery,10,237.6,20,2376.0,1900.8,2026-04,Medium
107991,2026-11-19,CUST00791,Luxor,Unknown,Laptop,Electronics,11,28500.0,0,313500.0,313500.0,2026-11,Large
107992,2026-06-04,CUST00792,Port Said,Unknown,Smartphone,Electronics,12,14645.0,5,175740.0,166953.0,2026-06,Large
107993,2026-01-17,CUST00793,Cairo,Greater Cairo,Wireless Mouse,Accessories,1,459.0,10,459.0,413.1,2026-01,Small
107994,2026-08-02,CUST00794,Giza,Greater Cairo,Keyboard,Accessories,2,875.5,15,1751.0,1488.35,2026-08,Medium
107995,2026-03-15,CUST00795,Alexandria,Coastal,Office Chair,Furniture,3,5408.0,20,16224.0,12979.2,2026-03,Large
107996,2026-10-28,CUST00796,Mansoura,Delta,Desk,Furniture,4,7770.0,0,31080.0,31080.0,2026-10,Large
107997,2026-05-13,CUST00797,Tanta,Unknown,Headphones,Electronics,5,1908.0,5,9540.0,9063.0,2026-05,Medium
107998,2026-12-26,CUST00798,Aswan,Unknown,Monitor,Electronics,6,9844.0,10,59064.0,53157.6,2026-12,Large
107999,2026-07-11,CUST00799,Luxor,Unknown,Printer,Office Equipment,7,7344.0,15,51408.0,43696.8,2026-07,Large
108000,2026-02-24,CUST00800,Port Said,Unknown,Notebook Pack,Stationery,8,261.6,20,2092.8,1674.24,2026-02,Medium
108001,2026-09-09,CUST00801,Cairo,Greater Cairo,Laptop,Electronics,9,31350.0,0,282150.0,282150.0,2026-09,Large
108002,2026-04-22,CUST00802,Giza,Greater Cairo,Smartphone,Electronics,10,13050.0,5,130500.0,123975.0,2026-04,Large
108003,2026-11-07,CUST00803,Alexandria,Coastal,Wireless Mouse,Accessories,11,409.5,10,4504.5,4054.05,2026-11,Medium
108004,2026-06-20,CUST00804,Mansoura,Delta,Keyboard,Accessories,12,782.0,15,9384.0,7976.4,2026-06,Medium
108005,2026-01-05,CUST00805,Tanta,Unknown,Office Chair,Furniture,1,4836.0,20,4836.0,3868.8,2026-01,Medium
108006,2026-08-18,CUST00806,Aswan,Unknown,Desk,Furniture,2,6956.0,0,13912.0,13912.0,2026-08,Large
108007,2026-03-03,CUST00807,Luxor,Unknown,Headphones,Electronics,3,1710.0,5,5130.0,4873.5,2026-03,Medium
108008,2026-10-16,CUST00808,Port Said,Unknown,Monitor,Electronics,4,8832.0,10,35328.0,31795.2,2026-10,Large
108009,2026-05-01,CUST00809,Cairo,Greater Cairo,Printer,Office Equipment,5,6596.0,15,32980.0,28033.0,2026-05,Large
108010,2026-12-14,CUST00810,Giza,Greater Cairo,Notebook Pack,Stationery,6,235.2,20,1411.2,1128.96,2026-12,Medium
108011,2026-07-27,CUST00811,Alexandria,Coastal,Laptop,Electronics,7,28215.0,0,197505.0,197505.0,2026-07,Large
108012,2026-02-12,CUST00812,Mansoura,Delta,Smartphone,Electronics,8,14500.0,5,116000.0,110200.0,2026-02,Large
108013,2026-09-25,CUST00813,Tanta,Unknown,Wireless Mouse,Accessories,9,454.5,10,4090.5,3681.45,2026-09,Medium
108014,2026-04-10,CUST00814,Aswan,Unknown,Keyboard,Accessories,10,867.0,15,8670.0,7369.5,2026-04,Medium
108015,2026-11-23,CUST00815,Luxor,Unknown,Office Chair,Furniture,11,5356.0,20,58916.0,47132.8,2026-11,Large
108016,2026-06-08,CUST00816,Port Said,Unknown,Desk,Furniture,12,7696.0,0,92352.0,92352.0,2026-06,Large
108017,2026-01-21,CUST00817,Cairo,Greater Cairo,Headphones,Electronics,1,1890.0,5,1890.0,1795.5,2026-01,Medium
108018,2026-08-06,CUST00818,Giza,Greater Cairo,Monitor,Electronics,2,9752.0,10,19504.0,17553.6,2026-08,Large
108019,2026-03-19,CUST00819,Alexandria,Coastal,Printer,Office Equipment,3,7276.0,15,21828.0,18553.8,2026-03,Large
108020,2026-10-04,CUST00820,Mansoura,Delta,Notebook Pack,Stationery,4,259.2,20,1036.8,829.44,2026-10,Small
108021,2026-05-17,CUST00821,Tanta,Unknown,Laptop,Electronics,5,31065.0,0,155325.0,155325.0,2026-05,Large
108022,2026-12-02,CUST00822,Aswan,Unknown,Smartphone,Electronics,6,15950.0,5,95700.0,90915.0,2026-12,Large
108023,2026-07-15,CUST00823,Luxor,Unknown,Wireless Mouse,Accessories,7,405.0,10,2835.0,2551.5,2026-07,Medium
108024,2026-02-28,CUST00824,Port Said,Unknown,Keyboard,Accessories,8,773.5,15,6188.0,5259.8,2026-02,Medium
108025,2026-09-13,CUST00825,Cairo,Greater Cairo,Office Chair,Furniture,9,4784.0,20,43056.0,34444.8,2026-09,Large
108026,2026-04-26,CUST00826,Giza,Greater Cairo,Desk,Furniture,10,6882.0,0,68820.0,68820.0,2026-04,Large
108027,2026-11-11,CUST00827,Alexandria,Coastal,Headphones,Electronics,11,1692.0,5,18612.0,17681.4,2026-11,Large
108028,2026-06-24,CUST00828,Mansoura,Delta,Monitor,Electronics,12,8740.0,10,104880.0,94392.0,2026-06,Large
108029,2026-01-09,CUST00829,Tanta,Unknown,Printer,Office Equipment,1,6528.0,15,6528.0,5548.8,2026-01,Medium
108030,2026-08-22,CUST00830,Aswan,Unknown,Notebook Pack,Stationery,2,232.8,20,465.6,372.48,2026-08,Small
108031,2026-03-07,CUST00831,Luxor,Unknown,Laptop,Electronics,3,27930.0,0,83790.0,83790.0,2026-03,Large
108032,2026-10-20,CUST00832,Port Said,Unknown,Smartphone,Electronics,4,14355.0,5,57420.0,54549.0,2026-10,Large
108033,2026-05-05,CUST00833,Cairo,Greater Cairo,Wireless Mouse,Accessories,5,450.0,10,2250.0,2025.0,2026-05,Medium
108034,2026-12-18,CUST00834,Giza,Greater Cairo,Keyboard,Accessories,6,858.5,15,5151.0,4378.35,2026-12,Medium
108035,2026-07-03,CUST00835,Alexandria,Coastal,Office Chair,Furniture,7,5304.0,20,37128.0,29702.4,2026-07,Large
108036,2026-02-16,CUST00836,Mansoura,Delta,Desk,Furniture,8,7622.0,0,60976.0,60976.0,2026-02,Large
108037,2026-09-01,CUST00837,Tanta,Unknown,Headphones,Electronics,9,1872.0,5,16848.0,16005.6,2026-09,Large
108038,2026-04-14,CUST00838,Aswan,Unknown,Monitor,Electronics,10,9660.0,10,96600.0,86940.0,2026-04,Large
108039,2026-11-27,CUST00839,Luxor,Unknown,Printer,Office Equipment,11,7208.0,15,79288.0,67394.8,2026-11,Large
108040,2026-06-12,CUST00840,Port Said,Unknown,Notebook Pack,Stationery,12,256.8,20,3081.6,2465.28,2026-06,Medium
108041,2026-01-25,CUST00841,Cairo,Greater Cairo,Laptop,Electronics,1,30780.0,0,30780.0,30780.0,2026-01,Large
108042,2026-08-10,CUST00842,Giza,Greater Cairo,Smartphone,Electronics,2,15805.0,5,31610.0,30029.5,2026-08,Large
108043,2026-03-23,CUST00843,Alexandria,Coastal,Wireless Mouse,Accessories,3,495.0,10,1485.0,1336.5,2026-03,Medium
108044,2026-10-08,CUST00844,Mansoura,Delta,Keyboard,Accessories,4,765.0,15,3060.0,2601.0,2026-10,Medium
108045,2026-05-21,CUST00845,Tanta,Unknown,Office Chair,Furniture,5,4732.0,20,23660.0,18928.0,2026-05,Large
108046,2026-12-06,CUST00846,Aswan,Unknown,Desk,Furniture,6,6808.0,0,40848.0,40848.0,2026-12,Large
108047,2026-07-19,CUST00847,Luxor,Unknown,Headphones,Electronics,7,1674.0,5,11718.0,11132.1,2026-07,Large
108048,2026-02-04,CUST00848,Port Said,Unknown,Monitor,Electronics,8,8648.0,10,69184.0,62265.6,2026-02,Large
108049,2026-09-17,CUST00849,Cairo,Greater Cairo,Printer,Office Equipment,9,6460.0,15,58140.0,49419.0,2026-09,Large
108050,2026-04-02,CUST00850,Giza,Greater Cairo,Notebook Pack,Stationery,10,230.4,20,2304.0,1843.2,2026-04,Medium
108051,2026-11-15,CUST00851,Alexandria,Coastal,Laptop,Electronics,11,27645.0,0,304095.0,304095.0,2026-11,Large
108052,2026-06-28,CUST00852,Unknown,Unknown,Smartphone,Electronics,12,14210.0,5,170520.0,161994.0,2026-06,Large
108053,2026-01-13,CUST00853,Tanta,Unknown,Wireless Mouse,Accessories,1,445.5,10,445.5,400.95,2026-01,Small
108054,2026-08-26,CUST00854,Aswan,Unknown,Keyboard,Accessories,2,850.0,15,1700.0,1445.0,2026-08,Medium
108055,2026-03-11,CUST00855,Luxor,Unknown,Office Chair,Furniture,3,5252.0,20,15756.0,12604.8,2026-03,Large
108056,2026-10-24,CUST00856,Port Said,Unknown,Desk,Furniture,4,7548.0,0,30192.0,30192.0,2026-10,Large
108057,2026-05-09,CUST00857,Cairo,Greater Cairo,Headphones,Electronics,5,1854.0,5,9270.0,8806.5,2026-05,Medium
108058,2026-12-22,CUST00858,Giza,Greater Cairo,Monitor,Electronics,6,9568.0,10,57408.0,51667.2,2026-12,Large
108059,2026-07-07,CUST00859,Alexandria,Coastal,Printer,Office Equipment,7,7140.0,15,49980.0,42483.0,2026-07,Large
108060,2026-02-20,CUST00860,Mansoura,Delta,Notebook Pack,Stationery,8,254.4,20,2035.2,1628.16,2026-02,Medium
108061,2026-09-05,CUST00861,Tanta,Unknown,Laptop,Electronics,9,30495.0,0,274455.0,274455.0,2026-09,Large
108062,2026-04-18,CUST00862,Aswan,Unknown,Smartphone,Electronics,10,15660.0,5,156600.0,148770.0,2026-04,Large
108063,2026-11-03,CUST00863,Luxor,Unknown,Wireless Mouse,Accessories,11,490.5,10,5395.5,4855.95,2026-11,Medium
108064,2026-06-16,CUST00864,Port Said,Unknown,Keyboard,Accessories,12,935.0,15,11220.0,9537.0,2026-06,Medium
108065,2026-01-01,CUST00865,Cairo,Greater Cairo,Office Chair,Furniture,1,4680.0,20,4680.0,3744.0,2026-01,Medium
108066,2026-08-14,CUST00866,Giza,Greater Cairo,Desk,Furniture,2,6734.0,0,13468.0,13468.0,2026-08,Large
108067,2026-03-27,CUST00867,Alexandria,Coastal,Headphones,Electronics,3,1656.0,5,4968.0,4719.6,2026-03,Medium
108068,2026-10-12,CUST00868,Mansoura,Delta,Monitor,Electronics,4,8556.0,10,34224.0,30801.6,2026-10,Large
108069,2026-05-25,CUST00869,Tanta,Unknown,Printer,Office Equipment,5,6392.0,15,31960.0,27166.0,2026-05,Large
108070,2026-12-10,CUST00870,Aswan,Unknown,Notebook Pack,Stationery,6,228.0,20,1368.0,1094.4,2026-12,Medium
108071,2026-07-23,CUST00871,Luxor,Unknown,Laptop,Electronics,7,27360.0,0,191520.0,191520.0,2026-07,Large
108072,2026-02-08,CUST00872,Port Said,Unknown,Smartphone,Electronics,8,14065.0,5,112520.0,106894.0,2026-02,Large
108073,2026-09-21,CUST00873,Cairo,Greater Cairo,Wireless Mouse,Accessories,9,441.0,10,3969.0,3572.1,2026-09,Medium
108074,2026-04-06,CUST00874,Giza,Greater Cairo,Keyboard,Accessories,10,841.5,15,8415.0,7152.75,2026-04,Medium
108075,2026-11-19,CUST00875,Alexandria,Coastal,Office Chair,Furniture,11,5200.0,20,57200.0,45760.0,2026-11,Large
108076,2026-06-04,CUST00876,Mansoura,Delta,Desk,Furniture,12,7474.0,0,89688.0,89688.0,2026-06,Large
108077,2026-01-17,CUST00877,Tanta,Unknown,Headphones,Electronics,1,1836.0,5,1836.0,1744.2,2026-01,Medium
108078,2026-08-02,CUST00878,Aswan,Unknown,Monitor,Electronics,2,9476.0,10,18952.0,17056.8,2026-08,Large
108079,2026-03-15,CUST00879,Luxor,Unknown,Printer,Office Equipment,3,7072.0,15,21216.0,18033.6,2026-03,Large
108080,2026-10-28,CUST00880,Port Said,Unknown,Notebook Pack,Stationery,4,252.0,20,1008.0,806.4,2026-10,Small
108081,2026-05-13,CUST00881,Cairo,Greater Cairo,Laptop,Electronics,5,30210.0,0,151050.0,151050.0,2026-05,Large
108082,2026-12-26,CUST00882,Giza,Greater Cairo,Smartphone,Electronics,6,15515.0,5,93090.0,88435.5,2026-12,Large
108083,2026-07-11,CUST00883,Alexandria,Coastal,Wireless Mouse,Accessories,7,486.0,10,3402.0,3061.8,2026-07,Medium
108084,2026-02-24,CUST00884,Mansoura,Delta,Keyboard,Accessories,8,926.5,15,7412.0,6300.2,2026-02,Medium
108085,2026-09-09,CUST00885,Tanta,Unknown,Office Chair,Furniture,9,5720.0,20,51480.0,41184.0,2026-09,Large
108086,2026-04-22,CUST00886,Aswan,Unknown,Desk,Furniture,10,6660.0,0,66600.0,66600.0,2026-04,Large
108087,2026-11-07,CUST00887,Luxor,Unknown,Headphones,Electronics,11,1638.0,5,18018.0,17117.1,2026-11,Large
108088,2026-06-20,CUST00888,Port Said,Unknown,Monitor,Electronics,12,8464.0,10,101568.0,91411.2,2026-06,Large
108089,2026-01-05,CUST00889,Cairo,Greater Cairo,Printer,Office Equipment,1,6324.0,15,6324.0,5375.4,2026-01,Medium
108090,2026-08-18,CUST00890,Giza,Greater Cairo,Notebook Pack,Stationery,2,225.6,20,451.2,360.96,2026-08,Small
108091,2026-03-03,CUST00891,Alexandria,Coastal,Laptop,Electronics,3,27075.0,0,81225.0,81225.0,2026-03,Large
108092,2026-10-16,CUST00892,Mansoura,Delta,Smartphone,Electronics,4,13920.0,5,55680.0,52896.0,2026-10,Large
108093,2026-05-01,CUST00893,Tanta,Unknown,Wireless Mouse,Accessories,5,436.5,10,2182.5,1964.25,2026-05,Medium
108094,2026-12-14,CUST00894,Aswan,Unknown,Keyboard,Accessories,6,833.0,15,4998.0,4248.3,2026-12,Medium
108095,2026-07-27,CUST00895,Luxor,Unknown,Office Chair,Furniture,7,5148.0,20,36036.0,28828.8,2026-07,Large
108096,2026-02-12,CUST00896,Port Said,Unknown,Desk,Furniture,8,7400.0,0,59200.0,59200.0,2026-02,Large
108097,2026-09-25,CUST00897,Cairo,Greater Cairo,Headphones,Electronics,9,1818.0,5,16362.0,15543.9,2026-09,Large
108098,2026-04-10,CUST00898,Giza,Greater Cairo,Monitor,Electronics,10,9384.0,10,93840.0,84456.0,2026-04,Large
108099,2026-11-23,CUST00899,Alexandria,Coastal,Printer,Office Equipment,11,7004.0,15,77044.0,65487.4,2026-11,Large
108100,2026-06-08,CUST00900,Mansoura,Delta,Notebook Pack,Stationery,12,249.6,20,2995.2,2396.16,2026-06,Medium
108101,2025-01-21,CUST00901,Tanta,Unknown,Laptop,Electronics,1,29925.0,0,29925.0,29925.0,2025-01,Large
108102,2025-08-06,CUST00902,Aswan,Unknown,Smartphone,Electronics,2,15370.0,5,30740.0,29203.0,2025-08,Large
108103,2025-03-19,CUST00903,Luxor,Unknown,Wireless Mouse,Accessories,3,481.5,10,1444.5,1300.05,2025-03,Medium
108104,2025-10-04,CUST00904,Port Said,Unknown,Keyboard,Accessories,4,918.0,15,3672.0,3121.2,2025-10,Medium
108105,2025-05-17,CUST00905,Cairo,Greater Cairo,Office Chair,Furniture,5,5668.0,20,28340.0,22672.0,2025-05,Large
108106,2025-12-02,CUST00906,Giza,Greater Cairo,Desk,Furniture,6,8140.0,0,48840.0,48840.0,2025-12,Large
108107,2025-07-15,CUST00907,Alexandria,Coastal,Headphones,Electronics,7,1620.0,5,11340.0,10773.0,2025-07,Large
108108,2025-02-28,CUST00908,Mansoura,Delta,Monitor,Electronics,8,8372.0,10,66976.0,60278.4,2025-02,Large
108109,2025-09-13,CUST00909,Tanta,Unknown,Printer,Office Equipment,9,6256.0,15,56304.0,47858.4,2025-09,Large
108110,2025-04-26,CUST00910,Aswan,Unknown,Notebook Pack,Stationery,10,223.2,20,2232.0,1785.6,2025-04,Medium
108111,2025-11-11,CUST00911,Luxor,Unknown,Laptop,Electronics,11,26790.0,0,294690.0,294690.0,2025-11,Large
108112,2025-06-24,CUST00912,Port Said,Unknown,Smartphone,Electronics,12,13775.0,5,165300.0,157035.0,2025-06,Large
108113,2025-01-09,CUST00913,Cairo,Greater Cairo,Wireless Mouse,Accessories,1,432.0,10,432.0,388.8,2025-01,Small
108114,2025-08-22,CUST00914,Giza,Greater Cairo,Keyboard,Accessories,2,824.5,15,1649.0,1401.65,2025-08,Medium
108115,2025-03-07,CUST00915,Alexandria,Coastal,Office Chair,Furniture,3,5096.0,20,15288.0,12230.4,2025-03,Large
108116,2025-10-20,CUST00916,Mansoura,Delta,Desk,Furniture,4,7326.0,0,29304.0,29304.0,2025-10,Large
108117,2025-05-05,CUST00917,Tanta,Unknown,Headphones,Electronics,5,1800.0,5,9000.0,8550.0,2025-05,Medium
108118,2025-12-18,CUST00918,Aswan,Unknown,Monitor,Electronics,6,9292.0,10,55752.0,50176.8,2025-12,Large
108119,2025-07-03,CUST00919,Luxor,Unknown,Printer,Office Equipment,7,6936.0,15,48552.0,41269.2,2025-07,Large
108120,2025-02-16,CUST00920,Port Said,Unknown,Notebook Pack,Stationery,8,247.2,20,1977.6,1582.08,2025-02,Medium
108121,2025-09-01,CUST00921,Cairo,Greater Cairo,Laptop,Electronics,9,29640.0,0,266760.0,266760.0,2025-09,Large
108122,2025-04-14,CUST00922,Giza,Greater Cairo,Smartphone,Electronics,10,15225.0,5,152250.0,144637.5,2025-04,Large
108123,2025-11-27,CUST00923,Alexandria,Coastal,Wireless Mouse,Accessories,11,477.0,10,5247.0,4722.3,2025-11,Medium
108124,2025-06-12,CUST00924,Mansoura,Delta,Keyboard,Accessories,12,909.5,15,10914.0,9276.9,2025-06,Medium
108125,2025-01-25,CUST00925,Tanta,Unknown,Office Chair,Furniture,1,5616.0,20,5616.0,4492.8,2025-01,Medium
108126,2025-08-10,CUST00926,Aswan,Unknown,Desk,Furniture,2,8066.0,0,16132.0,16132.0,2025-08,Large
108127,2025-03-23,CUST00927,Luxor,Unknown,Headphones,Electronics,3,1980.0,5,5940.0,5643.0,2025-03,Medium
108128,2025-10-08,CUST00928,Port Said,Unknown,Monitor,Electronics,4,8280.0,10,33120.0,29808.0,2025-10,Large
108129,2025-05-21,CUST00929,Cairo,Greater Cairo,Printer,Office Equipment,5,6188.0,15,30940.0,26299.0,2025-05,Large
108130,2025-12-06,CUST00930,Giza,Greater Cairo,Notebook Pack,Stationery,6,220.8,20,1324.8,1059.84,2025-12,Medium
108131,2025-07-19,CUST00931,Alexandria,Coastal,Laptop,Electronics,7,26505.0,0,185535.0,185535.0,2025-07,Large
108132,2025-02-04,CUST00932,Mansoura,Delta,Smartphone,Electronics,8,13630.0,5,109040.0,103588.0,2025-02,Large
108133,2025-09-17,CUST00933,Tanta,Unknown,Wireless Mouse,Accessories,9,427.5,10,3847.5,3462.75,2025-09,Medium
108134,2025-04-02,CUST00934,Aswan,Unknown,Keyboard,Accessories,10,816.0,15,8160.0,6936.0,2025-04,Medium
108135,2025-11-15,CUST00935,Luxor,Unknown,Office Chair,Furniture,11,5044.0,20,55484.0,44387.2,2025-11,Large
108136,2025-06-28,CUST00936,Port Said,Unknown,Desk,Furniture,12,7252.0,0,87024.0,87024.0,2025-06,Large
108137,2025-01-13,CUST00937,Cairo,Greater Cairo,Headphones,Electronics,1,1782.0,5,1782.0,1692.9,2025-01,Medium
108138,2025-08-26,CUST00938,Giza,Greater Cairo,Monitor,Electronics,2,9200.0,10,18400.0,16560.0,2025-08,Large
108139,2025-03-11,CUST00939,Alexandria,Coastal,Printer,Office Equipment,3,6868.0,15,20604.0,17513.4,2025-03,Large
108140,2025-10-24,CUST00940,Mansoura,Delta,Notebook Pack,Stationery,4,244.8,20,979.2,783.36,2025-10,Small
108141,2025-05-09,CUST00941,Tanta,Unknown,Laptop,Electronics,5,29355.0,0,146775.0,146775.0,2025-05,Large
108142,2025-12-22,CUST00942,Aswan,Unknown,Smartphone,Electronics,6,15080.0,5,90480.0,85956.0,2025-12,Large
108143,2025-07-07,CUST00943,Luxor,Unknown,Wireless Mouse,Accessories,7,472.5,10,3307.5,2976.75,2025-07,Medium
108144,2025-02-20,CUST00944,Port Said,Unknown,Keyboard,Accessories,8,901.0,15,7208.0,6126.8,2025-02,Medium
108145,2025-09-05,CUST00945,Cairo,Greater Cairo,Office Chair,Furniture,9,5564.0,20,50076.0,40060.8,2025-09,Large
108146,2025-04-18,CUST00946,Giza,Greater Cairo,Desk,Furniture,10,7992.0,0,79920.0,79920.0,2025-04,Large
108147,2025-11-03,CUST00947,Alexandria,Coastal,Headphones,Electronics,11,1962.0,5,21582.0,20502.9,2025-11,Large
108148,2025-06-16,CUST00948,Mansoura,Delta,Monitor,Electronics,12,10120.0,10,121440.0,109296.0,2025-06,Large
108149,2025-01-01,CUST00949,Unknown,Unknown,Printer,Office Equipment,1,6120.0,15,6120.0,5202.0,2025-01,Medium
108150,2025-08-14,CUST00950,Aswan,Unknown,Notebook Pack,Stationery,2,218.4,20,436.8,349.44,2025-08,Small
108151,2025-03-27,CUST00951,Luxor,Unknown,Laptop,Electronics,3,26220.0,0,78660.0,78660.0,2025-03,Large
108152,2025-10-12,CUST00952,Port Said,Unknown,Smartphone,Electronics,4,13485.0,5,53940.0,51243.0,2025-10,Large
108153,2025-05-25,CUST00953,Cairo,Greater Cairo,Wireless Mouse,Accessories,5,423.0,10,2115.0,1903.5,2025-05,Medium
108154,2025-12-10,CUST00954,Giza,Greater Cairo,Keyboard,Accessories,6,807.5,15,4845.0,4118.25,2025-12,Medium
108155,2025-07-23,CUST00955,Alexandria,Coastal,Office Chair,Furniture,7,4992.0,20,34944.0,27955.2,2025-07,Large
108156,2025-02-08,CUST00956,Mansoura,Delta,Desk,Furniture,8,7178.0,0,57424.0,57424.0,2025-02,Large
108157,2025-09-21,CUST00957,Tanta,Unknown,Headphones,Electronics,9,1764.0,5,15876.0,15082.2,2025-09,Large
108158,2025-04-06,CUST00958,Aswan,Unknown,Monitor,Electronics,10,9108.0,10,91080.0,81972.0,2025-04,Large
108159,2025-11-19,CUST00959,Luxor,Unknown,Printer,Office Equipment,11,6800.0,15,74800.0,63580.0,2025-11,Large
108160,2025-06-04,CUST00960,Port Said,Unknown,Notebook Pack,Stationery,12,242.4,20,2908.8,2327.04,2025-06,Medium
108161,2025-01-17,CUST00961,Cairo,Greater Cairo,Laptop,Electronics,1,29070.0,0,29070.0,29070.0,2025-01,Large
108162,2025-08-02,CUST00962,Giza,Greater Cairo,Smartphone,Electronics,2,14935.0,5,29870.0,28376.5,2025-08,Large
108163,2025-03-15,CUST00963,Alexandria,Coastal,Wireless Mouse,Accessories,3,468.0,10,1404.0,1263.6,2025-03,Medium
108164,2025-10-28,CUST00964,Mansoura,Delta,Keyboard,Accessories,4,892.5,15,3570.0,3034.5,2025-10,Medium
108165,2025-05-13,CUST00965,Tanta,Unknown,Office Chair,Furniture,5,5512.0,20,27560.0,22048.0,2025-05,Large
108166,2025-12-26,CUST00966,Aswan,Unknown,Desk,Furniture,6,7918.0,0,47508.0,47508.0,2025-12,Large
108167,2025-07-11,CUST00967,Luxor,Unknown,Headphones,Electronics,7,1944.0,5,13608.0,12927.6,2025-07,Large
108168,2025-02-24,CUST00968,Port Said,Unknown,Monitor,Electronics,8,10028.0,10,80224.0,72201.6,2025-02,Large
108169,2025-09-09,CUST00969,Cairo,Greater Cairo,Printer,Office Equipment,9,7480.0,15,67320.0,57222.0,2025-09,Large
108170,2025-04-22,CUST00970,Giza,Greater Cairo,Notebook Pack,Stationery,10,216.0,20,2160.0,1728.0,2025-04,Medium
108171,2025-11-07,CUST00971,Alexandria,Coastal,Laptop,Electronics,11,25935.0,0,285285.0,285285.0,2025-11,Large
108172,2025-06-20,CUST00972,Mansoura,Delta,Smartphone,Electronics,12,13340.0,5,160080.0,152076.0,2025-06,Large
108173,2025-01-05,CUST00973,Tanta,Unknown,Wireless Mouse,Accessories,1,418.5,10,418.5,376.65,2025-01,Small
108174,2025-08-18,CUST00974,Aswan,Unknown,Keyboard,Accessories,2,799.0,15,1598.0,1358.3,2025-08,Medium
108175,2025-03-03,CUST00975,Luxor,Unknown,Office Chair,Furniture,3,4940.0,20,14820.0,11856.0,2025-03,Large
108176,2025-10-16,CUST00976,Port Said,Unknown,Desk,Furniture,4,7104.0,0,28416.0,28416.0,2025-10,Large
108177,2025-05-01,CUST00977,Cairo,Greater Cairo,Headphones,Electronics,5,1746.0,5,8730.0,8293.5,2025-05,Medium
108178,2025-12-14,CUST00978,Giza,Greater Cairo,Monitor,Electronics,6,9016.0,10,54096.0,48686.4,2025-12,Large
108179,2025-07-27,CUST00979,Alexandria,Coastal,Printer,Office Equipment,7,6732.0,15,47124.0,40055.4,2025-07,Large
108180,2025-02-12,CUST00980,Mansoura,Delta,Notebook Pack,Stationery,8,240.0,20,1920.0,1536.0,2025-02,Medium
108181,2025-09-25,CUST00981,Tanta,Unknown,Laptop,Electronics,9,28785.0,0,259065.0,259065.0,2025-09,Large
108182,2025-04-10,CUST00982,Aswan,Unknown,Smartphone,Electronics,10,14790.0,5,147900.0,140505.0,2025-04,Large
108183,2025-11-23,CUST00983,Luxor,Unknown,Wireless Mouse,Accessories,11,463.5,10,5098.5,4588.65,2025-11,Medium
108184,2025-06-08,CUST00984,Port Said,Unknown,Keyboard,Accessories,12,884.0,15,10608.0,9016.8,2025-06,Medium
108185,2025-01-21,CUST00985,Cairo,Greater Cairo,Office Chair,Furniture,1,5460.0,20,5460.0,4368.0,2025-01,Medium
108186,2025-08-06,CUST00986,Giza,Greater Cairo,Desk,Furniture,2,7844.0,0,15688.0,15688.0,2025-08,Large
108187,2025-03-19,CUST00987,Alexandria,Coastal,Headphones,Electronics,3,1926.0,5,5778.0,5489.1,2025-03,Medium
108188,2025-10-04,CUST00988,Mansoura,Delta,Monitor,Electronics,4,9936.0,10,39744.0,35769.6,2025-10,Large
108189,2025-05-17,CUST00989,Tanta,Unknown,Printer,Office Equipment,5,7412.0,15,37060.0,31501.0,2025-05,Large
108190,2025-12-02,CUST00990,Aswan,Unknown,Notebook Pack,Stationery,6,264.0,20,1584.0,1267.2,2025-12,Medium
108191,2025-07-15,CUST00991,Luxor,Unknown,Laptop,Electronics,7,25650.0,0,179550.0,179550.0,2025-07,Large
108192,2025-02-28,CUST00992,Port Said,Unknown,Smartphone,Electronics,8,13195.0,5,105560.0,100282.0,2025-02,Large
108193,2025-09-13,CUST00993,Cairo,Greater Cairo,Wireless Mouse,Accessories,9,414.0,10,3726.0,3353.4,2025-09,Medium
108194,2025-04-26,CUST00994,Giza,Greater Cairo,Keyboard,Accessories,10,790.5,15,7905.0,6719.25,2025-04,Medium
108195,2025-11-11,CUST00995,Alexandria,Coastal,Office Chair,Furniture,11,4888.0,20,53768.0,43014.4,2025-11,Large
108196,2025-06-24,CUST00996,Mansoura,Delta,Desk,Furniture,12,7030.0,0,84360.0,84360.0,2025-06,Large
108197,2025-01-09,CUST00997,Tanta,Unknown,Headphones,Electronics,1,1728.0,5,1728.0,1641.6,2025-01,Medium
108198,2025-08-22,CUST00998,Aswan,Unknown,Monitor,Electronics,2,8924.0,10,17848.0,16063.2,2025-08,Large
108199,2025-03-07,CUST00999,Luxor,Unknown,Printer,Office Equipment,3,6664.0,15,19992.0,16993.2,2025-03,Large
108200,2025-10-20,CUST01000,Port Said,Unknown,Notebook Pack,Stationery,4,237.6,20,950.4,760.32,2025-10,Small
108201,2025-05-05,CUST01001,Cairo,Greater Cairo,Laptop,Electronics,5,28500.0,0,142500.0,142500.0,2025-05,Large
108202,2025-12-18,CUST01002,Giza,Greater Cairo,Smartphone,Electronics,6,14645.0,5,87870.0,83476.5,2025-12,Large
108203,2025-07-03,CUST01003,Alexandria,Coastal,Wireless Mouse,Accessories,7,459.0,10,3213.0,2891.7,2025-07,Medium
108204,2025-02-16,CUST01004,Mansoura,Delta,Keyboard,Accessories,8,875.5,15,7004.0,5953.4,2025-02,Medium
108205,2025-09-01,CUST01005,Tanta,Unknown,Office Chair,Furniture,9,5408.0,20,48672.0,38937.6,2025-09,Large
108206,2025-04-14,CUST01006,Aswan,Unknown,Desk,Furniture,10,7770.0,0,77700.0,77700.0,2025-04,Large
108207,2025-11-27,CUST01007,Luxor,Unknown,Headphones,Electronics,11,1908.0,5,20988.0,19938.6,2025-11,Large
108208,2025-06-12,CUST01008,Port Said,Unknown,Monitor,Electronics,12,9844.0,10,118128.0,106315.2,2025-06,Large
108209,2025-01-25,CUST01009,Cairo,Greater Cairo,Printer,Office Equipment,1,7344.0,15,7344.0,6242.4,2025-01,Medium
108210,2025-08-10,CUST01010,Giza,Greater Cairo,Notebook Pack,Stationery,2,261.6,20,523.2,418.56,2025-08,Small
108211,2025-03-23,CUST01011,Alexandria,Coastal,Laptop,Electronics,3,31350.0,0,94050.0,94050.0,2025-03,Large
108212,2025-10-08,CUST01012,Mansoura,Delta,Smartphone,Electronics,4,13050.0,5,52200.0,49590.0,2025-10,Large
108213,2025-05-21,CUST01013,Tanta,Unknown,Wireless Mouse,Accessories,5,409.5,10,2047.5,1842.75,2025-05,Medium
108214,2025-12-06,CUST01014,Aswan,Unknown,Keyboard,Accessories,6,782.0,15,4692.0,3988.2,2025-12,Medium
108215,2025-07-19,CUST01015,Luxor,Unknown,Office Chair,Furniture,7,4836.0,20,33852.0,27081.6,2025-07,Large
108216,2025-02-04,CUST01016,Port Said,Unknown,Desk,Furniture,8,6956.0,0,55648.0,55648.0,2025-02,Large
108217,2025-09-17,CUST01017,Cairo,Greater Cairo,Headphones,Electronics,9,1710.0,5,15390.0,14620.5,2025-09,Large
108218,2025-04-02,CUST01018,Giza,Greater Cairo,Monitor,Electronics,10,8832.0,10,88320.0,79488.0,2025-04,Large
108219,2025-11-15,CUST01019,Alexandria,Coastal,Printer,Office Equipment,11,6596.0,15,72556.0,61672.6,2025-11,Large
108220,2025-06-28,CUST01020,Mansoura,Delta,Notebook Pack,Stationery,12,235.2,20,2822.4,2257.92,2025-06,Medium
108221,2025-01-13,CUST01021,Tanta,Unknown,Laptop,Electronics,1,28215.0,0,28215.0,28215.0,2025-01,Large
108222,2025-08-26,CUST01022,Aswan,Unknown,Smartphone,Electronics,2,14500.0,5,29000.0,27550.0,2025-08,Large
108223,2025-03-11,CUST01023,Luxor,Unknown,Wireless Mouse,Accessories,3,454.5,10,1363.5,1227.15,2025-03,Medium
108224,2025-10-24,CUST01024,Port Said,Unknown,Keyboard,Accessories,4,867.0,15,3468.0,2947.8,2025-10,Medium
108225,2025-05-09,CUST01025,Cairo,Greater Cairo,Office Chair,Furniture,5,5356.0,20,26780.0,21424.0,2025-05,Large
108226,2025-12-22,CUST01026,Giza,Greater Cairo,Desk,Furniture,6,7696.0,0,46176.0,46176.0,2025-12,Large
108227,2025-07-07,CUST01027,Alexandria,Coastal,Headphones,Electronics,7,1890.0,5,13230.0,12568.5,2025-07,Large
108228,2025-02-20,CUST01028,Mansoura,Delta,Monitor,Electronics,8,9752.0,10,78016.0,70214.4,2025-02,Large
108229,2025-09-05,CUST01029,Tanta,Unknown,Printer,Office Equipment,9,7276.0,15,65484.0,55661.4,2025-09,Large
108230,2025-04-18,CUST01030,Aswan,Unknown,Notebook Pack,Stationery,10,259.2,20,2592.0,2073.6,2025-04,Medium
108231,2025-11-03,CUST01031,Luxor,Unknown,Laptop,Electronics,11,31065.0,0,341715.0,341715.0,2025-11,Large
108232,2025-06-16,CUST01032,Port Said,Unknown,Smartphone,Electronics,12,15950.0,5,191400.0,181830.0,2025-06,Large
108233,2025-01-01,CUST01033,Cairo,Greater Cairo,Wireless Mouse,Accessories,1,405.0,10,405.0,364.5,2025-01,Small
108234,2025-08-14,CUST01034,Giza,Greater Cairo,Keyboard,Accessories,2,773.5,15,1547.0,1314.95,2025-08,Medium
108235,2025-03-27,CUST01035,Alexandria,Coastal,Office Chair,Furniture,3,4784.0,20,14352.0,11481.6,2025-03,Large
108236,2025-10-12,CUST01036,Mansoura,Delta,Desk,Furniture,4,6882.0,0,27528.0,27528.0,2025-10,Large
108237,2025-05-25,CUST01037,Tanta,Unknown,Headphones,Electronics,5,1692.0,5,8460.0,8037.0,2025-05,Medium
108238,2025-12-10,CUST01038,Aswan,Unknown,Monitor,Electronics,6,8740.0,10,52440.0,47196.0,2025-12,Large
108239,2025-07-23,CUST01039,Luxor,Unknown,Printer,Office Equipment,7,6528.0,15,45696.0,38841.6,2025-07,Large
108240,2025-02-08,CUST01040,Port Said,Unknown,Notebook Pack,Stationery,8,232.8,20,1862.4,1489.92,2025-02,Medium
108241,2025-09-21,CUST01041,Cairo,Greater Cairo,Laptop,Electronics,9,27930.0,0,251370.0,251370.0,2025-09,Large
108242,2025-04-06,CUST01042,Giza,Greater Cairo,Smartphone,Electronics,10,14355.0,5,143550.0,136372.5,2025-04,Large
108243,2025-11-19,CUST01043,Alexandria,Coastal,Wireless Mouse,Accessories,11,450.0,10,4950.0,4455.0,2025-11,Medium
108244,2025-06-04,CUST01044,Mansoura,Delta,Keyboard,Accessories,12,858.5,15,10302.0,8756.7,2025-06,Medium
108245,2025-01-17,CUST01045,Tanta,Unknown,Office Chair,Furniture,1,5304.0,20,5304.0,4243.2,2025-01,Medium
108246,2025-08-02,CUST01046,Unknown,Unknown,Desk,Furniture,2,7622.0,0,15244.0,15244.0,2025-08,Large
108247,2025-03-15,CUST01047,Luxor,Unknown,Headphones,Electronics,3,1872.0,5,5616.0,5335.2,2025-03,Medium
108248,2025-10-28,CUST01048,Port Said,Unknown,Monitor,Electronics,4,9660.0,10,38640.0,34776.0,2025-10,Large
108249,2025-05-13,CUST01049,Cairo,Greater Cairo,Printer,Office Equipment,5,7208.0,15,36040.0,30634.0,2025-05,Large
108250,2025-12-26,CUST01050,Giza,Greater Cairo,Notebook Pack,Stationery,6,256.8,20,1540.8,1232.64,2025-12,Medium
108251,2025-07-11,CUST01051,Alexandria,Coastal,Laptop,Electronics,7,30780.0,0,215460.0,215460.0,2025-07,Large
108252,2025-02-24,CUST01052,Mansoura,Delta,Smartphone,Electronics,8,15805.0,5,126440.0,120118.0,2025-02,Large
108253,2025-09-09,CUST01053,Tanta,Unknown,Wireless Mouse,Accessories,9,495.0,10,4455.0,4009.5,2025-09,Medium
108254,2025-04-22,CUST01054,Aswan,Unknown,Keyboard,Accessories,10,765.0,15,7650.0,6502.5,2025-04,Medium
108255,2025-11-07,CUST01055,Luxor,Unknown,Office Chair,Furniture,11,4732.0,20,52052.0,41641.6,2025-11,Large
108256,2025-06-20,CUST01056,Port Said,Unknown,Desk,Furniture,12,6808.0,0,81696.0,81696.0,2025-06,Large
108257,2025-01-05,CUST01057,Cairo,Greater Cairo,Headphones,Electronics,1,1674.0,5,1674.0,1590.3,2025-01,Medium
108258,2025-08-18,CUST01058,Giza,Greater Cairo,Monitor,Electronics,2,8648.0,10,17296.0,15566.4,2025-08,Large
108259,2025-03-03,CUST01059,Alexandria,Coastal,Printer,Office Equipment,3,6460.0,15,19380.0,16473.0,2025-03,Large
108260,2025-10-16,CUST01060,Mansoura,Delta,Notebook Pack,Stationery,4,230.4,20,921.6,737.28,2025-10,Small
108261,2025-05-01,CUST01061,Tanta,Unknown,Laptop,Electronics,5,27645.0,0,138225.0,138225.0,2025-05,Large
108262,2025-12-14,CUST01062,Aswan,Unknown,Smartphone,Electronics,6,14210.0,5,85260.0,80997.0,2025-12,Large
108263,2025-07-27,CUST01063,Luxor,Unknown,Wireless Mouse,Accessories,7,445.5,10,3118.5,2806.65,2025-07,Medium
108264,2025-02-12,CUST01064,Port Said,Unknown,Keyboard,Accessories,8,850.0,15,6800.0,5780.0,2025-02,Medium
108265,2025-09-25,CUST01065,Cairo,Greater Cairo,Office Chair,Furniture,9,5252.0,20,47268.0,37814.4,2025-09,Large
108266,2025-04-10,CUST01066,Giza,Greater Cairo,Desk,Furniture,10,7548.0,0,75480.0,75480.0,2025-04,Large
108267,2025-11-23,CUST01067,Alexandria,Coastal,Headphones,Electronics,11,1854.0,5,20394.0,19374.3,2025-11,Large
108268,2025-06-08,CUST01068,Mansoura,Delta,Monitor,Electronics,12,9568.0,10,114816.0,103334.4,2025-06,Large
108269,2025-01-21,CUST01069,Tanta,Unknown,Printer,Office Equipment,1,7140.0,15,7140.0,6069.0,2025-01,Medium
108270,2025-08-06,CUST01070,Aswan,Unknown,Notebook Pack,Stationery,2,254.4,20,508.8,407.04,2025-08,Small
108271,2025-03-19,CUST01071,Luxor,Unknown,Laptop,Electronics,3,30495.0,0,91485.0,91485.0,2025-03,Large
108272,2025-10-04,CUST01072,Port Said,Unknown,Smartphone,Electronics,4,15660.0,5,62640.0,59508.0,2025-10,Large
108273,2025-05-17,CUST01073,Cairo,Greater Cairo,Wireless Mouse,Accessories,5,490.5,10,2452.5,2207.25,2025-05,Medium
108274,2025-12-02,CUST01074,Giza,Greater Cairo,Keyboard,Accessories,6,935.0,15,5610.0,4768.5,2025-12,Medium
108275,2025-07-15,CUST01075,Alexandria,Coastal,Office Chair,Furniture,7,4680.0,20,32760.0,26208.0,2025-07,Large
108276,2025-02-28,CUST01076,Mansoura,Delta,Desk,Furniture,8,6734.0,0,53872.0,53872.0,2025-02,Large
108277,2025-09-13,CUST01077,Tanta,Unknown,Headphones,Electronics,9,1656.0,5,14904.0,14158.8,2025-09,Large
108278,2025-04-26,CUST01078,Aswan,Unknown,Monitor,Electronics,10,8556.0,10,85560.0,77004.0,2025-04,Large
108279,2025-11-11,CUST01079,Luxor,Unknown,Printer,Office Equipment,11,6392.0,15,70312.0,59765.2,2025-11,Large
108280,2025-06-24,CUST01080,Port Said,Unknown,Notebook Pack,Stationery,12,228.0,20,2736.0,2188.8,2025-06,Medium
108281,2025-01-09,CUST01081,Cairo,Greater Cairo,Laptop,Electronics,1,27360.0,0,27360.0,27360.0,2025-01,Large
108282,2025-08-22,CUST01082,Giza,Greater Cairo,Smartphone,Electronics,2,14065.0,5,28130.0,26723.5,2025-08,Large
108283,2025-03-07,CUST01083,Alexandria,Coastal,Wireless Mouse,Accessories,3,441.0,10,1323.0,1190.7,2025-03,Medium
108284,2025-10-20,CUST01084,Mansoura,Delta,Keyboard,Accessories,4,841.5,15,3366.0,2861.1,2025-10,Medium
108285,2025-05-05,CUST01085,Tanta,Unknown,Office Chair,Furniture,5,5200.0,20,26000.0,20800.0,2025-05,Large
108286,2025-12-18,CUST01086,Aswan,Unknown,Desk,Furniture,6,7474.0,0,44844.0,44844.0,2025-12,Large
108287,2025-07-03,CUST01087,Luxor,Unknown,Headphones,Electronics,7,1836.0,5,12852.0,12209.4,2025-07,Large
108288,2025-02-16,CUST01088,Port Said,Unknown,Monitor,Electronics,8,9476.0,10,75808.0,68227.2,2025-02,Large
108289,2025-09-01,CUST01089,Cairo,Greater Cairo,Printer,Office Equipment,9,7072.0,15,63648.0,54100.8,2025-09,Large
108290,2025-04-14,CUST01090,Giza,Greater Cairo,Notebook Pack,Stationery,10,252.0,20,2520.0,2016.0,2025-04,Medium
108291,2025-11-27,CUST01091,Alexandria,Coastal,Laptop,Electronics,11,30210.0,0,332310.0,332310.0,2025-11,Large
108292,2025-06-12,CUST01092,Mansoura,Delta,Smartphone,Electronics,12,15515.0,5,186180.0,176871.0,2025-06,Large
108293,2025-01-25,CUST01093,Tanta,Unknown,Wireless Mouse,Accessories,1,486.0,10,486.0,437.4,2025-01,Small
108294,2025-08-10,CUST01094,Aswan,Unknown,Keyboard,Accessories,2,926.5,15,1853.0,1575.05,2025-08,Medium
108295,2025-03-23,CUST01095,Luxor,Unknown,Office Chair,Furniture,3,5720.0,20,17160.0,13728.0,2025-03,Large
108296,2025-10-08,CUST01096,Port Said,Unknown,Desk,Furniture,4,6660.0,0,26640.0,26640.0,2025-10,Large
108297,2025-05-21,CUST01097,Cairo,Greater Cairo,Headphones,Electronics,5,1638.0,5,8190.0,7780.5,2025-05,Medium
108298,2025-12-06,CUST01098,Giza,Greater Cairo,Monitor,Electronics,6,8464.0,10,50784.0,45705.6,2025-12,Large
108299,2025-07-19,CUST01099,Alexandria,Coastal,Printer,Office Equipment,7,6324.0,15,44268.0,37627.8,2025-07,Large
108300,2025-02-04,CUST01100,Mansoura,Delta,Notebook Pack,Stationery,8,225.6,20,1804.8,1443.84,2025-02,Medium
108301,2025-09-17,CUST01101,Tanta,Unknown,Laptop,Electronics,9,27075.0,0,243675.0,243675.0,2025-09,Large
108302,2025-04-02,CUST01102,Aswan,Unknown,Smartphone,Electronics,10,13920.0,5,139200.0,132240.0,2025-04,Large
108303,2025-11-15,CUST01103,Luxor,Unknown,Wireless Mouse,Accessories,11,436.5,10,4801.5,4321.35,2025-11,Medium
108304,2025-06-28,CUST01104,Port Said,Unknown,Keyboard,Accessories,12,833.0,15,9996.0,8496.6,2025-06,Medium
108305,2025-01-13,CUST01105,Cairo,Greater Cairo,Office Chair,Furniture,1,5148.0,20,5148.0,4118.4,2025-01,Medium
108306,2025-08-26,CUST01106,Giza,Greater Cairo,Desk,Furniture,2,7400.0,0,14800.0,14800.0,2025-08,Large
108307,2025-03-11,CUST01107,Alexandria,Coastal,Headphones,Electronics,3,1818.0,5,5454.0,5181.3,2025-03,Medium
108308,2025-10-24,CUST01108,Mansoura,Delta,Monitor,Electronics,4,9384.0,10,37536.0,33782.4,2025-10,Large
108309,2025-05-09,CUST01109,Tanta,Unknown,Printer,Office Equipment,5,7004.0,15,35020.0,29767.0,2025-05,Large
108310,2025-12-22,CUST01110,Aswan,Unknown,Notebook Pack,Stationery,6,249.6,20,1497.6,1198.08,2025-12,Medium
108311,2025-07-07,CUST01111,Luxor,Unknown,Laptop,Electronics,7,29925.0,0,209475.0,209475.0,2025-07,Large
108312,2025-02-20,CUST01112,Port Said,Unknown,Smartphone,Electronics,8,15370.0,5,122960.0,116812.0,2025-02,Large
108313,2025-09-05,CUST01113,Cairo,Greater Cairo,Wireless Mouse,Accessories,9,481.5,10,4333.5,3900.15,2025-09,Medium
108314,2025-04-18,CUST01114,Giza,Greater Cairo,Keyboard,Accessories,10,918.0,15,9180.0,7803.0,2025-04,Medium
108315,2025-11-03,CUST01115,Alexandria,Coastal,Office Chair,Furniture,11,5668.0,20,62348.0,49878.4,2025-11,Large
108316,2025-06-16,CUST01116,Mansoura,Delta,Desk,Furniture,12,8140.0,0,97680.0,97680.0,2025-06,Large
108317,2025-01-01,CUST01117,Tanta,Unknown,Headphones,Electronics,1,1620.0,5,1620.0,1539.0,2025-01,Medium
108318,2025-08-14,CUST01118,Aswan,Unknown,Monitor,Electronics,2,8372.0,10,16744.0,15069.6,2025-08,Large
108319,2025-03-27,CUST01119,Luxor,Unknown,Printer,Office Equipment,3,6256.0,15,18768.0,15952.8,2025-03,Large
108320,2025-10-12,CUST01120,Port Said,Unknown,Notebook Pack,Stationery,4,223.2,20,892.8,714.24,2025-10,Small
108321,2025-05-25,CUST01121,Cairo,Greater Cairo,Laptop,Electronics,5,26790.0,0,133950.0,133950.0,2025-05,Large
108322,2025-12-10,CUST01122,Giza,Greater Cairo,Smartphone,Electronics,6,13775.0,5,82650.0,78517.5,2025-12,Large
108323,2025-07-23,CUST01123,Alexandria,Coastal,Wireless Mouse,Accessories,7,432.0,10,3024.0,2721.6,2025-07,Medium
108324,2025-02-08,CUST01124,Mansoura,Delta,Keyboard,Accessories,8,824.5,15,6596.0,5606.6,2025-02,Medium
108325,2025-09-21,CUST01125,Tanta,Unknown,Office Chair,Furniture,9,5096.0,20,45864.0,36691.2,2025-09,Large
108326,2025-04-06,CUST01126,Aswan,Unknown,Desk,Furniture,10,7326.0,0,73260.0,73260.0,2025-04,Large
108327,2025-11-19,CUST01127,Luxor,Unknown,Headphones,Electronics,11,1800.0,0,19800.0,19800.0,2025-11,Large
108328,2025-06-04,CUST01128,Port Said,Unknown,Monitor,Electronics,12,9292.0,10,111504.0,100353.6,2025-06,Large
108329,2025-01-17,CUST01129,Cairo,Greater Cairo,Printer,Office Equipment,1,6936.0,15,6936.0,5895.6,2025-01,Medium
108330,2025-08-02,CUST01130,Giza,Greater Cairo,Notebook Pack,Stationery,2,247.2,20,494.4,395.52,2025-08,Small
108331,2025-03-15,CUST01131,Alexandria,Coastal,Laptop,Electronics,3,29640.0,0,88920.0,88920.0,2025-03,Large
108332,2025-10-28,CUST01132,Mansoura,Delta,Smartphone,Electronics,4,15225.0,5,60900.0,57855.0,2025-10,Large
108333,2025-05-13,CUST01133,Tanta,Unknown,Wireless Mouse,Accessories,5,477.0,10,2385.0,2146.5,2025-05,Medium
108334,2025-12-26,CUST01134,Aswan,Unknown,Keyboard,Accessories,6,909.5,15,5457.0,4638.45,2025-12,Medium
108335,2025-07-11,CUST01135,Luxor,Unknown,Office Chair,Furniture,7,5616.0,20,39312.0,31449.6,2025-07,Large
108336,2025-02-24,CUST01136,Port Said,Unknown,Desk,Furniture,8,8066.0,0,64528.0,64528.0,2025-02,Large
108337,2025-09-09,CUST01137,Cairo,Greater Cairo,Headphones,Electronics,9,1980.0,5,17820.0,16929.0,2025-09,Large
108338,2025-04-22,CUST01138,Giza,Greater Cairo,Monitor,Electronics,10,8280.0,10,82800.0,74520.0,2025-04,Large
108339,2025-11-07,CUST01139,Alexandria,Coastal,Printer,Office Equipment,11,6188.0,15,68068.0,57857.8,2025-11,Large
108340,2025-06-20,CUST01140,Mansoura,Delta,Notebook Pack,Stationery,12,220.8,20,2649.6,2119.68,2025-06,Medium
108341,2025-01-05,CUST01141,Tanta,Unknown,Laptop,Electronics,1,26505.0,0,26505.0,26505.0,2025-01,Large
108342,2025-08-18,CUST01142,Aswan,Unknown,Smartphone,Electronics,2,13630.0,5,27260.0,25897.0,2025-08,Large
108343,2025-03-03,CUST01143,Unknown,Unknown,Wireless Mouse,Accessories,3,427.5,10,1282.5,1154.25,2025-03,Medium
108344,2025-10-16,CUST01144,Port Said,Unknown,Keyboard,Accessories,4,816.0,15,3264.0,2774.4,2025-10,Medium
108345,2025-05-01,CUST01145,Cairo,Greater Cairo,Office Chair,Furniture,5,5044.0,20,25220.0,20176.0,2025-05,Large
108346,2025-12-14,CUST01146,Giza,Greater Cairo,Desk,Furniture,6,7252.0,0,43512.0,43512.0,2025-12,Large
108347,2025-07-27,CUST01147,Alexandria,Coastal,Headphones,Electronics,7,1782.0,5,12474.0,11850.3,2025-07,Large
108348,2025-02-12,CUST01148,Mansoura,Delta,Monitor,Electronics,8,9200.0,10,73600.0,66240.0,2025-02,Large
108349,2025-09-25,CUST01149,Tanta,Unknown,Printer,Office Equipment,9,6868.0,15,61812.0,52540.2,2025-09,Large
108350,2025-04-10,CUST01150,Aswan,Unknown,Notebook Pack,Stationery,10,244.8,20,2448.0,1958.4,2025-04,Medium
108351,2025-11-23,CUST01151,Luxor,Unknown,Laptop,Electronics,11,29355.0,0,322905.0,322905.0,2025-11,Large
108352,2025-06-08,CUST01152,Port Said,Unknown,Smartphone,Electronics,12,15080.0,5,180960.0,171912.0,2025-06,Large
108353,2025-01-21,CUST01153,Cairo,Greater Cairo,Wireless Mouse,Accessories,1,472.5,10,472.5,425.25,2025-01,Small
108354,2025-08-06,CUST01154,Giza,Greater Cairo,Keyboard,Accessories,2,901.0,15,1802.0,1531.7,2025-08,Medium
108355,2025-03-19,CUST01155,Alexandria,Coastal,Office Chair,Furniture,3,5564.0,20,16692.0,13353.6,2025-03,Large
108356,2025-10-04,CUST01156,Mansoura,Delta,Desk,Furniture,4,7992.0,0,31968.0,31968.0,2025-10,Large
108357,2025-05-17,CUST01157,Tanta,Unknown,Headphones,Electronics,5,1962.0,5,9810.0,9319.5,2025-05,Medium
108358,2025-12-02,CUST01158,Aswan,Unknown,Monitor,Electronics,6,10120.0,10,60720.0,54648.0,2025-12,Large
108359,2025-07-15,CUST01159,Luxor,Unknown,Printer,Office Equipment,7,6120.0,15,42840.0,36414.0,2025-07,Large
108360,2025-02-28,CUST01160,Port Said,Unknown,Notebook Pack,Stationery,8,218.4,20,1747.2,1397.76,2025-02,Medium
108361,2025-09-13,CUST01161,Cairo,Greater Cairo,Laptop,Electronics,9,26220.0,0,235980.0,235980.0,2025-09,Large
108362,2025-04-26,CUST01162,Giza,Greater Cairo,Smartphone,Electronics,10,13485.0,5,134850.0,128107.5,2025-04,Large
108363,2025-11-11,CUST01163,Alexandria,Coastal,Wireless Mouse,Accessories,11,423.0,10,4653.0,4187.7,2025-11,Medium
108364,2025-06-24,CUST01164,Mansoura,Delta,Keyboard,Accessories,12,807.5,15,9690.0,8236.5,2025-06,Medium
108365,2025-01-09,CUST01165,Tanta,Unknown,Office Chair,Furniture,1,4992.0,20,4992.0,3993.6,2025-01,Medium
108366,2025-08-22,CUST01166,Aswan,Unknown,Desk,Furniture,2,7178.0,0,14356.0,14356.0,2025-08,Large
108367,2025-03-07,CUST01167,Luxor,Unknown,Headphones,Electronics,3,1764.0,5,5292.0,5027.4,2025-03,Medium
108368,2025-10-20,CUST01168,Port Said,Unknown,Monitor,Electronics,4,9108.0,10,36432.0,32788.8,2025-10,Large
108369,2025-05-05,CUST01169,Cairo,Greater Cairo,Printer,Office Equipment,5,6800.0,15,34000.0,28900.0,2025-05,Large
108370,2025-12-18,CUST01170,Giza,Greater Cairo,Notebook Pack,Stationery,6,242.4,20,1454.4,1163.52,2025-12,Medium
108371,2025-07-03,CUST01171,Alexandria,Coastal,Laptop,Electronics,7,29070.0,0,203490.0,203490.0,2025-07,Large
108372,2025-02-16,CUST01172,Mansoura,Delta,Smartphone,Electronics,8,14935.0,5,119480.0,113506.0,2025-02,Large
108373,2025-09-01,CUST01173,Tanta,Unknown,Wireless Mouse,Accessories,9,468.0,10,4212.0,3790.8,2025-09,Medium
108374,2025-04-14,CUST01174,Aswan,Unknown,Keyboard,Accessories,10,892.5,15,8925.0,7586.25,2025-04,Medium
108375,2025-11-27,CUST01175,Luxor,Unknown,Office Chair,Furniture,11,5512.0,20,60632.0,48505.6,2025-11,Large
108376,2025-06-12,CUST01176,Port Said,Unknown,Desk,Furniture,12,7918.0,0,95016.0,95016.0,2025-06,Large
108377,2025-01-25,CUST01177,Cairo,Greater Cairo,Headphones,Electronics,1,1944.0,5,1944.0,1846.8,2025-01,Medium
108378,2025-08-10,CUST01178,Giza,Greater Cairo,Monitor,Electronics,2,10028.0,10,20056.0,18050.4,2025-08,Large
108379,2025-03-23,CUST01179,Alexandria,Coastal,Printer,Office Equipment,3,7480.0,15,22440.0,19074.0,2025-03,Large
108380,2025-10-08,CUST01180,Mansoura,Delta,Notebook Pack,Stationery,4,216.0,20,864.0,691.2,2025-10,Small
108381,2025-05-21,CUST01181,Tanta,Unknown,Laptop,Electronics,5,25935.0,0,129675.0,129675.0,2025-05,Large
108382,2025-12-06,CUST01182,Aswan,Unknown,Smartphone,Electronics,6,13340.0,5,80040.0,76038.0,2025-12,Large
108383,2025-07-19,CUST01183,Luxor,Unknown,Wireless Mouse,Accessories,7,418.5,10,2929.5,2636.55,2025-07,Medium
108384,2025-02-04,CUST01184,Port Said,Unknown,Keyboard,Accessories,8,799.0,15,6392.0,5433.2,2025-02,Medium
108385,2025-09-17,CUST01185,Cairo,Greater Cairo,Office Chair,Furniture,9,4940.0,20,44460.0,35568.0,2025-09,Large
108386,2025-04-02,CUST01186,Giza,Greater Cairo,Desk,Furniture,10,7104.0,0,71040.0,71040.0,2025-04,Large
108387,2025-11-15,CUST01187,Alexandria,Coastal,Headphones,Electronics,11,1746.0,5,19206.0,18245.7,2025-11,Large
108388,2025-06-28,CUST01188,Mansoura,Delta,Monitor,Electronics,12,9016.0,10,108192.0,97372.8,2025-06,Large
108389,2025-01-13,CUST01189,Tanta,Unknown,Printer,Office Equipment,1,6732.0,15,6732.0,5722.2,2025-01,Medium
108390,2025-08-26,CUST01190,Aswan,Unknown,Notebook Pack,Stationery,2,240.0,20,480.0,384.0,2025-08,Small
108391,2025-03-11,CUST01191,Luxor,Unknown,Laptop,Electronics,3,28785.0,0,86355.0,86355.0,2025-03,Large
108392,2025-10-24,CUST01192,Port Said,Unknown,Smartphone,Electronics,4,14790.0,5,59160.0,56202.0,2025-10,Large
108393,2025-05-09,CUST01193,Cairo,Greater Cairo,Wireless Mouse,Accessories,5,463.5,10,2317.5,2085.75,2025-05,Medium
108394,2025-12-22,CUST01194,Giza,Greater Cairo,Keyboard,Accessories,6,884.0,15,5304.0,4508.4,2025-12,Medium
108395,2025-07-07,CUST01195,Alexandria,Coastal,Office Chair,Furniture,7,5460.0,20,38220.0,30576.0,2025-07,Large
108396,2025-02-20,CUST01196,Mansoura,Delta,Desk,Furniture,8,7844.0,0,62752.0,62752.0,2025-02,Large
108397,2025-09-05,CUST01197,Tanta,Unknown,Headphones,Electronics,9,1926.0,5,17334.0,16467.3,2025-09,Large
108398,2025-04-18,CUST01198,Aswan,Unknown,Monitor,Electronics,10,9936.0,10,99360.0,89424.0,2025-04,Large
108399,2025-11-03,CUST01199,Luxor,Unknown,Printer,Office Equipment,11,7412.0,15,81532.0,69302.2,2025-11,Large
108400,2025-06-16,CUST01200,Port Said,Unknown,Notebook Pack,Stationery,12,264.0,20,3168.0,2534.4,2025-06,Medium
108401,2025-01-01,CUST01201,Cairo,Greater Cairo,Laptop,Electronics,1,25650.0,0,25650.0,25650.0,2025-01,Large
108402,2025-08-14,CUST01202,Giza,Greater Cairo,Smartphone,Electronics,2,13195.0,5,26390.0,25070.5,2025-08,Large
108403,2025-03-27,CUST01203,Alexandria,Coastal,Wireless Mouse,Accessories,3,414.0,10,1242.0,1117.8,2025-03,Medium
108404,2025-10-12,CUST01204,Mansoura,Delta,Keyboard,Accessories,4,790.5,15,3162.0,2687.7,2025-10,Medium
108405,2025-05-25,CUST01205,Tanta,Unknown,Office Chair,Furniture,5,4888.0,20,24440.0,19552.0,2025-05,Large
108406,2025-12-10,CUST01206,Aswan,Unknown,Desk,Furniture,6,7030.0,0,42180.0,42180.0,2025-12,Large
108407,2025-07-23,CUST01207,Luxor,Unknown,Headphones,Electronics,7,1728.0,5,12096.0,11491.2,2025-07,Large
108408,2025-02-08,CUST01208,Port Said,Unknown,Monitor,Electronics,8,8924.0,10,71392.0,64252.8,2025-02,Large
108409,2025-09-21,CUST01209,Cairo,Greater Cairo,Printer,Office Equipment,9,6664.0,15,59976.0,50979.6,2025-09,Large
108410,2025-04-06,CUST01210,Giza,Greater Cairo,Notebook Pack,Stationery,10,237.6,20,2376.0,1900.8,2025-04,Medium
108411,2025-11-19,CUST01211,Alexandria,Coastal,Laptop,Electronics,11,28500.0,0,313500.0,313500.0,2025-11,Large
108412,2025-06-04,CUST01212,Mansoura,Delta,Smartphone,Electronics,12,14645.0,5,175740.0,166953.0,2025-06,Large
108413,2025-01-17,CUST01213,Tanta,Unknown,Wireless Mouse,Accessories,1,459.0,10,459.0,413.1,2025-01,Small
108414,2025-08-02,CUST01214,Aswan,Unknown,Keyboard,Accessories,2,875.5,15,1751.0,1488.35,2025-08,Medium
108415,2025-03-15,CUST01215,Luxor,Unknown,Office Chair,Furniture,3,5408.0,20,16224.0,12979.2,2025-03,Large
108416,2025-10-28,CUST01216,Port Said,Unknown,Desk,Furniture,4,7770.0,0,31080.0,31080.0,2025-10,Large
108417,2025-05-13,CUST01217,Cairo,Greater Cairo,Headphones,Electronics,5,1908.0,5,9540.0,9063.0,2025-05,Medium
108418,2025-12-26,CUST01218,Giza,Greater Cairo,Monitor,Electronics,6,9844.0,10,59064.0,53157.6,2025-12,Large
108419,2025-07-11,CUST01219,Alexandria,Coastal,Printer,Office Equipment,7,7344.0,15,51408.0,43696.8,2025-07,Large
108420,2025-02-24,CUST01220,Mansoura,Delta,Notebook Pack,Stationery,8,261.6,20,2092.8,1674.24,2025-02,Medium
108421,2025-09-09,CUST01221,Tanta,Unknown,Laptop,Electronics,9,31350.0,0,282150.0,282150.0,2025-09,Large
108422,2025-04-22,CUST01222,Aswan,Unknown,Smartphone,Electronics,10,13050.0,5,130500.0,123975.0,2025-04,Large
108423,2025-11-07,CUST01223,Luxor,Unknown,Wireless Mouse,Accessories,11,409.5,10,4504.5,4054.05,2025-11,Medium
108424,2025-06-20,CUST01224,Port Said,Unknown,Keyboard,Accessories,12,782.0,15,9384.0,7976.4,2025-06,Medium
108425,2025-01-05,CUST01225,Cairo,Greater Cairo,Office Chair,Furniture,1,4836.0,20,4836.0,3868.8,2025-01,Medium
108426,2025-08-18,CUST01226,Giza,Greater Cairo,Desk,Furniture,2,6956.0,0,13912.0,13912.0,2025-08,Large
108427,2025-03-03,CUST01227,Alexandria,Coastal,Headphones,Electronics,3,1710.0,5,5130.0,4873.5,2025-03,Medium
108428,2025-10-16,CUST01228,Mansoura,Delta,Monitor,Electronics,4,8832.0,10,35328.0,31795.2,2025-10,Large
108429,2025-05-01,CUST01229,Tanta,Unknown,Printer,Office Equipment,5,6596.0,15,32980.0,28033.0,2025-05,Large
108430,2025-12-14,CUST01230,Aswan,Unknown,Notebook Pack,Stationery,6,235.2,20,1411.2,1128.96,2025-12,Medium
108431,2025-07-27,CUST01231,Luxor,Unknown,Laptop,Electronics,7,28215.0,0,197505.0,197505.0,2025-07,Large
108432,2025-02-12,CUST01232,Port Said,Unknown,Smartphone,Electronics,8,14500.0,5,116000.0,110200.0,2025-02,Large
108433,2025-09-25,CUST01233,Cairo,Greater Cairo,Wireless Mouse,Accessories,9,454.5,10,4090.5,3681.45,2025-09,Medium
108434,2025-04-10,CUST01234,Giza,Greater Cairo,Keyboard,Accessories,10,867.0,15,8670.0,7369.5,2025-04,Medium
108435,2025-11-23,CUST01235,Alexandria,Coastal,Office Chair,Furniture,11,5356.0,20,58916.0,47132.8,2025-11,Large
108436,2025-06-08,CUST01236,Mansoura,Delta,Desk,Furniture,12,7696.0,0,92352.0,92352.0,2025-06,Large
108437,2025-01-21,CUST01237,Tanta,Unknown,Headphones,Electronics,1,1890.0,5,1890.0,1795.5,2025-01,Medium
108438,2025-08-06,CUST01238,Aswan,Unknown,Monitor,Electronics,2,9752.0,10,19504.0,17553.6,2025-08,Large
108439,2025-03-19,CUST01239,Luxor,Unknown,Printer,Office Equipment,3,7276.0,15,21828.0,18553.8,2025-03,Large
108440,2025-10-04,CUST01240,Unknown,Unknown,Notebook Pack,Stationery,4,259.2,20,1036.8,829.44,2025-10,Small
108441,2025-05-17,CUST01241,Cairo,Greater Cairo,Laptop,Electronics,5,31065.0,0,155325.0,155325.0,2025-05,Large
108442,2025-12-02,CUST01242,Giza,Greater Cairo,Smartphone,Electronics,6,15950.0,5,95700.0,90915.0,2025-12,Large
108443,2025-07-15,CUST01243,Alexandria,Coastal,Wireless Mouse,Accessories,7,405.0,10,2835.0,2551.5,2025-07,Medium
108444,2025-02-28,CUST01244,Mansoura,Delta,Keyboard,Accessories,8,773.5,15,6188.0,5259.8,2025-02,Medium
108445,2025-09-13,CUST01245,Tanta,Unknown,Office Chair,Furniture,9,4784.0,20,43056.0,34444.8,2025-09,Large
108446,2025-04-26,CUST01246,Aswan,Unknown,Desk,Furniture,10,6882.0,0,68820.0,68820.0,2025-04,Large
108447,2025-11-11,CUST01247,Luxor,Unknown,Headphones,Electronics,11,1692.0,5,18612.0,17681.4,2025-11,Large
108448,2025-06-24,CUST01248,Port Said,Unknown,Monitor,Electronics,12,8740.0,10,104880.0,94392.0,2025-06,Large
108449,2025-01-09,CUST01249,Cairo,Greater Cairo,Printer,Office Equipment,1,6528.0,15,6528.0,5548.8,2025-01,Medium
108450,2025-08-22,CUST01250,Giza,Greater Cairo,Notebook Pack,Stationery,2,232.8,20,465.6,372.48,2025-08,Small
108451,2025-03-07,CUST01251,Alexandria,Coastal,Laptop,Electronics,3,27930.0,0,83790.0,83790.0,2025-03,Large
108452,2025-10-20,CUST01252,Mansoura,Delta,Smartphone,Electronics,4,14355.0,5,57420.0,54549.0,2025-10,Large
108453,2025-05-05,CUST01253,Tanta,Unknown,Wireless Mouse,Accessories,5,450.0,10,2250.0,2025.0,2025-05,Medium
108454,2025-12-18,CUST01254,Aswan,Unknown,Keyboard,Accessories,6,858.5,15,5151.0,4378.35,2025-12,Medium
108455,2025-07-03,CUST01255,Luxor,Unknown,Office Chair,Furniture,7,5304.0,20,37128.0,29702.4,2025-07,Large
108456,2025-02-16,CUST01256,Port Said,Unknown,Desk,Furniture,8,7622.0,0,60976.0,60976.0,2025-02,Large
108457,2025-09-01,CUST01257,Cairo,Greater Cairo,Headphones,Electronics,9,1872.0,5,16848.0,16005.6,2025-09,Large
108458,2025-04-14,CUST01258,Giza,Greater Cairo,Monitor,Electronics,10,9660.0,10,96600.0,86940.0,2025-04,Large
108459,2025-11-27,CUST01259,Alexandria,Coastal,Printer,Office Equipment,11,7208.0,15,79288.0,67394.8,2025-11,Large
108460,2025-06-12,CUST01260,Mansoura,Delta,Notebook Pack,Stationery,12,256.8,20,3081.6,2465.28,2025-06,Medium
108461,2025-01-25,CUST01261,Tanta,Unknown,Laptop,Electronics,1,30780.0,0,30780.0,30780.0,2025-01,Large
108462,2025-08-10,CUST01262,Aswan,Unknown,Smartphone,Electronics,2,15805.0,5,31610.0,30029.5,2025-08,Large
108463,2025-03-23,CUST01263,Luxor,Unknown,Wireless Mouse,Accessories,3,495.0,10,1485.0,1336.5,2025-03,Medium
108464,2025-10-08,CUST01264,Port Said,Unknown,Keyboard,Accessories,4,765.0,15,3060.0,2601.0,2025-10,Medium
108465,2025-05-21,CUST01265,Cairo,Greater Cairo,Office Chair,Furniture,5,4732.0,20,23660.0,18928.0,2025-05,Large
108466,2026-12-06,CUST01266,Giza,Greater Cairo,Desk,Furniture,6,6808.0,0,40848.0,40848.0,2026-12,Large
108467,2026-07-19,CUST01267,Alexandria,Coastal,Headphones,Electronics,7,1674.0,5,11718.0,11132.1,2026-07,Large
108468,2026-02-04,CUST01268,Mansoura,Delta,Monitor,Electronics,8,8648.0,10,69184.0,62265.6,2026-02,Large
108469,2026-09-17,CUST01269,Tanta,Unknown,Printer,Office Equipment,9,6460.0,15,58140.0,49419.0,2026-09,Large
108470,2026-04-02,CUST01270,Aswan,Unknown,Notebook Pack,Stationery,10,230.4,20,2304.0,1843.2,2026-04,Medium
108471,2026-11-15,CUST01271,Luxor,Unknown,Laptop,Electronics,11,27645.0,0,304095.0,304095.0,2026-11,Large
108472,2026-06-28,CUST01272,Port Said,Unknown,Smartphone,Electronics,12,14210.0,5,170520.0,161994.0,2026-06,Large
108473,2026-01-13,CUST01273,Cairo,Greater Cairo,Wireless Mouse,Accessories,1,445.5,10,445.5,400.95,2026-01,Small
108474,2026-08-26,CUST01274,Giza,Greater Cairo,Keyboard,Accessories,2,850.0,15,1700.0,1445.0,2026-08,Medium
108475,2026-03-11,CUST01275,Alexandria,Coastal,Office Chair,Furniture,3,5252.0,20,15756.0,12604.8,2026-03,Large
108476,2026-10-24,CUST01276,Mansoura,Delta,Desk,Furniture,4,7548.0,0,30192.0,30192.0,2026-10,Large
108477,2026-05-09,CUST01277,Tanta,Unknown,Headphones,Electronics,5,1854.0,5,9270.0,8806.5,2026-05,Medium
108478,2026-12-22,CUST01278,Aswan,Unknown,Monitor,Electronics,6,9568.0,10,57408.0,51667.2,2026-12,Large
108479,2026-07-07,CUST01279,Luxor,Unknown,Printer,Office Equipment,7,7140.0,15,49980.0,42483.0,2026-07,Large
108480,2026-02-20,CUST01280,Port Said,Unknown,Notebook Pack,Stationery,8,254.4,20,2035.2,1628.16,2026-02,Medium
108481,2026-09-05,CUST01281,Cairo,Greater Cairo,Laptop,Electronics,9,30495.0,0,274455.0,274455.0,2026-09,Large
108482,2026-04-18,CUST01282,Giza,Greater Cairo,Smartphone,Electronics,10,15660.0,5,156600.0,148770.0,2026-04,Large
108483,2026-11-03,CUST01283,Alexandria,Coastal,Wireless Mouse,Accessories,11,490.5,10,5395.5,4855.95,2026-11,Medium
108484,2026-06-16,CUST01284,Mansoura,Delta,Keyboard,Accessories,12,935.0,15,11220.0,9537.0,2026-06,Medium
108485,2026-01-01,CUST01285,Tanta,Unknown,Office Chair,Furniture,1,4680.0,20,4680.0,3744.0,2026-01,Medium
108486,2026-08-14,CUST01286,Aswan,Unknown,Desk,Furniture,2,6734.0,0,13468.0,13468.0,2026-08,Large
108487,2026-03-27,CUST01287,Luxor,Unknown,Headphones,Electronics,3,1656.0,5,4968.0,4719.6,2026-03,Medium
108488,2026-10-12,CUST01288,Port Said,Unknown,Monitor,Electronics,4,8556.0,10,34224.0,30801.6,2026-10,Large
108489,2026-05-25,CUST01289,Cairo,Greater Cairo,Printer,Office Equipment,5,6392.0,15,31960.0,27166.0,2026-05,Large
108490,2026-12-10,CUST01290,Giza,Greater Cairo,Notebook Pack,Stationery,6,228.0,20,1368.0,1094.4,2026-12,Medium
108491,2026-07-23,CUST01291,Alexandria,Coastal,Laptop,Electronics,7,27360.0,0,191520.0,191520.0,2026-07,Large
108492,2026-02-08,CUST01292,Mansoura,Delta,Smartphone,Electronics,8,14065.0,5,112520.0,106894.0,2026-02,Large
108493,2026-09-21,CUST01293,Tanta,Unknown,Wireless Mouse,Accessories,9,441.0,10,3969.0,3572.1,2026-09,Medium
108494,2026-04-06,CUST01294,Aswan,Unknown,Keyboard,Accessories,10,841.5,15,8415.0,7152.75,2026-04,Medium
108495,2026-11-19,CUST01295,Luxor,Unknown,Office Chair,Furniture,11,5200.0,20,57200.0,45760.0,2026-11,Large
108496,2026-06-04,CUST01296,Port Said,Unknown,Desk,Furniture,12,7474.0,0,89688.0,89688.0,2026-06,Large
108497,2026-01-17,CUST01297,Cairo,Greater Cairo,Headphones,Electronics,1,1836.0,5,1836.0,1744.2,2026-01,Medium
108498,2026-08-02,CUST01298,Giza,Greater Cairo,Monitor,Electronics,2,9476.0,10,18952.0,17056.8,2026-08,Large
108499,2026-03-15,CUST01299,Alexandria,Coastal,Printer,Office Equipment,3,7072.0,15,21216.0,18033.6,2026-03,Large
108500,2026-10-28,CUST01300,Mansoura,Delta,Notebook Pack,Stationery,4,252.0,20,1008.0,806.4,2026-10,Small
108501,2026-05-13,CUST01301,Tanta,Unknown,Laptop,Electronics,5,30210.0,0,151050.0,151050.0,2026-05,Large
108502,2026-12-26,CUST01302,Aswan,Unknown,Smartphone,Electronics,6,15515.0,5,93090.0,88435.5,2026-12,Large
108503,2026-07-11,CUST01303,Luxor,Unknown,Wireless Mouse,Accessories,7,486.0,10,3402.0,3061.8,2026-07,Medium
108504,2026-02-24,CUST01304,Port Said,Unknown,Keyboard,Accessories,8,926.5,15,7412.0,6300.2,2026-02,Medium
108505,2026-09-09,CUST01305,Cairo,Greater Cairo,Office Chair,Furniture,9,5720.0,20,51480.0,41184.0,2026-09,Large
108506,2026-04-22,CUST01306,Giza,Greater Cairo,Desk,Furniture,10,6660.0,0,66600.0,66600.0,2026-04,Large
108507,2026-11-07,CUST01307,Alexandria,Coastal,Headphones,Electronics,11,1638.0,5,18018.0,17117.1,2026-11,Large
108508,2026-06-20,CUST01308,Mansoura,Delta,Monitor,Electronics,12,8464.0,0,101568.0,101568.0,2026-06,Large
108509,2026-01-05,CUST01309,Tanta,Unknown,Printer,Office Equipment,1,6324.0,15,6324.0,5375.4,2026-01,Medium
108510,2026-08-18,CUST01310,Aswan,Unknown,Notebook Pack,Stationery,2,225.6,20,451.2,360.96,2026-08,Small
108511,2026-03-03,CUST01311,Luxor,Unknown,Laptop,Electronics,3,27075.0,0,81225.0,81225.0,2026-03,Large
108512,2026-10-16,CUST01312,Port Said,Unknown,Smartphone,Electronics,4,13920.0,5,55680.0,52896.0,2026-10,Large
108513,2026-05-01,CUST01313,Cairo,Greater Cairo,Wireless Mouse,Accessories,5,436.5,10,2182.5,1964.25,2026-05,Medium
108514,2026-12-14,CUST01314,Giza,Greater Cairo,Keyboard,Accessories,6,833.0,15,4998.0,4248.3,2026-12,Medium
108515,2026-07-27,CUST01315,Alexandria,Coastal,Office Chair,Furniture,7,5148.0,20,36036.0,28828.8,2026-07,Large
108516,2026-02-12,CUST01316,Mansoura,Delta,Desk,Furniture,8,7400.0,0,59200.0,59200.0,2026-02,Large
108517,2026-09-25,CUST01317,Tanta,Unknown,Headphones,Electronics,9,1818.0,5,16362.0,15543.9,2026-09,Large
108518,2026-04-10,CUST01318,Aswan,Unknown,Monitor,Electronics,10,9384.0,10,93840.0,84456.0,2026-04,Large
108519,2026-11-23,CUST01319,Luxor,Unknown,Printer,Office Equipment,11,7004.0,15,77044.0,65487.4,2026-11,Large
108520,2026-06-08,CUST01320,Port Said,Unknown,Notebook Pack,Stationery,12,249.6,20,2995.2,2396.16,2026-06,Medium
108521,2026-01-21,CUST01321,Cairo,Greater Cairo,Laptop,Electronics,1,29925.0,0,29925.0,29925.0,2026-01,Large
108522,2026-08-06,CUST01322,Giza,Greater Cairo,Smartphone,Electronics,2,15370.0,5,30740.0,29203.0,2026-08,Large
108523,2026-03-19,CUST01323,Alexandria,Coastal,Wireless Mouse,Accessories,3,481.5,10,1444.5,1300.05,2026-03,Medium
108524,2026-10-04,CUST01324,Mansoura,Delta,Keyboard,Accessories,4,918.0,15,3672.0,3121.2,2026-10,Medium
108525,2026-05-17,CUST01325,Tanta,Unknown,Office Chair,Furniture,5,5668.0,20,28340.0,22672.0,2026-05,Large
108526,2026-12-02,CUST01326,Aswan,Unknown,Desk,Furniture,6,8140.0,0,48840.0,48840.0,2026-12,Large
108527,2026-07-15,CUST01327,Luxor,Unknown,Headphones,Electronics,7,1620.0,5,11340.0,10773.0,2026-07,Large
108528,2026-02-28,CUST01328,Port Said,Unknown,Monitor,Electronics,8,8372.0,10,66976.0,60278.4,2026-02,Large
108529,2026-09-13,CUST01329,Cairo,Greater Cairo,Printer,Office Equipment,9,6256.0,15,56304.0,47858.4,2026-09,Large
108530,2026-04-26,CUST01330,Giza,Greater Cairo,Notebook Pack,Stationery,10,223.2,20,2232.0,1785.6,2026-04,Medium
108531,2026-11-11,CUST01331,Alexandria,Coastal,Laptop,Electronics,11,26790.0,0,294690.0,294690.0,2026-11,Large
108532,2026-06-24,CUST01332,Mansoura,Delta,Smartphone,Electronics,12,13775.0,5,165300.0,157035.0,2026-06,Large
108533,2026-01-09,CUST01333,Tanta,Unknown,Wireless Mouse,Accessories,1,432.0,10,432.0,388.8,2026-01,Small
108534,2026-08-22,CUST01334,Aswan,Unknown,Keyboard,Accessories,2,824.5,15,1649.0,1401.65,2026-08,Medium
108535,2026-03-07,CUST01335,Luxor,Unknown,Office Chair,Furniture,3,5096.0,20,15288.0,12230.4,2026-03,Large
108536,2026-10-20,CUST01336,Port Said,Unknown,Desk,Furniture,4,7326.0,0,29304.0,29304.0,2026-10,Large
108537,2026-05-05,CUST01337,Unknown,Unknown,Headphones,Electronics,5,1800.0,5,9000.0,8550.0,2026-05,Medium
108538,2026-12-18,CUST01338,Giza,Greater Cairo,Monitor,Electronics,6,9292.0,10,55752.0,50176.8,2026-12,Large
108539,2026-07-03,CUST01339,Alexandria,Coastal,Printer,Office Equipment,7,6936.0,15,48552.0,41269.2,2026-07,Large
108540,2026-02-16,CUST01340,Mansoura,Delta,Notebook Pack,Stationery,8,247.2,20,1977.6,1582.08,2026-02,Medium
108541,2026-09-01,CUST01341,Tanta,Unknown,Laptop,Electronics,9,29640.0,0,266760.0,266760.0,2026-09,Large
108542,2026-04-14,CUST01342,Aswan,Unknown,Smartphone,Electronics,10,15225.0,5,152250.0,144637.5,2026-04,Large
108543,2026-11-27,CUST01343,Luxor,Unknown,Wireless Mouse,Accessories,11,477.0,10,5247.0,4722.3,2026-11,Medium
108544,2026-06-12,CUST01344,Port Said,Unknown,Keyboard,Accessories,12,909.5,15,10914.0,9276.9,2026-06,Medium
108545,2026-01-25,CUST01345,Cairo,Greater Cairo,Office Chair,Furniture,1,5616.0,20,5616.0,4492.8,2026-01,Medium
108546,2026-08-10,CUST01346,Giza,Greater Cairo,Desk,Furniture,2,8066.0,0,16132.0,16132.0,2026-08,Large
108547,2026-03-23,CUST01347,Alexandria,Coastal,Headphones,Electronics,3,1980.0,5,5940.0,5643.0,2026-03,Medium
108548,2026-10-08,CUST01348,Mansoura,Delta,Monitor,Electronics,4,8280.0,10,33120.0,29808.0,2026-10,Large
108549,2026-05-21,CUST01349,Tanta,Unknown,Printer,Office Equipment,5,6188.0,15,30940.0,26299.0,2026-05,Large
108550,2026-12-06,CUST01350,Aswan,Unknown,Notebook Pack,Stationery,6,220.8,20,1324.8,1059.84,2026-12,Medium
108551,2026-07-19,CUST01351,Luxor,Unknown,Laptop,Electronics,7,26505.0,0,185535.0,185535.0,2026-07,Large
108552,2026-02-04,CUST01352,Port Said,Unknown,Smartphone,Electronics,8,13630.0,5,109040.0,103588.0,2026-02,Large
108553,2026-09-17,CUST01353,Cairo,Greater Cairo,Wireless Mouse,Accessories,9,427.5,10,3847.5,3462.75,2026-09,Medium
108554,2026-04-02,CUST01354,Giza,Greater Cairo,Keyboard,Accessories,10,816.0,15,8160.0,6936.0,2026-04,Medium
108555,2026-11-15,CUST01355,Alexandria,Coastal,Office Chair,Furniture,11,5044.0,20,55484.0,44387.2,2026-11,Large
108556,2026-06-28,CUST01356,Mansoura,Delta,Desk,Furniture,12,7252.0,0,87024.0,87024.0,2026-06,Large
108557,2026-01-13,CUST01357,Tanta,Unknown,Headphones,Electronics,1,1782.0,5,1782.0,1692.9,2026-01,Medium
108558,2026-08-26,CUST01358,Aswan,Unknown,Monitor,Electronics,2,9200.0,10,18400.0,16560.0,2026-08,Large
108559,2026-03-11,CUST01359,Luxor,Unknown,Printer,Office Equipment,3,6868.0,15,20604.0,17513.4,2026-03,Large
108560,2026-10-24,CUST01360,Port Said,Unknown,Notebook Pack,Stationery,4,244.8,20,979.2,783.36,2026-10,Small
108561,2026-05-09,CUST01361,Cairo,Greater Cairo,Laptop,Electronics,5,29355.0,0,146775.0,146775.0,2026-05,Large
108562,2026-12-22,CUST01362,Giza,Greater Cairo,Smartphone,Electronics,6,15080.0,5,90480.0,85956.0,2026-12,Large
108563,2026-07-07,CUST01363,Alexandria,Coastal,Wireless Mouse,Accessories,7,472.5,10,3307.5,2976.75,2026-07,Medium
108564,2026-02-20,CUST01364,Mansoura,Delta,Keyboard,Accessories,8,901.0,15,7208.0,6126.8,2026-02,Medium
108565,2026-09-05,CUST01365,Tanta,Unknown,Office Chair,Furniture,9,5564.0,20,50076.0,40060.8,2026-09,Large
108566,2026-04-18,CUST01366,Aswan,Unknown,Desk,Furniture,10,7992.0,0,79920.0,79920.0,2026-04,Large
108567,2026-11-03,CUST01367,Luxor,Unknown,Headphones,Electronics,11,1962.0,5,21582.0,20502.9,2026-11,Large
108568,2026-06-16,CUST01368,Port Said,Unknown,Monitor,Electronics,12,10120.0,10,121440.0,109296.0,2026-06,Large
108569,2026-01-01,CUST01369,Cairo,Greater Cairo,Printer,Office Equipment,1,6120.0,15,6120.0,5202.0,2026-01,Medium
108570,2026-08-14,CUST01370,Giza,Greater Cairo,Notebook Pack,Stationery,2,218.4,20,436.8,349.44,2026-08,Small
108571,2026-03-27,CUST01371,Alexandria,Coastal,Laptop,Electronics,3,26220.0,0,78660.0,78660.0,2026-03,Large
108572,2026-10-12,CUST01372,Mansoura,Delta,Smartphone,Electronics,4,13485.0,5,53940.0,51243.0,2026-10,Large
108573,2026-05-25,CUST01373,Tanta,Unknown,Wireless Mouse,Accessories,5,423.0,10,2115.0,1903.5,2026-05,Medium
108574,2026-12-10,CUST01374,Aswan,Unknown,Keyboard,Accessories,6,807.5,15,4845.0,4118.25,2026-12,Medium
108575,2026-07-23,CUST01375,Luxor,Unknown,Office Chair,Furniture,7,4992.0,20,34944.0,27955.2,2026-07,Large
108576,2026-02-08,CUST01376,Port Said,Unknown,Desk,Furniture,8,7178.0,0,57424.0,57424.0,2026-02,Large
108577,2026-09-21,CUST01377,Cairo,Greater Cairo,Headphones,Electronics,9,1764.0,5,15876.0,15082.2,2026-09,Large
108578,2026-04-06,CUST01378,Giza,Greater Cairo,Monitor,Electronics,10,9108.0,10,91080.0,81972.0,2026-04,Large
108579,2026-11-19,CUST01379,Alexandria,Coastal,Printer,Office Equipment,11,6800.0,15,74800.0,63580.0,2026-11,Large
108580,2026-06-04,CUST01380,Mansoura,Delta,Notebook Pack,Stationery,12,242.4,20,2908.8,2327.04,2026-06,Medium
108581,2026-01-17,CUST01381,Tanta,Unknown,Laptop,Electronics,1,29070.0,0,29070.0,29070.0,2026-01,Large
108582,2026-08-02,CUST01382,Aswan,Unknown,Smartphone,Electronics,2,14935.0,5,29870.0,28376.5,2026-08,Large
108583,2026-03-15,CUST01383,Luxor,Unknown,Wireless Mouse,Accessories,3,468.0,10,1404.0,1263.6,2026-03,Medium
108584,2026-10-28,CUST01384,Port Said,Unknown,Keyboard,Accessories,4,892.5,15,3570.0,3034.5,2026-10,Medium
108585,2026-05-13,CUST01385,Cairo,Greater Cairo,Office Chair,Furniture,5,5512.0,20,27560.0,22048.0,2026-05,Large
108586,2026-12-26,CUST01386,Giza,Greater Cairo,Desk,Furniture,6,7918.0,0,47508.0,47508.0,2026-12,Large
108587,2026-07-11,CUST01387,Alexandria,Coastal,Headphones,Electronics,7,1944.0,5,13608.0,12927.6,2026-07,Large
108588,2026-02-24,CUST01388,Mansoura,Delta,Monitor,Electronics,8,10028.0,10,80224.0,72201.6,2026-02,Large
108589,2026-09-09,CUST01389,Tanta,Unknown,Printer,Office Equipment,9,7480.0,15,67320.0,57222.0,2026-09,Large
108590,2026-04-22,CUST01390,Aswan,Unknown,Notebook Pack,Stationery,10,216.0,20,2160.0,1728.0,2026-04,Medium
108591,2026-11-07,CUST01391,Luxor,Unknown,Laptop,Electronics,11,25935.0,0,285285.0,285285.0,2026-11,Large
108592,2026-06-20,CUST01392,Port Said,Unknown,Smartphone,Electronics,12,13340.0,5,160080.0,152076.0,2026-06,Large
108593,2026-01-05,CUST01393,Cairo,Greater Cairo,Wireless Mouse,Accessories,1,418.5,10,418.5,376.65,2026-01,Small
108594,2026-08-18,CUST01394,Giza,Greater Cairo,Keyboard,Accessories,2,799.0,15,1598.0,1358.3,2026-08,Medium
108595,2026-03-03,CUST01395,Alexandria,Coastal,Office Chair,Furniture,3,4940.0,20,14820.0,11856.0,2026-03,Large
108596,2026-10-16,CUST01396,Mansoura,Delta,Desk,Furniture,4,7104.0,0,28416.0,28416.0,2026-10,Large
108597,2026-05-01,CUST01397,Tanta,Unknown,Headphones,Electronics,5,1746.0,5,8730.0,8293.5,2026-05,Medium
108598,2026-12-14,CUST01398,Aswan,Unknown,Monitor,Electronics,6,9016.0,10,54096.0,48686.4,2026-12,Large
108599,2026-07-27,CUST01399,Luxor,Unknown,Printer,Office Equipment,7,6732.0,15,47124.0,40055.4,2026-07,Large
108600,2026-02-12,CUST01400,Port Said,Unknown,Notebook Pack,Stationery,8,240.0,20,1920.0,1536.0,2026-02,Medium
108601,2026-09-25,CUST01401,Cairo,Greater Cairo,Laptop,Electronics,9,28785.0,0,259065.0,259065.0,2026-09,Large
108602,2026-04-10,CUST01402,Giza,Greater Cairo,Smartphone,Electronics,10,14790.0,5,147900.0,140505.0,2026-04,Large
108603,2026-11-23,CUST01403,Alexandria,Coastal,Wireless Mouse,Accessories,11,463.5,10,5098.5,4588.65,2026-11,Medium
108604,2026-06-08,CUST01404,Mansoura,Delta,Keyboard,Accessories,12,884.0,15,10608.0,9016.8,2026-06,Medium
108605,2026-01-21,CUST01405,Tanta,Unknown,Office Chair,Furniture,1,5460.0,20,5460.0,4368.0,2026-01,Medium
108606,2026-08-06,CUST01406,Aswan,Unknown,Desk,Furniture,2,7844.0,0,15688.0,15688.0,2026-08,Large
108607,2026-03-19,CUST01407,Luxor,Unknown,Headphones,Electronics,3,1926.0,5,5778.0,5489.1,2026-03,Medium
108608,2026-10-04,CUST01408,Port Said,Unknown,Monitor,Electronics,4,9936.0,10,39744.0,35769.6,2026-10,Large
108609,2026-05-17,CUST01409,Cairo,Greater Cairo,Printer,Office Equipment,5,7412.0,15,37060.0,31501.0,2026-05,Large
108610,2026-12-02,CUST01410,Giza,Greater Cairo,Notebook Pack,Stationery,6,264.0,20,1584.0,1267.2,2026-12,Medium
108611,2026-07-15,CUST01411,Alexandria,Coastal,Laptop,Electronics,7,25650.0,0,179550.0,179550.0,2026-07,Large
108612,2026-02-28,CUST01412,Mansoura,Delta,Smartphone,Electronics,8,13195.0,5,105560.0,100282.0,2026-02,Large
108613,2026-09-13,CUST01413,Tanta,Unknown,Wireless Mouse,Accessories,9,414.0,10,3726.0,3353.4,2026-09,Medium
108614,2026-04-26,CUST01414,Aswan,Unknown,Keyboard,Accessories,10,790.5,15,7905.0,6719.25,2026-04,Medium
108615,2026-11-11,CUST01415,Luxor,Unknown,Office Chair,Furniture,11,4888.0,20,53768.0,43014.4,2026-11,Large
108616,2026-06-24,CUST01416,Port Said,Unknown,Desk,Furniture,12,7030.0,0,84360.0,84360.0,2026-06,Large
108617,2026-01-09,CUST01417,Cairo,Greater Cairo,Headphones,Electronics,1,1728.0,5,1728.0,1641.6,2026-01,Medium
108618,2026-08-22,CUST01418,Giza,Greater Cairo,Monitor,Electronics,2,8924.0,10,17848.0,16063.2,2026-08,Large
108619,2026-03-07,CUST01419,Alexandria,Coastal,Printer,Office Equipment,3,6664.0,15,19992.0,16993.2,2026-03,Large
108620,2026-10-20,CUST01420,Mansoura,Delta,Notebook Pack,Stationery,4,237.6,20,950.4,760.32,2026-10,Small
108621,2026-05-05,CUST01421,Tanta,Unknown,Laptop,Electronics,5,28500.0,0,142500.0,142500.0,2026-05,Large
108622,2026-12-18,CUST01422,Aswan,Unknown,Smartphone,Electronics,6,14645.0,5,87870.0,83476.5,2026-12,Large
108623,2026-07-03,CUST01423,Luxor,Unknown,Wireless Mouse,Accessories,7,459.0,10,3213.0,2891.7,2026-07,Medium
108624,2026-02-16,CUST01424,Port Said,Unknown,Keyboard,Accessories,8,875.5,15,7004.0,5953.4,2026-02,Medium
108625,2026-09-01,CUST01425,Cairo,Greater Cairo,Office Chair,Furniture,9,5408.0,20,48672.0,38937.6,2026-09,Large
108626,2026-04-14,CUST01426,Giza,Greater Cairo,Desk,Furniture,10,7770.0,0,77700.0,77700.0,2026-04,Large
108627,2026-11-27,CUST01427,Alexandria,Coastal,Headphones,Electronics,11,1908.0,5,20988.0,19938.6,2026-11,Large
108628,2026-06-12,CUST01428,Mansoura,Delta,Monitor,Electronics,12,9844.0,10,118128.0,106315.2,2026-06,Large
108629,2026-01-25,CUST01429,Tanta,Unknown,Printer,Office Equipment,1,7344.0,15,7344.0,6242.4,2026-01,Medium
108630,2026-08-10,CUST01430,Aswan,Unknown,Notebook Pack,Stationery,2,261.6,20,523.2,418.56,2026-08,Small
108631,2026-03-23,CUST01431,Luxor,Unknown,Laptop,Electronics,3,31350.0,0,94050.0,94050.0,2026-03,Large
108632,2026-10-08,CUST01432,Port Said,Unknown,Smartphone,Electronics,4,13050.0,5,52200.0,49590.0,2026-10,Large
108633,2026-05-21,CUST01433,Cairo,Greater Cairo,Wireless Mouse,Accessories,5,409.5,10,2047.5,1842.75,2026-05,Medium
108634,2026-12-06,CUST01434,Unknown,Unknown,Keyboard,Accessories,6,782.0,15,4692.0,3988.2,2026-12,Medium
108635,2026-07-19,CUST01435,Alexandria,Coastal,Office Chair,Furniture,7,4836.0,20,33852.0,27081.6,2026-07,Large
108636,2026-02-04,CUST01436,Mansoura,Delta,Desk,Furniture,8,6956.0,0,55648.0,55648.0,2026-02,Large
108637,2026-09-17,CUST01437,Tanta,Unknown,Headphones,Electronics,9,1710.0,5,15390.0,14620.5,2026-09,Large
108638,2026-04-02,CUST01438,Aswan,Unknown,Monitor,Electronics,10,8832.0,10,88320.0,79488.0,2026-04,Large
108639,2026-11-15,CUST01439,Luxor,Unknown,Printer,Office Equipment,11,6596.0,15,72556.0,61672.6,2026-11,Large
108640,2026-06-28,CUST01440,Port Said,Unknown,Notebook Pack,Stationery,12,235.2,20,2822.4,2257.92,2026-06,Medium
108641,2025-01-13,CUST01441,Cairo,Greater Cairo,Laptop,Electronics,1,28215.0,0,28215.0,28215.0,2025-01,Large
108642,2025-08-26,CUST01442,Giza,Greater Cairo,Smartphone,Electronics,2,14500.0,5,29000.0,27550.0,2025-08,Large
108643,2025-03-11,CUST01443,Alexandria,Coastal,Wireless Mouse,Accessories,3,454.5,10,1363.5,1227.15,2025-03,Medium
108644,2025-10-24,CUST01444,Mansoura,Delta,Keyboard,Accessories,4,867.0,15,3468.0,2947.8,2025-10,Medium
108645,2025-05-09,CUST01445,Tanta,Unknown,Office Chair,Furniture,5,5356.0,20,26780.0,21424.0,2025-05,Large
108646,2025-12-22,CUST01446,Aswan,Unknown,Desk,Furniture,6,7696.0,0,46176.0,46176.0,2025-12,Large
108647,2025-07-07,CUST01447,Luxor,Unknown,Headphones,Electronics,7,1890.0,5,13230.0,12568.5,2025-07,Large
108648,2025-02-20,CUST01448,Port Said,Unknown,Monitor,Electronics,8,9752.0,10,78016.0,70214.4,2025-02,Large
108649,2025-09-05,CUST01449,Cairo,Greater Cairo,Printer,Office Equipment,9,7276.0,15,65484.0,55661.4,2025-09,Large
108650,2025-04-18,CUST01450,Giza,Greater Cairo,Notebook Pack,Stationery,10,259.2,20,2592.0,2073.6,2025-04,Medium
108651,2025-11-03,CUST01451,Alexandria,Coastal,Laptop,Electronics,11,31065.0,0,341715.0,341715.0,2025-11,Large
108652,2025-06-16,CUST01452,Mansoura,Delta,Smartphone,Electronics,12,15950.0,5,191400.0,181830.0,2025-06,Large
108653,2025-01-01,CUST01453,Tanta,Unknown,Wireless Mouse,Accessories,1,405.0,10,405.0,364.5,2025-01,Small
108654,2025-08-14,CUST01454,Aswan,Unknown,Keyboard,Accessories,2,773.5,15,1547.0,1314.95,2025-08,Medium
108655,2025-03-27,CUST01455,Luxor,Unknown,Office Chair,Furniture,3,4784.0,20,14352.0,11481.6,2025-03,Large
108656,2025-10-12,CUST01456,Port Said,Unknown,Desk,Furniture,4,6882.0,0,27528.0,27528.0,2025-10,Large
108657,2025-05-25,CUST01457,Cairo,Greater Cairo,Headphones,Electronics,5,1692.0,5,8460.0,8037.0,2025-05,Medium
108658,2025-12-10,CUST01458,Giza,Greater Cairo,Monitor,Electronics,6,8740.0,10,52440.0,47196.0,2025-12,Large
108659,2025-07-23,CUST01459,Alexandria,Coastal,Printer,Office Equipment,7,6528.0,15,45696.0,38841.6,2025-07,Large
108660,2025-02-08,CUST01460,Mansoura,Delta,Notebook Pack,Stationery,8,232.8,20,1862.4,1489.92,2025-02,Medium
108661,2025-09-21,CUST01461,Tanta,Unknown,Laptop,Electronics,9,27930.0,0,251370.0,251370.0,2025-09,Large
108662,2025-04-06,CUST01462,Aswan,Unknown,Smartphone,Electronics,10,14355.0,5,143550.0,136372.5,2025-04,Large
108663,2025-11-19,CUST01463,Luxor,Unknown,Wireless Mouse,Accessories,11,450.0,10,4950.0,4455.0,2025-11,Medium
108664,2025-06-04,CUST01464,Port Said,Unknown,Keyboard,Accessories,12,858.5,15,10302.0,8756.7,2025-06,Medium
108665,2025-01-17,CUST01465,Cairo,Greater Cairo,Office Chair,Furniture,1,5304.0,20,5304.0,4243.2,2025-01,Medium
108666,2025-08-02,CUST01466,Giza,Greater Cairo,Desk,Furniture,2,7622.0,0,15244.0,15244.0,2025-08,Large
108667,2025-03-15,CUST01467,Alexandria,Coastal,Headphones,Electronics,3,1872.0,5,5616.0,5335.2,2025-03,Medium
108668,2025-10-28,CUST01468,Mansoura,Delta,Monitor,Electronics,4,9660.0,10,38640.0,34776.0,2025-10,Large
108669,2025-05-13,CUST01469,Tanta,Unknown,Printer,Office Equipment,5,7208.0,15,36040.0,30634.0,2025-05,Large
108670,2025-12-26,CUST01470,Aswan,Unknown,Notebook Pack,Stationery,6,256.8,20,1540.8,1232.64,2025-12,Medium
108671,2025-07-11,CUST01471,Luxor,Unknown,Laptop,Electronics,7,30780.0,0,215460.0,215460.0,2025-07,Large
108672,2025-02-24,CUST01472,Port Said,Unknown,Smartphone,Electronics,8,15805.0,5,126440.0,120118.0,2025-02,Large
108673,2025-09-09,CUST01473,Cairo,Greater Cairo,Wireless Mouse,Accessories,9,495.0,10,4455.0,4009.5,2025-09,Medium
108674,2025-04-22,CUST01474,Giza,Greater Cairo,Keyboard,Accessories,10,765.0,15,7650.0,6502.5,2025-04,Medium
108675,2025-11-07,CUST01475,Alexandria,Coastal,Office Chair,Furniture,11,4732.0,20,52052.0,41641.6,2025-11,Large
108676,2025-06-20,CUST01476,Mansoura,Delta,Desk,Furniture,12,6808.0,0,81696.0,81696.0,2025-06,Large
108677,2025-01-05,CUST01477,Tanta,Unknown,Headphones,Electronics,1,1674.0,5,1674.0,1590.3,2025-01,Medium
108678,2025-08-18,CUST01478,Aswan,Unknown,Monitor,Electronics,2,8648.0,10,17296.0,15566.4,2025-08,Large
108679,2025-03-03,CUST01479,Luxor,Unknown,Printer,Office Equipment,3,6460.0,15,19380.0,16473.0,2025-03,Large
108680,2025-10-16,CUST01480,Port Said,Unknown,Notebook Pack,Stationery,4,230.4,20,921.6,737.28,2025-10,Small
108681,2025-05-01,CUST01481,Cairo,Greater Cairo,Laptop,Electronics,5,27645.0,0,138225.0,138225.0,2025-05,Large
108682,2025-12-14,CUST01482,Giza,Greater Cairo,Smartphone,Electronics,6,14210.0,5,85260.0,80997.0,2025-12,Large
108683,2025-07-27,CUST01483,Alexandria,Coastal,Wireless Mouse,Accessories,7,445.5,10,3118.5,2806.65,2025-07,Medium
108684,2025-02-12,CUST01484,Mansoura,Delta,Keyboard,Accessories,8,850.0,15,6800.0,5780.0,2025-02,Medium
108685,2025-09-25,CUST01485,Tanta,Unknown,Office Chair,Furniture,9,5252.0,20,47268.0,37814.4,2025-09,Large
108686,2025-04-10,CUST01486,Aswan,Unknown,Desk,Furniture,10,7548.0,0,75480.0,75480.0,2025-04,Large
108687,2025-11-23,CUST01487,Luxor,Unknown,Headphones,Electronics,11,1854.0,5,20394.0,19374.3,2025-11,Large
108688,2025-06-08,CUST01488,Port Said,Unknown,Monitor,Electronics,12,9568.0,10,114816.0,103334.4,2025-06,Large
108689,2025-01-21,CUST01489,Cairo,Greater Cairo,Printer,Office Equipment,1,7140.0,0,7140.0,7140.0,2025-01,Medium
108690,2025-08-06,CUST01490,Giza,Greater Cairo,Notebook Pack,Stationery,2,254.4,20,508.8,407.04,2025-08,Small
108691,2025-03-19,CUST01491,Alexandria,Coastal,Laptop,Electronics,3,30495.0,0,91485.0,91485.0,2025-03,Large
108692,2025-10-04,CUST01492,Mansoura,Delta,Smartphone,Electronics,4,15660.0,5,62640.0,59508.0,2025-10,Large
108693,2025-05-17,CUST01493,Tanta,Unknown,Wireless Mouse,Accessories,5,490.5,10,2452.5,2207.25,2025-05,Medium
108694,2025-12-02,CUST01494,Aswan,Unknown,Keyboard,Accessories,6,935.0,15,5610.0,4768.5,2025-12,Medium
108695,2025-07-15,CUST01495,Luxor,Unknown,Office Chair,Furniture,7,4680.0,20,32760.0,26208.0,2025-07,Large
108696,2025-02-28,CUST01496,Port Said,Unknown,Desk,Furniture,8,6734.0,0,53872.0,53872.0,2025-02,Large
108697,2025-09-13,CUST01497,Cairo,Greater Cairo,Headphones,Electronics,9,1656.0,5,14904.0,14158.8,2025-09,Large
108698,2025-04-26,CUST01498,Giza,Greater Cairo,Monitor,Electronics,10,8556.0,10,85560.0,77004.0,2025-04,Large
108699,2025-11-11,CUST01499,Alexandria,Coastal,Printer,Office Equipment,11,6392.0,15,70312.0,59765.2,2025-11,Large
108700,2025-06-24,CUST01500,Mansoura,Delta,Notebook Pack,Stationery,12,228.0,20,2736.0,2188.8,2025-06,Medium
108701,2025-01-09,CUST01501,Tanta,Unknown,Laptop,Electronics,1,27360.0,0,27360.0,27360.0,2025-01,Large
108702,2025-08-22,CUST01502,Aswan,Unknown,Smartphone,Electronics,2,14065.0,5,28130.0,26723.5,2025-08,Large
108703,2025-03-07,CUST01503,Luxor,Unknown,Wireless Mouse,Accessories,3,441.0,10,1323.0,1190.7,2025-03,Medium
108704,2025-10-20,CUST01504,Port Said,Unknown,Keyboard,Accessories,4,841.5,15,3366.0,2861.1,2025-10,Medium
108705,2025-05-05,CUST01505,Cairo,Greater Cairo,Office Chair,Furniture,5,5200.0,20,26000.0,20800.0,2025-05,Large
108706,2025-12-18,CUST01506,Giza,Greater Cairo,Desk,Furniture,6,7474.0,0,44844.0,44844.0,2025-12,Large
108707,2025-07-03,CUST01507,Alexandria,Coastal,Headphones,Electronics,7,1836.0,5,12852.0,12209.4,2025-07,Large
108708,2025-02-16,CUST01508,Mansoura,Delta,Monitor,Electronics,8,9476.0,10,75808.0,68227.2,2025-02,Large
108709,2025-09-01,CUST01509,Tanta,Unknown,Printer,Office Equipment,9,7072.0,15,63648.0,54100.8,2025-09,Large
108710,2025-04-14,CUST01510,Aswan,Unknown,Notebook Pack,Stationery,10,252.0,20,2520.0,2016.0,2025-04,Medium
108711,2025-11-27,CUST01511,Luxor,Unknown,Laptop,Electronics,11,30210.0,0,332310.0,332310.0,2025-11,Large
108712,2025-06-12,CUST01512,Port Said,Unknown,Smartphone,Electronics,12,15515.0,5,186180.0,176871.0,2025-06,Large
108713,2025-01-25,CUST01513,Cairo,Greater Cairo,Wireless Mouse,Accessories,1,486.0,10,486.0,437.4,2025-01,Small
108714,2025-08-10,CUST01514,Giza,Greater Cairo,Keyboard,Accessories,2,926.5,15,1853.0,1575.05,2025-08,Medium
108715,2025-03-23,CUST01515,Alexandria,Coastal,Office Chair,Furniture,3,5720.0,20,17160.0,13728.0,2025-03,Large
108716,2025-10-08,CUST01516,Mansoura,Delta,Desk,Furniture,4,6660.0,0,26640.0,26640.0,2025-10,Large
108717,2025-05-21,CUST01517,Tanta,Unknown,Headphones,Electronics,5,1638.0,5,8190.0,7780.5,2025-05,Medium
108718,2025-12-06,CUST01518,Aswan,Unknown,Monitor,Electronics,6,8464.0,10,50784.0,45705.6,2025-12,Large
108719,2025-07-19,CUST01519,Luxor,Unknown,Printer,Office Equipment,7,6324.0,15,44268.0,37627.8,2025-07,Large
108720,2025-02-04,CUST01520,Port Said,Unknown,Notebook Pack,Stationery,8,225.6,20,1804.8,1443.84,2025-02,Medium
108721,2025-09-17,CUST01521,Cairo,Greater Cairo,Laptop,Electronics,9,27075.0,0,243675.0,243675.0,2025-09,Large
108722,2025-04-02,CUST01522,Giza,Greater Cairo,Smartphone,Electronics,10,13920.0,5,139200.0,132240.0,2025-04,Large
108723,2025-11-15,CUST01523,Alexandria,Coastal,Wireless Mouse,Accessories,11,436.5,10,4801.5,4321.35,2025-11,Medium
108724,2025-06-28,CUST01524,Mansoura,Delta,Keyboard,Accessories,12,833.0,15,9996.0,8496.6,2025-06,Medium
108725,2025-01-13,CUST01525,Tanta,Unknown,Office Chair,Furniture,1,5148.0,20,5148.0,4118.4,2025-01,Medium
108726,2025-08-26,CUST01526,Aswan,Unknown,Desk,Furniture,2,7400.0,0,14800.0,14800.0,2025-08,Large
108727,2025-03-11,CUST01527,Luxor,Unknown,Headphones,Electronics,3,1818.0,5,5454.0,5181.3,2025-03,Medium
108728,2025-10-24,CUST01528,Port Said,Unknown,Monitor,Electronics,4,9384.0,10,37536.0,33782.4,2025-10,Large
108729,2025-05-09,CUST01529,Cairo,Greater Cairo,Printer,Office Equipment,5,7004.0,15,35020.0,29767.0,2025-05,Large
108730,2025-12-22,CUST01530,Giza,Greater Cairo,Notebook Pack,Stationery,6,249.6,20,1497.6,1198.08,2025-12,Medium
108731,2025-07-07,CUST01531,Unknown,Unknown,Laptop,Electronics,7,29925.0,0,209475.0,209475.0,2025-07,Large
108732,2025-02-20,CUST01532,Mansoura,Delta,Smartphone,Electronics,8,15370.0,5,122960.0,116812.0,2025-02,Large
108733,2025-09-05,CUST01533,Tanta,Unknown,Wireless Mouse,Accessories,9,481.5,10,4333.5,3900.15,2025-09,Medium
108734,2025-04-18,CUST01534,Aswan,Unknown,Keyboard,Accessories,10,918.0,15,9180.0,7803.0,2025-04,Medium
108735,2025-11-03,CUST01535,Luxor,Unknown,Office Chair,Furniture,11,5668.0,20,62348.0,49878.4,2025-11,Large
108736,2025-06-16,CUST01536,Port Said,Unknown,Desk,Furniture,12,8140.0,0,97680.0,97680.0,2025-06,Large
108737,2025-01-01,CUST01537,Cairo,Greater Cairo,Headphones,Electronics,1,1620.0,5,1620.0,1539.0,2025-01,Medium
108738,2025-08-14,CUST01538,Giza,Greater Cairo,Monitor,Electronics,2,8372.0,10,16744.0,15069.6,2025-08,Large
108739,2025-03-27,CUST01539,Alexandria,Coastal,Printer,Office Equipment,3,6256.0,15,18768.0,15952.8,2025-03,Large
108740,2025-10-12,CUST01540,Mansoura,Delta,Notebook Pack,Stationery,4,223.2,20,892.8,714.24,2025-10,Small
108741,2025-05-25,CUST01541,Tanta,Unknown,Laptop,Electronics,5,26790.0,0,133950.0,133950.0,2025-05,Large
108742,2025-12-10,CUST01542,Aswan,Unknown,Smartphone,Electronics,6,13775.0,5,82650.0,78517.5,2025-12,Large
108743,2025-07-23,CUST01543,Luxor,Unknown,Wireless Mouse,Accessories,7,432.0,10,3024.0,2721.6,2025-07,Medium
108744,2025-02-08,CUST01544,Port Said,Unknown,Keyboard,Accessories,8,824.5,15,6596.0,5606.6,2025-02,Medium
108745,2025-09-21,CUST01545,Cairo,Greater Cairo,Office Chair,Furniture,9,5096.0,20,45864.0,36691.2,2025-09,Large
108746,2025-04-06,CUST01546,Giza,Greater Cairo,Desk,Furniture,10,7326.0,0,73260.0,73260.0,2025-04,Large
108747,2025-11-19,CUST01547,Alexandria,Coastal,Headphones,Electronics,11,1800.0,5,19800.0,18810.0,2025-11,Large
108748,2025-06-04,CUST01548,Mansoura,Delta,Monitor,Electronics,12,9292.0,10,111504.0,100353.6,2025-06,Large
108749,2025-01-17,CUST01549,Tanta,Unknown,Printer,Office Equipment,1,6936.0,15,6936.0,5895.6,2025-01,Medium
108750,2025-08-02,CUST01550,Aswan,Unknown,Notebook Pack,Stationery,2,247.2,20,494.4,395.52,2025-08,Small
108751,2025-03-15,CUST01551,Luxor,Unknown,Laptop,Electronics,3,29640.0,0,88920.0,88920.0,2025-03,Large
108752,2025-10-28,CUST01552,Port Said,Unknown,Smartphone,Electronics,4,15225.0,5,60900.0,57855.0,2025-10,Large
108753,2025-05-13,CUST01553,Cairo,Greater Cairo,Wireless Mouse,Accessories,5,477.0,10,2385.0,2146.5,2025-05,Medium
108754,2025-12-26,CUST01554,Giza,Greater Cairo,Keyboard,Accessories,6,909.5,15,5457.0,4638.45,2025-12,Medium
108755,2025-07-11,CUST01555,Alexandria,Coastal,Office Chair,Furniture,7,5616.0,20,39312.0,31449.6,2025-07,Large
108756,2025-02-24,CUST01556,Mansoura,Delta,Desk,Furniture,8,8066.0,0,64528.0,64528.0,2025-02,Large
108757,2025-09-09,CUST01557,Tanta,Unknown,Headphones,Electronics,9,1980.0,5,17820.0,16929.0,2025-09,Large
108758,2025-04-22,CUST01558,Aswan,Unknown,Monitor,Electronics,10,8280.0,10,82800.0,74520.0,2025-04,Large
108759,2025-11-07,CUST01559,Luxor,Unknown,Printer,Office Equipment,11,6188.0,15,68068.0,57857.8,2025-11,Large
108760,2025-06-20,CUST01560,Port Said,Unknown,Notebook Pack,Stationery,12,220.8,20,2649.6,2119.68,2025-06,Medium
108761,2025-01-05,CUST01561,Cairo,Greater Cairo,Laptop,Electronics,1,26505.0,0,26505.0,26505.0,2025-01,Large
108762,2025-08-18,CUST01562,Giza,Greater Cairo,Smartphone,Electronics,2,13630.0,5,27260.0,25897.0,2025-08,Large
108763,2025-03-03,CUST01563,Alexandria,Coastal,Wireless Mouse,Accessories,3,427.5,10,1282.5,1154.25,2025-03,Medium
108764,2025-10-16,CUST01564,Mansoura,Delta,Keyboard,Accessories,4,816.0,15,3264.0,2774.4,2025-10,Medium
108765,2025-05-01,CUST01565,Tanta,Unknown,Office Chair,Furniture,5,5044.0,20,25220.0,20176.0,2025-05,Large
108766,2025-12-14,CUST01566,Aswan,Unknown,Desk,Furniture,6,7252.0,0,43512.0,43512.0,2025-12,Large
108767,2025-07-27,CUST01567,Luxor,Unknown,Headphones,Electronics,7,1782.0,5,12474.0,11850.3,2025-07,Large
108768,2025-02-12,CUST01568,Port Said,Unknown,Monitor,Electronics,8,9200.0,10,73600.0,66240.0,2025-02,Large
108769,2025-09-25,CUST01569,Cairo,Greater Cairo,Printer,Office Equipment,9,6868.0,15,61812.0,52540.2,2025-09,Large
108770,2025-04-10,CUST01570,Giza,Greater Cairo,Notebook Pack,Stationery,10,244.8,20,2448.0,1958.4,2025-04,Medium
108771,2025-11-23,CUST01571,Alexandria,Coastal,Laptop,Electronics,11,29355.0,0,322905.0,322905.0,2025-11,Large
108772,2025-06-08,CUST01572,Mansoura,Delta,Smartphone,Electronics,12,15080.0,5,180960.0,171912.0,2025-06,Large
108773,2025-01-21,CUST01573,Tanta,Unknown,Wireless Mouse,Accessories,1,472.5,10,472.5,425.25,2025-01,Small
108774,2025-08-06,CUST01574,Aswan,Unknown,Keyboard,Accessories,2,901.0,15,1802.0,1531.7,2025-08,Medium
108775,2025-03-19,CUST01575,Luxor,Unknown,Office Chair,Furniture,3,5564.0,20,16692.0,13353.6,2025-03,Large
108776,2025-10-04,CUST01576,Port Said,Unknown,Desk,Furniture,4,7992.0,0,31968.0,31968.0,2025-10,Large
108777,2025-05-17,CUST01577,Cairo,Greater Cairo,Headphones,Electronics,5,1962.0,5,9810.0,9319.5,2025-05,Medium
108778,2025-12-02,CUST01578,Giza,Greater Cairo,Monitor,Electronics,6,10120.0,10,60720.0,54648.0,2025-12,Large
108779,2025-07-15,CUST01579,Alexandria,Coastal,Printer,Office Equipment,7,6120.0,15,42840.0,36414.0,2025-07,Large
108780,2025-02-28,CUST01580,Mansoura,Delta,Notebook Pack,Stationery,8,218.4,20,1747.2,1397.76,2025-02,Medium
108781,2025-09-13,CUST01581,Tanta,Unknown,Laptop,Electronics,9,26220.0,0,235980.0,235980.0,2025-09,Large
108782,2025-04-26,CUST01582,Aswan,Unknown,Smartphone,Electronics,10,13485.0,5,134850.0,128107.5,2025-04,Large
108783,2025-11-11,CUST01583,Luxor,Unknown,Wireless Mouse,Accessories,11,423.0,10,4653.0,4187.7,2025-11,Medium
108784,2025-06-24,CUST01584,Port Said,Unknown,Keyboard,Accessories,12,807.5,15,9690.0,8236.5,2025-06,Medium
108785,2025-01-09,CUST01585,Cairo,Greater Cairo,Office Chair,Furniture,1,4992.0,20,4992.0,3993.6,2025-01,Medium
108786,2025-08-22,CUST01586,Giza,Greater Cairo,Desk,Furniture,2,7178.0,0,14356.0,14356.0,2025-08,Large
108787,2025-03-07,CUST01587,Alexandria,Coastal,Headphones,Electronics,3,1764.0,5,5292.0,5027.4,2025-03,Medium
108788,2025-10-20,CUST01588,Mansoura,Delta,Monitor,Electronics,4,9108.0,10,36432.0,32788.8,2025-10,Large
108789,2025-05-05,CUST01589,Tanta,Unknown,Printer,Office Equipment,5,6800.0,15,34000.0,28900.0,2025-05,Large
108790,2025-12-18,CUST01590,Aswan,Unknown,Notebook Pack,Stationery,6,242.4,20,1454.4,1163.52,2025-12,Medium
108791,2025-07-03,CUST01591,Luxor,Unknown,Laptop,Electronics,7,29070.0,0,203490.0,203490.0,2025-07,Large
108792,2025-02-16,CUST01592,Port Said,Unknown,Smartphone,Electronics,8,14935.0,5,119480.0,113506.0,2025-02,Large
108793,2025-09-01,CUST01593,Cairo,Greater Cairo,Wireless Mouse,Accessories,9,468.0,10,4212.0,3790.8,2025-09,Medium
108794,2025-04-14,CUST01594,Giza,Greater Cairo,Keyboard,Accessories,10,892.5,15,8925.0,7586.25,2025-04,Medium
108795,2025-11-27,CUST01595,Alexandria,Coastal,Office Chair,Furniture,11,5512.0,20,60632.0,48505.6,2025-11,Large
108796,2025-06-12,CUST01596,Mansoura,Delta,Desk,Furniture,12,7918.0,0,95016.0,95016.0,2025-06,Large
108797,2025-01-25,CUST01597,Tanta,Unknown,Headphones,Electronics,1,1944.0,5,1944.0,1846.8,2025-01,Medium
108798,2025-08-10,CUST01598,Aswan,Unknown,Monitor,Electronics,2,10028.0,10,20056.0,18050.4,2025-08,Large
108799,2025-03-23,CUST01599,Luxor,Unknown,Printer,Office Equipment,3,7480.0,15,22440.0,19074.0,2025-03,Large
108800,2025-10-08,CUST01600,Port Said,Unknown,Notebook Pack,Stationery,4,216.0,20,864.0,691.2,2025-10,Small
108801,2025-05-21,CUST01601,Cairo,Greater Cairo,Laptop,Electronics,5,25935.0,0,129675.0,129675.0,2025-05,Large
108802,2025-12-06,CUST01602,Giza,Greater Cairo,Smartphone,Electronics,6,13340.0,5,80040.0,76038.0,2025-12,Large
108803,2025-07-19,CUST01603,Alexandria,Coastal,Wireless Mouse,Accessories,7,418.5,10,2929.5,2636.55,2025-07,Medium
108804,2025-02-04,CUST01604,Mansoura,Delta,Keyboard,Accessories,8,799.0,15,6392.0,5433.2,2025-02,Medium
108805,2025-09-17,CUST01605,Tanta,Unknown,Office Chair,Furniture,9,4940.0,20,44460.0,35568.0,2025-09,Large
108806,2025-04-02,CUST01606,Aswan,Unknown,Desk,Furniture,10,7104.0,0,71040.0,71040.0,2025-04,Large
108807,2025-11-15,CUST01607,Luxor,Unknown,Headphones,Electronics,11,1746.0,5,19206.0,18245.7,2025-11,Large
108808,2025-06-28,CUST01608,Port Said,Unknown,Monitor,Electronics,12,9016.0,10,108192.0,97372.8,2025-06,Large
108809,2025-01-13,CUST01609,Cairo,Greater Cairo,Printer,Office Equipment,1,6732.0,15,6732.0,5722.2,2025-01,Medium
108810,2025-08-26,CUST01610,Giza,Greater Cairo,Notebook Pack,Stationery,2,240.0,20,480.0,384.0,2025-08,Small
108811,2025-03-11,CUST01611,Alexandria,Coastal,Laptop,Electronics,3,28785.0,0,86355.0,86355.0,2025-03,Large
108812,2025-10-24,CUST01612,Mansoura,Delta,Smartphone,Electronics,4,14790.0,5,59160.0,56202.0,2025-10,Large
108813,2025-05-09,CUST01613,Tanta,Unknown,Wireless Mouse,Accessories,5,463.5,10,2317.5,2085.75,2025-05,Medium
108814,2025-12-22,CUST01614,Aswan,Unknown,Keyboard,Accessories,6,884.0,15,5304.0,4508.4,2025-12,Medium
108815,2025-07-07,CUST01615,Luxor,Unknown,Office Chair,Furniture,7,5460.0,20,38220.0,30576.0,2025-07,Large
108816,2025-02-20,CUST01616,Port Said,Unknown,Desk,Furniture,8,7844.0,0,62752.0,62752.0,2025-02,Large
108817,2025-09-05,CUST01617,Cairo,Greater Cairo,Headphones,Electronics,9,1926.0,5,17334.0,16467.3,2025-09,Large
108818,2025-04-18,CUST01618,Giza,Greater Cairo,Monitor,Electronics,10,9936.0,10,99360.0,89424.0,2025-04,Large
108819,2025-11-03,CUST01619,Alexandria,Coastal,Printer,Office Equipment,11,7412.0,15,81532.0,69302.2,2025-11,Large
108820,2025-06-16,CUST01620,Mansoura,Delta,Notebook Pack,Stationery,12,264.0,20,3168.0,2534.4,2025-06,Medium
108821,2025-01-01,CUST01621,Tanta,Unknown,Laptop,Electronics,1,25650.0,0,25650.0,25650.0,2025-01,Large
108822,2025-08-14,CUST01622,Aswan,Unknown,Smartphone,Electronics,2,13195.0,5,26390.0,25070.5,2025-08,Large
108823,2025-03-27,CUST01623,Luxor,Unknown,Wireless Mouse,Accessories,3,414.0,10,1242.0,1117.8,2025-03,Medium
108824,2025-10-12,CUST01624,Port Said,Unknown,Keyboard,Accessories,4,790.5,15,3162.0,2687.7,2025-10,Medium
108825,2025-05-25,CUST01625,Cairo,Greater Cairo,Office Chair,Furniture,5,4888.0,20,24440.0,19552.0,2025-05,Large
108826,2025-12-10,CUST01626,Giza,Greater Cairo,Desk,Furniture,6,7030.0,0,42180.0,42180.0,2025-12,Large
108827,2025-07-23,CUST01627,Alexandria,Coastal,Headphones,Electronics,7,1728.0,5,12096.0,11491.2,2025-07,Large
108828,2025-02-08,CUST01628,Unknown,Unknown,Monitor,Electronics,8,8924.0,10,71392.0,64252.8,2025-02,Large
108829,2025-09-21,CUST01629,Tanta,Unknown,Printer,Office Equipment,9,6664.0,15,59976.0,50979.6,2025-09,Large
108830,2025-04-06,CUST01630,Aswan,Unknown,Notebook Pack,Stationery,10,237.6,20,2376.0,1900.8,2025-04,Medium
108831,2025-11-19,CUST01631,Luxor,Unknown,Laptop,Electronics,11,28500.0,0,313500.0,313500.0,2025-11,Large
108832,2025-06-04,CUST01632,Port Said,Unknown,Smartphone,Electronics,12,14645.0,5,175740.0,166953.0,2025-06,Large
108833,2025-01-17,CUST01633,Cairo,Greater Cairo,Wireless Mouse,Accessories,1,459.0,10,459.0,413.1,2025-01,Small
108834,2025-08-02,CUST01634,Giza,Greater Cairo,Keyboard,Accessories,2,875.5,15,1751.0,1488.35,2025-08,Medium
108835,2025-03-15,CUST01635,Alexandria,Coastal,Office Chair,Furniture,3,5408.0,20,16224.0,12979.2,2025-03,Large
108836,2025-10-28,CUST01636,Mansoura,Delta,Desk,Furniture,4,7770.0,0,31080.0,31080.0,2025-10,Large
108837,2025-05-13,CUST01637,Tanta,Unknown,Headphones,Electronics,5,1908.0,5,9540.0,9063.0,2025-05,Medium
108838,2025-12-26,CUST01638,Aswan,Unknown,Monitor,Electronics,6,9844.0,10,59064.0,53157.6,2025-12,Large
108839,2025-07-11,CUST01639,Luxor,Unknown,Printer,Office Equipment,7,7344.0,15,51408.0,43696.8,2025-07,Large
108840,2025-02-24,CUST01640,Port Said,Unknown,Notebook Pack,Stationery,8,261.6,20,2092.8,1674.24,2025-02,Medium
108841,2025-09-09,CUST01641,Cairo,Greater Cairo,Laptop,Electronics,9,31350.0,0,282150.0,282150.0,2025-09,Large
108842,2025-04-22,CUST01642,Giza,Greater Cairo,Smartphone,Electronics,10,13050.0,5,130500.0,123975.0,2025-04,Large
108843,2025-11-07,CUST01643,Alexandria,Coastal,Wireless Mouse,Accessories,11,409.5,10,4504.5,4054.05,2025-11,Medium
108844,2025-06-20,CUST01644,Mansoura,Delta,Keyboard,Accessories,12,782.0,15,9384.0,7976.4,2025-06,Medium
108845,2025-01-05,CUST01645,Tanta,Unknown,Office Chair,Furniture,1,4836.0,20,4836.0,3868.8,2025-01,Medium
108846,2025-08-18,CUST01646,Aswan,Unknown,Desk,Furniture,2,6956.0,0,13912.0,13912.0,2025-08,Large
108847,2025-03-03,CUST01647,Luxor,Unknown,Headphones,Electronics,3,1710.0,5,5130.0,4873.5,2025-03,Medium
108848,2025-10-16,CUST01648,Port Said,Unknown,Monitor,Electronics,4,8832.0,10,35328.0,31795.2,2025-10,Large
108849,2025-05-01,CUST01649,Cairo,Greater Cairo,Printer,Office Equipment,5,6596.0,15,32980.0,28033.0,2025-05,Large
108850,2025-12-14,CUST01650,Giza,Greater Cairo,Notebook Pack,Stationery,6,235.2,20,1411.2,1128.96,2025-12,Medium
108851,2025-07-27,CUST01651,Alexandria,Coastal,Laptop,Electronics,7,28215.0,0,197505.0,197505.0,2025-07,Large
108852,2025-02-12,CUST01652,Mansoura,Delta,Smartphone,Electronics,8,14500.0,5,116000.0,110200.0,2025-02,Large
108853,2025-09-25,CUST01653,Tanta,Unknown,Wireless Mouse,Accessories,9,454.5,10,4090.5,3681.45,2025-09,Medium
108854,2025-04-10,CUST01654,Aswan,Unknown,Keyboard,Accessories,10,867.0,15,8670.0,7369.5,2025-04,Medium
108855,2025-11-23,CUST01655,Luxor,Unknown,Office Chair,Furniture,11,5356.0,20,58916.0,47132.8,2025-11,Large
108856,2025-06-08,CUST01656,Port Said,Unknown,Desk,Furniture,12,7696.0,0,92352.0,92352.0,2025-06,Large
108857,2025-01-21,CUST01657,Cairo,Greater Cairo,Headphones,Electronics,1,1890.0,5,1890.0,1795.5,2025-01,Medium
108858,2025-08-06,CUST01658,Giza,Greater Cairo,Monitor,Electronics,2,9752.0,10,19504.0,17553.6,2025-08,Large
108859,2025-03-19,CUST01659,Alexandria,Coastal,Printer,Office Equipment,3,7276.0,15,21828.0,18553.8,2025-03,Large
108860,2025-10-04,CUST01660,Mansoura,Delta,Notebook Pack,Stationery,4,259.2,20,1036.8,829.44,2025-10,Small
108861,2025-05-17,CUST01661,Tanta,Unknown,Laptop,Electronics,5,31065.0,0,155325.0,155325.0,2025-05,Large
108862,2025-12-02,CUST01662,Aswan,Unknown,Smartphone,Electronics,6,15950.0,5,95700.0,90915.0,2025-12,Large
108863,2025-07-15,CUST01663,Luxor,Unknown,Wireless Mouse,Accessories,7,405.0,10,2835.0,2551.5,2025-07,Medium
108864,2025-02-28,CUST01664,Port Said,Unknown,Keyboard,Accessories,8,773.5,15,6188.0,5259.8,2025-02,Medium
108865,2025-09-13,CUST01665,Cairo,Greater Cairo,Office Chair,Furniture,9,4784.0,20,43056.0,34444.8,2025-09,Large
108866,2025-04-26,CUST01666,Giza,Greater Cairo,Desk,Furniture,10,6882.0,0,68820.0,68820.0,2025-04,Large
108867,2025-11-11,CUST01667,Alexandria,Coastal,Headphones,Electronics,11,1692.0,5,18612.0,17681.4,2025-11,Large
108868,2025-06-24,CUST01668,Mansoura,Delta,Monitor,Electronics,12,8740.0,10,104880.0,94392.0,2025-06,Large
108869,2025-01-09,CUST01669,Tanta,Unknown,Printer,Office Equipment,1,6528.0,15,6528.0,5548.8,2025-01,Medium
108870,2025-08-22,CUST01670,Aswan,Unknown,Notebook Pack,Stationery,2,232.8,0,465.6,465.6,2025-08,Small
108871,2025-03-07,CUST01671,Luxor,Unknown,Laptop,Electronics,3,27930.0,0,83790.0,83790.0,2025-03,Large
108872,2025-10-20,CUST01672,Port Said,Unknown,Smartphone,Electronics,4,14355.0,5,57420.0,54549.0,2025-10,Large
108873,2025-05-05,CUST01673,Cairo,Greater Cairo,Wireless Mouse,Accessories,5,450.0,10,2250.0,2025.0,2025-05,Medium
108874,2025-12-18,CUST01674,Giza,Greater Cairo,Keyboard,Accessories,6,858.5,15,5151.0,4378.35,2025-12,Medium
108875,2025-07-03,CUST01675,Alexandria,Coastal,Office Chair,Furniture,7,5304.0,20,37128.0,29702.4,2025-07,Large
108876,2025-02-16,CUST01676,Mansoura,Delta,Desk,Furniture,8,7622.0,0,60976.0,60976.0,2025-02,Large
108877,2025-09-01,CUST01677,Tanta,Unknown,Headphones,Electronics,9,1872.0,5,16848.0,16005.6,2025-09,Large
108878,2025-04-14,CUST01678,Aswan,Unknown,Monitor,Electronics,10,9660.0,10,96600.0,86940.0,2025-04,Large
108879,2025-11-27,CUST01679,Luxor,Unknown,Printer,Office Equipment,11,7208.0,15,79288.0,67394.8,2025-11,Large
108880,2025-06-12,CUST01680,Port Said,Unknown,Notebook Pack,Stationery,12,256.8,20,3081.6,2465.28,2025-06,Medium
108881,2025-01-25,CUST01681,Cairo,Greater Cairo,Laptop,Electronics,1,30780.0,0,30780.0,30780.0,2025-01,Large
108882,2025-08-10,CUST01682,Giza,Greater Cairo,Smartphone,Electronics,2,15805.0,5,31610.0,30029.5,2025-08,Large
108883,2025-03-23,CUST01683,Alexandria,Coastal,Wireless Mouse,Accessories,3,495.0,10,1485.0,1336.5,2025-03,Medium
108884,2025-10-08,CUST01684,Mansoura,Delta,Keyboard,Accessories,4,765.0,15,3060.0,2601.0,2025-10,Medium
108885,2025-05-21,CUST01685,Tanta,Unknown,Office Chair,Furniture,5,4732.0,20,23660.0,18928.0,2025-05,Large
108886,2025-12-06,CUST01686,Aswan,Unknown,Desk,Furniture,6,6808.0,0,40848.0,40848.0,2025-12,Large
108887,2025-07-19,CUST01687,Luxor,Unknown,Headphones,Electronics,7,1674.0,5,11718.0,11132.1,2025-07,Large
108888,2025-02-04,CUST01688,Port Said,Unknown,Monitor,Electronics,8,8648.0,10,69184.0,62265.6,2025-02,Large
108889,2025-09-17,CUST01689,Cairo,Greater Cairo,Printer,Office Equipment,9,6460.0,15,58140.0,49419.0,2025-09,Large
108890,2025-04-02,CUST01690,Giza,Greater Cairo,Notebook Pack,Stationery,10,230.4,20,2304.0,1843.2,2025-04,Medium
108891,2025-11-15,CUST01691,Alexandria,Coastal,Laptop,Electronics,11,27645.0,0,304095.0,304095.0,2025-11,Large
108892,2025-06-28,CUST01692,Mansoura,Delta,Smartphone,Electronics,12,14210.0,5,170520.0,161994.0,2025-06,Large
108893,2025-01-13,CUST01693,Tanta,Unknown,Wireless Mouse,Accessories,1,445.5,10,445.5,400.95,2025-01,Small
108894,2025-08-26,CUST01694,Aswan,Unknown,Keyboard,Accessories,2,850.0,15,1700.0,1445.0,2025-08,Medium
108895,2025-03-11,CUST01695,Luxor,Unknown,Office Chair,Furniture,3,5252.0,20,15756.0,12604.8,2025-03,Large
108896,2025-10-24,CUST01696,Port Said,Unknown,Desk,Furniture,4,7548.0,0,30192.0,30192.0,2025-10,Large
108897,2025-05-09,CUST01697,Cairo,Greater Cairo,Headphones,Electronics,5,1854.0,5,9270.0,8806.5,2025-05,Medium
108898,2025-12-22,CUST01698,Giza,Greater Cairo,Monitor,Electronics,6,9568.0,10,57408.0,51667.2,2025-12,Large
108899,2025-07-07,CUST01699,Alexandria,Coastal,Printer,Office Equipment,7,7140.0,15,49980.0,42483.0,2025-07,Large
108900,2025-02-20,CUST01700,Mansoura,Delta,Notebook Pack,Stationery,8,254.4,20,2035.2,1628.16,2025-02,Medium
108901,2025-09-05,CUST01701,Tanta,Unknown,Laptop,Electronics,9,30495.0,0,274455.0,274455.0,2025-09,Large
108902,2025-04-18,CUST01702,Aswan,Unknown,Smartphone,Electronics,10,15660.0,5,156600.0,148770.0,2025-04,Large
108903,2025-11-03,CUST01703,Luxor,Unknown,Wireless Mouse,Accessories,11,490.5,10,5395.5,4855.95,2025-11,Medium
108904,2025-06-16,CUST01704,Port Said,Unknown,Keyboard,Accessories,12,935.0,15,11220.0,9537.0,2025-06,Medium
108905,2025-01-01,CUST01705,Cairo,Greater Cairo,Office Chair,Furniture,1,4680.0,20,4680.0,3744.0,2025-01,Medium
108906,2025-08-14,CUST01706,Giza,Greater Cairo,Desk,Furniture,2,6734.0,0,13468.0,13468.0,2025-08,Large
108907,2025-03-27,CUST01707,Alexandria,Coastal,Headphones,Electronics,3,1656.0,5,4968.0,4719.6,2025-03,Medium
108908,2025-10-12,CUST01708,Mansoura,Delta,Monitor,Electronics,4,8556.0,10,34224.0,30801.6,2025-10,Large
108909,2025-05-25,CUST01709,Tanta,Unknown,Printer,Office Equipment,5,6392.0,15,31960.0,27166.0,2025-05,Large
108910,2025-12-10,CUST01710,Aswan,Unknown,Notebook Pack,Stationery,6,228.0,20,1368.0,1094.4,2025-12,Medium
108911,2025-07-23,CUST01711,Luxor,Unknown,Laptop,Electronics,7,27360.0,0,191520.0,191520.0,2025-07,Large
108912,2025-02-08,CUST01712,Port Said,Unknown,Smartphone,Electronics,8,14065.0,5,112520.0,106894.0,2025-02,Large
108913,2025-09-21,CUST01713,Cairo,Greater Cairo,Wireless Mouse,Accessories,9,441.0,10,3969.0,3572.1,2025-09,Medium
108914,2025-04-06,CUST01714,Giza,Greater Cairo,Keyboard,Accessories,10,841.5,15,8415.0,7152.75,2025-04,Medium
108915,2025-11-19,CUST01715,Alexandria,Coastal,Office Chair,Furniture,11,5200.0,20,57200.0,45760.0,2025-11,Large
108916,2025-06-04,CUST01716,Mansoura,Delta,Desk,Furniture,12,7474.0,0,89688.0,89688.0,2025-06,Large
108917,2025-01-17,CUST01717,Tanta,Unknown,Headphones,Electronics,1,1836.0,5,1836.0,1744.2,2025-01,Medium
108918,2025-08-02,CUST01718,Aswan,Unknown,Monitor,Electronics,2,9476.0,10,18952.0,17056.8,2025-08,Large
108919,2025-03-15,CUST01719,Luxor,Unknown,Printer,Office Equipment,3,7072.0,15,21216.0,18033.6,2025-03,Large
108920,2025-10-28,CUST01720,Port Said,Unknown,Notebook Pack,Stationery,4,252.0,20,1008.0,806.4,2025-10,Small
108921,2025-05-13,CUST01721,Cairo,Greater Cairo,Laptop,Electronics,5,30210.0,0,151050.0,151050.0,2025-05,Large
108922,2025-12-26,CUST01722,Giza,Greater Cairo,Smartphone,Electronics,6,15515.0,5,93090.0,88435.5,2025-12,Large
108923,2025-07-11,CUST01723,Alexandria,Coastal,Wireless Mouse,Accessories,7,486.0,10,3402.0,3061.8,2025-07,Medium
108924,2025-02-24,CUST01724,Mansoura,Delta,Keyboard,Accessories,8,926.5,15,7412.0,6300.2,2025-02,Medium
108925,2025-09-09,CUST01725,Unknown,Unknown,Office Chair,Furniture,9,5720.0,20,51480.0,41184.0,2025-09,Large
108926,2025-04-22,CUST01726,Aswan,Unknown,Desk,Furniture,10,6660.0,0,66600.0,66600.0,2025-04,Large
108927,2025-11-07,CUST01727,Luxor,Unknown,Headphones,Electronics,11,1638.0,5,18018.0,17117.1,2025-11,Large
108928,2025-06-20,CUST01728,Port Said,Unknown,Monitor,Electronics,12,8464.0,10,101568.0,91411.2,2025-06,Large
108929,2025-01-05,CUST01729,Cairo,Greater Cairo,Printer,Office Equipment,1,6324.0,15,6324.0,5375.4,2025-01,Medium
108930,2025-08-18,CUST01730,Giza,Greater Cairo,Notebook Pack,Stationery,2,225.6,20,451.2,360.96,2025-08,Small
108931,2025-03-03,CUST01731,Alexandria,Coastal,Laptop,Electronics,3,27075.0,0,81225.0,81225.0,2025-03,Large
108932,2025-10-16,CUST01732,Mansoura,Delta,Smartphone,Electronics,4,13920.0,5,55680.0,52896.0,2025-10,Large
108933,2025-05-01,CUST01733,Tanta,Unknown,Wireless Mouse,Accessories,5,436.5,10,2182.5,1964.25,2025-05,Medium
108934,2025-12-14,CUST01734,Aswan,Unknown,Keyboard,Accessories,6,833.0,15,4998.0,4248.3,2025-12,Medium
108935,2025-07-27,CUST01735,Luxor,Unknown,Office Chair,Furniture,7,5148.0,20,36036.0,28828.8,2025-07,Large
108936,2025-02-12,CUST01736,Port Said,Unknown,Desk,Furniture,8,7400.0,0,59200.0,59200.0,2025-02,Large
108937,2025-09-25,CUST01737,Cairo,Greater Cairo,Headphones,Electronics,9,1818.0,5,16362.0,15543.9,2025-09,Large
108938,2025-04-10,CUST01738,Giza,Greater Cairo,Monitor,Electronics,10,9384.0,10,93840.0,84456.0,2025-04,Large
108939,2025-11-23,CUST01739,Alexandria,Coastal,Printer,Office Equipment,11,7004.0,15,77044.0,65487.4,2025-11,Large
108940,2025-06-08,CUST01740,Mansoura,Delta,Notebook Pack,Stationery,12,249.6,20,2995.2,2396.16,2025-06,Medium
108941,2025-01-21,CUST01741,Tanta,Unknown,Laptop,Electronics,1,29925.0,0,29925.0,29925.0,2025-01,Large
108942,2025-08-06,CUST01742,Aswan,Unknown,Smartphone,Electronics,2,15370.0,5,30740.0,29203.0,2025-08,Large
108943,2025-03-19,CUST01743,Luxor,Unknown,Wireless Mouse,Accessories,3,481.5,10,1444.5,1300.05,2025-03,Medium
108944,2025-10-04,CUST01744,Port Said,Unknown,Keyboard,Accessories,4,918.0,15,3672.0,3121.2,2025-10,Medium
108945,2025-05-17,CUST01745,Cairo,Greater Cairo,Office Chair,Furniture,5,5668.0,20,28340.0,22672.0,2025-05,Large
108946,2025-12-02,CUST01746,Giza,Greater Cairo,Desk,Furniture,6,8140.0,0,48840.0,48840.0,2025-12,Large
108947,2025-07-15,CUST01747,Alexandria,Coastal,Headphones,Electronics,7,1620.0,5,11340.0,10773.0,2025-07,Large
108948,2025-02-28,CUST01748,Mansoura,Delta,Monitor,Electronics,8,8372.0,10,66976.0,60278.4,2025-02,Large
108949,2025-09-13,CUST01749,Tanta,Unknown,Printer,Office Equipment,9,6256.0,15,56304.0,47858.4,2025-09,Large
108950,2025-04-26,CUST01750,Aswan,Unknown,Notebook Pack,Stationery,10,223.2,20,2232.0,1785.6,2025-04,Medium
108951,2025-11-11,CUST01751,Luxor,Unknown,Laptop,Electronics,11,26790.0,0,294690.0,294690.0,2025-11,Large
108952,2025-06-24,CUST01752,Port Said,Unknown,Smartphone,Electronics,12,13775.0,5,165300.0,157035.0,2025-06,Large
108953,2025-01-09,CUST01753,Cairo,Greater Cairo,Wireless Mouse,Accessories,1,432.0,10,432.0,388.8,2025-01,Small
108954,2025-08-22,CUST01754,Giza,Greater Cairo,Keyboard,Accessories,2,824.5,15,1649.0,1401.65,2025-08,Medium
108955,2025-03-07,CUST01755,Alexandria,Coastal,Office Chair,Furniture,3,5096.0,20,15288.0,12230.4,2025-03,Large
108956,2025-10-20,CUST01756,Mansoura,Delta,Desk,Furniture,4,7326.0,0,29304.0,29304.0,2025-10,Large
108957,2025-05-05,CUST01757,Tanta,Unknown,Headphones,Electronics,5,1800.0,5,9000.0,8550.0,2025-05,Medium
108958,2025-12-18,CUST01758,Aswan,Unknown,Monitor,Electronics,6,9292.0,10,55752.0,50176.8,2025-12,Large
108959,2025-07-03,CUST01759,Luxor,Unknown,Printer,Office Equipment,7,6936.0,15,48552.0,41269.2,2025-07,Large
108960,2025-02-16,CUST01760,Port Said,Unknown,Notebook Pack,Stationery,8,247.2,20,1977.6,1582.08,2025-02,Medium
108961,2025-09-01,CUST01761,Cairo,Greater Cairo,Laptop,Electronics,9,29640.0,0,266760.0,266760.0,2025-09,Large
108962,2025-04-14,CUST01762,Giza,Greater Cairo,Smartphone,Electronics,10,15225.0,5,152250.0,144637.5,2025-04,Large
108963,2025-11-27,CUST01763,Alexandria,Coastal,Wireless Mouse,Accessories,11,477.0,10,5247.0,4722.3,2025-11,Medium
108964,2025-06-12,CUST01764,Mansoura,Delta,Keyboard,Accessories,12,909.5,15,10914.0,9276.9,2025-06,Medium
108965,2025-01-25,CUST01765,Tanta,Unknown,Office Chair,Furniture,1,5616.0,20,5616.0,4492.8,2025-01,Medium
108966,2025-08-10,CUST01766,Aswan,Unknown,Desk,Furniture,2,8066.0,0,16132.0,16132.0,2025-08,Large
108967,2025-03-23,CUST01767,Luxor,Unknown,Headphones,Electronics,3,1980.0,5,5940.0,5643.0,2025-03,Medium
108968,2025-10-08,CUST01768,Port Said,Unknown,Monitor,Electronics,4,8280.0,10,33120.0,29808.0,2025-10,Large
108969,2025-05-21,CUST01769,Cairo,Greater Cairo,Printer,Office Equipment,5,6188.0,15,30940.0,26299.0,2025-05,Large
108970,2025-12-06,CUST01770,Giza,Greater Cairo,Notebook Pack,Stationery,6,220.8,20,1324.8,1059.84,2025-12,Medium
108971,2025-07-19,CUST01771,Alexandria,Coastal,Laptop,Electronics,7,26505.0,0,185535.0,185535.0,2025-07,Large
108972,2025-02-04,CUST01772,Mansoura,Delta,Smartphone,Electronics,8,13630.0,5,109040.0,103588.0,2025-02,Large
108973,2025-09-17,CUST01773,Tanta,Unknown,Wireless Mouse,Accessories,9,427.5,10,3847.5,3462.75,2025-09,Medium
108974,2025-04-02,CUST01774,Aswan,Unknown,Keyboard,Accessories,10,816.0,15,8160.0,6936.0,2025-04,Medium
108975,2025-11-15,CUST01775,Luxor,Unknown,Office Chair,Furniture,11,5044.0,20,55484.0,44387.2,2025-11,Large
108976,2025-06-28,CUST01776,Port Said,Unknown,Desk,Furniture,12,7252.0,0,87024.0,87024.0,2025-06,Large
108977,2025-01-13,CUST01777,Cairo,Greater Cairo,Headphones,Electronics,1,1782.0,5,1782.0,1692.9,2025-01,Medium
108978,2025-08-26,CUST01778,Giza,Greater Cairo,Monitor,Electronics,2,9200.0,10,18400.0,16560.0,2025-08,Large
108979,2025-03-11,CUST01779,Alexandria,Coastal,Printer,Office Equipment,3,6868.0,15,20604.0,17513.4,2025-03,Large
108980,2025-10-24,CUST01780,Mansoura,Delta,Notebook Pack,Stationery,4,244.8,20,979.2,783.36,2025-10,Small
108981,2025-05-09,CUST01781,Tanta,Unknown,Laptop,Electronics,5,29355.0,0,146775.0,146775.0,2025-05,Large
108982,2025-12-22,CUST01782,Aswan,Unknown,Smartphone,Electronics,6,15080.0,5,90480.0,85956.0,2025-12,Large
108983,2025-07-07,CUST01783,Luxor,Unknown,Wireless Mouse,Accessories,7,472.5,10,3307.5,2976.75,2025-07,Medium
108984,2025-02-20,CUST01784,Port Said,Unknown,Keyboard,Accessories,8,901.0,15,7208.0,6126.8,2025-02,Medium
108985,2025-09-05,CUST01785,Cairo,Greater Cairo,Office Chair,Furniture,9,5564.0,20,50076.0,40060.8,2025-09,Large
108986,2025-04-18,CUST01786,Giza,Greater Cairo,Desk,Furniture,10,7992.0,0,79920.0,79920.0,2025-04,Large
108987,2025-11-03,CUST01787,Alexandria,Coastal,Headphones,Electronics,11,1962.0,5,21582.0,20502.9,2025-11,Large
108988,2025-06-16,CUST01788,Mansoura,Delta,Monitor,Electronics,12,10120.0,10,121440.0,109296.0,2025-06,Large
108989,2025-01-01,CUST01789,Tanta,Unknown,Printer,Office Equipment,1,6120.0,15,6120.0,5202.0,2025-01,Medium
108990,2025-08-14,CUST01790,Aswan,Unknown,Notebook Pack,Stationery,2,218.4,20,436.8,349.44,2025-08,Small
108991,2025-03-27,CUST01791,Luxor,Unknown,Laptop,Electronics,3,26220.0,0,78660.0,78660.0,2025-03,Large
108992,2025-10-12,CUST01792,Port Said,Unknown,Smartphone,Electronics,4,13485.0,5,53940.0,51243.0,2025-10,Large
108993,2025-05-25,CUST01793,Cairo,Greater Cairo,Wireless Mouse,Accessories,5,423.0,10,2115.0,1903.5,2025-05,Medium
108994,2025-12-10,CUST01794,Giza,Greater Cairo,Keyboard,Accessories,6,807.5,15,4845.0,4118.25,2025-12,Medium
108995,2025-07-23,CUST01795,Alexandria,Coastal,Office Chair,Furniture,7,4992.0,20,34944.0,27955.2,2025-07,Large
108996,2025-02-08,CUST01796,Mansoura,Delta,Desk,Furniture,8,7178.0,0,57424.0,57424.0,2025-02,Large
108997,2025-09-21,CUST01797,Tanta,Unknown,Headphones,Electronics,9,1764.0,5,15876.0,15082.2,2025-09,Large
108998,2025-04-06,CUST01798,Aswan,Unknown,Monitor,Electronics,10,9108.0,10,91080.0,81972.0,2025-04,Large
108999,2025-11-19,CUST01799,Luxor,Unknown,Printer,Office Equipment,11,6800.0,15,74800.0,63580.0,2025-11,Large
109000,2025-06-04,CUST01800,Port Said,Unknown,Notebook Pack,Stationery,12,242.4,20,2908.8,2327.04,2025-06,Medium
109001,2025-01-17,CUST00001,Cairo,Greater Cairo,Laptop,Electronics,1,29070.0,0,29070.0,29070.0,2025-01,Large
109002,2025-08-02,CUST00002,Giza,Greater Cairo,Smartphone,Electronics,2,14935.0,5,29870.0,28376.5,2025-08,Large
109003,2025-03-15,CUST00003,Alexandria,Coastal,Wireless Mouse,Accessories,3,468.0,10,1404.0,1263.6,2025-03,Medium
109004,2025-10-28,CUST00004,Mansoura,Delta,Keyboard,Accessories,4,892.5,15,3570.0,3034.5,2025-10,Medium
109005,2025-05-13,CUST00005,Tanta,Unknown,Office Chair,Furniture,5,5512.0,20,27560.0,22048.0,2025-05,Large
109006,2026-12-26,CUST00006,Aswan,Unknown,Desk,Furniture,6,7918.0,0,47508.0,47508.0,2026-12,Large
109007,2026-07-11,CUST00007,Luxor,Unknown,Headphones,Electronics,7,1944.0,5,13608.0,12927.6,2026-07,Large
109008,2026-02-24,CUST00008,Port Said,Unknown,Monitor,Electronics,8,10028.0,10,80224.0,72201.6,2026-02,Large
109009,2026-09-09,CUST00009,Cairo,Greater Cairo,Printer,Office Equipment,9,7480.0,15,67320.0,57222.0,2026-09,Large
109010,2026-04-22,CUST00010,Giza,Greater Cairo,Notebook Pack,Stationery,10,216.0,20,2160.0,1728.0,2026-04,Medium
109011,2026-11-07,CUST00011,Alexandria,Coastal,Laptop,Electronics,11,25935.0,0,285285.0,285285.0,2026-11,Large
109012,2026-06-20,CUST00012,Mansoura,Delta,Smartphone,Electronics,12,13340.0,5,160080.0,152076.0,2026-06,Large
109013,2026-01-05,CUST00013,Tanta,Unknown,Wireless Mouse,Accessories,1,418.5,10,418.5,376.65,2026-01,Small
109014,2026-08-18,CUST00014,Aswan,Unknown,Keyboard,Accessories,2,799.0,15,1598.0,1358.3,2026-08,Medium
109015,2026-03-03,CUST00015,Luxor,Unknown,Office Chair,Furniture,3,4940.0,20,14820.0,11856.0,2026-03,Large
109016,2026-10-16,CUST00016,Port Said,Unknown,Desk,Furniture,4,7104.0,0,28416.0,28416.0,2026-10,Large
109017,2026-05-01,CUST00017,Cairo,Greater Cairo,Headphones,Electronics,5,1746.0,5,8730.0,8293.5,2026-05,Medium
109018,2026-12-14,CUST00018,Giza,Greater Cairo,Monitor,Electronics,6,9016.0,10,54096.0,48686.4,2026-12,Large
109019,2026-07-27,CUST00019,Alexandria,Coastal,Printer,Office Equipment,7,6732.0,15,47124.0,40055.4,2026-07,Large
109020,2026-02-12,CUST00020,Mansoura,Delta,Notebook Pack,Stationery,8,240.0,20,1920.0,1536.0,2026-02,Medium
109021,2026-09-25,CUST00021,Tanta,Unknown,Laptop,Electronics,9,28785.0,0,259065.0,259065.0,2026-09,Large
109022,2026-04-10,CUST00022,Unknown,Unknown,Smartphone,Electronics,10,14790.0,5,147900.0,140505.0,2026-04,Large
109023,2026-11-23,CUST00023,Luxor,Unknown,Wireless Mouse,Accessories,11,463.5,10,5098.5,4588.65,2026-11,Medium
109024,2026-06-08,CUST00024,Port Said,Unknown,Keyboard,Accessories,12,884.0,15,10608.0,9016.8,2026-06,Medium
109025,2026-01-21,CUST00025,Cairo,Greater Cairo,Office Chair,Furniture,1,5460.0,20,5460.0,4368.0,2026-01,Medium
109026,2026-08-06,CUST00026,Giza,Greater Cairo,Desk,Furniture,2,7844.0,0,15688.0,15688.0,2026-08,Large
109027,2026-03-19,CUST00027,Alexandria,Coastal,Headphones,Electronics,3,1926.0,5,5778.0,5489.1,2026-03,Medium
109028,2026-10-04,CUST00028,Mansoura,Delta,Monitor,Electronics,4,9936.0,10,39744.0,35769.6,2026-10,Large
109029,2026-05-17,CUST00029,Tanta,Unknown,Printer,Office Equipment,5,7412.0,15,37060.0,31501.0,2026-05,Large
109030,2026-12-02,CUST00030,Aswan,Unknown,Notebook Pack,Stationery,6,264.0,20,1584.0,1267.2,2026-12,Medium
109031,2026-07-15,CUST00031,Luxor,Unknown,Laptop,Electronics,7,25650.0,0,179550.0,179550.0,2026-07,Large
109032,2026-02-28,CUST00032,Port Said,Unknown,Smartphone,Electronics,8,13195.0,5,105560.0,100282.0,2026-02,Large
109033,2026-09-13,CUST00033,Cairo,Greater Cairo,Wireless Mouse,Accessories,9,414.0,10,3726.0,3353.4,2026-09,Medium
109034,2026-04-26,CUST00034,Giza,Greater Cairo,Keyboard,Accessories,10,790.5,15,7905.0,6719.25,2026-04,Medium
109035,2026-11-11,CUST00035,Alexandria,Coastal,Office Chair,Furniture,11,4888.0,20,53768.0,43014.4,2026-11,Large
109036,2026-06-24,CUST00036,Mansoura,Delta,Desk,Furniture,12,7030.0,0,84360.0,84360.0,2026-06,Large
109037,2026-01-09,CUST00037,Tanta,Unknown,Headphones,Electronics,1,1728.0,5,1728.0,1641.6,2026-01,Medium
109038,2026-08-22,CUST00038,Aswan,Unknown,Monitor,Electronics,2,8924.0,10,17848.0,16063.2,2026-08,Large
109039,2026-03-07,CUST00039,Luxor,Unknown,Printer,Office Equipment,3,6664.0,15,19992.0,16993.2,2026-03,Large
109040,2026-10-20,CUST00040,Port Said,Unknown,Notebook Pack,Stationery,4,237.6,20,950.4,760.32,2026-10,Small
109041,2026-05-05,CUST00041,Cairo,Greater Cairo,Laptop,Electronics,5,28500.0,0,142500.0,142500.0,2026-05,Large
109042,2026-12-18,CUST00042,Giza,Greater Cairo,Smartphone,Electronics,6,14645.0,5,87870.0,83476.5,2026-12,Large
109043,2026-07-03,CUST00043,Alexandria,Coastal,Wireless Mouse,Accessories,7,459.0,10,3213.0,2891.7,2026-07,Medium
109044,2026-02-16,CUST00044,Mansoura,Delta,Keyboard,Accessories,8,875.5,15,7004.0,5953.4,2026-02,Medium
109045,2026-09-01,CUST00045,Tanta,Unknown,Office Chair,Furniture,9,5408.0,20,48672.0,38937.6,2026-09,Large
109046,2026-04-14,CUST00046,Aswan,Unknown,Desk,Furniture,10,7770.0,0,77700.0,77700.0,2026-04,Large
109047,2026-11-27,CUST00047,Luxor,Unknown,Headphones,Electronics,11,1908.0,5,20988.0,19938.6,2026-11,Large
109048,2026-06-12,CUST00048,Port Said,Unknown,Monitor,Electronics,12,9844.0,10,118128.0,106315.2,2026-06,Large
109049,2026-01-25,CUST00049,Cairo,Greater Cairo,Printer,Office Equipment,1,7344.0,15,7344.0,6242.4,2026-01,Medium
109050,2026-08-10,CUST00050,Giza,Greater Cairo,Notebook Pack,Stationery,2,261.6,20,523.2,418.56,2026-08,Small
109051,2026-03-23,CUST00051,Alexandria,Coastal,Laptop,Electronics,3,31350.0,0,94050.0,94050.0,2026-03,Large
109052,2026-10-08,CUST00052,Mansoura,Delta,Smartphone,Electronics,4,13050.0,5,52200.0,49590.0,2026-10,Large
109053,2026-05-21,CUST00053,Tanta,Unknown,Wireless Mouse,Accessories,5,409.5,10,2047.5,1842.75,2026-05,Medium
109054,2026-12-06,CUST00054,Aswan,Unknown,Keyboard,Accessories,6,782.0,15,4692.0,3988.2,2026-12,Medium
109055,2026-07-19,CUST00055,Luxor,Unknown,Office Chair,Furniture,7,4836.0,20,33852.0,27081.6,2026-07,Large
109056,2026-02-04,CUST00056,Port Said,Unknown,Desk,Furniture,8,6956.0,0,55648.0,55648.0,2026-02,Large
109057,2026-09-17,CUST00057,Cairo,Greater Cairo,Headphones,Electronics,9,1710.0,5,15390.0,14620.5,2026-09,Large
109058,2026-04-02,CUST00058,Giza,Greater Cairo,Monitor,Electronics,10,8832.0,10,88320.0,79488.0,2026-04,Large
109059,2026-11-15,CUST00059,Alexandria,Coastal,Printer,Office Equipment,11,6596.0,15,72556.0,61672.6,2026-11,Large
109060,2026-06-28,CUST00060,Mansoura,Delta,Notebook Pack,Stationery,12,235.2,20,2822.4,2257.92,2026-06,Medium
109061,2026-01-13,CUST00061,Tanta,Unknown,Laptop,Electronics,1,28215.0,0,28215.0,28215.0,2026-01,Large
109062,2026-08-26,CUST00062,Aswan,Unknown,Smartphone,Electronics,2,14500.0,5,29000.0,27550.0,2026-08,Large
109063,2026-03-11,CUST00063,Luxor,Unknown,Wireless Mouse,Accessories,3,454.5,10,1363.5,1227.15,2026-03,Medium
109064,2026-10-24,CUST00064,Port Said,Unknown,Keyboard,Accessories,4,867.0,15,3468.0,2947.8,2026-10,Medium
109065,2026-05-09,CUST00065,Cairo,Greater Cairo,Office Chair,Furniture,5,5356.0,20,26780.0,21424.0,2026-05,Large
109066,2026-12-22,CUST00066,Giza,Greater Cairo,Desk,Furniture,6,7696.0,0,46176.0,46176.0,2026-12,Large
109067,2026-07-07,CUST00067,Alexandria,Coastal,Headphones,Electronics,7,1890.0,5,13230.0,12568.5,2026-07,Large
109068,2026-02-20,CUST00068,Mansoura,Delta,Monitor,Electronics,8,9752.0,10,78016.0,70214.4,2026-02,Large
109069,2026-09-05,CUST00069,Tanta,Unknown,Printer,Office Equipment,9,7276.0,15,65484.0,55661.4,2026-09,Large
109070,2026-04-18,CUST00070,Aswan,Unknown,Notebook Pack,Stationery,10,259.2,20,2592.0,2073.6,2026-04,Medium
109071,2026-11-03,CUST00071,Luxor,Unknown,Laptop,Electronics,11,31065.0,0,341715.0,341715.0,2026-11,Large
109072,2026-06-16,CUST00072,Port Said,Unknown,Smartphone,Electronics,12,15950.0,5,191400.0,181830.0,2026-06,Large
109073,2026-01-01,CUST00073,Cairo,Greater Cairo,Wireless Mouse,Accessories,1,405.0,10,405.0,364.5,2026-01,Small
109074,2026-08-14,CUST00074,Giza,Greater Cairo,Keyboard,Accessories,2,773.5,15,1547.0,1314.95,2026-08,Medium
109075,2026-03-27,CUST00075,Alexandria,Coastal,Office Chair,Furniture,3,4784.0,20,14352.0,11481.6,2026-03,Large
109076,2026-10-12,CUST00076,Mansoura,Delta,Desk,Furniture,4,6882.0,0,27528.0,27528.0,2026-10,Large
109077,2026-05-25,CUST00077,Tanta,Unknown,Headphones,Electronics,5,1692.0,5,8460.0,8037.0,2026-05,Medium
109078,2026-12-10,CUST00078,Aswan,Unknown,Monitor,Electronics,6,8740.0,10,52440.0,47196.0,2026-12,Large
109079,2026-07-23,CUST00079,Luxor,Unknown,Printer,Office Equipment,7,6528.0,15,45696.0,38841.6,2026-07,Large
109080,2026-02-08,CUST00080,Port Said,Unknown,Notebook Pack,Stationery,8,232.8,20,1862.4,1489.92,2026-02,Medium
109081,2026-09-21,CUST00081,Cairo,Greater Cairo,Laptop,Electronics,9,27930.0,0,251370.0,251370.0,2026-09,Large
109082,2026-04-06,CUST00082,Giza,Greater Cairo,Smartphone,Electronics,10,14355.0,5,143550.0,136372.5,2026-04,Large
109083,2026-11-19,CUST00083,Alexandria,Coastal,Wireless Mouse,Accessories,11,450.0,10,4950.0,4455.0,2026-11,Medium
109084,2026-06-04,CUST00084,Mansoura,Delta,Keyboard,Accessories,12,858.5,15,10302.0,8756.7,2026-06,Medium
109085,2026-01-17,CUST00085,Tanta,Unknown,Office Chair,Furniture,1,5304.0,20,5304.0,4243.2,2026-01,Medium
109086,2026-08-02,CUST00086,Aswan,Unknown,Desk,Furniture,2,7622.0,0,15244.0,15244.0,2026-08,Large
109087,2026-03-15,CUST00087,Luxor,Unknown,Headphones,Electronics,3,1872.0,5,5616.0,5335.2,2026-03,Medium
109088,2026-10-28,CUST00088,Port Said,Unknown,Monitor,Electronics,4,9660.0,10,38640.0,34776.0,2026-10,Large
109089,2026-05-13,CUST00089,Cairo,Greater Cairo,Printer,Office Equipment,5,7208.0,15,36040.0,30634.0,2026-05,Large
109090,2026-12-26,CUST00090,Giza,Greater Cairo,Notebook Pack,Stationery,6,256.8,20,1540.8,1232.64,2026-12,Medium
109091,2026-07-11,CUST00091,Alexandria,Coastal,Laptop,Electronics,7,30780.0,0,215460.0,215460.0,2026-07,Large
109092,2026-02-24,CUST00092,Mansoura,Delta,Smartphone,Electronics,8,15805.0,5,126440.0,120118.0,2026-02,Large
109093,2026-09-09,CUST00093,Tanta,Unknown,Wireless Mouse,Accessories,9,495.0,10,4455.0,4009.5,2026-09,Medium
109094,2026-04-22,CUST00094,Aswan,Unknown,Keyboard,Accessories,10,765.0,15,7650.0,6502.5,2026-04,Medium
109095,2026-11-07,CUST00095,Luxor,Unknown,Office Chair,Furniture,11,4732.0,20,52052.0,41641.6,2026-11,Large
109096,2026-06-20,CUST00096,Port Said,Unknown,Desk,Furniture,12,6808.0,0,81696.0,81696.0,2026-06,Large
109097,2026-01-05,CUST00097,Cairo,Greater Cairo,Headphones,Electronics,1,1674.0,5,1674.0,1590.3,2026-01,Medium
109098,2026-08-18,CUST00098,Giza,Greater Cairo,Monitor,Electronics,2,8648.0,10,17296.0,15566.4,2026-08,Large
109099,2026-03-03,CUST00099,Alexandria,Coastal,Printer,Office Equipment,3,6460.0,15,19380.0,16473.0,2026-03,Large
109100,2026-10-16,CUST00100,Mansoura,Delta,Notebook Pack,Stationery,4,230.4,20,921.6,737.28,2026-10,Small
109101,2026-05-01,CUST00101,Tanta,Unknown,Laptop,Electronics,5,27645.0,0,138225.0,138225.0,2026-05,Large
109102,2026-12-14,CUST00102,Aswan,Unknown,Smartphone,Electronics,6,14210.0,5,85260.0,80997.0,2026-12,Large
109103,2026-07-27,CUST00103,Luxor,Unknown,Wireless Mouse,Accessories,7,445.5,10,3118.5,2806.65,2026-07,Medium
109104,2026-02-12,CUST00104,Port Said,Unknown,Keyboard,Accessories,8,850.0,15,6800.0,5780.0,2026-02,Medium
109105,2026-09-25,CUST00105,Cairo,Greater Cairo,Office Chair,Furniture,9,5252.0,20,47268.0,37814.4,2026-09,Large
109106,2026-04-10,CUST00106,Giza,Greater Cairo,Desk,Furniture,10,7548.0,0,75480.0,75480.0,2026-04,Large
109107,2026-11-23,CUST00107,Alexandria,Coastal,Headphones,Electronics,11,1854.0,5,20394.0,19374.3,2026-11,Large
109108,2026-06-08,CUST00108,Mansoura,Delta,Monitor,Electronics,12,9568.0,10,114816.0,103334.4,2026-06,Large
109109,2026-01-21,CUST00109,Tanta,Unknown,Printer,Office Equipment,1,7140.0,15,7140.0,6069.0,2026-01,Medium
109110,2026-08-06,CUST00110,Aswan,Unknown,Notebook Pack,Stationery,2,254.4,20,508.8,407.04,2026-08,Small
109111,2026-03-19,CUST00111,Luxor,Unknown,Laptop,Electronics,3,30495.0,0,91485.0,91485.0,2026-03,Large
109112,2026-10-04,CUST00112,Port Said,Unknown,Smartphone,Electronics,4,15660.0,5,62640.0,59508.0,2026-10,Large
109113,2026-05-17,CUST00113,Cairo,Greater Cairo,Wireless Mouse,Accessories,5,490.5,10,2452.5,2207.25,2026-05,Medium
109114,2026-12-02,CUST00114,Giza,Greater Cairo,Keyboard,Accessories,6,935.0,15,5610.0,4768.5,2026-12,Medium
109115,2026-07-15,CUST00115,Alexandria,Coastal,Office Chair,Furniture,7,4680.0,20,32760.0,26208.0,2026-07,Large
109116,2026-02-28,CUST00116,Mansoura,Delta,Desk,Furniture,8,6734.0,0,53872.0,53872.0,2026-02,Large
109117,2026-09-13,CUST00117,Tanta,Unknown,Headphones,Electronics,9,1656.0,5,14904.0,14158.8,2026-09,Large
109118,2026-04-26,CUST00118,Aswan,Unknown,Monitor,Electronics,10,8556.0,10,85560.0,77004.0,2026-04,Large
109119,2026-11-11,CUST00119,Unknown,Unknown,Printer,Office Equipment,11,6392.0,15,70312.0,59765.2,2026-11,Large
109120,2026-06-24,CUST00120,Port Said,Unknown,Notebook Pack,Stationery,12,228.0,20,2736.0,2188.8,2026-06,Medium
109121,2026-01-09,CUST00121,Cairo,Greater Cairo,Laptop,Electronics,1,27360.0,0,27360.0,27360.0,2026-01,Large
109122,2026-08-22,CUST00122,Giza,Greater Cairo,Smartphone,Electronics,2,14065.0,5,28130.0,26723.5,2026-08,Large
109123,2026-03-07,CUST00123,Alexandria,Coastal,Wireless Mouse,Accessories,3,441.0,10,1323.0,1190.7,2026-03,Medium
109124,2026-10-20,CUST00124,Mansoura,Delta,Keyboard,Accessories,4,841.5,15,3366.0,2861.1,2026-10,Medium
109125,2026-05-05,CUST00125,Tanta,Unknown,Office Chair,Furniture,5,5200.0,20,26000.0,20800.0,2026-05,Large
109126,2026-12-18,CUST00126,Aswan,Unknown,Desk,Furniture,6,7474.0,0,44844.0,44844.0,2026-12,Large
109127,2026-07-03,CUST00127,Luxor,Unknown,Headphones,Electronics,7,1836.0,5,12852.0,12209.4,2026-07,Large
109128,2026-02-16,CUST00128,Port Said,Unknown,Monitor,Electronics,8,9476.0,10,75808.0,68227.2,2026-02,Large
109129,2026-09-01,CUST00129,Cairo,Greater Cairo,Printer,Office Equipment,9,7072.0,15,63648.0,54100.8,2026-09,Large
109130,2026-04-14,CUST00130,Giza,Greater Cairo,Notebook Pack,Stationery,10,252.0,20,2520.0,2016.0,2026-04,Medium
109131,2026-11-27,CUST00131,Alexandria,Coastal,Laptop,Electronics,11,30210.0,0,332310.0,332310.0,2026-11,Large
109132,2026-06-12,CUST00132,Mansoura,Delta,Smartphone,Electronics,12,15515.0,5,186180.0,176871.0,2026-06,Large
109133,2026-01-25,CUST00133,Tanta,Unknown,Wireless Mouse,Accessories,1,486.0,10,486.0,437.4,2026-01,Small
109134,2026-08-10,CUST00134,Aswan,Unknown,Keyboard,Accessories,2,926.5,15,1853.0,1575.05,2026-08,Medium
109135,2026-03-23,CUST00135,Luxor,Unknown,Office Chair,Furniture,3,5720.0,20,17160.0,13728.0,2026-03,Large
109136,2026-10-08,CUST00136,Port Said,Unknown,Desk,Furniture,4,6660.0,0,26640.0,26640.0,2026-10,Large
109137,2026-05-21,CUST00137,Cairo,Greater Cairo,Headphones,Electronics,5,1638.0,5,8190.0,7780.5,2026-05,Medium
109138,2026-12-06,CUST00138,Giza,Greater Cairo,Monitor,Electronics,6,8464.0,10,50784.0,45705.6,2026-12,Large
109139,2026-07-19,CUST00139,Alexandria,Coastal,Printer,Office Equipment,7,6324.0,15,44268.0,37627.8,2026-07,Large
109140,2026-02-04,CUST00140,Mansoura,Delta,Notebook Pack,Stationery,8,225.6,20,1804.8,1443.84,2026-02,Medium
109141,2026-09-17,CUST00141,Tanta,Unknown,Laptop,Electronics,9,27075.0,0,243675.0,243675.0,2026-09,Large
109142,2026-04-02,CUST00142,Aswan,Unknown,Smartphone,Electronics,10,13920.0,5,139200.0,132240.0,2026-04,Large
109143,2026-11-15,CUST00143,Luxor,Unknown,Wireless Mouse,Accessories,11,436.5,10,4801.5,4321.35,2026-11,Medium
109144,2026-06-28,CUST00144,Port Said,Unknown,Keyboard,Accessories,12,833.0,15,9996.0,8496.6,2026-06,Medium
109145,2026-01-13,CUST00145,Cairo,Greater Cairo,Office Chair,Furniture,1,5148.0,20,5148.0,4118.4,2026-01,Medium
109146,2026-08-26,CUST00146,Giza,Greater Cairo,Desk,Furniture,2,7400.0,0,14800.0,14800.0,2026-08,Large
109147,2026-03-11,CUST00147,Alexandria,Coastal,Headphones,Electronics,3,1818.0,5,5454.0,5181.3,2026-03,Medium
109148,2026-10-24,CUST00148,Mansoura,Delta,Monitor,Electronics,4,9384.0,10,37536.0,33782.4,2026-10,Large
109149,2026-05-09,CUST00149,Tanta,Unknown,Printer,Office Equipment,5,7004.0,15,35020.0,29767.0,2026-05,Large
109150,2026-12-22,CUST00150,Aswan,Unknown,Notebook Pack,Stationery,6,249.6,20,1497.6,1198.08,2026-12,Medium
109151,2026-07-07,CUST00151,Luxor,Unknown,Laptop,Electronics,7,29925.0,0,209475.0,209475.0,2026-07,Large
109152,2026-02-20,CUST00152,Port Said,Unknown,Smartphone,Electronics,8,15370.0,5,122960.0,116812.0,2026-02,Large
109153,2026-09-05,CUST00153,Cairo,Greater Cairo,Wireless Mouse,Accessories,9,481.5,10,4333.5,3900.15,2026-09,Medium
109154,2026-04-18,CUST00154,Giza,Greater Cairo,Keyboard,Accessories,10,918.0,15,9180.0,7803.0,2026-04,Medium
109155,2026-11-03,CUST00155,Alexandria,Coastal,Office Chair,Furniture,11,5668.0,20,62348.0,49878.4,2026-11,Large
109156,2026-06-16,CUST00156,Mansoura,Delta,Desk,Furniture,12,8140.0,0,97680.0,97680.0,2026-06,Large
109157,2026-01-01,CUST00157,Tanta,Unknown,Headphones,Electronics,1,1620.0,5,1620.0,1539.0,2026-01,Medium
109158,2026-08-14,CUST00158,Aswan,Unknown,Monitor,Electronics,2,8372.0,10,16744.0,15069.6,2026-08,Large
109159,2026-03-27,CUST00159,Luxor,Unknown,Printer,Office Equipment,3,6256.0,15,18768.0,15952.8,2026-03,Large
109160,2026-10-12,CUST00160,Port Said,Unknown,Notebook Pack,Stationery,4,223.2,20,892.8,714.24,2026-10,Small
109161,2026-05-25,CUST00161,Cairo,Greater Cairo,Laptop,Electronics,5,26790.0,0,133950.0,133950.0,2026-05,Large
109162,2026-12-10,CUST00162,Giza,Greater Cairo,Smartphone,Electronics,6,13775.0,5,82650.0,78517.5,2026-12,Large
109163,2026-07-23,CUST00163,Alexandria,Coastal,Wireless Mouse,Accessories,7,432.0,10,3024.0,2721.6,2026-07,Medium
109164,2026-02-08,CUST00164,Mansoura,Delta,Keyboard,Accessories,8,824.5,15,6596.0,5606.6,2026-02,Medium
109165,2026-09-21,CUST00165,Tanta,Unknown,Office Chair,Furniture,9,5096.0,20,45864.0,36691.2,2026-09,Large
109166,2026-04-06,CUST00166,Aswan,Unknown,Desk,Furniture,10,7326.0,0,73260.0,73260.0,2026-04,Large
109167,2026-11-19,CUST00167,Luxor,Unknown,Headphones,Electronics,11,1800.0,5,19800.0,18810.0,2026-11,Large
109168,2026-06-04,CUST00168,Port Said,Unknown,Monitor,Electronics,12,9292.0,10,111504.0,100353.6,2026-06,Large
109169,2026-01-17,CUST00169,Cairo,Greater Cairo,Printer,Office Equipment,1,6936.0,15,6936.0,5895.6,2026-01,Medium
109170,2026-08-02,CUST00170,Giza,Greater Cairo,Notebook Pack,Stationery,2,247.2,20,494.4,395.52,2026-08,Small
109171,2026-03-15,CUST00171,Alexandria,Coastal,Laptop,Electronics,3,29640.0,0,88920.0,88920.0,2026-03,Large
109172,2026-10-28,CUST00172,Mansoura,Delta,Smartphone,Electronics,4,15225.0,5,60900.0,57855.0,2026-10,Large
109173,2026-05-13,CUST00173,Tanta,Unknown,Wireless Mouse,Accessories,5,477.0,10,2385.0,2146.5,2026-05,Medium
109174,2026-12-26,CUST00174,Aswan,Unknown,Keyboard,Accessories,6,909.5,15,5457.0,4638.45,2026-12,Medium
109175,2026-07-11,CUST00175,Luxor,Unknown,Office Chair,Furniture,7,5616.0,20,39312.0,31449.6,2026-07,Large
109176,2026-02-24,CUST00176,Port Said,Unknown,Desk,Furniture,8,8066.0,0,64528.0,64528.0,2026-02,Large
109177,2026-09-09,CUST00177,Cairo,Greater Cairo,Headphones,Electronics,9,1980.0,5,17820.0,16929.0,2026-09,Large
109178,2026-04-22,CUST00178,Giza,Greater Cairo,Monitor,Electronics,10,8280.0,10,82800.0,74520.0,2026-04,Large
109179,2026-11-07,CUST00179,Alexandria,Coastal,Printer,Office Equipment,11,6188.0,15,68068.0,57857.8,2026-11,Large
109180,2026-06-20,CUST00180,Mansoura,Delta,Notebook Pack,Stationery,12,220.8,20,2649.6,2119.68,2026-06,Medium
109181,2025-01-05,CUST00181,Tanta,Unknown,Laptop,Electronics,1,26505.0,0,26505.0,26505.0,2025-01,Large
109182,2025-08-18,CUST00182,Aswan,Unknown,Smartphone,Electronics,2,13630.0,5,27260.0,25897.0,2025-08,Large
109183,2025-03-03,CUST00183,Luxor,Unknown,Wireless Mouse,Accessories,3,427.5,10,1282.5,1154.25,2025-03,Medium
109184,2025-10-16,CUST00184,Port Said,Unknown,Keyboard,Accessories,4,816.0,15,3264.0,2774.4,2025-10,Medium
109185,2025-05-01,CUST00185,Cairo,Greater Cairo,Office Chair,Furniture,5,5044.0,20,25220.0,20176.0,2025-05,Large
109186,2025-12-14,CUST00186,Giza,Greater Cairo,Desk,Furniture,6,7252.0,0,43512.0,43512.0,2025-12,Large
109187,2025-07-27,CUST00187,Alexandria,Coastal,Headphones,Electronics,7,1782.0,5,12474.0,11850.3,2025-07,Large
109188,2025-02-12,CUST00188,Mansoura,Delta,Monitor,Electronics,8,9200.0,10,73600.0,66240.0,2025-02,Large
109189,2025-09-25,CUST00189,Tanta,Unknown,Printer,Office Equipment,9,6868.0,15,61812.0,52540.2,2025-09,Large
109190,2025-04-10,CUST00190,Aswan,Unknown,Notebook Pack,Stationery,10,244.8,20,2448.0,1958.4,2025-04,Medium
109191,2025-11-23,CUST00191,Luxor,Unknown,Laptop,Electronics,11,29355.0,0,322905.0,322905.0,2025-11,Large
109192,2025-06-08,CUST00192,Port Said,Unknown,Smartphone,Electronics,12,15080.0,5,180960.0,171912.0,2025-06,Large
109193,2025-01-21,CUST00193,Cairo,Greater Cairo,Wireless Mouse,Accessories,1,472.5,10,472.5,425.25,2025-01,Small
109194,2025-08-06,CUST00194,Giza,Greater Cairo,Keyboard,Accessories,2,901.0,15,1802.0,1531.7,2025-08,Medium
109195,2025-03-19,CUST00195,Alexandria,Coastal,Office Chair,Furniture,3,5564.0,20,16692.0,13353.6,2025-03,Large
109196,2025-10-04,CUST00196,Mansoura,Delta,Desk,Furniture,4,7992.0,0,31968.0,31968.0,2025-10,Large
109197,2025-05-17,CUST00197,Tanta,Unknown,Headphones,Electronics,5,1962.0,5,9810.0,9319.5,2025-05,Medium
109198,2025-12-02,CUST00198,Aswan,Unknown,Monitor,Electronics,6,10120.0,10,60720.0,54648.0,2025-12,Large
109199,2025-07-15,CUST00199,Luxor,Unknown,Printer,Office Equipment,7,6120.0,15,42840.0,36414.0,2025-07,Large
109200,2025-02-28,CUST00200,Port Said,Unknown,Notebook Pack,Stationery,8,218.4,20,1747.2,1397.76,2025-02,Medium
109201,2025-09-13,CUST00201,Cairo,Greater Cairo,Laptop,Electronics,9,26220.0,0,235980.0,235980.0,2025-09,Large
109202,2025-04-26,CUST00202,Giza,Greater Cairo,Smartphone,Electronics,10,13485.0,5,134850.0,128107.5,2025-04,Large
109203,2025-11-11,CUST00203,Alexandria,Coastal,Wireless Mouse,Accessories,11,423.0,10,4653.0,4187.7,2025-11,Medium
109204,2025-06-24,CUST00204,Mansoura,Delta,Keyboard,Accessories,12,807.5,15,9690.0,8236.5,2025-06,Medium
109205,2025-01-09,CUST00205,Tanta,Unknown,Office Chair,Furniture,1,4992.0,20,4992.0,3993.6,2025-01,Medium
109206,2025-08-22,CUST00206,Aswan,Unknown,Desk,Furniture,2,7178.0,0,14356.0,14356.0,2025-08,Large
109207,2025-03-07,CUST00207,Luxor,Unknown,Headphones,Electronics,3,1764.0,5,5292.0,5027.4,2025-03,Medium
109208,2025-10-20,CUST00208,Port Said,Unknown,Monitor,Electronics,4,9108.0,10,36432.0,32788.8,2025-10,Large
109209,2025-05-05,CUST00209,Cairo,Greater Cairo,Printer,Office Equipment,5,6800.0,15,34000.0,28900.0,2025-05,Large
109210,2025-12-18,CUST00210,Giza,Greater Cairo,Notebook Pack,Stationery,6,242.4,20,1454.4,1163.52,2025-12,Medium
109211,2025-07-03,CUST00211,Alexandria,Coastal,Laptop,Electronics,7,29070.0,0,203490.0,203490.0,2025-07,Large
109212,2025-02-16,CUST00212,Mansoura,Delta,Smartphone,Electronics,8,14935.0,5,119480.0,113506.0,2025-02,Large
109213,2025-09-01,CUST00213,Tanta,Unknown,Wireless Mouse,Accessories,9,468.0,10,4212.0,3790.8,2025-09,Medium
109214,2025-04-14,CUST00214,Aswan,Unknown,Keyboard,Accessories,10,892.5,15,8925.0,7586.25,2025-04,Medium
109215,2025-11-27,CUST00215,Luxor,Unknown,Office Chair,Furniture,11,5512.0,20,60632.0,48505.6,2025-11,Large
109216,2025-06-12,CUST00216,Unknown,Unknown,Desk,Furniture,12,7918.0,0,95016.0,95016.0,2025-06,Large
109217,2025-01-25,CUST00217,Cairo,Greater Cairo,Headphones,Electronics,1,1944.0,5,1944.0,1846.8,2025-01,Medium
109218,2025-08-10,CUST00218,Giza,Greater Cairo,Monitor,Electronics,2,10028.0,10,20056.0,18050.4,2025-08,Large
109219,2025-03-23,CUST00219,Alexandria,Coastal,Printer,Office Equipment,3,7480.0,15,22440.0,19074.0,2025-03,Large
109220,2025-10-08,CUST00220,Mansoura,Delta,Notebook Pack,Stationery,4,216.0,20,864.0,691.2,2025-10,Small
109221,2025-05-21,CUST00221,Tanta,Unknown,Laptop,Electronics,5,25935.0,0,129675.0,129675.0,2025-05,Large
109222,2025-12-06,CUST00222,Aswan,Unknown,Smartphone,Electronics,6,13340.0,5,80040.0,76038.0,2025-12,Large
109223,2025-07-19,CUST00223,Luxor,Unknown,Wireless Mouse,Accessories,7,418.5,10,2929.5,2636.55,2025-07,Medium
109224,2025-02-04,CUST00224,Port Said,Unknown,Keyboard,Accessories,8,799.0,15,6392.0,5433.2,2025-02,Medium
109225,2025-09-17,CUST00225,Cairo,Greater Cairo,Office Chair,Furniture,9,4940.0,20,44460.0,35568.0,2025-09,Large
109226,2025-04-02,CUST00226,Giza,Greater Cairo,Desk,Furniture,10,7104.0,0,71040.0,71040.0,2025-04,Large
109227,2025-11-15,CUST00227,Alexandria,Coastal,Headphones,Electronics,11,1746.0,5,19206.0,18245.7,2025-11,Large
109228,2025-06-28,CUST00228,Mansoura,Delta,Monitor,Electronics,12,9016.0,10,108192.0,97372.8,2025-06,Large
109229,2025-01-13,CUST00229,Tanta,Unknown,Printer,Office Equipment,1,6732.0,15,6732.0,5722.2,2025-01,Medium
109230,2025-08-26,CUST00230,Aswan,Unknown,Notebook Pack,Stationery,2,240.0,20,480.0,384.0,2025-08,Small
109231,2025-03-11,CUST00231,Luxor,Unknown,Laptop,Electronics,3,28785.0,0,86355.0,86355.0,2025-03,Large
109232,2025-10-24,CUST00232,Port Said,Unknown,Smartphone,Electronics,4,14790.0,0,59160.0,59160.0,2025-10,Large
109233,2025-05-09,CUST00233,Cairo,Greater Cairo,Wireless Mouse,Accessories,5,463.5,10,2317.5,2085.75,2025-05,Medium
109234,2025-12-22,CUST00234,Giza,Greater Cairo,Keyboard,Accessories,6,884.0,15,5304.0,4508.4,2025-12,Medium
109235,2025-07-07,CUST00235,Alexandria,Coastal,Office Chair,Furniture,7,5460.0,20,38220.0,30576.0,2025-07,Large
109236,2025-02-20,CUST00236,Mansoura,Delta,Desk,Furniture,8,7844.0,0,62752.0,62752.0,2025-02,Large
109237,2025-09-05,CUST00237,Tanta,Unknown,Headphones,Electronics,9,1926.0,5,17334.0,16467.3,2025-09,Large
109238,2025-04-18,CUST00238,Aswan,Unknown,Monitor,Electronics,10,9936.0,10,99360.0,89424.0,2025-04,Large
109239,2025-11-03,CUST00239,Luxor,Unknown,Printer,Office Equipment,11,7412.0,15,81532.0,69302.2,2025-11,Large
109240,2025-06-16,CUST00240,Port Said,Unknown,Notebook Pack,Stationery,12,264.0,20,3168.0,2534.4,2025-06,Medium
109241,2025-01-01,CUST00241,Cairo,Greater Cairo,Laptop,Electronics,1,25650.0,0,25650.0,25650.0,2025-01,Large
109242,2025-08-14,CUST00242,Giza,Greater Cairo,Smartphone,Electronics,2,13195.0,5,26390.0,25070.5,2025-08,Large
109243,2025-03-27,CUST00243,Alexandria,Coastal,Wireless Mouse,Accessories,3,414.0,10,1242.0,1117.8,2025-03,Medium
109244,2025-10-12,CUST00244,Mansoura,Delta,Keyboard,Accessories,4,790.5,15,3162.0,2687.7,2025-10,Medium
109245,2025-05-25,CUST00245,Tanta,Unknown,Office Chair,Furniture,5,4888.0,20,24440.0,19552.0,2025-05,Large
109246,2025-12-10,CUST00246,Aswan,Unknown,Desk,Furniture,6,7030.0,0,42180.0,42180.0,2025-12,Large
109247,2025-07-23,CUST00247,Luxor,Unknown,Headphones,Electronics,7,1728.0,5,12096.0,11491.2,2025-07,Large
109248,2025-02-08,CUST00248,Port Said,Unknown,Monitor,Electronics,8,8924.0,10,71392.0,64252.8,2025-02,Large
109249,2025-09-21,CUST00249,Cairo,Greater Cairo,Printer,Office Equipment,9,6664.0,15,59976.0,50979.6,2025-09,Large
109250,2025-04-06,CUST00250,Giza,Greater Cairo,Notebook Pack,Stationery,10,237.6,20,2376.0,1900.8,2025-04,Medium
109251,2025-11-19,CUST00251,Alexandria,Coastal,Laptop,Electronics,11,28500.0,0,313500.0,313500.0,2025-11,Large
109252,2025-06-04,CUST00252,Mansoura,Delta,Smartphone,Electronics,12,14645.0,5,175740.0,166953.0,2025-06,Large
109253,2025-01-17,CUST00253,Tanta,Unknown,Wireless Mouse,Accessories,1,459.0,10,459.0,413.1,2025-01,Small
109254,2025-08-02,CUST00254,Aswan,Unknown,Keyboard,Accessories,2,875.5,15,1751.0,1488.35,2025-08,Medium
109255,2025-03-15,CUST00255,Luxor,Unknown,Office Chair,Furniture,3,5408.0,20,16224.0,12979.2,2025-03,Large
109256,2025-10-28,CUST00256,Port Said,Unknown,Desk,Furniture,4,7770.0,0,31080.0,31080.0,2025-10,Large
109257,2025-05-13,CUST00257,Cairo,Greater Cairo,Headphones,Electronics,5,1908.0,5,9540.0,9063.0,2025-05,Medium
109258,2025-12-26,CUST00258,Giza,Greater Cairo,Monitor,Electronics,6,9844.0,10,59064.0,53157.6,2025-12,Large
109259,2025-07-11,CUST00259,Alexandria,Coastal,Printer,Office Equipment,7,7344.0,15,51408.0,43696.8,2025-07,Large
109260,2025-02-24,CUST00260,Mansoura,Delta,Notebook Pack,Stationery,8,261.6,20,2092.8,1674.24,2025-02,Medium
109261,2025-09-09,CUST00261,Tanta,Unknown,Laptop,Electronics,9,31350.0,0,282150.0,282150.0,2025-09,Large
109262,2025-04-22,CUST00262,Aswan,Unknown,Smartphone,Electronics,10,13050.0,5,130500.0,123975.0,2025-04,Large
109263,2025-11-07,CUST00263,Luxor,Unknown,Wireless Mouse,Accessories,11,409.5,10,4504.5,4054.05,2025-11,Medium
109264,2025-06-20,CUST00264,Port Said,Unknown,Keyboard,Accessories,12,782.0,15,9384.0,7976.4,2025-06,Medium
109265,2025-01-05,CUST00265,Cairo,Greater Cairo,Office Chair,Furniture,1,4836.0,20,4836.0,3868.8,2025-01,Medium
109266,2025-08-18,CUST00266,Giza,Greater Cairo,Desk,Furniture,2,6956.0,0,13912.0,13912.0,2025-08,Large
109267,2025-03-03,CUST00267,Alexandria,Coastal,Headphones,Electronics,3,1710.0,5,5130.0,4873.5,2025-03,Medium
109268,2025-10-16,CUST00268,Mansoura,Delta,Monitor,Electronics,4,8832.0,10,35328.0,31795.2,2025-10,Large
109269,2025-05-01,CUST00269,Tanta,Unknown,Printer,Office Equipment,5,6596.0,15,32980.0,28033.0,2025-05,Large
109270,2025-12-14,CUST00270,Aswan,Unknown,Notebook Pack,Stationery,6,235.2,20,1411.2,1128.96,2025-12,Medium
109271,2025-07-27,CUST00271,Luxor,Unknown,Laptop,Electronics,7,28215.0,0,197505.0,197505.0,2025-07,Large
109272,2025-02-12,CUST00272,Port Said,Unknown,Smartphone,Electronics,8,14500.0,5,116000.0,110200.0,2025-02,Large
109273,2025-09-25,CUST00273,Cairo,Greater Cairo,Wireless Mouse,Accessories,9,454.5,10,4090.5,3681.45,2025-09,Medium
109274,2025-04-10,CUST00274,Giza,Greater Cairo,Keyboard,Accessories,10,867.0,15,8670.0,7369.5,2025-04,Medium
109275,2025-11-23,CUST00275,Alexandria,Coastal,Office Chair,Furniture,11,5356.0,20,58916.0,47132.8,2025-11,Large
109276,2025-06-08,CUST00276,Mansoura,Delta,Desk,Furniture,12,7696.0,0,92352.0,92352.0,2025-06,Large
109277,2025-01-21,CUST00277,Tanta,Unknown,Headphones,Electronics,1,1890.0,5,1890.0,1795.5,2025-01,Medium
109278,2025-08-06,CUST00278,Aswan,Unknown,Monitor,Electronics,2,9752.0,10,19504.0,17553.6,2025-08,Large
109279,2025-03-19,CUST00279,Luxor,Unknown,Printer,Office Equipment,3,7276.0,15,21828.0,18553.8,2025-03,Large
109280,2025-10-04,CUST00280,Port Said,Unknown,Notebook Pack,Stationery,4,259.2,20,1036.8,829.44,2025-10,Small
109281,2025-05-17,CUST00281,Cairo,Greater Cairo,Laptop,Electronics,5,31065.0,0,155325.0,155325.0,2025-05,Large
109282,2025-12-02,CUST00282,Giza,Greater Cairo,Smartphone,Electronics,6,15950.0,5,95700.0,90915.0,2025-12,Large
109283,2025-07-15,CUST00283,Alexandria,Coastal,Wireless Mouse,Accessories,7,405.0,10,2835.0,2551.5,2025-07,Medium
109284,2025-02-28,CUST00284,Mansoura,Delta,Keyboard,Accessories,8,773.5,15,6188.0,5259.8,2025-02,Medium
109285,2025-09-13,CUST00285,Tanta,Unknown,Office Chair,Furniture,9,4784.0,20,43056.0,34444.8,2025-09,Large
109286,2025-04-26,CUST00286,Aswan,Unknown,Desk,Furniture,10,6882.0,0,68820.0,68820.0,2025-04,Large
109287,2025-11-11,CUST00287,Luxor,Unknown,Headphones,Electronics,11,1692.0,5,18612.0,17681.4,2025-11,Large
109288,2025-06-24,CUST00288,Port Said,Unknown,Monitor,Electronics,12,8740.0,10,104880.0,94392.0,2025-06,Large
109289,2025-01-09,CUST00289,Cairo,Greater Cairo,Printer,Office Equipment,1,6528.0,15,6528.0,5548.8,2025-01,Medium
109290,2025-08-22,CUST00290,Giza,Greater Cairo,Notebook Pack,Stationery,2,232.8,20,465.6,372.48,2025-08,Small
109291,2025-03-07,CUST00291,Alexandria,Coastal,Laptop,Electronics,3,27930.0,0,83790.0,83790.0,2025-03,Large
109292,2025-10-20,CUST00292,Mansoura,Delta,Smartphone,Electronics,4,14355.0,5,57420.0,54549.0,2025-10,Large
109293,2025-05-05,CUST00293,Tanta,Unknown,Wireless Mouse,Accessories,5,450.0,10,2250.0,2025.0,2025-05,Medium
109294,2025-12-18,CUST00294,Aswan,Unknown,Keyboard,Accessories,6,858.5,15,5151.0,4378.35,2025-12,Medium
109295,2025-07-03,CUST00295,Luxor,Unknown,Office Chair,Furniture,7,5304.0,20,37128.0,29702.4,2025-07,Large
109296,2025-02-16,CUST00296,Port Said,Unknown,Desk,Furniture,8,7622.0,0,60976.0,60976.0,2025-02,Large
109297,2025-09-01,CUST00297,Cairo,Greater Cairo,Headphones,Electronics,9,1872.0,5,16848.0,16005.6,2025-09,Large
109298,2025-04-14,CUST00298,Giza,Greater Cairo,Monitor,Electronics,10,9660.0,10,96600.0,86940.0,2025-04,Large
109299,2025-11-27,CUST00299,Alexandria,Coastal,Printer,Office Equipment,11,7208.0,15,79288.0,67394.8,2025-11,Large
109300,2025-06-12,CUST00300,Mansoura,Delta,Notebook Pack,Stationery,12,256.8,20,3081.6,2465.28,2025-06,Medium
109301,2025-01-25,CUST00301,Tanta,Unknown,Laptop,Electronics,1,30780.0,0,30780.0,30780.0,2025-01,Large
109302,2025-08-10,CUST00302,Aswan,Unknown,Smartphone,Electronics,2,15805.0,5,31610.0,30029.5,2025-08,Large
109303,2025-03-23,CUST00303,Luxor,Unknown,Wireless Mouse,Accessories,3,495.0,10,1485.0,1336.5,2025-03,Medium
109304,2025-10-08,CUST00304,Port Said,Unknown,Keyboard,Accessories,4,765.0,15,3060.0,2601.0,2025-10,Medium
109305,2025-05-21,CUST00305,Cairo,Greater Cairo,Office Chair,Furniture,5,4732.0,20,23660.0,18928.0,2025-05,Large
109306,2025-12-06,CUST00306,Giza,Greater Cairo,Desk,Furniture,6,6808.0,0,40848.0,40848.0,2025-12,Large
109307,2025-07-19,CUST00307,Alexandria,Coastal,Headphones,Electronics,7,1674.0,5,11718.0,11132.1,2025-07,Large
109308,2025-02-04,CUST00308,Mansoura,Delta,Monitor,Electronics,8,8648.0,10,69184.0,62265.6,2025-02,Large
109309,2025-09-17,CUST00309,Tanta,Unknown,Printer,Office Equipment,9,6460.0,15,58140.0,49419.0,2025-09,Large
109310,2025-04-02,CUST00310,Aswan,Unknown,Notebook Pack,Stationery,10,230.4,20,2304.0,1843.2,2025-04,Medium
109311,2025-11-15,CUST00311,Luxor,Unknown,Laptop,Electronics,11,27645.0,0,304095.0,304095.0,2025-11,Large
109312,2025-06-28,CUST00312,Port Said,Unknown,Smartphone,Electronics,12,14210.0,5,170520.0,161994.0,2025-06,Large
109313,2025-01-13,CUST00313,Unknown,Unknown,Wireless Mouse,Accessories,1,445.5,10,445.5,400.95,2025-01,Small
109314,2025-08-26,CUST00314,Giza,Greater Cairo,Keyboard,Accessories,2,850.0,15,1700.0,1445.0,2025-08,Medium
109315,2025-03-11,CUST00315,Alexandria,Coastal,Office Chair,Furniture,3,5252.0,20,15756.0,12604.8,2025-03,Large
109316,2025-10-24,CUST00316,Mansoura,Delta,Desk,Furniture,4,7548.0,0,30192.0,30192.0,2025-10,Large
109317,2025-05-09,CUST00317,Tanta,Unknown,Headphones,Electronics,5,1854.0,5,9270.0,8806.5,2025-05,Medium
109318,2025-12-22,CUST00318,Aswan,Unknown,Monitor,Electronics,6,9568.0,10,57408.0,51667.2,2025-12,Large
109319,2025-07-07,CUST00319,Luxor,Unknown,Printer,Office Equipment,7,7140.0,15,49980.0,42483.0,2025-07,Large
109320,2025-02-20,CUST00320,Port Said,Unknown,Notebook Pack,Stationery,8,254.4,20,2035.2,1628.16,2025-02,Medium
109321,2025-09-05,CUST00321,Cairo,Greater Cairo,Laptop,Electronics,9,30495.0,0,274455.0,274455.0,2025-09,Large
109322,2025-04-18,CUST00322,Giza,Greater Cairo,Smartphone,Electronics,10,15660.0,5,156600.0,148770.0,2025-04,Large
109323,2025-11-03,CUST00323,Alexandria,Coastal,Wireless Mouse,Accessories,11,490.5,10,5395.5,4855.95,2025-11,Medium
109324,2025-06-16,CUST00324,Mansoura,Delta,Keyboard,Accessories,12,935.0,15,11220.0,9537.0,2025-06,Medium
109325,2025-01-01,CUST00325,Tanta,Unknown,Office Chair,Furniture,1,4680.0,20,4680.0,3744.0,2025-01,Medium
109326,2025-08-14,CUST00326,Aswan,Unknown,Desk,Furniture,2,6734.0,0,13468.0,13468.0,2025-08,Large
109327,2025-03-27,CUST00327,Luxor,Unknown,Headphones,Electronics,3,1656.0,5,4968.0,4719.6,2025-03,Medium
109328,2025-10-12,CUST00328,Port Said,Unknown,Monitor,Electronics,4,8556.0,10,34224.0,30801.6,2025-10,Large
109329,2025-05-25,CUST00329,Cairo,Greater Cairo,Printer,Office Equipment,5,6392.0,15,31960.0,27166.0,2025-05,Large
109330,2025-12-10,CUST00330,Giza,Greater Cairo,Notebook Pack,Stationery,6,228.0,20,1368.0,1094.4,2025-12,Medium
109331,2025-07-23,CUST00331,Alexandria,Coastal,Laptop,Electronics,7,27360.0,0,191520.0,191520.0,2025-07,Large
109332,2025-02-08,CUST00332,Mansoura,Delta,Smartphone,Electronics,8,14065.0,5,112520.0,106894.0,2025-02,Large
109333,2025-09-21,CUST00333,Tanta,Unknown,Wireless Mouse,Accessories,9,441.0,10,3969.0,3572.1,2025-09,Medium
109334,2025-04-06,CUST00334,Aswan,Unknown,Keyboard,Accessories,10,841.5,15,8415.0,7152.75,2025-04,Medium
109335,2025-11-19,CUST00335,Luxor,Unknown,Office Chair,Furniture,11,5200.0,20,57200.0,45760.0,2025-11,Large
109336,2025-06-04,CUST00336,Port Said,Unknown,Desk,Furniture,12,7474.0,0,89688.0,89688.0,2025-06,Large
109337,2025-01-17,CUST00337,Cairo,Greater Cairo,Headphones,Electronics,1,1836.0,5,1836.0,1744.2,2025-01,Medium
109338,2025-08-02,CUST00338,Giza,Greater Cairo,Monitor,Electronics,2,9476.0,10,18952.0,17056.8,2025-08,Large
109339,2025-03-15,CUST00339,Alexandria,Coastal,Printer,Office Equipment,3,7072.0,15,21216.0,18033.6,2025-03,Large
109340,2025-10-28,CUST00340,Mansoura,Delta,Notebook Pack,Stationery,4,252.0,20,1008.0,806.4,2025-10,Small
109341,2025-05-13,CUST00341,Tanta,Unknown,Laptop,Electronics,5,30210.0,0,151050.0,151050.0,2025-05,Large
109342,2025-12-26,CUST00342,Aswan,Unknown,Smartphone,Electronics,6,15515.0,5,93090.0,88435.5,2025-12,Large
109343,2025-07-11,CUST00343,Luxor,Unknown,Wireless Mouse,Accessories,7,486.0,10,3402.0,3061.8,2025-07,Medium
109344,2025-02-24,CUST00344,Port Said,Unknown,Keyboard,Accessories,8,926.5,15,7412.0,6300.2,2025-02,Medium
109345,2025-09-09,CUST00345,Cairo,Greater Cairo,Office Chair,Furniture,9,5720.0,20,51480.0,41184.0,2025-09,Large
109346,2025-04-22,CUST00346,Giza,Greater Cairo,Desk,Furniture,10,6660.0,0,66600.0,66600.0,2025-04,Large
109347,2025-11-07,CUST00347,Alexandria,Coastal,Headphones,Electronics,11,1638.0,5,18018.0,17117.1,2025-11,Large
109348,2025-06-20,CUST00348,Mansoura,Delta,Monitor,Electronics,12,8464.0,10,101568.0,91411.2,2025-06,Large
109349,2025-01-05,CUST00349,Tanta,Unknown,Printer,Office Equipment,1,6324.0,15,6324.0,5375.4,2025-01,Medium
109350,2025-08-18,CUST00350,Aswan,Unknown,Notebook Pack,Stationery,2,225.6,20,451.2,360.96,2025-08,Small
109351,2025-03-03,CUST00351,Luxor,Unknown,Laptop,Electronics,3,27075.0,0,81225.0,81225.0,2025-03,Large
109352,2025-10-16,CUST00352,Port Said,Unknown,Smartphone,Electronics,4,13920.0,5,55680.0,52896.0,2025-10,Large
109353,2025-05-01,CUST00353,Cairo,Greater Cairo,Wireless Mouse,Accessories,5,436.5,10,2182.5,1964.25,2025-05,Medium
109354,2025-12-14,CUST00354,Giza,Greater Cairo,Keyboard,Accessories,6,833.0,15,4998.0,4248.3,2025-12,Medium
109355,2025-07-27,CUST00355,Alexandria,Coastal,Office Chair,Furniture,7,5148.0,20,36036.0,28828.8,2025-07,Large
109356,2025-02-12,CUST00356,Mansoura,Delta,Desk,Furniture,8,7400.0,0,59200.0,59200.0,2025-02,Large
109357,2025-09-25,CUST00357,Tanta,Unknown,Headphones,Electronics,9,1818.0,5,16362.0,15543.9,2025-09,Large
109358,2025-04-10,CUST00358,Aswan,Unknown,Monitor,Electronics,10,9384.0,10,93840.0,84456.0,2025-04,Large
109359,2025-11-23,CUST00359,Luxor,Unknown,Printer,Office Equipment,11,7004.0,15,77044.0,65487.4,2025-11,Large
109360,2025-06-08,CUST00360,Port Said,Unknown,Notebook Pack,Stationery,12,249.6,20,2995.2,2396.16,2025-06,Medium
109361,2025-01-21,CUST00361,Cairo,Greater Cairo,Laptop,Electronics,1,29925.0,0,29925.0,29925.0,2025-01,Large
109362,2025-08-06,CUST00362,Giza,Greater Cairo,Smartphone,Electronics,2,15370.0,5,30740.0,29203.0,2025-08,Large
109363,2025-03-19,CUST00363,Alexandria,Coastal,Wireless Mouse,Accessories,3,481.5,10,1444.5,1300.05,2025-03,Medium
109364,2025-10-04,CUST00364,Mansoura,Delta,Keyboard,Accessories,4,918.0,15,3672.0,3121.2,2025-10,Medium
109365,2025-05-17,CUST00365,Tanta,Unknown,Office Chair,Furniture,5,5668.0,20,28340.0,22672.0,2025-05,Large
109366,2025-12-02,CUST00366,Aswan,Unknown,Desk,Furniture,6,8140.0,0,48840.0,48840.0,2025-12,Large
109367,2025-07-15,CUST00367,Luxor,Unknown,Headphones,Electronics,7,1620.0,5,11340.0,10773.0,2025-07,Large
109368,2025-02-28,CUST00368,Port Said,Unknown,Monitor,Electronics,8,8372.0,10,66976.0,60278.4,2025-02,Large
109369,2025-09-13,CUST00369,Cairo,Greater Cairo,Printer,Office Equipment,9,6256.0,15,56304.0,47858.4,2025-09,Large
109370,2025-04-26,CUST00370,Giza,Greater Cairo,Notebook Pack,Stationery,10,223.2,20,2232.0,1785.6,2025-04,Medium
109371,2025-11-11,CUST00371,Alexandria,Coastal,Laptop,Electronics,11,26790.0,0,294690.0,294690.0,2025-11,Large
109372,2025-06-24,CUST00372,Mansoura,Delta,Smartphone,Electronics,12,13775.0,5,165300.0,157035.0,2025-06,Large
109373,2025-01-09,CUST00373,Tanta,Unknown,Wireless Mouse,Accessories,1,432.0,10,432.0,388.8,2025-01,Small
109374,2025-08-22,CUST00374,Aswan,Unknown,Keyboard,Accessories,2,824.5,15,1649.0,1401.65,2025-08,Medium
109375,2025-03-07,CUST00375,Luxor,Unknown,Office Chair,Furniture,3,5096.0,20,15288.0,12230.4,2025-03,Large
109376,2025-10-20,CUST00376,Port Said,Unknown,Desk,Furniture,4,7326.0,0,29304.0,29304.0,2025-10,Large
109377,2025-05-05,CUST00377,Cairo,Greater Cairo,Headphones,Electronics,5,1800.0,5,9000.0,8550.0,2025-05,Medium
109378,2025-12-18,CUST00378,Giza,Greater Cairo,Monitor,Electronics,6,9292.0,10,55752.0,50176.8,2025-12,Large
109379,2025-07-03,CUST00379,Alexandria,Coastal,Printer,Office Equipment,7,6936.0,15,48552.0,41269.2,2025-07,Large
109380,2025-02-16,CUST00380,Mansoura,Delta,Notebook Pack,Stationery,8,247.2,20,1977.6,1582.08,2025-02,Medium
109381,2025-09-01,CUST00381,Tanta,Unknown,Laptop,Electronics,9,29640.0,0,266760.0,266760.0,2025-09,Large
109382,2025-04-14,CUST00382,Aswan,Unknown,Smartphone,Electronics,10,15225.0,5,152250.0,144637.5,2025-04,Large
109383,2025-11-27,CUST00383,Luxor,Unknown,Wireless Mouse,Accessories,11,477.0,10,5247.0,4722.3,2025-11,Medium
109384,2025-06-12,CUST00384,Port Said,Unknown,Keyboard,Accessories,12,909.5,15,10914.0,9276.9,2025-06,Medium
109385,2025-01-25,CUST00385,Cairo,Greater Cairo,Office Chair,Furniture,1,5616.0,20,5616.0,4492.8,2025-01,Medium
109386,2025-08-10,CUST00386,Giza,Greater Cairo,Desk,Furniture,2,8066.0,0,16132.0,16132.0,2025-08,Large
109387,2025-03-23,CUST00387,Alexandria,Coastal,Headphones,Electronics,3,1980.0,5,5940.0,5643.0,2025-03,Medium
109388,2025-10-08,CUST00388,Mansoura,Delta,Monitor,Electronics,4,8280.0,10,33120.0,29808.0,2025-10,Large
109389,2025-05-21,CUST00389,Tanta,Unknown,Printer,Office Equipment,5,6188.0,15,30940.0,26299.0,2025-05,Large
109390,2025-12-06,CUST00390,Aswan,Unknown,Notebook Pack,Stationery,6,220.8,20,1324.8,1059.84,2025-12,Medium
109391,2025-07-19,CUST00391,Luxor,Unknown,Laptop,Electronics,7,26505.0,0,185535.0,185535.0,2025-07,Large
109392,2025-02-04,CUST00392,Port Said,Unknown,Smartphone,Electronics,8,13630.0,5,109040.0,103588.0,2025-02,Large
109393,2025-09-17,CUST00393,Cairo,Greater Cairo,Wireless Mouse,Accessories,9,427.5,10,3847.5,3462.75,2025-09,Medium
109394,2025-04-02,CUST00394,Giza,Greater Cairo,Keyboard,Accessories,10,816.0,15,8160.0,6936.0,2025-04,Medium
109395,2025-11-15,CUST00395,Alexandria,Coastal,Office Chair,Furniture,11,5044.0,20,55484.0,44387.2,2025-11,Large
109396,2025-06-28,CUST00396,Mansoura,Delta,Desk,Furniture,12,7252.0,0,87024.0,87024.0,2025-06,Large
109397,2025-01-13,CUST00397,Tanta,Unknown,Headphones,Electronics,1,1782.0,5,1782.0,1692.9,2025-01,Medium
109398,2025-08-26,CUST00398,Aswan,Unknown,Monitor,Electronics,2,9200.0,10,18400.0,16560.0,2025-08,Large
109399,2025-03-11,CUST00399,Luxor,Unknown,Printer,Office Equipment,3,6868.0,15,20604.0,17513.4,2025-03,Large
109400,2025-10-24,CUST00400,Port Said,Unknown,Notebook Pack,Stationery,4,244.8,20,979.2,783.36,2025-10,Small
109401,2025-05-09,CUST00401,Cairo,Greater Cairo,Laptop,Electronics,5,29355.0,0,146775.0,146775.0,2025-05,Large
109402,2025-12-22,CUST00402,Giza,Greater Cairo,Smartphone,Electronics,6,15080.0,5,90480.0,85956.0,2025-12,Large
109403,2025-07-07,CUST00403,Alexandria,Coastal,Wireless Mouse,Accessories,7,472.5,10,3307.5,2976.75,2025-07,Medium
109404,2025-02-20,CUST00404,Mansoura,Delta,Keyboard,Accessories,8,901.0,15,7208.0,6126.8,2025-02,Medium
109405,2025-09-05,CUST00405,Tanta,Unknown,Office Chair,Furniture,9,5564.0,20,50076.0,40060.8,2025-09,Large
109406,2025-04-18,CUST00406,Aswan,Unknown,Desk,Furniture,10,7992.0,0,79920.0,79920.0,2025-04,Large
109407,2025-11-03,CUST00407,Luxor,Unknown,Headphones,Electronics,11,1962.0,5,21582.0,20502.9,2025-11,Large
109408,2025-06-16,CUST00408,Port Said,Unknown,Monitor,Electronics,12,10120.0,10,121440.0,109296.0,2025-06,Large
109409,2025-01-01,CUST00409,Cairo,Greater Cairo,Printer,Office Equipment,1,6120.0,15,6120.0,5202.0,2025-01,Medium
109410,2025-08-14,CUST00410,Unknown,Unknown,Notebook Pack,Stationery,2,218.4,20,436.8,349.44,2025-08,Small
109411,2025-03-27,CUST00411,Alexandria,Coastal,Laptop,Electronics,3,26220.0,0,78660.0,78660.0,2025-03,Large
109412,2025-10-12,CUST00412,Mansoura,Delta,Smartphone,Electronics,4,13485.0,5,53940.0,51243.0,2025-10,Large
109413,2025-05-25,CUST00413,Tanta,Unknown,Wireless Mouse,Accessories,5,423.0,0,2115.0,2115.0,2025-05,Medium
109414,2025-12-10,CUST00414,Aswan,Unknown,Keyboard,Accessories,6,807.5,15,4845.0,4118.25,2025-12,Medium
109415,2025-07-23,CUST00415,Luxor,Unknown,Office Chair,Furniture,7,4992.0,20,34944.0,27955.2,2025-07,Large
109416,2025-02-08,CUST00416,Port Said,Unknown,Desk,Furniture,8,7178.0,0,57424.0,57424.0,2025-02,Large
109417,2025-09-21,CUST00417,Cairo,Greater Cairo,Headphones,Electronics,9,1764.0,5,15876.0,15082.2,2025-09,Large
109418,2025-04-06,CUST00418,Giza,Greater Cairo,Monitor,Electronics,10,9108.0,10,91080.0,81972.0,2025-04,Large
109419,2025-11-19,CUST00419,Alexandria,Coastal,Printer,Office Equipment,11,6800.0,15,74800.0,63580.0,2025-11,Large
109420,2025-06-04,CUST00420,Mansoura,Delta,Notebook Pack,Stationery,12,242.4,20,2908.8,2327.04,2025-06,Medium
109421,2025-01-17,CUST00421,Tanta,Unknown,Laptop,Electronics,1,29070.0,0,29070.0,29070.0,2025-01,Large
109422,2025-08-02,CUST00422,Aswan,Unknown,Smartphone,Electronics,2,14935.0,5,29870.0,28376.5,2025-08,Large
109423,2025-03-15,CUST00423,Luxor,Unknown,Wireless Mouse,Accessories,3,468.0,10,1404.0,1263.6,2025-03,Medium
109424,2025-10-28,CUST00424,Port Said,Unknown,Keyboard,Accessories,4,892.5,15,3570.0,3034.5,2025-10,Medium
109425,2025-05-13,CUST00425,Cairo,Greater Cairo,Office Chair,Furniture,5,5512.0,20,27560.0,22048.0,2025-05,Large
109426,2025-12-26,CUST00426,Giza,Greater Cairo,Desk,Furniture,6,7918.0,0,47508.0,47508.0,2025-12,Large
109427,2025-07-11,CUST00427,Alexandria,Coastal,Headphones,Electronics,7,1944.0,5,13608.0,12927.6,2025-07,Large
109428,2025-02-24,CUST00428,Mansoura,Delta,Monitor,Electronics,8,10028.0,10,80224.0,72201.6,2025-02,Large
109429,2025-09-09,CUST00429,Tanta,Unknown,Printer,Office Equipment,9,7480.0,15,67320.0,57222.0,2025-09,Large
109430,2025-04-22,CUST00430,Aswan,Unknown,Notebook Pack,Stationery,10,216.0,20,2160.0,1728.0,2025-04,Medium
109431,2025-11-07,CUST00431,Luxor,Unknown,Laptop,Electronics,11,25935.0,0,285285.0,285285.0,2025-11,Large
109432,2025-06-20,CUST00432,Port Said,Unknown,Smartphone,Electronics,12,13340.0,5,160080.0,152076.0,2025-06,Large
109433,2025-01-05,CUST00433,Cairo,Greater Cairo,Wireless Mouse,Accessories,1,418.5,10,418.5,376.65,2025-01,Small
109434,2025-08-18,CUST00434,Giza,Greater Cairo,Keyboard,Accessories,2,799.0,15,1598.0,1358.3,2025-08,Medium
109435,2025-03-03,CUST00435,Alexandria,Coastal,Office Chair,Furniture,3,4940.0,20,14820.0,11856.0,2025-03,Large
109436,2025-10-16,CUST00436,Mansoura,Delta,Desk,Furniture,4,7104.0,0,28416.0,28416.0,2025-10,Large
109437,2025-05-01,CUST00437,Tanta,Unknown,Headphones,Electronics,5,1746.0,5,8730.0,8293.5,2025-05,Medium
109438,2025-12-14,CUST00438,Aswan,Unknown,Monitor,Electronics,6,9016.0,10,54096.0,48686.4,2025-12,Large
109439,2025-07-27,CUST00439,Luxor,Unknown,Printer,Office Equipment,7,6732.0,15,47124.0,40055.4,2025-07,Large
109440,2025-02-12,CUST00440,Port Said,Unknown,Notebook Pack,Stationery,8,240.0,20,1920.0,1536.0,2025-02,Medium
109441,2025-09-25,CUST00441,Cairo,Greater Cairo,Laptop,Electronics,9,28785.0,0,259065.0,259065.0,2025-09,Large
109442,2025-04-10,CUST00442,Giza,Greater Cairo,Smartphone,Electronics,10,14790.0,5,147900.0,140505.0,2025-04,Large
109443,2025-11-23,CUST00443,Alexandria,Coastal,Wireless Mouse,Accessories,11,463.5,10,5098.5,4588.65,2025-11,Medium
109444,2025-06-08,CUST00444,Mansoura,Delta,Keyboard,Accessories,12,884.0,15,10608.0,9016.8,2025-06,Medium
109445,2025-01-21,CUST00445,Tanta,Unknown,Office Chair,Furniture,1,5460.0,20,5460.0,4368.0,2025-01,Medium
109446,2025-08-06,CUST00446,Aswan,Unknown,Desk,Furniture,2,7844.0,0,15688.0,15688.0,2025-08,Large
109447,2025-03-19,CUST00447,Luxor,Unknown,Headphones,Electronics,3,1926.0,5,5778.0,5489.1,2025-03,Medium
109448,2025-10-04,CUST00448,Port Said,Unknown,Monitor,Electronics,4,9936.0,10,39744.0,35769.6,2025-10,Large
109449,2025-05-17,CUST00449,Cairo,Greater Cairo,Printer,Office Equipment,5,7412.0,15,37060.0,31501.0,2025-05,Large
109450,2025-12-02,CUST00450,Giza,Greater Cairo,Notebook Pack,Stationery,6,264.0,20,1584.0,1267.2,2025-12,Medium
109451,2025-07-15,CUST00451,Alexandria,Coastal,Laptop,Electronics,7,25650.0,0,179550.0,179550.0,2025-07,Large
109452,2025-02-28,CUST00452,Mansoura,Delta,Smartphone,Electronics,8,13195.0,5,105560.0,100282.0,2025-02,Large
109453,2025-09-13,CUST00453,Tanta,Unknown,Wireless Mouse,Accessories,9,414.0,10,3726.0,3353.4,2025-09,Medium
109454,2025-04-26,CUST00454,Aswan,Unknown,Keyboard,Accessories,10,790.5,15,7905.0,6719.25,2025-04,Medium
109455,2025-11-11,CUST00455,Luxor,Unknown,Office Chair,Furniture,11,4888.0,20,53768.0,43014.4,2025-11,Large
109456,2025-06-24,CUST00456,Port Said,Unknown,Desk,Furniture,12,7030.0,0,84360.0,84360.0,2025-06,Large
109457,2025-01-09,CUST00457,Cairo,Greater Cairo,Headphones,Electronics,1,1728.0,5,1728.0,1641.6,2025-01,Medium
109458,2025-08-22,CUST00458,Giza,Greater Cairo,Monitor,Electronics,2,8924.0,10,17848.0,16063.2,2025-08,Large
109459,2025-03-07,CUST00459,Alexandria,Coastal,Printer,Office Equipment,3,6664.0,15,19992.0,16993.2,2025-03,Large
109460,2025-10-20,CUST00460,Mansoura,Delta,Notebook Pack,Stationery,4,237.6,20,950.4,760.32,2025-10,Small
109461,2025-05-05,CUST00461,Tanta,Unknown,Laptop,Electronics,5,28500.0,0,142500.0,142500.0,2025-05,Large
109462,2025-12-18,CUST00462,Aswan,Unknown,Smartphone,Electronics,6,14645.0,5,87870.0,83476.5,2025-12,Large
109463,2025-07-03,CUST00463,Luxor,Unknown,Wireless Mouse,Accessories,7,459.0,10,3213.0,2891.7,2025-07,Medium
109464,2025-02-16,CUST00464,Port Said,Unknown,Keyboard,Accessories,8,875.5,15,7004.0,5953.4,2025-02,Medium
109465,2025-09-01,CUST00465,Cairo,Greater Cairo,Office Chair,Furniture,9,5408.0,20,48672.0,38937.6,2025-09,Large
109466,2025-04-14,CUST00466,Giza,Greater Cairo,Desk,Furniture,10,7770.0,0,77700.0,77700.0,2025-04,Large
109467,2025-11-27,CUST00467,Alexandria,Coastal,Headphones,Electronics,11,1908.0,5,20988.0,19938.6,2025-11,Large
109468,2025-06-12,CUST00468,Mansoura,Delta,Monitor,Electronics,12,9844.0,10,118128.0,106315.2,2025-06,Large
109469,2025-01-25,CUST00469,Tanta,Unknown,Printer,Office Equipment,1,7344.0,15,7344.0,6242.4,2025-01,Medium
109470,2025-08-10,CUST00470,Aswan,Unknown,Notebook Pack,Stationery,2,261.6,20,523.2,418.56,2025-08,Small
109471,2025-03-23,CUST00471,Luxor,Unknown,Laptop,Electronics,3,31350.0,0,94050.0,94050.0,2025-03,Large
109472,2025-10-08,CUST00472,Port Said,Unknown,Smartphone,Electronics,4,13050.0,5,52200.0,49590.0,2025-10,Large
109473,2025-05-21,CUST00473,Cairo,Greater Cairo,Wireless Mouse,Accessories,5,409.5,10,2047.5,1842.75,2025-05,Medium
109474,2025-12-06,CUST00474,Giza,Greater Cairo,Keyboard,Accessories,6,782.0,15,4692.0,3988.2,2025-12,Medium
109475,2025-07-19,CUST00475,Alexandria,Coastal,Office Chair,Furniture,7,4836.0,20,33852.0,27081.6,2025-07,Large
109476,2025-02-04,CUST00476,Mansoura,Delta,Desk,Furniture,8,6956.0,0,55648.0,55648.0,2025-02,Large
109477,2025-09-17,CUST00477,Tanta,Unknown,Headphones,Electronics,9,1710.0,5,15390.0,14620.5,2025-09,Large
109478,2025-04-02,CUST00478,Aswan,Unknown,Monitor,Electronics,10,8832.0,10,88320.0,79488.0,2025-04,Large
109479,2025-11-15,CUST00479,Luxor,Unknown,Printer,Office Equipment,11,6596.0,15,72556.0,61672.6,2025-11,Large
109480,2025-06-28,CUST00480,Port Said,Unknown,Notebook Pack,Stationery,12,235.2,20,2822.4,2257.92,2025-06,Medium
109481,2025-01-13,CUST00481,Cairo,Greater Cairo,Laptop,Electronics,1,28215.0,0,28215.0,28215.0,2025-01,Large
109482,2025-08-26,CUST00482,Giza,Greater Cairo,Smartphone,Electronics,2,14500.0,5,29000.0,27550.0,2025-08,Large
109483,2025-03-11,CUST00483,Alexandria,Coastal,Wireless Mouse,Accessories,3,454.5,10,1363.5,1227.15,2025-03,Medium
109484,2025-10-24,CUST00484,Mansoura,Delta,Keyboard,Accessories,4,867.0,15,3468.0,2947.8,2025-10,Medium
109485,2025-05-09,CUST00485,Tanta,Unknown,Office Chair,Furniture,5,5356.0,20,26780.0,21424.0,2025-05,Large
109486,2025-12-22,CUST00486,Aswan,Unknown,Desk,Furniture,6,7696.0,0,46176.0,46176.0,2025-12,Large
109487,2025-07-07,CUST00487,Luxor,Unknown,Headphones,Electronics,7,1890.0,5,13230.0,12568.5,2025-07,Large
109488,2025-02-20,CUST00488,Port Said,Unknown,Monitor,Electronics,8,9752.0,10,78016.0,70214.4,2025-02,Large
109489,2025-09-05,CUST00489,Cairo,Greater Cairo,Printer,Office Equipment,9,7276.0,15,65484.0,55661.4,2025-09,Large
109490,2025-04-18,CUST00490,Giza,Greater Cairo,Notebook Pack,Stationery,10,259.2,20,2592.0,2073.6,2025-04,Medium
109491,2025-11-03,CUST00491,Alexandria,Coastal,Laptop,Electronics,11,31065.0,0,341715.0,341715.0,2025-11,Large
109492,2025-06-16,CUST00492,Mansoura,Delta,Smartphone,Electronics,12,15950.0,5,191400.0,181830.0,2025-06,Large
109493,2025-01-01,CUST00493,Tanta,Unknown,Wireless Mouse,Accessories,1,405.0,10,405.0,364.5,2025-01,Small
109494,2025-08-14,CUST00494,Aswan,Unknown,Keyboard,Accessories,2,773.5,15,1547.0,1314.95,2025-08,Medium
109495,2025-03-27,CUST00495,Luxor,Unknown,Office Chair,Furniture,3,4784.0,20,14352.0,11481.6,2025-03,Large
109496,2025-10-12,CUST00496,Port Said,Unknown,Desk,Furniture,4,6882.0,0,27528.0,27528.0,2025-10,Large
109497,2025-05-25,CUST00497,Cairo,Greater Cairo,Headphones,Electronics,5,1692.0,5,8460.0,8037.0,2025-05,Medium
109498,2025-12-10,CUST00498,Giza,Greater Cairo,Monitor,Electronics,6,8740.0,10,52440.0,47196.0,2025-12,Large
109499,2025-07-23,CUST00499,Alexandria,Coastal,Printer,Office Equipment,7,6528.0,15,45696.0,38841.6,2025-07,Large
109500,2025-02-08,CUST00500,Mansoura,Delta,Notebook Pack,Stationery,8,232.8,20,1862.4,1489.92,2025-02,Medium
109501,2025-09-21,CUST00501,Tanta,Unknown,Laptop,Electronics,9,27930.0,0,251370.0,251370.0,2025-09,Large
109502,2025-04-06,CUST00502,Aswan,Unknown,Smartphone,Electronics,10,14355.0,5,143550.0,136372.5,2025-04,Large
109503,2025-11-19,CUST00503,Luxor,Unknown,Wireless Mouse,Accessories,11,450.0,10,4950.0,4455.0,2025-11,Medium
109504,2025-06-04,CUST00504,Port Said,Unknown,Keyboard,Accessories,12,858.5,15,10302.0,8756.7,2025-06,Medium
109505,2025-01-17,CUST00505,Cairo,Greater Cairo,Office Chair,Furniture,1,5304.0,20,5304.0,4243.2,2025-01,Medium
109506,2025-08-02,CUST00506,Giza,Greater Cairo,Desk,Furniture,2,7622.0,0,15244.0,15244.0,2025-08,Large
109507,2025-03-15,CUST00507,Unknown,Unknown,Headphones,Electronics,3,1872.0,5,5616.0,5335.2,2025-03,Medium
109508,2025-10-28,CUST00508,Mansoura,Delta,Monitor,Electronics,4,9660.0,10,38640.0,34776.0,2025-10,Large
109509,2025-05-13,CUST00509,Tanta,Unknown,Printer,Office Equipment,5,7208.0,15,36040.0,30634.0,2025-05,Large
109510,2025-12-26,CUST00510,Aswan,Unknown,Notebook Pack,Stationery,6,256.8,20,1540.8,1232.64,2025-12,Medium
109511,2025-07-11,CUST00511,Luxor,Unknown,Laptop,Electronics,7,30780.0,0,215460.0,215460.0,2025-07,Large
109512,2025-02-24,CUST00512,Port Said,Unknown,Smartphone,Electronics,8,15805.0,5,126440.0,120118.0,2025-02,Large
109513,2025-09-09,CUST00513,Cairo,Greater Cairo,Wireless Mouse,Accessories,9,495.0,10,4455.0,4009.5,2025-09,Medium
109514,2025-04-22,CUST00514,Giza,Greater Cairo,Keyboard,Accessories,10,765.0,15,7650.0,6502.5,2025-04,Medium
109515,2025-11-07,CUST00515,Alexandria,Coastal,Office Chair,Furniture,11,4732.0,20,52052.0,41641.6,2025-11,Large
109516,2025-06-20,CUST00516,Mansoura,Delta,Desk,Furniture,12,6808.0,0,81696.0,81696.0,2025-06,Large
109517,2025-01-05,CUST00517,Tanta,Unknown,Headphones,Electronics,1,1674.0,5,1674.0,1590.3,2025-01,Medium
109518,2025-08-18,CUST00518,Aswan,Unknown,Monitor,Electronics,2,8648.0,10,17296.0,15566.4,2025-08,Large
109519,2025-03-03,CUST00519,Luxor,Unknown,Printer,Office Equipment,3,6460.0,15,19380.0,16473.0,2025-03,Large
109520,2025-10-16,CUST00520,Port Said,Unknown,Notebook Pack,Stationery,4,230.4,20,921.6,737.28,2025-10,Small
109521,2025-05-01,CUST00521,Cairo,Greater Cairo,Laptop,Electronics,5,27645.0,0,138225.0,138225.0,2025-05,Large
109522,2025-12-14,CUST00522,Giza,Greater Cairo,Smartphone,Electronics,6,14210.0,5,85260.0,80997.0,2025-12,Large
109523,2025-07-27,CUST00523,Alexandria,Coastal,Wireless Mouse,Accessories,7,445.5,10,3118.5,2806.65,2025-07,Medium
109524,2025-02-12,CUST00524,Mansoura,Delta,Keyboard,Accessories,8,850.0,15,6800.0,5780.0,2025-02,Medium
109525,2025-09-25,CUST00525,Tanta,Unknown,Office Chair,Furniture,9,5252.0,20,47268.0,37814.4,2025-09,Large
109526,2025-04-10,CUST00526,Aswan,Unknown,Desk,Furniture,10,7548.0,0,75480.0,75480.0,2025-04,Large
109527,2025-11-23,CUST00527,Luxor,Unknown,Headphones,Electronics,11,1854.0,5,20394.0,19374.3,2025-11,Large
109528,2025-06-08,CUST00528,Port Said,Unknown,Monitor,Electronics,12,9568.0,10,114816.0,103334.4,2025-06,Large
109529,2025-01-21,CUST00529,Cairo,Greater Cairo,Printer,Office Equipment,1,7140.0,15,7140.0,6069.0,2025-01,Medium
109530,2025-08-06,CUST00530,Giza,Greater Cairo,Notebook Pack,Stationery,2,254.4,20,508.8,407.04,2025-08,Small
109531,2025-03-19,CUST00531,Alexandria,Coastal,Laptop,Electronics,3,30495.0,0,91485.0,91485.0,2025-03,Large
109532,2025-10-04,CUST00532,Mansoura,Delta,Smartphone,Electronics,4,15660.0,5,62640.0,59508.0,2025-10,Large
109533,2025-05-17,CUST00533,Tanta,Unknown,Wireless Mouse,Accessories,5,490.5,10,2452.5,2207.25,2025-05,Medium
109534,2025-12-02,CUST00534,Aswan,Unknown,Keyboard,Accessories,6,935.0,15,5610.0,4768.5,2025-12,Medium
109535,2025-07-15,CUST00535,Luxor,Unknown,Office Chair,Furniture,7,4680.0,20,32760.0,26208.0,2025-07,Large
109536,2025-02-28,CUST00536,Port Said,Unknown,Desk,Furniture,8,6734.0,0,53872.0,53872.0,2025-02,Large
109537,2025-09-13,CUST00537,Cairo,Greater Cairo,Headphones,Electronics,9,1656.0,5,14904.0,14158.8,2025-09,Large
109538,2025-04-26,CUST00538,Giza,Greater Cairo,Monitor,Electronics,10,8556.0,10,85560.0,77004.0,2025-04,Large
109539,2025-11-11,CUST00539,Alexandria,Coastal,Printer,Office Equipment,11,6392.0,15,70312.0,59765.2,2025-11,Large
109540,2025-06-24,CUST00540,Mansoura,Delta,Notebook Pack,Stationery,12,228.0,20,2736.0,2188.8,2025-06,Medium
109541,2025-01-09,CUST00541,Tanta,Unknown,Laptop,Electronics,1,27360.0,0,27360.0,27360.0,2025-01,Large
109542,2025-08-22,CUST00542,Aswan,Unknown,Smartphone,Electronics,2,14065.0,5,28130.0,26723.5,2025-08,Large
109543,2025-03-07,CUST00543,Luxor,Unknown,Wireless Mouse,Accessories,3,441.0,10,1323.0,1190.7,2025-03,Medium
109544,2025-10-20,CUST00544,Port Said,Unknown,Keyboard,Accessories,4,841.5,15,3366.0,2861.1,2025-10,Medium
109545,2025-05-05,CUST00545,Cairo,Greater Cairo,Office Chair,Furniture,5,5200.0,20,26000.0,20800.0,2025-05,Large
109546,2026-12-18,CUST00546,Giza,Greater Cairo,Desk,Furniture,6,7474.0,0,44844.0,44844.0,2026-12,Large
109547,2026-07-03,CUST00547,Alexandria,Coastal,Headphones,Electronics,7,1836.0,5,12852.0,12209.4,2026-07,Large
109548,2026-02-16,CUST00548,Mansoura,Delta,Monitor,Electronics,8,9476.0,10,75808.0,68227.2,2026-02,Large
109549,2026-09-01,CUST00549,Tanta,Unknown,Printer,Office Equipment,9,7072.0,15,63648.0,54100.8,2026-09,Large
109550,2026-04-14,CUST00550,Aswan,Unknown,Notebook Pack,Stationery,10,252.0,20,2520.0,2016.0,2026-04,Medium
109551,2026-11-27,CUST00551,Luxor,Unknown,Laptop,Electronics,11,30210.0,0,332310.0,332310.0,2026-11,Large
109552,2026-06-12,CUST00552,Port Said,Unknown,Smartphone,Electronics,12,15515.0,5,186180.0,176871.0,2026-06,Large
109553,2026-01-25,CUST00553,Cairo,Greater Cairo,Wireless Mouse,Accessories,1,486.0,10,486.0,437.4,2026-01,Small
109554,2026-08-10,CUST00554,Giza,Greater Cairo,Keyboard,Accessories,2,926.5,15,1853.0,1575.05,2026-08,Medium
109555,2026-03-23,CUST00555,Alexandria,Coastal,Office Chair,Furniture,3,5720.0,20,17160.0,13728.0,2026-03,Large
109556,2026-10-08,CUST00556,Mansoura,Delta,Desk,Furniture,4,6660.0,0,26640.0,26640.0,2026-10,Large
109557,2026-05-21,CUST00557,Tanta,Unknown,Headphones,Electronics,5,1638.0,5,8190.0,7780.5,2026-05,Medium
109558,2026-12-06,CUST00558,Aswan,Unknown,Monitor,Electronics,6,8464.0,10,50784.0,45705.6,2026-12,Large
109559,2026-07-19,CUST00559,Luxor,Unknown,Printer,Office Equipment,7,6324.0,15,44268.0,37627.8,2026-07,Large
109560,2026-02-04,CUST00560,Port Said,Unknown,Notebook Pack,Stationery,8,225.6,20,1804.8,1443.84,2026-02,Medium
109561,2026-09-17,CUST00561,Cairo,Greater Cairo,Laptop,Electronics,9,27075.0,0,243675.0,243675.0,2026-09,Large
109562,2026-04-02,CUST00562,Giza,Greater Cairo,Smartphone,Electronics,10,13920.0,5,139200.0,132240.0,2026-04,Large
109563,2026-11-15,CUST00563,Alexandria,Coastal,Wireless Mouse,Accessories,11,436.5,10,4801.5,4321.35,2026-11,Medium
109564,2026-06-28,CUST00564,Mansoura,Delta,Keyboard,Accessories,12,833.0,15,9996.0,8496.6,2026-06,Medium
109565,2026-01-13,CUST00565,Tanta,Unknown,Office Chair,Furniture,1,5148.0,20,5148.0,4118.4,2026-01,Medium
109566,2026-08-26,CUST00566,Aswan,Unknown,Desk,Furniture,2,7400.0,0,14800.0,14800.0,2026-08,Large
109567,2026-03-11,CUST00567,Luxor,Unknown,Headphones,Electronics,3,1818.0,5,5454.0,5181.3,2026-03,Medium
109568,2026-10-24,CUST00568,Port Said,Unknown,Monitor,Electronics,4,9384.0,10,37536.0,33782.4,2026-10,Large
109569,2026-05-09,CUST00569,Cairo,Greater Cairo,Printer,Office Equipment,5,7004.0,15,35020.0,29767.0,2026-05,Large
109570,2026-12-22,CUST00570,Giza,Greater Cairo,Notebook Pack,Stationery,6,249.6,20,1497.6,1198.08,2026-12,Medium
109571,2026-07-07,CUST00571,Alexandria,Coastal,Laptop,Electronics,7,29925.0,0,209475.0,209475.0,2026-07,Large
109572,2026-02-20,CUST00572,Mansoura,Delta,Smartphone,Electronics,8,15370.0,5,122960.0,116812.0,2026-02,Large
109573,2026-09-05,CUST00573,Tanta,Unknown,Wireless Mouse,Accessories,9,481.5,10,4333.5,3900.15,2026-09,Medium
109574,2026-04-18,CUST00574,Aswan,Unknown,Keyboard,Accessories,10,918.0,15,9180.0,7803.0,2026-04,Medium
109575,2026-11-03,CUST00575,Luxor,Unknown,Office Chair,Furniture,11,5668.0,20,62348.0,49878.4,2026-11,Large
109576,2026-06-16,CUST00576,Port Said,Unknown,Desk,Furniture,12,8140.0,0,97680.0,97680.0,2026-06,Large
109577,2026-01-01,CUST00577,Cairo,Greater Cairo,Headphones,Electronics,1,1620.0,5,1620.0,1539.0,2026-01,Medium
109578,2026-08-14,CUST00578,Giza,Greater Cairo,Monitor,Electronics,2,8372.0,10,16744.0,15069.6,2026-08,Large
109579,2026-03-27,CUST00579,Alexandria,Coastal,Printer,Office Equipment,3,6256.0,15,18768.0,15952.8,2026-03,Large
109580,2026-10-12,CUST00580,Mansoura,Delta,Notebook Pack,Stationery,4,223.2,20,892.8,714.24,2026-10,Small
109581,2026-05-25,CUST00581,Tanta,Unknown,Laptop,Electronics,5,26790.0,0,133950.0,133950.0,2026-05,Large
109582,2026-12-10,CUST00582,Aswan,Unknown,Smartphone,Electronics,6,13775.0,5,82650.0,78517.5,2026-12,Large
109583,2026-07-23,CUST00583,Luxor,Unknown,Wireless Mouse,Accessories,7,432.0,10,3024.0,2721.6,2026-07,Medium
109584,2026-02-08,CUST00584,Port Said,Unknown,Keyboard,Accessories,8,824.5,15,6596.0,5606.6,2026-02,Medium
109585,2026-09-21,CUST00585,Cairo,Greater Cairo,Office Chair,Furniture,9,5096.0,20,45864.0,36691.2,2026-09,Large
109586,2026-04-06,CUST00586,Giza,Greater Cairo,Desk,Furniture,10,7326.0,0,73260.0,73260.0,2026-04,Large
109587,2026-11-19,CUST00587,Alexandria,Coastal,Headphones,Electronics,11,1800.0,5,19800.0,18810.0,2026-11,Large
109588,2026-06-04,CUST00588,Mansoura,Delta,Monitor,Electronics,12,9292.0,10,111504.0,100353.6,2026-06,Large
109589,2026-01-17,CUST00589,Tanta,Unknown,Printer,Office Equipment,1,6936.0,15,6936.0,5895.6,2026-01,Medium
109590,2026-08-02,CUST00590,Aswan,Unknown,Notebook Pack,Stationery,2,247.2,20,494.4,395.52,2026-08,Small
109591,2026-03-15,CUST00591,Luxor,Unknown,Laptop,Electronics,3,29640.0,0,88920.0,88920.0,2026-03,Large
109592,2026-10-28,CUST00592,Port Said,Unknown,Smartphone,Electronics,4,15225.0,5,60900.0,57855.0,2026-10,Large
109593,2026-05-13,CUST00593,Cairo,Greater Cairo,Wireless Mouse,Accessories,5,477.0,10,2385.0,2146.5,2026-05,Medium
109594,2026-12-26,CUST00594,Giza,Greater Cairo,Keyboard,Accessories,6,909.5,0,5457.0,5457.0,2026-12,Medium
109595,2026-07-11,CUST00595,Alexandria,Coastal,Office Chair,Furniture,7,5616.0,20,39312.0,31449.6,2026-07,Large
109596,2026-02-24,CUST00596,Mansoura,Delta,Desk,Furniture,8,8066.0,0,64528.0,64528.0,2026-02,Large
109597,2026-09-09,CUST00597,Tanta,Unknown,Headphones,Electronics,9,1980.0,5,17820.0,16929.0,2026-09,Large
109598,2026-04-22,CUST00598,Aswan,Unknown,Monitor,Electronics,10,8280.0,10,82800.0,74520.0,2026-04,Large
109599,2026-11-07,CUST00599,Luxor,Unknown,Printer,Office Equipment,11,6188.0,15,68068.0,57857.8,2026-11,Large
109600,2026-06-20,CUST00600,Port Said,Unknown,Notebook Pack,Stationery,12,220.8,20,2649.6,2119.68,2026-06,Medium
109601,2026-01-05,CUST00601,Cairo,Greater Cairo,Laptop,Electronics,1,26505.0,0,26505.0,26505.0,2026-01,Large
109602,2026-08-18,CUST00602,Giza,Greater Cairo,Smartphone,Electronics,2,13630.0,5,27260.0,25897.0,2026-08,Large
109603,2026-03-03,CUST00603,Alexandria,Coastal,Wireless Mouse,Accessories,3,427.5,10,1282.5,1154.25,2026-03,Medium
109604,2026-10-16,CUST00604,Unknown,Unknown,Keyboard,Accessories,4,816.0,15,3264.0,2774.4,2026-10,Medium
109605,2026-05-01,CUST00605,Tanta,Unknown,Office Chair,Furniture,5,5044.0,20,25220.0,20176.0,2026-05,Large
109606,2026-12-14,CUST00606,Aswan,Unknown,Desk,Furniture,6,7252.0,0,43512.0,43512.0,2026-12,Large
109607,2026-07-27,CUST00607,Luxor,Unknown,Headphones,Electronics,7,1782.0,5,12474.0,11850.3,2026-07,Large
109608,2026-02-12,CUST00608,Port Said,Unknown,Monitor,Electronics,8,9200.0,10,73600.0,66240.0,2026-02,Large
109609,2026-09-25,CUST00609,Cairo,Greater Cairo,Printer,Office Equipment,9,6868.0,15,61812.0,52540.2,2026-09,Large
109610,2026-04-10,CUST00610,Giza,Greater Cairo,Notebook Pack,Stationery,10,244.8,20,2448.0,1958.4,2026-04,Medium
109611,2026-11-23,CUST00611,Alexandria,Coastal,Laptop,Electronics,11,29355.0,0,322905.0,322905.0,2026-11,Large
109612,2026-06-08,CUST00612,Mansoura,Delta,Smartphone,Electronics,12,15080.0,5,180960.0,171912.0,2026-06,Large
109613,2026-01-21,CUST00613,Tanta,Unknown,Wireless Mouse,Accessories,1,472.5,10,472.5,425.25,2026-01,Small
109614,2026-08-06,CUST00614,Aswan,Unknown,Keyboard,Accessories,2,901.0,15,1802.0,1531.7,2026-08,Medium
109615,2026-03-19,CUST00615,Luxor,Unknown,Office Chair,Furniture,3,5564.0,20,16692.0,13353.6,2026-03,Large
109616,2026-10-04,CUST00616,Port Said,Unknown,Desk,Furniture,4,7992.0,0,31968.0,31968.0,2026-10,Large
109617,2026-05-17,CUST00617,Cairo,Greater Cairo,Headphones,Electronics,5,1962.0,5,9810.0,9319.5,2026-05,Medium
109618,2026-12-02,CUST00618,Giza,Greater Cairo,Monitor,Electronics,6,10120.0,10,60720.0,54648.0,2026-12,Large
109619,2026-07-15,CUST00619,Alexandria,Coastal,Printer,Office Equipment,7,6120.0,15,42840.0,36414.0,2026-07,Large
109620,2026-02-28,CUST00620,Mansoura,Delta,Notebook Pack,Stationery,8,218.4,20,1747.2,1397.76,2026-02,Medium
109621,2026-09-13,CUST00621,Tanta,Unknown,Laptop,Electronics,9,26220.0,0,235980.0,235980.0,2026-09,Large
109622,2026-04-26,CUST00622,Aswan,Unknown,Smartphone,Electronics,10,13485.0,5,134850.0,128107.5,2026-04,Large
109623,2026-11-11,CUST00623,Luxor,Unknown,Wireless Mouse,Accessories,11,423.0,10,4653.0,4187.7,2026-11,Medium
109624,2026-06-24,CUST00624,Port Said,Unknown,Keyboard,Accessories,12,807.5,15,9690.0,8236.5,2026-06,Medium
109625,2026-01-09,CUST00625,Cairo,Greater Cairo,Office Chair,Furniture,1,4992.0,20,4992.0,3993.6,2026-01,Medium
109626,2026-08-22,CUST00626,Giza,Greater Cairo,Desk,Furniture,2,7178.0,0,14356.0,14356.0,2026-08,Large
109627,2026-03-07,CUST00627,Alexandria,Coastal,Headphones,Electronics,3,1764.0,5,5292.0,5027.4,2026-03,Medium
109628,2026-10-20,CUST00628,Mansoura,Delta,Monitor,Electronics,4,9108.0,10,36432.0,32788.8,2026-10,Large
109629,2026-05-05,CUST00629,Tanta,Unknown,Printer,Office Equipment,5,6800.0,15,34000.0,28900.0,2026-05,Large
109630,2026-12-18,CUST00630,Aswan,Unknown,Notebook Pack,Stationery,6,242.4,20,1454.4,1163.52,2026-12,Medium
109631,2026-07-03,CUST00631,Luxor,Unknown,Laptop,Electronics,7,29070.0,0,203490.0,203490.0,2026-07,Large
109632,2026-02-16,CUST00632,Port Said,Unknown,Smartphone,Electronics,8,14935.0,5,119480.0,113506.0,2026-02,Large
109633,2026-09-01,CUST00633,Cairo,Greater Cairo,Wireless Mouse,Accessories,9,468.0,10,4212.0,3790.8,2026-09,Medium
109634,2026-04-14,CUST00634,Giza,Greater Cairo,Keyboard,Accessories,10,892.5,15,8925.0,7586.25,2026-04,Medium
109635,2026-11-27,CUST00635,Alexandria,Coastal,Office Chair,Furniture,11,5512.0,20,60632.0,48505.6,2026-11,Large
109636,2026-06-12,CUST00636,Mansoura,Delta,Desk,Furniture,12,7918.0,0,95016.0,95016.0,2026-06,Large
109637,2026-01-25,CUST00637,Tanta,Unknown,Headphones,Electronics,1,1944.0,5,1944.0,1846.8,2026-01,Medium
109638,2026-08-10,CUST00638,Aswan,Unknown,Monitor,Electronics,2,10028.0,10,20056.0,18050.4,2026-08,Large
109639,2026-03-23,CUST00639,Luxor,Unknown,Printer,Office Equipment,3,7480.0,15,22440.0,19074.0,2026-03,Large
109640,2026-10-08,CUST00640,Port Said,Unknown,Notebook Pack,Stationery,4,216.0,20,864.0,691.2,2026-10,Small
109641,2026-05-21,CUST00641,Cairo,Greater Cairo,Laptop,Electronics,5,25935.0,0,129675.0,129675.0,2026-05,Large
109642,2026-12-06,CUST00642,Giza,Greater Cairo,Smartphone,Electronics,6,13340.0,5,80040.0,76038.0,2026-12,Large
109643,2026-07-19,CUST00643,Alexandria,Coastal,Wireless Mouse,Accessories,7,418.5,10,2929.5,2636.55,2026-07,Medium
109644,2026-02-04,CUST00644,Mansoura,Delta,Keyboard,Accessories,8,799.0,15,6392.0,5433.2,2026-02,Medium
109645,2026-09-17,CUST00645,Tanta,Unknown,Office Chair,Furniture,9,4940.0,20,44460.0,35568.0,2026-09,Large
109646,2026-04-02,CUST00646,Aswan,Unknown,Desk,Furniture,10,7104.0,0,71040.0,71040.0,2026-04,Large
109647,2026-11-15,CUST00647,Luxor,Unknown,Headphones,Electronics,11,1746.0,5,19206.0,18245.7,2026-11,Large
109648,2026-06-28,CUST00648,Port Said,Unknown,Monitor,Electronics,12,9016.0,10,108192.0,97372.8,2026-06,Large
109649,2026-01-13,CUST00649,Cairo,Greater Cairo,Printer,Office Equipment,1,6732.0,15,6732.0,5722.2,2026-01,Medium
109650,2026-08-26,CUST00650,Giza,Greater Cairo,Notebook Pack,Stationery,2,240.0,20,480.0,384.0,2026-08,Small
109651,2026-03-11,CUST00651,Alexandria,Coastal,Laptop,Electronics,3,28785.0,0,86355.0,86355.0,2026-03,Large
109652,2026-10-24,CUST00652,Mansoura,Delta,Smartphone,Electronics,4,14790.0,5,59160.0,56202.0,2026-10,Large
109653,2026-05-09,CUST00653,Tanta,Unknown,Wireless Mouse,Accessories,5,463.5,10,2317.5,2085.75,2026-05,Medium
109654,2026-12-22,CUST00654,Aswan,Unknown,Keyboard,Accessories,6,884.0,15,5304.0,4508.4,2026-12,Medium
109655,2026-07-07,CUST00655,Luxor,Unknown,Office Chair,Furniture,7,5460.0,20,38220.0,30576.0,2026-07,Large
109656,2026-02-20,CUST00656,Port Said,Unknown,Desk,Furniture,8,7844.0,0,62752.0,62752.0,2026-02,Large
109657,2026-09-05,CUST00657,Cairo,Greater Cairo,Headphones,Electronics,9,1926.0,5,17334.0,16467.3,2026-09,Large
109658,2026-04-18,CUST00658,Giza,Greater Cairo,Monitor,Electronics,10,9936.0,10,99360.0,89424.0,2026-04,Large
109659,2026-11-03,CUST00659,Alexandria,Coastal,Printer,Office Equipment,11,7412.0,15,81532.0,69302.2,2026-11,Large
109660,2026-06-16,CUST00660,Mansoura,Delta,Notebook Pack,Stationery,12,264.0,20,3168.0,2534.4,2026-06,Medium
109661,2026-01-01,CUST00661,Tanta,Unknown,Laptop,Electronics,1,25650.0,0,25650.0,25650.0,2026-01,Large
109662,2026-08-14,CUST00662,Aswan,Unknown,Smartphone,Electronics,2,13195.0,5,26390.0,25070.5,2026-08,Large
109663,2026-03-27,CUST00663,Luxor,Unknown,Wireless Mouse,Accessories,3,414.0,10,1242.0,1117.8,2026-03,Medium
109664,2026-10-12,CUST00664,Port Said,Unknown,Keyboard,Accessories,4,790.5,15,3162.0,2687.7,2026-10,Medium
109665,2026-05-25,CUST00665,Cairo,Greater Cairo,Office Chair,Furniture,5,4888.0,20,24440.0,19552.0,2026-05,Large
109666,2026-12-10,CUST00666,Giza,Greater Cairo,Desk,Furniture,6,7030.0,0,42180.0,42180.0,2026-12,Large
109667,2026-07-23,CUST00667,Alexandria,Coastal,Headphones,Electronics,7,1728.0,5,12096.0,11491.2,2026-07,Large
109668,2026-02-08,CUST00668,Mansoura,Delta,Monitor,Electronics,8,8924.0,10,71392.0,64252.8,2026-02,Large
109669,2026-09-21,CUST00669,Tanta,Unknown,Printer,Office Equipment,9,6664.0,15,59976.0,50979.6,2026-09,Large
109670,2026-04-06,CUST00670,Aswan,Unknown,Notebook Pack,Stationery,10,237.6,20,2376.0,1900.8,2026-04,Medium
109671,2026-11-19,CUST00671,Luxor,Unknown,Laptop,Electronics,11,28500.0,0,313500.0,313500.0,2026-11,Large
109672,2026-06-04,CUST00672,Port Said,Unknown,Smartphone,Electronics,12,14645.0,5,175740.0,166953.0,2026-06,Large
109673,2026-01-17,CUST00673,Cairo,Greater Cairo,Wireless Mouse,Accessories,1,459.0,10,459.0,413.1,2026-01,Small
109674,2026-08-02,CUST00674,Giza,Greater Cairo,Keyboard,Accessories,2,875.5,15,1751.0,1488.35,2026-08,Medium
109675,2026-03-15,CUST00675,Alexandria,Coastal,Office Chair,Furniture,3,5408.0,20,16224.0,12979.2,2026-03,Large
109676,2026-10-28,CUST00676,Mansoura,Delta,Desk,Furniture,4,7770.0,0,31080.0,31080.0,2026-10,Large
109677,2026-05-13,CUST00677,Tanta,Unknown,Headphones,Electronics,5,1908.0,5,9540.0,9063.0,2026-05,Medium
109678,2026-12-26,CUST00678,Aswan,Unknown,Monitor,Electronics,6,9844.0,10,59064.0,53157.6,2026-12,Large
109679,2026-07-11,CUST00679,Luxor,Unknown,Printer,Office Equipment,7,7344.0,15,51408.0,43696.8,2026-07,Large
109680,2026-02-24,CUST00680,Port Said,Unknown,Notebook Pack,Stationery,8,261.6,20,2092.8,1674.24,2026-02,Medium
109681,2026-09-09,CUST00681,Cairo,Greater Cairo,Laptop,Electronics,9,31350.0,0,282150.0,282150.0,2026-09,Large
109682,2026-04-22,CUST00682,Giza,Greater Cairo,Smartphone,Electronics,10,13050.0,5,130500.0,123975.0,2026-04,Large
109683,2026-11-07,CUST00683,Alexandria,Coastal,Wireless Mouse,Accessories,11,409.5,10,4504.5,4054.05,2026-11,Medium
109684,2026-06-20,CUST00684,Mansoura,Delta,Keyboard,Accessories,12,782.0,15,9384.0,7976.4,2026-06,Medium
109685,2026-01-05,CUST00685,Tanta,Unknown,Office Chair,Furniture,1,4836.0,20,4836.0,3868.8,2026-01,Medium
109686,2026-08-18,CUST00686,Aswan,Unknown,Desk,Furniture,2,6956.0,0,13912.0,13912.0,2026-08,Large
109687,2026-03-03,CUST00687,Luxor,Unknown,Headphones,Electronics,3,1710.0,5,5130.0,4873.5,2026-03,Medium
109688,2026-10-16,CUST00688,Port Said,Unknown,Monitor,Electronics,4,8832.0,10,35328.0,31795.2,2026-10,Large
109689,2026-05-01,CUST00689,Cairo,Greater Cairo,Printer,Office Equipment,5,6596.0,15,32980.0,28033.0,2026-05,Large
109690,2026-12-14,CUST00690,Giza,Greater Cairo,Notebook Pack,Stationery,6,235.2,20,1411.2,1128.96,2026-12,Medium
109691,2026-07-27,CUST00691,Alexandria,Coastal,Laptop,Electronics,7,28215.0,0,197505.0,197505.0,2026-07,Large
109692,2026-02-12,CUST00692,Mansoura,Delta,Smartphone,Electronics,8,14500.0,5,116000.0,110200.0,2026-02,Large
109693,2026-09-25,CUST00693,Tanta,Unknown,Wireless Mouse,Accessories,9,454.5,10,4090.5,3681.45,2026-09,Medium
109694,2026-04-10,CUST00694,Aswan,Unknown,Keyboard,Accessories,10,867.0,15,8670.0,7369.5,2026-04,Medium
109695,2026-11-23,CUST00695,Luxor,Unknown,Office Chair,Furniture,11,5356.0,20,58916.0,47132.8,2026-11,Large
109696,2026-06-08,CUST00696,Port Said,Unknown,Desk,Furniture,12,7696.0,0,92352.0,92352.0,2026-06,Large
109697,2026-01-21,CUST00697,Cairo,Greater Cairo,Headphones,Electronics,1,1890.0,5,1890.0,1795.5,2026-01,Medium
109698,2026-08-06,CUST00698,Giza,Greater Cairo,Monitor,Electronics,2,9752.0,10,19504.0,17553.6,2026-08,Large
109699,2026-03-19,CUST00699,Alexandria,Coastal,Printer,Office Equipment,3,7276.0,15,21828.0,18553.8,2026-03,Large
109700,2026-10-04,CUST00700,Mansoura,Delta,Notebook Pack,Stationery,4,259.2,20,1036.8,829.44,2026-10,Small
